食物名称,能量,蛋白质,脂肪,碳水化合物,serving_grams
茼蒿拌豆腐,86.9,4.15,6.61,3.45,156.5
猪肉丸子,336.0,12.35,30.79,2.0,75.0
美味猪肉饺子,215.15,9.52,9.5,23.66,165.0
猪肉茴香饺子,170.56,8.27,5.93,22.03,180.0
大葱猪肉馅饼,213.04,9.5,5.15,33.35,115.0
冬瓜排骨汤,54.97,3.6,2.99,3.86,322.0
养生玉米排骨汤,72.08,3.21,2.33,10.43,308.0
番茄排骨汤,58.51,3.65,3.41,3.19,282.0
排骨烧芋头,215.83,14.16,15.36,5.09,120.0
猪排骨焖土豆,185.09,6.86,12.05,12.5,161.0
芹菜炒猪排,119.87,5.69,9.37,3.53,153.5
鲜玉米炖猪排,181.41,7.97,9.86,16.0,156.0
玉米白萝卜炖猪骨,41.87,2.37,2.14,3.62,310.5
玉米胡萝卜排骨汤,44.67,2.46,2.22,4.02,300.0
胡萝卜炒肉丝,202.45,6.2,17.33,6.27,81.5
白菜炖猪肉,97.74,4.69,7.7,2.75,133.0
猪肉馅饼,329.25,14.16,7.88,51.47,73.5
豆芽炖排骨,137.27,8.05,9.82,4.34,161.0
猪肉白菜馅大包子,220.77,10.06,8.02,28.19,130.0
肉片炒卷心菜,63.43,5.66,3.03,3.77,134.0
焖蒸猪肉油菜,126.42,3.19,9.56,7.25,159.0
冬瓜猪骨汤,69.42,4.36,4.63,3.01,206.0
肉丸茄子煲,101.43,4.15,7.31,4.36,140.0
火腿炒豆芽,67.9,4.22,4.4,3.27,135.5
火腿冬瓜汤,18.95,1.56,0.8,1.66,459.0
火腿冬瓜,32.68,3.88,0.83,2.85,128.5
白萝卜炖羊肉,98.11,7.72,5.7,4.21,159.0
火腿扒白菜,34.11,4.47,0.9,2.53,129.0
五花肉炒白菜,109.42,2.99,10.17,2.1,138.0
腐竹烧肉,384.73,21.22,28.44,11.68,65.5
猪肉豆角包子,266.67,11.86,6.47,41.44,90.0
牛肉炖胡萝卜,62.9,7.6,0.94,6.73,124.0
番茄牛肉块,102.56,9.2,5.23,4.93,97.5
青椒炒牛肉丝,121.85,10.03,5.98,6.47,119.0
洋葱牛肉饼,133.04,5.66,5.0,17.3,454.0
排骨海带汤,52.08,3.04,3.59,1.41,313.0
清炖排骨,245.53,14.33,19.85,2.08,61.5
咖喱土豆焖牛肉,84.83,7.91,1.27,10.86,145.0
冬瓜煲牛肉,68.4,6.07,4.05,2.23,153.5
烤牛肉茄子,73.12,6.23,3.28,4.89,160.0
羊肉大包,255.97,15.74,7.12,32.27,121.5
羊肉炖白萝卜,48.51,5.28,1.74,3.34,117.5
羊肉炖冬瓜,59.82,6.99,2.47,2.81,170.5
香菇鸡肉粥,126.14,8.61,0.75,22.57,120.5
鲜肉小笼包子,300.96,12.6,12.12,35.77,104.0
鸡丝腐竹黄瓜,151.66,14.82,7.54,6.34,105.5
小鸡炖蘑菇,93.33,12.27,3.57,3.28,112.5
香煎鸡蛋饼,203.82,12.11,4.92,28.6,131.0
香葱鸡蛋饼,132.84,7.9,3.21,18.6,201.0
香肠炒豆芽,127.74,5.45,9.95,4.63,155.0
火腿鸡蛋饼,157.05,8.5,3.13,24.35,156.0
菌菇炖小鸡,71.83,9.41,2.53,3.35,161.5
番茄炒鸡片,97.17,12.15,3.31,4.87,123.5
咖喱鸡焖土豆,120.97,9.42,2.76,14.84,164.5
家常鹅肉,97.12,4.91,7.4,2.91,139.0
萝卜炖鸭块,37.23,3.97,0.43,4.79,115.5
青椒肉丝,90.91,5.57,5.57,4.97,126.5
芹菜肉丝,77.2,7.68,4.21,2.49,164.5
鸭块烧茭白,64.44,4.18,2.98,5.77,119.5
苦瓜炒仔鸭,137.85,5.53,10.16,3.76,88.5
香肠炒油菜,161.69,5.46,13.55,5.06,154.0
香肠炒黑豆芽,132.82,6.01,10.15,4.66,131.0
青椒炒鸡蛋,81.08,5.23,5.08,3.99,166.5
炒鸡蛋,166.92,11.94,12.29,2.32,66.5
西红柿鸡蛋豆腐汤,36.4,3.07,2.13,1.63,250.0
青椒炒蛋,80.36,5.25,5.11,4.01,165.5
番茄炒蛋,72.39,5.08,3.8,4.98,186.5
芹菜叶蛋炒饭,148.61,5.97,9.06,11.2,233.5
咸蛋炒苦瓜,133.62,7.82,9.03,5.44,116.0
牛奶白菜,79.4,3.71,5.62,3.73,366.5
五香鲤鱼块,137.02,16.14,6.95,2.07,90.5
啤酒鲤鱼,66.11,8.04,1.82,0.22,180.0
糖醋黄河鲤鱼,134.1,16.39,7.27,0.69,86.5
红烧带鱼段,138.01,16.54,7.44,1.29,85.5
腐竹焖鱼,208.81,19.76,11.89,4.5,113.5
丝瓜鱼片汤,39.81,3.59,1.11,4.2,216.0
茄子焖鱼,76.15,11.25,2.6,2.19,130.0
大虾烩白菜,68.46,10.61,1.91,2.58,223.5
虾仁冬菇水饺,187.7,9.98,6.85,22.26,187.0
虾仁冬瓜,81.08,7.76,0.34,11.48,166.5
冬瓜鲜虾,146.32,10.94,4.73,15.43,115.5
虾仁丝瓜,114.7,8.18,4.0,11.76,207.5
虾米炒黄瓜,68.05,4.34,4.55,2.61,120.5
虾米拌菠菜,53.68,6.44,1.36,4.35,115.5
海米拌油菜,46.79,3.2,3.32,1.84,109.0
蒜泥黄瓜片,88.72,4.47,5.62,5.2,133.0
蟹肉烩冬瓜,52.33,4.31,2.28,3.35,172.0
五香酥带鱼,134.1,16.47,7.35,0.57,86.5
鲜味带鱼,134.08,15.88,7.12,1.34,89.5
香麻虾球,112.9,18.04,3.2,2.84,124.0
黄瓜炒虾仁,127.41,10.08,2.69,15.02,129.5
鱿鱼白菜,51.16,6.07,2.43,1.76,150.5
香拌鱿鱼黄瓜丝,74.15,8.61,3.43,2.12,102.5
海带煨排骨,150.24,8.78,11.93,2.01,102.5
海带烧肉,151.35,5.71,13.08,2.58,92.5
炒海带丝,36.43,1.23,2.34,2.54,134.5
葱油海带,26.98,1.17,1.69,2.1,126.0
海带小拌,30.24,0.78,2.09,2.54,102.5
香干海带丝,74.35,3.73,5.17,3.55,134.5
海带汤,40.65,6.0,0.57,3.38,556.0
凉拌海带,29.03,1.23,1.71,2.28,124.0
蒜香海带结,34.81,1.48,1.58,4.06,135.0
海带烧鸡,89.86,12.46,3.86,1.3,103.5
海带丝,41.77,1.16,3.31,2.02,124.5
海带炖土豆,71.5,1.84,3.04,9.61,103.5
家常蚝油茄子,65.27,1.35,4.35,5.53,119.5
家常蚝油茼蒿,24.0,1.9,0.3,3.9,150.0
番茄土豆丝,88.05,1.97,3.35,13.03,159.0
芹菜土豆丝,74.92,1.82,2.15,12.61,153.5
山药排骨盅,183.73,9.27,12.72,8.08,104.5
洋葱蕃茄炒蛋,77.14,4.3,4.83,4.73,216.5
洋葱牛肉,101.94,6.33,4.65,8.84,155.0
胡萝卜丝拌白菜,26.09,1.53,0.31,4.75,126.5
胡萝卜炒豌豆,109.19,3.38,5.64,12.51,92.5
凉拌胡萝卜丝,40.58,1.0,1.17,7.92,103.5
胡萝卜焖羊排,108.91,8.11,6.05,6.31,151.5
笋拌腐竹,140.78,11.89,6.23,9.53,103.0
凉拌莴笋丝,38.28,1.34,2.0,3.89,104.5
莴笋炒肉,104.35,4.12,8.81,2.45,138.0
炒莴笋,47.96,1.48,2.98,4.23,110.5
莴笋炖排骨,108.42,6.22,8.27,2.4,148.5
葱油莴笋炒干丝,87.26,7.59,4.69,3.84,157.0
莴笋炒鸡蛋,76.83,5.43,5.04,2.68,164.0
葱油莴笋,32.08,0.97,1.99,2.76,106.0
莴笋鸡丁,70.85,8.41,2.54,3.61,159.5
莴笋炒牛肉丝,59.41,6.38,2.72,2.42,151.5
酸辣莴笋虾,69.76,10.3,1.8,3.16,226.5
莴笋拌鱿鱼丝,47.14,6.09,1.65,2.07,148.5
茭白炒肉丝,122.42,5.55,8.7,5.94,140.5
醋溜茭白,50.2,1.21,2.55,6.49,127.5
鸡丝炒茭白,79.55,9.9,3.06,3.73,134.5
茭白炒毛豆,77.0,3.56,4.02,7.97,106.5
油闷茭白,48.0,1.26,2.6,5.98,125.0
干煸茭白,56.03,1.5,3.3,5.8,128.5
茭笋排骨汤,47.04,2.86,2.62,3.47,372.0
茭白笋炒鸡蛋,92.73,6.38,5.76,4.45,144.5
蚝油茭笋,50.79,1.29,2.6,6.48,126.0
茭白笋炒豌豆粒,66.67,2.34,3.03,8.57,106.5
炒青笋丝,81.61,1.29,7.27,2.84,111.5
凉拌青笋丝,32.2,0.98,2.04,2.73,102.5
青笋火腿丝,51.74,3.81,3.05,2.49,129.5
蒜香莴笋丝,49.15,1.58,2.03,6.73,118.0
错拌青笋丝,32.54,1.0,2.01,2.78,104.5
酸辣莴笋丝,42.06,1.07,2.92,2.95,107.0
莴笋煲排骨,108.42,6.22,8.27,2.4,148.5
青笋炒鸡丝,66.45,8.65,2.62,2.17,155.0
山药炒西红柿,72.87,1.74,2.62,11.04,123.5
芹菜炒黄牛肉,65.81,5.92,2.73,4.72,155.0
芹菜干煸肉丝,77.2,7.68,4.21,2.49,164.5
芹菜虾仁,122.65,8.38,3.68,14.38,90.5
炒香菜,33.87,0.5,2.22,3.88,156.5
香干炒芹菜叶,152.61,8.29,10.38,7.35,105.5
芹菜煸鱿鱼,56.19,8.12,2.03,1.68,194.0
芹菜小炒肉,79.65,7.45,4.03,3.55,172.0
拌芹菜叶,41.29,2.61,1.24,5.88,155.0
芹菜豆干,90.55,5.11,5.77,5.15,153.5
白灼香芹,30.52,0.42,2.15,3.12,154.0
姜汁炒芹菜,32.5,0.47,2.08,3.74,160.0
芹菜豆腐丝,130.43,10.58,8.07,4.49,103.5
芹菜青椒炒香干,75.95,3.65,5.07,4.62,118.5
鸡丝拌香芹,66.02,8.48,2.69,2.38,154.5
韭菜馅饼,256.03,9.15,9.95,33.96,116.0
韭菜肉末煎饼,192.84,6.97,8.92,22.36,181.5
香煎韭菜鸡蛋饼,234.32,9.92,9.34,29.68,151.5
韭菜炒银芽,47.59,1.86,3.41,3.12,155.5
清炒豆芽,51.0,1.63,4.08,2.49,125.5
豆芽拌海带,57.82,1.38,4.83,2.62,105.5
炝炒豆芽韭菜,80.9,4.58,5.12,4.64,133.5
绿豆芽肉丝,75.27,5.61,5.0,2.24,139.5
小炒银牙茄子,66.67,1.8,4.76,4.65,109.5
素炒油菜,70.91,1.33,6.53,2.52,165.0
竹笋豆豉炒藕丁,63.26,2.24,3.04,7.93,107.5
炝炒红苋菜,54.31,3.0,2.3,6.18,156.5
蒜香苋菜,79.04,3.1,4.55,7.23,167.0
苋菜炒鸡蛋,101.18,6.39,6.25,5.36,169.0
苋菜炒松花蛋,110.53,6.7,6.92,5.12,171.0
泰式海鲜面,156.63,8.24,2.59,25.97,166.0
西芹彩椒炒蘑菇,20.0,1.51,0.16,4.07,120.0
芹香煎蛋,103.86,7.29,7.09,2.8,116.5
炝拌香芹,24.84,0.42,1.5,3.14,153.0
小炒芹菜,33.44,0.49,2.2,3.88,158.5
凉拌香芹,24.84,0.42,1.5,3.14,153.0
鸡丁炒黄豆芽,94.64,10.86,3.5,5.44,158.5
茄子炒西红柿,62.1,1.02,4.76,4.34,109.5
蒜仔茄子,42.39,1.4,1.36,6.85,184.0
肉末烩茄子,175.66,5.62,14.96,4.52,94.5
秘制蒜茄子,36.88,1.2,1.44,5.53,160.0
家常烧茄子,51.25,1.11,2.97,5.67,179.5
肉末茄子煲,81.11,6.77,4.06,4.97,161.5
虎皮酿尖椒,48.28,1.25,3.33,3.87,159.5
青椒煎蛋,96.97,5.87,6.96,3.13,148.5
辣椒炒银芽,66.34,1.36,5.02,4.43,102.5
炒尖椒,47.98,1.25,3.31,3.89,160.5
辣椒平菇炒肉丝,89.23,6.09,5.38,4.48,130.0
家常青椒土豆片,96.37,1.77,5.4,10.83,96.5
尖椒黄瓜炒肉,80.77,5.42,5.43,2.88,130.0
西红柿炒鲜蘑,65.79,1.77,4.54,4.89,114.0
番茄汁烧菜花,69.57,1.78,5.03,5.23,103.5
辣椒煸肉丝,133.33,11.63,8.04,3.78,109.5
番茄炒老豆腐,80.62,3.43,5.7,4.7,162.5
家常番茄炒鸡蛋,117.01,6.96,8.51,2.56,120.5
番茄烩花菜,56.13,1.3,4.14,4.41,126.5
西红柿豆腐,104.46,4.61,8.2,4.06,112.0
鲫鱼西红柿汤,54.32,4.14,3.43,1.86,359.0
番茄烧南瓜,66.06,1.16,4.72,5.73,109.0
番茄豆腐煲,79.46,5.21,3.76,7.2,112.0
青瓜炒猪肉片,89.29,7.81,5.32,2.51,168.0
凉拌拍黄瓜,22.22,1.11,0.2,4.02,157.5
鲜拌黄瓜,45.48,0.83,3.33,3.13,160.5
黄瓜拌干豆腐,87.62,7.67,4.1,5.03,157.5
青瓜炒肉,123.97,10.55,7.3,3.88,121.0
鸡丁炒黄瓜,109.25,11.37,5.34,3.71,113.5
黄瓜拌鸡丝,73.43,7.9,3.69,2.2,167.5
冬瓜海米汤,21.43,2.66,0.3,2.12,210.0
烧冬瓜,46.44,0.34,3.28,4.53,161.5
火腿烧冬瓜,48.84,3.28,3.15,2.32,129.0
冬瓜烩火腿,77.11,5.12,4.81,3.39,83.0
冬瓜片汆肉丸,72.27,5.45,4.44,2.9,160.5
清炒凉瓜,32.15,1.24,0.75,5.61,155.5
苦瓜大骨汤,92.22,7.46,4.25,6.63,347.0
凉瓜抱蛋,90.63,5.35,6.2,3.83,165.5
家常拌苦瓜,51.41,1.02,3.24,5.02,159.5
凉瓜肉丝,93.68,7.67,5.09,4.56,174.0
苦瓜鸡蛋,89.28,5.22,5.96,4.13,172.5
豆豉凉瓜炒牛肉,79.07,6.7,4.09,4.19,150.5
苦瓜炒藕片,65.87,1.28,4.15,6.54,126.0
凉瓜炒肉片,96.49,7.85,5.16,4.81,171.0
苦瓜拌鸡胸,85.36,8.32,3.77,4.83,160.5
凉瓜烧排骨,168.04,8.89,13.07,4.13,109.5
丝瓜摊鸡蛋,93.41,5.57,5.96,4.79,174.5
虾米丝瓜汤,18.75,1.71,0.1,2.98,160.0
丝瓜烩虾球,108.14,8.1,3.25,12.22,172.0
鲜鲈鱼丝瓜汤,33.65,4.3,0.84,2.63,208.0
丝瓜烧牛肉,62.12,7.0,2.18,3.95,146.5
丝瓜炒青豆,115.34,5.89,7.28,7.98,94.5
黄瓜拌支竹,105.65,7.88,5.28,6.87,124.0
家常冬瓜丸子汤,95.02,6.62,4.5,6.89,201.0
丝瓜烩豆腐,74.78,3.03,5.04,4.94,172.5
丝瓜滑蛋,89.68,5.67,6.12,3.47,169.5
香浓南瓜小米粥,61.25,1.56,0.51,12.9,160.0
黄瓜番茄炒鸡蛋,88.29,5.47,6.22,2.89,166.5
香脆拍黄瓜,46.39,0.78,3.35,3.44,159.5
青瓜鸡丁,112.11,11.47,5.43,4.03,111.5
青瓜白肉,130.54,6.02,10.95,1.98,83.5
松花蛋拌黄瓜,100.58,5.56,6.8,4.24,171.0
特色凉拌黄瓜,19.44,0.85,0.23,3.82,159.5
竹笋炒黄瓜,49.53,2.13,3.06,3.93,107.0
青瓜炒鸡肉,57.89,5.33,2.77,2.83,133.0
角瓜炒鸡肉,78.34,8.34,3.92,2.61,157.0
蒜香西葫芦炒番茄,66.95,1.1,4.42,6.19,118.0
酸辣小瓜,46.34,0.8,3.25,3.81,164.0
老黄瓜炒土豆,91.89,1.83,4.81,10.57,111.0
冬瓜烧鸭肉,59.86,2.97,3.82,3.48,147.0
冬瓜汆肉丸,23.61,3.07,0.95,0.94,207.5
家常醋溜西葫芦,45.83,0.83,3.18,3.77,168.0
素炒西葫芦,48.25,0.82,3.37,3.97,157.5
西葫芦烩香菇,69.77,1.4,4.88,5.71,107.5
角瓜炒牛肉,103.09,9.2,6.29,2.49,97.0
蘑菇扒青菜,73.01,1.87,6.47,2.65,163.0
爆炒蘑菇韭菜,53.58,2.51,3.31,4.44,160.5
蘑菇滑鸡片,97.12,12.79,3.33,4.29,121.5
蘑菇炒白菜片,56.07,2.37,2.72,5.79,119.5
菠菜鲜菇,53.59,2.92,3.06,4.37,104.5
蘑菇扒油菜,19.3,1.87,0.35,3.03,171.0
鲜拌腐竹,231.58,20.08,11.35,12.74,47.5
腐竹烧草鱼,212.3,20.2,11.99,5.8,122.0
草菇青笋汤,52.73,0.59,4.73,2.51,220.0
番茄烩草菇,45.41,1.74,3.04,3.57,103.5
香菇炒黄瓜,46.38,1.45,3.14,3.91,103.5
白玉冬菇,32.57,0.91,2.18,3.26,153.5
枸杞小米粥,50.64,1.55,0.4,10.72,235.0
炝炒黄豆芽,58.65,4.51,1.46,7.64,133.0
绿豆芽炒肉丁,122.56,4.62,9.53,4.92,148.5
金瓜小米粥,54.88,1.16,0.38,11.93,215.0
南瓜香米粥,73.63,1.99,0.84,14.81,292.0
鸡丝拌豆皮,204.18,20.68,11.7,4.26,119.5
豌豆炒茄子,107.03,3.45,5.63,11.74,92.5
辣椒炒腐竹,142.72,9.17,8.92,7.04,106.5
香芹炒腐竹,106.88,7.55,6.11,6.12,123.5
豆干拌豆芽,58.95,3.99,2.78,4.93,142.5
青瓜拌豆腐丝,112.68,10.53,5.98,4.5,106.5
银芽肉丝,87.13,8.18,5.18,2.28,171.0
苋菜烧嫰豆腐,85.8,3.67,5.05,6.53,176.0
毛豆烩油菜,139.51,3.81,11.9,5.27,162.0
红豆杂粮饭,79.49,2.71,0.45,16.59,195.0
发面葱香饼,305.19,11.23,8.25,47.91,77.0
炝炒韭菜绿豆芽,53.78,2.05,3.21,4.74,165.5
荞麦面葱油饼,355.77,13.02,4.48,67.98,52.0
家常发面烧饼,438.81,12.49,16.81,60.81,67.0
香米饭,52.48,1.02,0.9,10.14,383.0
甜米糕,153.33,4.72,3.89,25.14,315.0
小米红枣南瓜粥,77.91,1.64,0.51,17.1,172.0
二米粥,118.0,2.82,0.67,25.39,150.0
红薯香米饭,66.86,1.33,0.19,15.4,175.0
薏仁小米红枣粥,130.0,3.61,1.04,27.09,160.0
鲜百合小米粥,147.06,3.6,0.92,31.39,170.0
小米燕麦粥,122.0,3.93,1.49,23.81,150.0
三色米糕,77.09,2.04,0.3,16.73,323.0
南瓜米香饼,285.83,7.59,5.35,52.41,127.0
小米大米粥,118.0,2.82,0.67,25.39,150.0
鸡蛋炒凉瓜,83.99,5.66,5.0,4.46,165.5
豆豉凉瓜,53.92,1.3,3.27,5.45,159.5
辣椒回锅肉,185.8,6.11,16.73,2.84,84.5
烧白玉,41.88,0.4,3.32,3.13,160.0
番茄煨豆腐,111.61,4.68,8.19,5.47,112.0
芹菜炒百合,76.29,0.91,3.28,11.27,97.0
青笋肉片,91.33,7.72,5.68,2.25,86.5
冬瓜烩肉片,69.97,4.59,4.69,2.8,151.5
肉末烧冬瓜,74.92,4.44,4.74,3.91,149.5
蘑菇烧肉,112.36,5.42,9.09,3.07,133.5
苦瓜猪肉煲,127.21,4.5,10.1,5.56,141.5
苦瓜烧牛肉,79.32,6.49,4.14,4.42,147.5
蘑菇烧牛肉,67.12,7.67,2.79,3.55,147.5
苦瓜排骨羹,20.28,1.28,1.27,0.8,493.0
青椒烧鸡翅,168.72,10.14,10.43,8.79,105.5
鸡丝青笋,112.69,7.56,7.25,4.44,98.5
鸡丝拌黄瓜,65.41,8.29,2.0,3.4,79.5
榛蘑炖鸡肉,76.04,9.69,2.6,4.01,156.5
辣椒鸡肉丝,87.46,9.13,4.17,3.49,147.5
家常黄瓜炒鸡蛋,91.59,5.29,6.01,4.25,172.5
虾米烧冬瓜,74.71,6.01,4.37,3.25,128.5
小米粥,72.0,1.8,0.62,15.02,125.0
丝瓜炒土豆片,89.59,2.2,3.42,13.2,158.5
红萝卜炒香芹,44.75,0.91,2.93,4.59,109.5
萝卜刀鱼,103.59,11.9,5.13,2.88,125.5
洋葱拌黄瓜,69.19,0.9,4.93,5.64,105.5
茄子炖胡萝卜,76.1,1.12,5.06,7.33,102.5
腐竹拌香芹,166.44,12.78,8.63,9.77,74.5
冬瓜烧鸡,64.95,8.15,2.72,2.27,155.5
小炒香菇瓜条,48.37,1.58,3.14,4.46,107.5
韭菜豆芽炒香干,91.18,4.46,5.97,5.54,136.0
小鸡焖冬瓜,66.03,8.34,2.65,2.37,157.5
炒鲜蘑,49.66,2.66,2.11,5.83,149.0
菌菇炒菜心,46.95,2.33,3.0,3.31,106.5
蒜香小油菜,50.0,1.6,3.44,3.96,170.0
蒜汁蒸茄子,61.76,1.71,3.13,7.44,170.0
芹菜拌腐竹,100.41,7.61,5.33,6.17,122.5
凉拌鸡丝茄子,60.65,8.77,1.39,3.63,155.0
百合拌西红柿,107.11,1.94,2.04,20.9,105.5
西红柿炖扁豆,63.28,1.58,4.12,5.98,128.0
茄子辣椒烧土豆,78.1,1.57,3.37,10.99,157.5
青椒香干,100.0,4.15,7.02,5.48,114.0
辣椒炒洋葱,79.19,1.46,5.26,6.94,98.5
鱿鱼炒辣椒,77.53,9.1,3.88,1.89,89.0
茄汁茄条,63.26,0.98,4.84,4.74,107.5
番茄烩山药,93.33,1.63,5.31,10.24,97.5
番茄烧豆角,84.25,4.05,5.7,5.17,136.5
西红柿虾仁,138.74,10.23,4.85,13.8,166.5
凉拌西红柿,17.88,0.89,0.2,3.94,151.0
西红柿烧鱼,106.25,9.69,6.45,2.52,144.0
番茄大骨汤,49.65,3.22,3.35,2.03,286.0
家常青椒土豆丝,105.0,1.84,5.19,13.12,100.0
茄汁鲈鱼,100.34,10.66,5.39,2.36,145.5
番茄炒花椰菜,59.53,1.24,4.85,3.58,107.5
西红柿拌豆腐,109.22,6.23,8.46,3.15,146.5
红焖番茄牛肉,91.94,8.66,3.91,5.74,105.5
西红柿煎蛋,87.69,5.5,6.22,3.01,166.5
西红柿火腿汤,22.17,2.26,0.58,2.49,212.0
西红柿鱼片,92.98,10.14,4.27,3.77,171.0
番茄莴笋,46.51,1.29,2.94,4.11,107.5
清蒸白玉排骨,153.3,8.52,12.47,2.0,98.5
凉瓜虾仁,109.09,7.55,3.02,13.34,181.5
苦瓜炒鱿鱼丝,141.56,18.53,4.7,6.73,154.0
凉瓜炒肉丝,91.07,7.88,5.1,3.69,173.5
凉拌苋菜,47.59,2.98,1.67,5.93,155.5
香甜玉米饭,112.67,2.79,0.52,25.22,150.0
五谷养生饭,118.0,3.3,0.86,24.69,150.0
燕麦香米粥,171.0,4.51,0.28,38.65,100.0
萝卜蒸饭,119.52,3.0,0.42,26.41,210.0
山楂枸杞粥,168.75,4.07,0.51,37.43,112.0
小米家常煎饼,464.71,6.62,24.29,55.22,68.0
秘制米粉蒸肉,201.59,6.47,7.82,27.08,126.0
浓香小米粥,71.09,1.8,0.62,14.82,128.0
家常香菇油菜,42.28,2.2,0.49,8.53,123.0
香米南瓜粥,59.38,1.39,0.17,13.23,160.0
烩冬瓜,38.63,0.36,3.31,2.45,160.5
清水白玉汤,12.98,0.29,1.01,0.79,208.0
清热冬瓜海带汤,59.88,0.22,6.22,0.83,162.0
冬瓜烧五花肉,112.68,3.48,10.04,2.68,142.0
蘑菇烧豆腐,101.22,5.36,7.46,4.11,122.5
豉香鸡肉焖饭,97.83,3.91,1.76,16.81,369.0
香蒸排骨,250.35,9.77,7.04,37.72,143.0
香菇海米粥,126.45,4.67,0.47,26.58,155.0
芹菜烧香菇,34.53,0.98,2.18,3.71,153.5
葱香南瓜蒸饭,209.2,4.86,0.57,46.66,87.0
豌豆什蔬饭,74.51,2.42,0.25,16.2,255.0
家常粉蒸牛肉,221.8,10.94,9.74,22.37,133.0
香菇烩油菜,70.59,1.58,5.09,5.62,170.0
豆腐煮小油菜,65.0,5.25,4.3,2.5,100.0
青椒拌白菜,54.92,1.67,3.58,4.55,147.5
蒜香蒸白菜,69.23,2.25,3.32,7.88,65.0
家常白菜炖豆腐,103.57,4.93,8.19,3.06,112.0
黄豆白菜汤,33.53,2.71,1.09,3.93,167.0
手撕大头菜,68.81,1.45,4.79,5.44,109.0
蒜香菠菜,76.27,2.7,4.52,6.75,118.0
花生仁菠菜,133.06,5.53,9.76,6.64,122.5
菠菜煎蛋,92.17,5.91,6.06,4.1,172.5
枸杞菠菜,89.92,3.5,4.59,9.89,119.0
菠菜拌豆芽,43.37,2.09,2.61,3.47,207.5
韭菜炒西葫芦,55.35,1.3,3.4,5.51,159.0
韭菜煎鹌鹑蛋,100.6,6.1,7.27,3.57,166.0
韭菜鸡蛋,92.22,6.2,6.33,3.65,167.0
芹菜凉拌腐竹,136.17,10.07,6.91,9.11,94.0
凉拌芹菜黄豆芽,68.68,6.45,3.58,3.21,132.5
豉汁莴笋,50.23,1.84,2.96,4.31,107.5
番茄蘑菇烩虾仁,109.79,8.42,3.28,12.13,168.5
芥蓝烧冬瓜,54.12,0.85,3.15,6.3,170.0
牛肉冬瓜煲,81.19,8.81,4.08,2.48,101.0
冬瓜蒸鸡块,71.03,11.78,0.99,3.93,107.0
柠檬冬瓜拌彩椒,58.5,0.4,4.18,5.45,126.5
清蒸白玉胡萝卜,55.25,0.4,4.08,5.11,128.5
鲫鱼煲冬瓜汤,70.0,3.37,5.01,3.17,230.0
菌菇冬瓜汤,36.41,0.63,2.77,2.66,195.0
白玉海带汤,7.06,0.37,0.1,1.42,255.0
凉瓜豆腐汤,74.4,1.57,6.11,3.24,207.0
苦瓜烧茄子,72.03,1.18,4.39,7.27,118.0
凉瓜大米粥,95.05,2.2,0.25,21.3,202.0
苦瓜炒葱头,70.7,0.99,4.8,6.53,107.5
青瓜里脊片,65.93,5.02,4.13,2.27,135.0
辣椒烧丝瓜,75.38,1.48,5.21,6.37,99.5
香菇炒苋菜,65.22,2.48,3.45,6.96,161.0
薏仁红豆糙米饭,69.2,2.37,0.32,14.52,250.0
金瓜薏米饭,80.87,2.21,0.39,17.42,345.0
薏仁红豆饭,69.2,2.35,0.5,14.3,250.0
薏仁糙米饭,96.0,2.56,0.79,20.1,275.0
大米小米饭,150.29,3.54,0.7,32.79,175.0
黑米馒头,234.75,9.86,1.64,46.5,118.0
葱香鸡肉片,86.3,7.92,3.61,5.74,171.5
大葱烧牛柳,71.27,7.43,3.08,3.86,137.5
葱烧兔肉,87.89,10.03,3.87,3.09,111.5
山药玉米糊,153.38,3.62,0.61,34.51,133.0
牛奶燕麦粥,66.88,2.52,1.78,10.4,480.0
香甜红薯粥,136.0,2.87,0.37,30.83,150.0
松软玉米发糕,206.73,5.95,4.38,36.79,223.0
凉拌莜麦面,204.0,7.25,4.4,35.3,100.0
粉条炖猪肉,341.73,7.59,18.99,35.1,63.5
咖喱炖猪肉,93.08,6.55,2.05,12.6,260.0
西红柿排骨粥,78.97,3.96,3.51,8.07,271.0
家常烧排骨,247.93,13.95,20.2,2.4,60.5
枸杞煲排骨汤,110.8,5.51,5.2,10.71,180.5
土豆炖猪排,153.8,7.51,8.21,12.84,151.5
海带猪排汤,71.36,3.11,5.41,2.96,220.0
排骨藕汤,51.19,2.78,2.61,4.79,252.0
排骨薏仁汤,98.68,5.24,4.54,9.58,227.0
黄豆排骨烧苦瓜,152.68,10.24,9.18,8.5,177.5
肋排焖饭,158.54,6.75,4.9,21.42,205.0
肋排炖土豆,152.86,7.3,8.34,12.51,148.5
莲藕大骨汤,72.92,4.57,4.83,3.1,192.0
双椒炒肝尖,89.81,8.09,3.6,6.15,181.5
黄豆煮猪肝,210.84,21.94,10.14,9.67,101.5
西红柿炒猪肝,86.43,7.39,4.81,3.92,99.5
双椒炝猪肝,87.15,9.15,4.06,3.96,159.5
猪肝青菜粥,85.36,5.92,1.3,12.76,160.5
海带薏仁大骨汤,63.49,3.63,3.02,5.55,220.5
菌菇大骨汤,72.64,4.75,4.56,3.36,212.0
黄豆炖小排汤,133.66,7.7,9.41,5.82,202.0
薏米冬瓜排骨汤,75.58,4.38,4.15,5.37,235.5
五香猪排,253.54,14.06,19.26,5.34,63.5
倭瓜蒸排骨,154.44,7.27,11.07,6.71,129.5
莲藕黄豆煲排骨,249.24,13.85,12.41,22.64,132.0
黄豆煲排骨汤,113.17,8.54,6.58,6.19,205.0
凉薯炒肉片,115.05,9.36,4.59,9.55,149.5
葱香鲜猪肝粥,94.36,5.21,2.91,11.98,168.5
红烧猪排,255.28,14.57,19.9,3.9,61.5
秘制烧汁大排,273.47,17.02,21.81,1.97,98.0
葱烧排骨,250.42,14.2,20.54,2.12,59.5
香葱烧大排,245.53,13.8,19.87,2.21,61.5
红焖猪排,282.72,17.33,22.37,2.89,95.5
菜心大骨粥,93.18,4.55,3.45,11.17,220.0
肉炒通心菜,91.29,7.86,5.36,3.54,166.5
蒜末空心菜,52.17,2.39,2.81,6.02,115.0
空心菜炒肉,92.75,4.14,7.15,3.58,172.5
白菜猪肉馅蒸包,184.62,8.1,7.55,21.5,97.5
冬瓜胡萝卜大骨汤,51.77,3.26,3.48,2.15,268.5
冬瓜扁豆大骨汤,48.8,3.32,3.45,1.41,270.5
冬瓜汆丸子汤,42.51,1.84,3.57,1.0,287.0
海带丸子汤,74.03,2.34,6.07,2.92,335.0
豆腐肉圆汤,61.26,5.76,3.38,2.07,277.5
肉圆白菜汤,50.0,2.54,3.44,2.64,302.0
鸡蛋火腿炒饭,179.26,7.42,11.31,12.05,188.0
火腿蘑菇汤,28.32,2.06,1.42,2.09,282.5
火腿白玉汤,37.71,2.21,2.62,1.54,236.0
松花蛋火腿粥,130.0,6.37,3.28,18.85,220.0
咸香宫保猪肉丁,138.6,14.85,6.3,5.08,107.5
莲子百合猪肉汤,87.4,6.58,1.64,11.83,262.0
羊肉汤,73.6,6.88,2.28,6.58,178.0
什蔬肉丝,97.04,9.13,4.82,4.83,185.5
冬菇炒肉片,84.5,8.5,4.24,4.07,164.5
青椒炒里脊,109.51,9.0,5.82,5.86,152.5
榨菜肉末豆腐,157.3,8.34,12.98,2.55,133.5
蒸红瘦肉,304.13,11.6,27.4,2.78,60.5
香肠蒸水蛋,264.8,15.58,20.49,4.74,89.5
香菇扒油菜,81.67,3.93,5.59,5.27,180.0
黑胡椒煎香菇,32.87,2.36,0.34,6.71,143.0
香菇海鲜虾粥,76.73,5.97,1.62,9.89,238.5
香菇火腿南瓜煲,65.52,4.67,3.49,4.65,116.0
炸酥带鱼,135.33,16.86,7.62,0.0,83.5
香菇煲仔饭,61.89,1.4,2.25,9.42,244.0
香菇土豆焖鸡块,87.0,7.66,2.04,10.16,211.5
喷香拌面,184.4,4.92,7.56,24.92,218.0
火腿丁炒玉米,126.72,6.08,3.87,17.93,131.0
南瓜火腿蒸饭,124.82,4.63,4.47,16.77,137.0
炝炒鲜笋肉片,113.14,5.26,8.93,3.47,137.0
五花肉焖竹笋,162.71,6.77,13.71,3.44,88.5
青蒜五花肉,172.57,6.94,13.98,4.99,87.5
红白萝卜烧肉,140.57,4.93,11.45,5.08,106.0
炝炒五花肉薯片,154.35,5.26,8.87,13.74,138.0
五花肉炒香干,181.41,9.68,13.25,6.02,134.5
肉片香干,240.0,12.51,18.16,6.7,97.5
红烧肉烧鸡蛋,265.05,12.03,23.48,1.4,103.0
炝炒白菜,149.56,4.01,8.38,14.73,170.5
白菜烧冻豆腐,84.79,4.96,6.24,3.16,200.5
土豆干烧肉,124.36,4.41,7.05,11.67,174.5
蘸汁白切肉,355.91,14.27,33.17,0.0,63.5
爆炒猫耳朵,195.42,9.44,10.0,17.46,262.0
白切焖牛肉,106.43,20.0,2.36,1.5,85.5
咖喱烧牛肉,88.84,6.09,1.19,14.02,215.0
什蔬牛肉饭,168.53,6.43,8.11,18.11,251.0
窝蛋牛肉粥,133.85,8.07,3.73,17.08,258.5
石锅牛肉炖豆腐,92.54,8.38,4.84,4.56,194.5
鲜百合炒黄牛肉,164.59,9.99,3.9,22.2,104.5
五香炖牛肉,135.91,18.96,5.55,2.63,90.5
九制陈皮牛肉片,146.96,19.19,5.57,4.98,90.5
土豆烧牛肉块,102.04,6.06,3.79,11.55,196.0
西红柿牛肉烩饭,104.62,4.67,5.84,8.42,325.0
香菇煲牛肉,100.5,10.18,4.17,6.22,99.5
萝卜牛肉盖饭,63.44,2.67,2.13,8.67,547.0
牛肉洋葱炖土豆,89.0,5.98,2.2,11.67,195.5
冬菇牛肉粥,68.36,5.54,0.64,10.48,216.5
鲜炖牛肉面,158.33,9.21,0.99,28.24,168.0
家常炒牛肉丝,62.95,6.39,2.85,3.0,152.5
牛奶煮鸡蛋,82.53,5.29,4.6,5.03,292.0
牛肉番茄汤,51.45,3.65,2.24,4.3,276.0
南瓜羹,55.33,2.69,2.78,4.99,300.0
红烧牛肉面,62.68,3.26,2.26,7.71,777.0
白萝卜煲猪排骨,101.53,6.78,7.08,3.25,131.0
土豆烧猪排,137.53,5.92,7.39,12.35,198.5
山药炖猪排,165.9,8.65,11.34,7.57,108.5
玉米胡萝卜焖排骨,130.67,6.76,5.58,14.3,187.5
排骨青菜面,103.71,4.64,3.42,13.79,431.0
萝卜排骨鱿鱼汤,44.28,5.55,2.21,0.74,275.5
橙香排骨,132.44,6.05,8.28,8.61,149.5
排骨煲山药,68.95,3.58,4.69,3.13,262.5
洋芋焖排骨,188.7,7.74,12.68,10.8,88.5
孜香牛肉粒,142.2,20.02,6.01,2.95,86.5
牛肉什蔬咖喱饭,94.12,5.61,1.05,15.96,255.0
芋头烧牛肉块,102.42,9.23,4.11,7.75,103.5
洋葱焖牛腩,105.35,8.03,5.05,7.12,121.5
香菜牛肉香米粥,116.83,6.32,0.74,21.21,202.0
胡萝卜焖牛肉,122.51,9.63,6.51,6.9,95.5
牛肉薏仁汤,57.2,4.73,0.74,8.28,257.0
牛肉扒芥蓝,77.89,6.61,2.77,7.01,151.5
牛肉炒土豆片,86.96,6.03,2.23,11.27,195.5
羊肉汆白菜,33.85,4.3,1.44,1.23,292.5
山药煲羊肉,43.24,4.44,1.46,3.11,277.5
孜然炒羊肉,172.06,16.84,10.4,3.12,68.0
滋补羊肉汤,66.13,5.54,1.79,5.74,248.0
红焖土豆羊肉,60.73,4.44,2.31,5.97,314.5
当归淮山煲羊汤,50.62,5.22,1.79,3.85,241.0
鲜炖羊肉汤,47.64,5.12,1.89,3.07,233.0
葱爆羊肉（懒人版）,129.71,10.41,7.68,5.49,119.5
党参羊肉汤,89.27,5.1,5.51,4.98,261.0
豆腐焖羊肉,148.64,12.12,9.9,3.66,165.5
归地焖羊肉,188.02,14.3,8.34,14.05,83.5
羊肉臊面片,108.54,4.02,5.06,12.14,363.0
鲜羊肉汤,39.91,5.76,2.17,0.79,218.0
滋补炖羊肉,134.52,12.94,4.09,12.44,140.5
羊肉萝卜羹,34.88,3.94,1.38,2.19,301.0
枸杞焖羊肉,164.63,16.15,9.46,3.74,73.5
海带煲羊肉,56.36,5.43,3.18,1.45,220.0
洋葱炝炒羊肉片,120.0,9.94,5.72,7.0,122.5
蘑菇烧羊肉,104.64,10.57,5.87,2.68,118.5
蒜仔苦瓜排骨汤,67.83,4.47,4.61,2.29,200.5
白萝卜烧羊肉,95.89,10.81,3.78,5.28,109.5
石锅羊肉炖土豆,115.82,8.27,4.24,11.43,167.5
羊肉烧土豆块,99.29,6.71,3.39,10.98,212.5
淮杞炖鸡汤,50.26,7.16,0.58,4.01,191.0
鸡肉南瓜焖饭,109.17,5.42,3.53,13.58,327.0
煲鸡肉汤,80.0,7.96,4.02,3.79,170.0
芋块烧肉,194.47,7.07,15.36,7.22,108.5
双冬焖鸭肉,60.38,4.8,2.72,4.54,132.5
焖炖五花肉,316.78,12.48,28.3,2.54,74.5
咸鲜肉末茄子,112.41,4.26,8.54,4.91,145.0
肉末蒸鸡蛋羹,195.88,7.64,15.69,5.77,194.0
卤蛋红烧肉,222.22,12.63,17.36,3.62,99.0
小炒双椒牛肉,93.49,7.4,4.72,6.39,130.5
香拌鹅肉,214.39,14.4,15.47,5.3,132.0
酸甜炒鸡丁,80.62,8.67,2.62,6.25,162.5
卤鸡胸,118.0,24.6,1.9,0.6,100.0
鸡肉蔬菜色拉,59.33,5.8,2.02,4.92,254.5
鸡茸粥,85.14,4.04,1.14,14.46,296.0
鸡茸蘑菇浓汤,62.87,3.36,4.14,3.27,342.0
胡萝卜咖喱鸡肉饭,91.34,5.67,0.66,16.12,335.0
凉拌手撕鸡胸,126.27,23.15,2.68,2.34,108.5
香辣口水鸡丝,108.62,21.6,1.83,1.33,58.0
香菇鸡肉面,118.29,5.55,3.73,15.83,328.0
咸鲜鸡肉青菜粥,74.27,4.3,1.93,10.0,206.0
滋补党参田七炖鸡,117.75,21.88,1.76,4.09,115.5
特色鸡丝凉拌面,153.72,6.07,5.09,21.39,242.0
香菇滑鸡片,74.78,9.46,2.48,4.5,172.5
猪肝白米粥,108.1,5.13,1.01,19.78,210.0
辣椒炒肝尖,100.29,8.8,5.0,5.31,169.5
鸡片炒包菜,66.45,8.52,2.68,2.77,155.0
鸡肉蘑菇烧饭,64.62,2.77,2.8,7.31,390.0
慈姑焖鸡,157.21,13.27,6.17,12.24,114.5
柠檬鸡排,141.48,21.58,4.31,3.0,114.5
首乌黑豆乌鸡汤,78.13,8.69,2.2,6.51,235.5
黄芪乌鸡滋补汤,40.87,6.49,0.69,2.52,183.5
辽参参焖鸡,112.4,18.59,3.18,2.07,129.0
怀山煲鸡汤,40.58,4.05,1.25,3.67,313.0
香滑鸡肉片,81.3,10.15,2.28,5.41,184.5
葱香鸡丝,87.13,9.93,2.74,5.77,151.5
煲鸡肉饭,90.74,3.26,2.95,12.81,378.0
猪肝炒菠菜,89.37,9.11,3.61,5.24,183.5
洋葱炝肝片,107.28,5.94,5.22,8.72,130.5
炝炒猪肝,96.7,9.54,5.06,3.35,166.5
猪肝明目汤,97.09,4.78,4.37,9.48,172.0
猪肝枸杞汤,50.45,6.06,1.61,3.12,224.0
猪肝绿豆粥,166.08,9.34,1.52,29.39,141.5
西红柿猪肝菠菜面,165.64,5.44,8.15,18.06,291.0
芋头煲鸭,96.62,7.87,3.72,8.07,103.5
子姜香鸭,109.77,14.08,4.2,4.01,107.5
子姜炒鸭片,92.92,8.73,3.64,6.06,176.5
胡萝卜烧肉,165.85,5.17,13.81,5.89,102.5
白萝卜烧牛肉,74.16,6.97,3.2,5.48,133.5
冬瓜汆肉丸汤,75.31,3.95,5.8,2.01,281.5
白玉老鸭汤,77.04,3.59,2.89,9.4,202.5
滋补莲藕老鸭汤,27.27,2.39,0.27,4.22,187.0
鸭胸炒茨菇,122.98,7.55,4.32,13.6,80.5
火鸭炒白菜,61.83,6.06,2.5,3.97,158.5
香菇蒸鸭块,82.13,8.31,3.77,4.44,103.5
芹菜炒鲜蘑,43.32,1.48,2.92,3.54,108.5
当归煲鸭肉,89.55,14.93,1.49,3.98,100.5
清火鸭肉粥,114.74,4.8,0.53,22.36,190.0
炖兔肉,118.78,17.47,4.57,1.82,114.5
西芹煸肉片,65.54,6.11,2.84,4.34,148.0
笋香炒肉,136.22,5.98,10.37,4.58,161.5
土豆胡萝卜炖牛肉,104.08,7.21,4.35,9.86,147.0
淮山羊肉汤,49.42,4.74,1.65,3.41,259.0
尖椒炒肉,111.8,8.8,5.66,7.96,161.0
豆角肉末,340.66,11.76,31.12,3.8,45.5
烧猪肉,321.38,12.7,29.08,1.85,72.5
萝卜烧兔肉,84.4,10.48,3.73,2.5,195.5
酱爆肝片,153.25,17.66,8.18,2.16,77.0
猪肝枸杞汤,51.68,4.51,2.52,3.15,193.5
青瓜炒猪肝,77.98,7.7,3.46,3.88,188.5
爆炒韭菜猪肝,98.08,8.98,5.3,4.25,182.5
猪肝炒土豆,110.51,8.98,3.51,10.9,185.5
猪肝鸡蛋汤,79.21,6.16,5.29,1.93,178.0
菠菜猪肝汤,45.21,4.01,2.39,1.6,203.5
猪肝肉泥,126.62,18.49,5.06,1.65,69.5
肝香菜花,91.41,10.37,4.42,3.14,145.5
溜肝尖,76.49,9.13,3.62,2.58,176.5
家常香肠蒸豆腐,227.53,11.69,18.22,5.16,123.5
家常香肠蛋炒饭,206.15,8.15,10.18,20.59,260.0
大鹅烩土豆,132.82,5.51,6.32,13.82,129.5
煮鸡蛋,75.45,7.15,4.69,1.31,110.0
西红柿炒鸡蛋,87.83,5.22,6.15,3.46,168.5
肉末蒸鸡蛋糕,184.42,13.22,13.87,1.87,77.0
西红柿鸡蛋汤面,145.58,5.14,7.48,14.71,283.0
鸡蛋煎米饼,163.11,5.23,6.93,20.13,225.0
木耳西葫芦炒蛋,98.88,5.59,5.91,6.72,178.0
蒸鸡蛋羹,137.17,9.09,9.26,4.82,113.0
鸡蛋木耳炒西葫芦,118.69,6.55,6.32,10.94,168.5
快手鸡蛋羹,76.61,4.76,5.95,1.14,171.0
家常鸡蛋炒饭,157.89,4.45,8.88,15.24,266.0
香煎鸡蛋馒头片,195.45,9.67,6.01,26.02,132.0
葱香鸡蛋煎饼,169.62,6.7,9.04,15.81,237.0
鸡蛋炒洋葱头,98.96,6.09,5.76,6.05,144.5
糖心鸡蛋,75.11,7.11,4.67,1.3,110.5
尖椒摊鸡蛋,188.97,11.45,14.04,4.1,72.5
益母草鸡蛋,142.86,12.89,8.35,5.7,63.0
番茄蛋饼,179.61,8.11,10.46,13.86,152.0
香菇蛋汤,69.6,3.32,5.61,1.76,273.0
鸡蛋香米粥,95.77,5.3,3.38,11.13,189.0
凉拌松花蛋,190.55,13.5,13.24,4.25,63.5
糖心鸭蛋,206.11,11.56,16.5,2.95,65.5
燕麦鸡蛋糊,186.92,8.03,5.45,27.05,130.0
孜然蛋香馒头,198.6,9.49,6.67,26.13,143.0
醋烧鸡蛋,135.48,12.74,8.34,2.48,62.0
葱香鸡蛋软饼,164.81,7.02,7.64,17.54,233.0
家常炖卤蛋,174.81,12.43,12.12,3.67,67.5
茴香摊鸡蛋,83.79,6.34,5.24,3.45,163.5
茶香鹌鹑蛋,177.69,12.28,13.0,2.8,125.5
鹌鹑蛋煲豆腐,126.61,8.73,9.15,2.85,163.5
金银蛋烧寸排,223.74,14.9,17.21,2.1,109.5
蒸水蛋,170.54,12.26,12.65,2.23,64.5
大葱胡萝卜炒蛋,88.43,5.35,4.97,6.24,168.5
煎荷包蛋,199.0,13.5,15.0,1.4,60.0
韭菜虾仁炒蛋,121.38,9.85,4.72,10.5,231.5
青蒜炒鸡蛋,128.14,7.71,8.97,4.71,115.5
鸡蛋什蔬炒米饭,151.15,4.54,7.93,15.55,260.0
蒸蛋羹,68.02,4.21,5.18,0.95,197.0
拌松花蛋豆腐,155.49,10.37,11.13,4.01,168.5
松花蛋蕃茄丝瓜汤,47.83,2.65,3.43,1.82,184.0
皮蛋金汤苋菜,93.88,4.62,6.91,3.59,278.0
皮蛋瘦肉青菜粥,85.84,5.65,2.39,10.63,226.0
松花蛋香葱拌豆腐,89.04,7.27,5.05,3.73,223.5
松花蛋鱼片汤,88.51,9.8,3.25,4.98,235.0
家常皮蛋瘦肉粥,69.79,5.11,2.24,7.44,235.0
芹菜皮蛋粥,100.43,3.66,1.63,18.03,231.0
双椒皮蛋,106.12,6.9,6.56,5.97,147.0
松花蛋苦瓜粥,73.95,3.13,1.5,12.31,238.0
皮蛋冬瓜羹,124.18,4.5,9.66,4.8,335.0
虎皮蛋焖排骨,226.24,14.41,17.05,3.64,110.5
松花蛋苋菜汤,53.55,5.59,2.5,2.33,211.0
皮蛋蔬菜汤,31.92,2.57,1.7,2.08,200.5
姜汁松花蛋,194.12,12.68,13.9,4.46,68.0
皮蛋紫菜豆腐,141.03,11.66,8.83,4.88,156.0
松花蛋芫荽豆腐汤,59.23,5.21,3.2,2.46,246.5
皮蛋炝白菜,88.07,6.07,5.94,3.12,163.5
松花蛋蒸豆腐,95.79,7.51,5.73,3.57,214.0
松花蛋小炒,101.63,6.53,6.29,5.56,153.5
橙香奶酪,120.8,5.74,7.04,8.9,125.0
红焖鹌鹑蛋,180.24,12.21,12.9,3.75,126.5
酒酿煮元宝蛋,132.73,8.16,6.15,11.33,220.0
香菇鹌鹑蛋,71.46,4.94,4.69,3.08,215.5
茶叶卤鹌鹑蛋,176.71,12.4,13.11,2.22,124.5
冬瓜鲤鱼汤,66.01,4.85,4.46,1.6,306.0
滋补鲤鱼汤,107.04,7.67,6.45,4.94,213.0
翡翠鲤鱼,82.42,9.18,3.78,3.45,173.5
豆腐烧鲤鱼,138.01,12.62,8.56,3.43,185.5
微波浇汁带鱼,136.0,16.33,7.29,1.15,87.5
香煎小黄鱼,141.32,16.29,8.48,0.0,83.5
煎炖刀鱼,132.95,16.39,7.36,0.23,86.5
香煎带鱼,138.46,16.78,7.55,0.91,84.5
五香草鱼,131.98,13.75,7.31,2.81,98.5
西红柿鱼片汤,62.05,5.04,3.27,3.21,238.5
熏草鱼,144.51,15.88,8.28,1.58,86.5
枸杞蒸鱼,144.51,15.88,8.28,1.58,86.5
豆瓣烧鱼片,134.46,15.1,8.11,0.33,88.5
鲜烤鲫鱼,134.86,16.09,6.1,4.35,87.5
鲜炖鲫鱼汤,73.06,7.25,3.8,2.66,193.0
红枣豆腐煲鲫鱼,76.66,5.78,4.02,4.82,203.5
番茄鲫鱼汤,33.33,3.91,0.74,3.22,198.0
滋补鲫鱼,73.05,7.27,2.63,5.08,198.5
鲫鱼煲白萝卜汤,78.1,3.9,5.4,3.52,210.0
鲫鱼焖蛋,137.2,15.0,7.04,3.24,146.5
鲫鱼烧冻豆腐,134.24,12.14,7.89,4.23,184.0
红烧鲫鱼,134.91,16.26,6.11,3.72,84.5
家常红烧鲫鱼,134.46,15.75,5.85,4.58,88.5
枸杞煲鲈鱼汤,46.01,4.64,1.36,3.99,213.0
家常油泼鲈鱼,136.78,17.79,6.61,1.38,87.0
香滑鲈鱼,138.01,17.99,6.71,1.22,85.5
家常蒸鲈鱼,135.29,17.68,6.75,0.91,85.0
酱汁鲈鱼,132.93,17.82,6.85,0.0,83.5
柠檬鲈鱼,132.93,17.82,6.85,0.0,83.5
葱烧鲈鱼,100.0,17.37,3.17,0.15,86.0
盐煎带鱼,135.33,16.86,7.62,0.0,83.5
红焖小黄鱼,135.59,15.5,8.01,0.11,88.5
简版水煮鱼,58.36,8.64,2.27,1.31,188.5
石锅闷酥鱼,131.43,15.71,5.91,3.59,87.5
香煎鲢鱼排,125.97,15.99,6.51,0.54,90.5
蒜仔烧鱼,105.23,10.71,4.57,5.31,181.5
秘制香辣黄花鱼,127.17,16.52,5.8,1.63,86.5
豉汁蒸鲤鱼,136.9,16.83,7.48,0.6,84.0
蒜香烧黄鱼,140.7,14.78,6.33,5.98,99.5
鲢鱼烧豆腐,94.12,11.41,4.53,1.7,161.5
家常鲜鱼汤,50.0,3.9,1.52,5.56,240.0
蒸鲈鱼,73.71,9.39,3.24,2.38,184.5
鲜香鱼片粥,61.52,2.89,0.95,10.62,395.0
鱼汤豆腐,82.05,5.62,5.81,2.1,390.0
蒜香炸排骨,265.04,14.37,19.84,6.8,61.5
家常蒸排骨,281.48,17.49,22.6,1.72,94.5
金瓜蒸排骨,151.35,7.28,11.07,5.65,129.5
香菇大骨汤,82.26,5.74,5.99,1.57,310.0
家常烧黄花鱼,125.42,16.62,5.66,1.47,88.5
葱油烧鲈鱼,124.44,16.62,6.38,0.32,90.0
鲫鱼蔬菜汤,44.27,5.95,1.0,2.97,253.0
江东烧鲈鱼,96.32,13.51,4.1,1.63,176.5
铁板鲈鱼,109.51,15.11,4.68,1.76,152.5
酥鲫鱼,82.69,9.31,3.37,4.08,156.0
酥带鱼,136.42,16.43,7.38,0.89,86.5
鲫鱼枸杞苋菜汤,95.49,6.1,5.46,5.45,443.0
白萝卜煲鲫鱼汤,26.84,3.78,0.59,1.85,190.0
鲫鱼豆腐浓汤,58.31,4.85,3.01,3.24,307.0
凉瓜黑鱼汤,61.72,5.24,3.71,1.86,303.0
芥兰鲜鱼汤,45.96,6.71,1.04,2.86,235.0
鲫鱼白萝卜豆腐汤,52.31,4.52,2.75,2.43,227.5
鲜鲫鱼胡萝卜汤,36.58,5.42,0.86,1.9,257.0
豉汁黑鱼,114.46,17.83,4.77,0.0,83.0
茶香焖大虾,114.17,17.72,3.14,3.38,127.0
什蔬炒大虾,77.08,11.48,2.08,3.41,198.5
干烤对虾,118.58,18.04,3.15,4.27,126.5
焗明虾,158.05,16.93,8.87,2.59,133.5
鲜虾西兰花,87.61,13.87,2.46,3.0,173.5
红焖龙虾,114.74,17.91,3.17,3.37,125.5
蒸对虾,111.46,17.72,3.14,2.81,126.5
芦笋炒对虾,76.5,10.76,1.8,4.63,234.0
特色盐水基围虾,120.95,17.29,3.7,4.49,126.5
盐水虾,119.03,23.13,2.82,0.19,123.5
溜虾仁,70.51,11.06,1.8,2.95,225.5
卤煮对虾,92.31,12.98,2.46,4.86,162.5
香炸椒盐虾,112.61,17.01,1.52,8.14,119.0
鲜虾炒饭,149.8,6.09,6.28,17.38,255.0
蒜仔虾球,96.88,12.91,2.38,6.37,176.5
草菇虾仁烧豆腐,57.87,6.81,2.04,3.41,314.5
韭菜虾皮炒肉,131.56,6.69,9.73,5.51,150.5
翡翠烩虾仁,91.73,10.91,3.03,5.76,199.5
姜香白灼虾,110.76,17.79,3.16,2.73,125.5
玉米青豆炒虾仁,105.9,10.25,2.96,10.29,262.5
丝瓜烧虾仁,80.96,10.26,2.7,4.18,228.5
虾仁韭菜炒蛋,81.5,11.3,2.74,3.44,254.0
什锦大虾,83.77,11.17,2.37,5.09,249.5
茶熏虾仁,112.55,18.07,3.21,2.72,123.5
鲜虾苦瓜炒鸡蛋,96.25,12.22,3.64,3.72,253.5
西芹烩虾仁,68.01,10.17,1.86,2.89,223.5
虾仁炒扁豆,88.4,13.09,2.25,4.33,181.0
西兰花炒鲜虾,89.61,11.87,2.83,4.43,216.5
虾仁炒生菜,81.66,12.38,2.02,3.58,204.5
宫保大虾,117.37,17.7,3.08,4.32,129.5
什锦虾仁炒饭,150.47,5.58,8.03,14.27,428.0
海米白菜汤,43.66,2.92,3.15,1.23,284.0
海米拌豆腐,154.67,11.71,11.17,2.94,112.5
金钩白玉条,55.19,3.57,3.31,2.8,168.5
金钩白玉片,76.79,4.38,4.61,4.6,118.5
虾米烧腐竹,469.9,39.67,26.82,17.84,51.5
虾米粥,170.09,5.71,0.76,35.97,117.0
蟹肉蒸水蛋,109.73,12.1,4.64,4.9,128.5
蟹肉炒芥菜,57.14,5.15,2.38,3.55,175.0
蒜泥拌豆腐,135.64,8.52,10.19,4.05,101.0
山药烧甲鱼,163.19,8.8,11.72,4.79,163.0
清炖火腿甲鱼汤,61.5,4.22,4.46,1.47,200.0
家常烧甲鱼,338.41,12.88,31.15,1.59,138.0
清水烧刀鱼,135.33,16.86,7.62,0.0,83.5
炖刀鱼,77.06,8.95,3.94,1.96,163.5
熘刀,131.46,16.02,7.17,0.4,89.0
姜葱蒸刀鱼,122.75,15.12,6.76,0.61,94.5
葱香油淋黄鱼,126.37,15.64,6.62,1.07,91.0
参芪炖甲鱼,175.0,9.88,13.04,5.14,156.0
彩椒煲扇贝,52.76,6.11,1.62,4.42,244.5
扇贝扒芦笋,54.34,7.14,1.71,3.2,224.5
麻辣水煮鱿鱼,110.16,16.75,4.75,0.0,93.5
烧鱿鱼,116.58,16.23,4.46,2.37,99.5
鱿鱼粥,115.38,9.55,1.92,15.19,130.0
洋葱煸鱿鱼,84.64,11.1,3.11,3.19,146.5
鱿鱼山药煲,45.05,6.03,1.62,1.47,277.5
家常煸鱿鱼,80.34,9.52,3.76,2.92,175.5
芹菜炒鱿鱼花,65.71,8.01,2.23,3.5,210.0
菜椒烧鱿鱼,85.4,9.3,3.65,4.35,181.5
鱿鱼花炒芹管,59.24,8.15,2.35,1.61,197.5
三蔬酿乌贼,73.44,7.94,3.09,4.22,216.5
青椒煸鱿鱼,80.11,9.2,3.62,3.34,183.5
紫菜肉沫蛋花汤,60.06,7.06,2.7,2.19,166.5
紫菜蛋丝汤,52.94,4.29,3.13,2.29,255.0
紫菜虾皮拌豆腐,93.26,7.5,4.6,6.11,178.0
海苔鸡蛋汤,64.78,4.76,4.64,3.01,230.0
对虾炒韭菜,95.86,9.37,4.81,4.47,229.5
家常红烧大虾,112.55,18.07,3.21,2.72,123.5
蚝油对虾,108.88,17.31,3.07,2.9,129.5
熏烤大虾,112.55,18.07,3.21,2.72,123.5
寸排大虾粥,149.1,9.45,5.48,15.43,139.5
素炒海带丝,57.91,3.61,2.73,5.11,148.5
海带白萝卜汤,9.69,0.58,0.06,1.9,196.0
海带炖豆腐汤,19.38,1.92,0.65,1.56,227.0
海带焖肉,125.0,5.33,10.77,2.03,156.0
海带焖黄豆,153.7,12.32,7.14,12.59,155.5
烧海带结,35.57,1.22,2.47,2.15,126.5
芝麻油海带丝,80.77,1.11,7.76,1.95,130.0
海带煨豆腐,31.07,1.9,1.96,1.54,228.5
鲜拌海带节,36.08,1.55,1.68,3.65,127.5
肉炒海带,78.21,8.28,4.07,2.01,167.5
椒香拌海带,36.43,1.26,2.46,2.56,129.0
海带结西红柿汤,12.42,0.65,0.48,1.52,306.0
海带玉米煲排骨,85.11,4.35,5.01,6.0,258.5
蚝油鲜贝蒸豆腐,66.27,9.35,2.12,2.66,249.0
花菜炒肉片,144.25,5.25,12.57,3.01,113.0
五花肉煸藕片,163.18,5.47,12.09,8.65,100.5
浇汁黄鱼,123.7,16.49,5.79,0.97,86.5
花肉韭菜炒腐皮,167.41,10.71,12.33,4.23,202.5
花旗参煲瘦肉,142.15,20.13,6.15,1.49,60.5
家常蚝油生菜,29.31,1.97,0.53,4.86,116.0
家常蚝油油麦菜,56.76,1.12,4.86,3.1,111.0
蚝汁芥蓝,106.45,2.22,6.65,9.81,155.0
蚝油花椰菜,32.08,3.46,0.57,4.9,106.0
家常白灼基围虾,119.68,17.59,3.76,3.84,124.5
柠檬基围虾,118.88,17.58,3.76,3.76,124.5
泡姜卤基围虾,116.86,17.15,3.68,3.67,127.5
虾仁煎蛋,121.29,16.32,4.92,2.88,185.5
蒜仔焗大虾,115.02,17.04,2.92,5.08,136.5
家常滑蛋虾仁,136.47,14.98,6.78,3.72,127.5
香炒蟹块,85.82,10.71,3.42,3.1,130.5
酱卤五花肉,290.23,10.83,24.96,3.68,66.5
水煮鲢鱼,129.61,16.5,6.58,0.53,89.5
海参香米粥,148.65,7.69,0.36,28.86,148.0
红焖海参,70.27,9.89,1.99,3.55,166.5
家常土豆烧肋排,163.75,7.49,9.4,12.48,154.5
马铃薯炒肉片,183.61,6.2,12.3,12.39,152.5
土豆炖扁豆,91.93,2.43,3.3,14.18,161.0
西红柿土豆汤,45.5,0.91,2.48,5.24,211.0
土豆咖喱鸡肉饭,95.65,7.63,0.84,14.72,230.0
肉片土豆,96.3,7.13,4.44,7.58,202.5
咸鲜土豆粥,107.0,2.62,0.28,23.75,200.0
土豆片炒猪肉,177.29,6.08,11.84,11.75,158.5
土豆焖香菇,96.77,2.43,4.95,11.63,108.5
家常炝拌土豆丝,94.95,2.2,3.58,14.3,148.5
什蔬山药,77.28,2.79,1.85,13.24,213.5
山药煲排骨,136.53,7.03,9.11,7.08,135.5
当归山药煲羊肉,100.4,10.24,3.25,7.64,124.5
番茄拌山药,57.78,1.46,1.96,9.19,112.5
海带鲫鱼汤,33.55,3.57,0.53,3.22,226.5
山药熘牛肉,95.71,7.53,3.09,9.77,140.0
素蒸鲫鱼,92.01,12.15,1.85,6.76,181.5
养生山药粥,102.82,2.39,0.27,23.01,213.0
白萝卜煲海带排骨汤,54.79,4.03,3.66,1.6,255.5
白萝卜炒猪肝,92.97,8.69,5.15,3.41,163.5
凉拌白萝卜,52.85,1.03,3.17,6.58,166.5
萝卜焖鸭,61.06,4.71,3.29,3.85,178.5
孜然洋葱炒土豆片,91.19,2.2,3.33,14.04,164.5
肉片炒葱丝,140.0,4.48,10.17,8.04,185.0
洋葱蘑菇汤,45.82,1.0,2.72,4.73,185.5
葱香牛肉炒饭,187.93,5.88,10.58,17.58,323.0
土豆片炒洋葱,94.6,2.29,3.37,14.33,157.5
小白菜丸子汤,59.88,3.38,4.6,1.51,334.0
酢肥肠,185.53,5.41,15.8,5.81,152.0
左宗棠鸡翅,210.81,15.2,11.41,12.04,222.0
醉糟鸡,96.24,10.15,3.8,4.07,266.0
醉腰丝,95.83,9.82,4.43,5.1,192.0
醉腰花,124.68,10.89,7.8,2.47,158.0
醉排骨,154.6,8.72,11.14,4.96,315.0
鸡蛋布丁,96.39,6.0,4.96,6.96,360.0
酸豆角,18.35,1.24,0.12,3.72,218.0
黄焖鸡米饭,146.4,9.14,4.14,18.55,278.0
走油蹄髈,220.0,17.62,15.57,2.56,175.0
走油蹄,198.24,14.05,12.92,6.52,170.0
走油肉,291.27,12.73,24.35,6.29,126.0
走油豆豉扣肉,291.43,13.08,23.89,6.4,140.0
粽香排骨,262.14,13.38,11.54,25.84,206.0
自制腌萝卜,48.06,0.98,0.19,11.05,129.0
自制香菇鸡肉酱,98.48,13.44,2.81,5.72,197.0
自制香菇贡丸,228.71,10.27,16.64,9.53,202.0
自制鲜嫩豆花,200.0,17.07,7.8,19.1,205.0
自制酸奶蛋糕,225.58,8.84,3.42,40.54,301.0
紫土豆蒸面,180.91,5.7,1.52,37.21,220.0
紫甘蓝卷饼,111.65,5.27,3.32,15.69,266.0
紫菜虾皮蛋花汤,66.09,6.21,3.35,3.2,174.0
紫菜汤,73.42,5.77,4.15,3.91,158.0
紫菜炒饭,214.86,7.85,9.05,27.74,148.0
子姜鸭,195.35,10.7,13.75,8.62,172.0
子姜肉丝,240.59,9.37,19.62,7.07,170.0
子姜鸭肉,91.04,9.15,2.75,7.37,212.0
滋补淮山排骨汤,153.09,9.25,11.63,2.85,307.0
孜然鱿鱼,83.25,10.19,3.89,3.44,191.0
孜然洋葱鸡片,97.5,13.33,2.59,5.49,200.0
孜然羊肉,123.86,13.16,6.32,6.32,197.0
孜然羊排,149.48,12.9,8.33,10.79,97.0
孜然牙签羊肉,164.06,16.53,10.09,5.04,128.0
孜然香煎豆腐,99.31,6.0,7.85,4.2,144.0
孜然牛肉条,115.7,9.92,5.62,7.56,223.0
孜然牛肉,139.66,13.41,7.6,6.89,174.0
孜然馒头片,253.57,6.9,5.94,44.47,112.0
孜然烤豆腐,100.0,7.17,8.22,3.06,111.0
孜然酱骨架,210.18,13.35,13.29,11.21,167.0
孜然煎秋葵,39.88,2.56,2.53,5.83,163.0
孜然炒鱿鱼条,81.88,14.74,3.13,0.58,149.0
煮羊杂汤,70.25,8.63,2.27,4.03,316.0
煮花生毛豆,352.6,16.34,24.83,19.35,173.0
煮豆丝,274.53,18.02,21.04,3.42,106.0
竹叶粉蒸肉,300.75,10.03,13.1,36.25,134.0
竹笋蒸鸡翅,167.96,13.29,8.83,10.01,181.0
竹笋烧咸肉,194.4,8.77,15.89,4.91,232.0
竹笋烧排骨,229.15,8.9,18.54,7.04,199.0
竹笋烧牛腩,97.28,7.76,4.24,7.25,184.0
竹笋烧鸡块,80.2,7.03,3.64,5.52,202.0
竹笋蘑菇炒腊味,85.08,4.28,5.92,4.38,181.0
竹笋卤五花肉,146.24,6.35,10.68,6.75,173.0
竹笋烤五花肉,140.0,6.13,10.45,5.48,175.0
竹笋肝膏汤,63.03,7.69,1.92,4.2,284.0
竹笋炖鸭肉,95.95,10.79,2.82,8.11,173.0
竹笋炒香肠,181.14,8.7,13.52,6.69,175.0
竹笋炒肉丝,129.33,5.56,9.23,7.32,208.0
竹笋炒肉片,143.24,6.45,12.31,2.23,148.0
竹笋炒牛肉,159.87,12.46,10.18,4.78,152.0
竹笋炒腊肉,343.49,8.63,32.96,3.26,157.5
竹笋炒火腿,65.19,6.05,3.3,3.38,181.0
竹荪排骨汤,104.2,6.85,6.51,5.92,262.0
猪肘子烧海带,196.57,11.26,11.82,11.63,233.0
猪血炖豆腐,133.78,8.49,8.18,6.99,222.0
猪血豆腐,98.25,8.19,5.72,4.35,114.0
猪血炒韭菜,67.38,8.0,2.04,4.64,187.0
猪心枸杞汤,64.73,8.36,2.6,2.08,207.0
猪心炒西芹,111.96,11.04,4.85,6.4,184.0
猪心炒娃娃菜,105.35,9.84,4.67,6.23,187.0
猪心炒青椒,89.34,9.08,4.33,3.43,197.0
猪心炒芦笋,76.89,7.49,3.34,5.25,264.0
猪头肉炒青椒,189.37,9.61,15.85,2.51,207.0
猪头肉炒尖椒,225.34,10.93,18.45,4.44,146.0
猪蹄卤蛋,216.67,17.51,13.64,6.99,180.0
猪蹄花生汤,164.21,13.04,11.57,2.29,285.0
猪蹄炖土豆,221.84,14.1,14.61,8.64,174.0
猪蹄炖山药,196.02,13.77,10.8,11.27,176.0
猪蹄炖花生,372.34,19.78,27.39,13.69,188.0
猪蹄炖海带,169.09,11.76,10.31,7.93,220.0
猪蹄炖豆腐,175.88,12.68,11.1,7.48,257.0
爆炒猪舌,142.41,11.96,9.8,2.03,158.0
猪舌炖土豆,158.75,12.17,9.69,5.84,160.0
猪舌炒青椒,160.34,12.98,11.19,2.03,116.0
猪肉洋葱炒饭,162.63,5.51,9.68,13.54,190.0
猪肉香菇烧麦,240.69,7.85,7.36,36.33,204.0
猪肉丸子汤,143.66,6.0,12.83,1.3,213.0
猪肉香菇炖土豆,179.46,5.03,8.24,22.35,185.0
猪肉酸菜炖粉条,215.52,3.79,9.61,29.53,174.0
猪肉烧麦,345.39,14.45,16.33,36.09,152.0
猪肉韭菜蒸饺,230.89,10.57,9.12,27.63,191.0
猪肉茴香馅馅饼,218.42,8.36,8.61,29.21,266.0
猪肉粉条炖冬瓜,167.14,4.61,9.02,17.43,210.0
猪肉炖土豆,175.16,6.48,11.62,11.34,157.0
猪肉炖花生,321.49,12.22,27.12,8.31,121.0
蒜香猪肉粉条,312.26,8.02,17.08,31.58,106.0
粉条炖肉块,348.89,8.57,20.09,33.57,90.0
猪肉炖豆角,173.91,5.62,9.06,18.79,207.0
猪肉炖豆腐,196.09,8.99,16.35,4.14,128.0
猪肉炒榨菜,241.18,9.93,17.84,11.04,102.0
猪肉炒西芹,209.4,8.58,18.04,3.87,117.0
猪肉炒西葫芦,136.77,5.39,11.77,2.45,155.0
猪肉炒甜椒,136.13,5.52,11.77,2.45,155.0
猪肉炒毛豆,249.59,12.34,16.75,13.41,123.0
猪肉炒黄瓜,191.43,7.57,17.29,1.38,105.0
猪肉炒胡萝卜,172.3,6.66,14.28,4.49,148.0
猪肉炒豆角,144.05,6.31,10.87,5.89,168.0
猪肉白菜馅饼,205.04,8.5,8.64,23.91,258.0
猪肉大白菜包子,263.64,10.39,11.08,31.62,132.0
猪排饭,185.91,7.73,9.64,17.46,220.0
猪脚炖白萝卜,211.11,9.64,18.63,1.59,162.0
猪骨头烩酸菜,152.02,8.56,8.84,10.08,198.0
猪骨汤,134.87,5.45,11.95,1.57,238.0
猪骨高汤面,153.14,7.57,5.43,18.65,303.0
猪肝粥,169.23,8.68,1.93,29.66,195.0
猪肝土豆汤,51.49,5.4,1.21,4.85,202.0
猪肝炒洋葱,77.95,5.96,2.98,7.05,195.0
猪肝炒山药,104.05,7.13,3.45,11.28,173.0
猪肝炒青椒,108.41,10.14,4.14,8.16,214.0
韭菜青蒜炒猪肝,86.15,6.92,3.02,8.43,195.0
猪肝炒饭,136.93,6.18,4.68,17.78,176.0
猪肝炒菜心,121.62,13.67,5.3,4.56,148.0
猪肝炒彩椒,100.0,9.31,3.59,8.29,228.0
猪肚汤,121.58,5.89,1.78,21.13,241.0
猪肚炖山药,183.86,11.13,8.91,16.0,223.0
猪肚炒青椒,68.79,5.15,3.49,4.65,173.0
猪大肠炒酸菜,145.41,4.36,10.83,8.34,207.0
肘子炖土豆,257.42,10.58,21.42,5.74,155.0
鲜蔬重庆小面,274.61,7.84,9.64,40.42,193.0
重庆酸菜鱼,116.5,16.22,3.43,5.09,200.0
重庆水煮鱼,207.89,23.22,11.44,4.13,190.0
重庆辣子肥肠,193.66,5.72,15.8,7.97,142.0
重庆口水鸡,193.37,13.61,10.68,11.19,181.0
重庆豆花鱼,178.12,12.71,9.84,10.25,256.0
重庆地三鲜,68.82,1.94,1.99,11.69,170.0
千层烧饼,309.77,10.95,8.27,49.14,133.0
中式雪花糕,180.59,5.6,5.5,27.49,304.0
秘制酸菜鱼,94.05,10.64,3.21,6.16,185.0
芷江鸭,236.36,13.18,20.11,0.86,143.0
脂渣炖白菜豆腐,123.08,2.33,3.4,21.4,221.0
芝心炸猪排,321.05,15.71,26.29,5.35,133.0
芝心鸡肉丸,183.45,21.59,6.74,9.26,145.0
芝香牛舌饼,277.54,11.24,6.12,45.46,187.0
芝士炸饭团,229.23,10.27,6.43,33.57,260.0
芝士烤红薯,138.42,3.99,6.11,17.52,190.0
芝士焗生蚝,79.23,12.28,2.08,2.74,183.0
芝士焗红虾,162.04,17.87,7.67,5.53,137.0
芝士焗红薯,159.07,5.64,9.33,13.66,215.0
芝士焗大虾,122.34,17.3,3.07,6.3,197.0
芝士鸡肉卷,197.66,19.85,11.51,3.57,171.0
芝士厚蛋烧,135.06,10.36,9.1,3.24,154.0
芝麻小麻花,336.42,13.64,7.54,54.77,151.0
芝麻糖饼,272.59,9.88,4.83,48.55,197.0
芝麻烧饼,189.92,7.84,3.98,31.62,238.0
芝麻球,338.99,13.13,7.18,56.96,159.0
芝麻酱秋葵,66.96,2.46,4.31,6.55,112.0
芝麻酱拌菠菜,74.32,3.32,4.9,5.08,222.0
芝麻鸡肉松,193.43,21.36,9.42,6.75,137.0
芝麻核桃酥,388.69,14.45,13.84,53.44,168.0
芝麻带鱼,227.74,16.12,14.69,8.64,137.0
芝麻脆饼,356.59,14.45,13.48,46.14,205.0
酸菜焖饭,117.55,4.37,0.33,24.63,302.0
支竹香菇焖鸡煲,324.4,16.11,25.53,7.88,168.0
酸菜鱼（酸辣）,122.07,10.68,6.6,5.27,222.0
正宗三杯鸡,340.3,12.96,28.97,7.06,201.0
蒸长豆角,91.24,4.96,0.78,17.41,137.0
营养蒸芋头,78.18,1.38,2.91,11.91,110.0
蒸鱼肉糕,115.7,14.31,6.05,1.12,172.0
蒸洋葱排骨,244.19,11.01,17.73,10.43,172.0
蒸香菇鸡腿,108.98,13.23,4.56,4.26,167.0
蒸香菇鸡翅,134.57,12.51,7.21,5.36,162.0
蒸香菇盒,221.16,10.71,17.16,6.31,189.0
蒸香菇鹌鹑蛋,186.79,10.56,15.0,2.67,159.0
鲜菇蒸鹌鹑蛋,75.31,6.1,4.3,3.99,162.0
蒸土豆山药,65.33,2.13,0.2,14.2,150.0
蒸丝瓜虾仁,110.0,9.59,1.94,14.04,190.0
蒸肉馅豆腐,172.19,8.86,13.3,4.86,169.0
蒸肉丸,239.35,10.45,21.45,1.68,155.0
蒸肉沫鸡蛋,196.18,13.33,15.07,1.85,157.0
蒸青蟹,86.5,13.91,1.49,4.27,163.0
酱香蒸排骨,282.39,15.69,21.72,6.39,176.0
蒸珍珠丸子,296.59,11.91,15.45,27.66,176.0
蒸南瓜鸡蛋,75.0,6.3,3.91,3.96,112.0
蒸南瓜饭,143.87,3.59,1.63,29.34,155.0
蒸南瓜,57.27,0.65,0.09,13.81,110.0
蒸馒头,245.81,11.66,1.67,47.21,155.0
蒸萝卜丝肉丸,201.77,8.79,16.12,5.86,282.0
蒸荔浦芋头,178.97,7.16,12.12,10.76,195.0
蒸鸡腿饭,145.42,5.45,6.62,16.22,295.0
蒸鸡腿,102.6,14.09,4.77,1.12,154.0
蒸红薯山药,58.94,1.38,0.2,13.79,207.0
蒸粉丝娃娃菜,124.88,1.72,0.21,30.06,217.0
蒸豆腐鱼,77.38,10.72,3.31,1.53,168.0
蒸春饼,241.33,10.47,1.67,47.27,150.0
蒸鲳鱼,122.81,12.16,6.01,5.32,171.0
蒸菜,104.0,3.96,4.1,13.9,150.0
蒸菠萝饭,176.92,3.9,0.49,39.63,195.0
蒸胡萝卜丝,95.83,3.3,1.91,17.73,144.0
胗心相伴,129.09,13.49,6.75,3.83,220.0
珍珠圆子,330.56,11.76,17.11,32.56,144.0
珍珠豆腐圆子,211.59,10.4,13.37,12.79,207.0
珍珠豆腐丸子,274.59,11.43,19.62,13.24,181.0
浙式糖醋里脊,194.78,15.93,8.31,14.05,134.0
照烧龙利鱼,116.49,11.24,3.77,9.9,188.0
日式照烧鸡腿,121.94,10.88,6.31,5.57,196.0
照烧鸡翅,226.27,16.96,12.33,11.92,118.0
章鱼小香肠,421.55,19.02,30.15,18.75,148.5
章鱼花生炖鸡,128.52,12.62,5.44,7.59,291.0
章鱼炒彩椒,141.35,14.48,4.1,11.84,133.0
蘸酱秋葵,50.45,2.18,0.23,11.91,111.0
榨菜蒸鱼,112.22,15.73,4.07,3.34,180.0
榨菜蒸排骨,254.23,12.94,17.9,10.58,142.0
榨菜蒸牛肉,196.34,14.15,12.48,7.23,191.0
榨菜肉丝蒸鲈鱼,163.86,12.98,10.2,5.49,202.0
榨菜肉丝,274.65,11.2,24.08,3.46,142.0
爆炒榨菜肉丝,145.16,5.94,11.86,4.68,155.0
榨菜肉末蒸豆腐,149.66,7.85,11.84,3.8,147.0
榨菜青椒肉丝,211.8,9.19,18.7,2.01,178.0
榨菜辣椒炒肉,196.5,8.32,16.7,3.77,200.0
榨菜烤鸡翅,190.83,16.46,9.71,9.5,120.0
榨菜炒猪肝瘦肉,234.9,13.24,19.56,1.72,192.0
榨菜炒鱿鱼,84.43,13.05,3.02,1.51,167.0
榨菜炒杏鲍菇,49.43,1.38,1.82,7.9,176.0
榨菜炒香菇,65.22,2.12,4.05,6.37,138.0
榨菜炒虾仁,183.81,16.27,3.37,22.34,105.0
榨菜炒丝瓜,37.97,1.51,1.84,4.6,187.0
榨菜炒肉丝,134.31,15.45,6.82,2.99,137.0
榨菜炒牛肉,113.79,15.31,4.59,3.08,145.0
榨菜炒木耳,229.29,9.28,3.27,51.44,140.0
榨菜炒毛豆,119.31,9.74,5.59,9.15,145.0
榨菜炒绿豆芽,40.0,1.88,2.21,3.7,145.0
榨菜炒鸡丝,116.06,18.59,3.68,2.34,137.0
榨菜炒鸡蛋,138.4,10.83,9.33,2.96,125.0
榨菜炒饭,125.26,5.83,4.49,15.76,190.0
榨菜炒豆角,68.61,2.26,2.43,10.44,137.0
炸猪排,313.61,14.44,21.18,16.59,147.0
炸猪脑,167.1,10.54,9.08,11.08,155.0
炸油条,243.53,9.79,4.42,42.24,170.0
炸油饼,244.97,9.85,4.46,42.49,169.0
炸小鲫鱼,172.43,14.91,6.85,12.98,185.0
炸香椿鱼儿,133.16,6.03,5.78,14.98,187.0
炸天妇罗虾仁,142.23,16.68,3.97,10.07,206.0
炸五香肉,340.32,12.52,28.31,8.94,124.0
炸酥鱼,188.89,15.59,6.45,19.27,225.0
炸丝瓜虾仁,135.05,9.25,3.95,16.04,194.0
家常炸薯条,217.5,2.17,16.82,14.85,120.0
番茄炸薯条,116.07,2.54,4.64,16.65,112.0
炸茄夹,162.39,8.12,10.64,8.97,226.0
炸茄盒,169.08,7.97,10.92,10.16,207.0
炸烹螃蟹,131.58,12.02,4.24,11.66,209.0
炸烹肥肠,216.57,5.07,14.27,17.17,175.0
炸排骨,233.33,14.48,17.83,3.76,195.0
炸藕圆,105.13,1.8,4.93,15.3,117.0
炸面鱼,393.91,15.72,9.19,63.63,115.0
炸萝卜肉丸,185.64,8.12,12.53,10.41,202.0
炸酱排骨,266.67,15.7,18.69,8.91,180.0
炸酱面,186.7,6.41,6.72,25.66,188.0
炸酱拌饭,171.9,5.66,8.82,17.66,210.0
香酥鸡腿饭,156.71,10.5,4.89,17.8,298.0
炸鸡丝卷,211.6,15.23,3.3,30.65,181.0
炸花生米,570.54,22.15,44.01,23.79,112.0
炸胡萝卜丸子,165.67,7.71,5.05,23.48,201.0
炸胡萝卜肉丸,242.59,9.81,21.74,2.36,162.0
枣香杂面发糕,243.38,8.35,1.32,51.17,272.0
枣馒头,164.9,6.6,1.72,31.65,302.0
核桃红枣豆浆,387.36,13.56,14.94,53.2,87.0
早餐南瓜饼,122.29,3.17,3.33,20.29,175.0
早餐鸡蛋饼,131.84,6.59,4.39,16.91,267.0
糟油青鱼,147.22,19.35,7.57,0.5,108.0
糟溜鱼片,121.39,13.99,3.57,9.9,173.0
仔姜双椒鸡丁,124.24,12.91,6.31,4.37,165.0
仔姜拌鹅脯,287.79,15.6,22.05,6.87,131.0
杂蔬炒山药,98.81,2.98,2.77,17.95,168.0
杂蔬炒腐竹,230.83,11.94,6.89,36.43,133.0
杂粮馒头,241.04,9.11,4.5,42.35,212.0
杂菇煲,50.92,2.13,3.26,4.19,163.0
鸡蛋炒韭黄,91.9,7.47,5.62,3.24,210.0
芋头烧鸡翅,143.32,9.7,7.72,9.18,217.0
孕妇食谱乌鸡汤,80.25,9.87,1.05,8.1,238.0
芸豆面片儿汤,124.17,5.91,2.99,19.2,240.0
芸豆包子,218.72,9.43,6.27,32.71,235.0
特色云南汽锅鸡,149.11,18.62,6.2,5.14,169.0
云南风味茄子,105.3,2.08,4.09,15.75,132.0
云耳煸菜花,52.23,1.5,3.38,5.16,157.0
木瓜燕麦糊,95.52,4.08,1.97,15.84,223.0
圆葱炒鱼丸,104.83,7.23,4.57,10.11,145.0
圆白菜猪肉水饺,221.62,9.98,9.69,24.45,222.0
圆白菜煎鸡蛋,117.75,8.73,8.15,2.79,169.0
圆白菜炒羊肉,88.78,8.0,4.11,5.19,205.0
圆白菜炒香肠,143.31,5.69,11.11,5.55,157.0
圆白菜炒虾,69.7,9.45,2.3,3.3,165.0
圆白菜炒西红柿,76.32,1.32,5.0,7.25,114.0
大头菜炒肉丝,138.61,5.84,11.54,3.1,158.0
圆白菜炒青椒,53.76,1.76,2.87,6.01,186.0
圆白菜炒面,178.85,7.03,4.76,27.28,208.0
圆白菜炒干豆腐,274.44,29.41,14.53,9.08,180.0
圆白菜炒粉条,154.3,1.33,2.53,32.02,186.0
圆白菜炒粉丝,146.71,2.08,2.62,29.13,167.0
原汁原味焖淡菜,76.75,10.2,1.62,5.53,228.0
原汁花蛤,67.09,7.31,2.47,3.99,158.0
原味烤翅根,203.39,16.51,10.1,11.68,177.0
原壳鲍鱼,78.95,7.36,2.37,7.16,228.0
黄焖鸡（家庭版）,122.44,13.93,6.32,2.91,156.0
芫爆腰条,105.97,12.82,5.12,2.21,134.0
肉百合栗子甜汤,127.44,2.13,0.36,29.41,215.0
元宝肉,189.57,8.7,14.68,5.67,278.0
豉汁武昌鱼,117.96,13.87,6.03,2.3,167.0
梨藕荸荠汤,36.67,0.73,0.1,8.86,240.0
芋圆地瓜圆,130.65,2.23,0.23,30.54,186.0
芋头煮鱿鱼,56.25,8.1,0.78,4.55,192.0
芋头煮牛肉,127.32,12.45,4.19,10.12,183.0
芋头煮萝卜菜,46.45,2.1,2.19,5.2,155.0
芋头蒸鸭,151.32,7.93,9.17,9.53,152.0
芋头蒸五花肉,207.03,6.7,15.77,9.82,128.0
芋头蒸排骨,233.51,11.55,15.56,12.29,185.0
芋头蒸鸡腿,140.11,12.26,4.07,13.91,187.0
芋头虾饼,118.68,12.18,0.8,16.0,182.0
芋头汤,46.22,2.27,2.56,3.64,225.0
芋头烧鸭,202.44,11.66,15.93,3.24,205.0
芋头烧五花肉,207.03,6.7,15.77,9.82,128.0
芋头烧排骨,226.67,10.97,18.55,4.16,165.0
芋头烧牛肉,104.24,13.38,3.41,5.18,165.0
芋头烧萝卜,84.35,1.17,4.48,10.46,115.0
芋头烧鸡腿,140.25,13.25,7.77,4.4,159.0
芋头排骨煲,115.87,7.52,8.13,3.19,252.0
芋头焖鸡,139.62,13.31,7.45,4.97,159.0
芋头糕,107.63,2.65,4.02,15.47,249.0
芋头炖排骨,201.09,9.93,15.58,5.62,183.0
芋头煲牛腩,91.62,13.53,1.65,5.82,167.0
芋头炖豆腐,91.76,3.08,4.41,10.66,182.0
芋艿全鸭,70.95,9.33,0.92,6.44,179.0
芋蒙焖鱼,103.5,9.13,3.94,8.04,200.0
芋儿鸡,139.62,15.18,7.12,3.94,212.0
玉子蒸海虾,101.04,11.02,2.26,10.03,192.0
玉子豆腐蒸肉丸,146.52,7.64,9.91,7.2,187.0
玉米蒸鸡蛋,257.78,9.53,3.93,48.3,135.0
玉米蒸饭,131.11,3.53,0.68,28.46,270.0
玉米香菇酱饭,186.55,4.96,0.7,41.13,238.0
玉米鲜鲍炖鸡汤,85.23,8.69,4.07,3.54,298.0
玉米丝瓜炒肉,182.97,7.17,12.04,12.26,182.0
玉米烧猪蹄,236.51,13.97,14.47,13.07,189.0
玉米烧排骨,214.35,10.13,14.15,12.38,209.0
玉米烧鸡翅,163.68,11.41,7.7,12.65,201.0
玉米秋葵炒蛋,98.56,5.78,3.91,11.4,208.0
玉米青椒,80.24,2.41,3.48,10.76,167.0
玉米排骨,91.62,5.67,5.77,4.62,370.0
玉米奶油浓汤,65.36,2.03,2.0,10.14,280.0
玉米馍馍,236.52,7.45,3.46,44.95,230.0
玉米面蒸豆角,145.0,4.18,2.22,28.62,180.0
玉米面贴饼子,171.89,4.6,4.06,30.47,217.0
玉米面煎饼,131.02,5.17,2.57,22.38,361.0
玉米面发糕,376.51,11.11,5.04,73.74,149.0
玉米卤猪蹄,208.3,13.85,12.17,11.69,289.0
玉米火腿饼,134.73,7.36,3.79,18.35,357.0
玉米核桃蒸糕,381.73,10.35,6.01,73.15,197.0
玉米核桃炒鸡肉,236.98,10.89,14.57,17.06,192.0
玉米炖猪蹄,215.0,15.37,11.65,12.65,200.0
玉米炖排骨,183.25,11.19,10.36,12.09,209.0
玉米炖牛腩,129.93,13.2,5.14,8.33,147.0
玉米炖鸡块,240.0,9.4,19.08,8.2,205.0
玉米炖豆腐,113.04,4.68,4.26,15.22,161.0
玉米炒香肠,185.28,7.22,10.13,17.51,163.0
玉米炒牛肉,111.35,8.08,2.97,13.99,185.0
玉米炒鸡腿肉,133.53,11.05,6.84,7.51,167.0
玉米炒鸡肉,246.38,9.36,19.9,8.13,207.0
玉米炒鸡丁,135.03,11.67,6.58,7.92,197.0
玉米炒火腿肠,160.24,7.47,6.28,19.37,166.0
玉米炒黄瓜,90.67,2.64,2.31,15.62,193.0
玉米炒饭,147.0,5.2,6.37,17.56,217.0
榆钱饭,137.14,5.92,6.36,15.74,140.0
鱼子豆腐,134.07,6.7,8.74,7.89,135.0
鱼子炒鸡蛋,158.46,11.56,10.04,5.65,130.0
川味鱼香肉丝,202.63,9.15,9.88,22.53,190.0
风味鱼香肉丝,268.77,12.22,17.07,18.67,253.0
鱼香肉丝,167.2,6.84,10.13,14.83,186.0
家常鱼香茄条,107.19,2.32,4.26,15.37,139.0
鱼香茄条,107.19,2.32,4.26,15.37,139.0
家常鱼香鸡丝,115.74,7.07,2.88,15.85,197.0
鱼香脆皮茄子,115.71,4.21,2.58,19.57,140.0
鱼香白菜帮子,105.78,2.74,2.34,19.13,173.0
鱼丸煮面,182.73,8.42,0.91,35.8,220.0
鱼丸煮豆腐,117.54,7.84,5.89,8.81,171.0
鱼丸汤,78.76,7.49,3.64,4.08,226.0
鱼丸烧竹笋,106.13,11.15,6.32,1.42,163.0
鱼丸烧豆腐泡,165.22,11.12,8.26,11.59,184.0
鱼丸炖白菜,71.63,3.97,2.87,7.81,208.0
鱼丸炒蘑菇,156.33,18.48,2.91,17.93,245.0
鱼丸炒面,142.86,5.21,2.23,26.0,175.0
鱼丸炒鸡蛋,140.74,10.81,8.01,6.31,108.0
鱼丸炒饭,142.65,6.42,5.88,15.97,211.0
鱼丸炒白瓜,72.04,3.25,3.27,7.98,186.0
豆腐烧鱼片,155.35,11.4,8.55,8.45,215.0
豉香鱼片蒸粉丝,195.18,11.11,5.09,26.42,166.0
番茄烧龙利鱼,94.38,13.44,3.94,1.56,160.0
鱼锅豆腐,130.15,11.59,8.15,3.05,199.0
鱼炖土豆,114.66,9.69,4.9,8.05,191.0
鱼炖豆腐,108.89,10.63,5.42,4.83,225.0
鱼豆腐烧油麦菜,86.01,5.4,4.79,5.95,193.0
柚子石榴汁,57.0,1.05,0.2,14.0,200.0
柚子茶,57.96,0.76,0.19,13.51,157.0
柚香腊鸭,272.12,17.35,19.15,7.71,165.0
虾酱香爆鲜鱿鱼,125.44,15.76,5.25,3.69,114.0
红薯姜汤,74.21,1.0,0.52,17.51,190.0
鱿鱼煮芋头,70.47,8.09,0.8,8.2,193.0
鱿鱼蒸豆腐,89.38,10.83,4.41,2.07,226.0
鱿鱼烧萝卜,65.7,8.55,2.89,1.74,207.0
鱿鱼干锅虾,85.38,12.06,3.44,1.77,212.0
鱿鱼炖白菜,63.59,9.22,2.33,1.65,206.0
鱿鱼炒洋葱,86.96,11.57,3.12,3.33,161.0
鱿鱼炒西芹,76.36,10.84,2.84,2.35,165.0
鱿鱼炒西兰花,89.57,11.92,4.23,1.45,163.0
鱿鱼炒酸菜,77.07,11.82,2.99,1.17,157.0
鱿鱼炒肉丝,159.79,13.67,11.01,1.52,189.0
鱿鱼炒青椒,77.56,11.49,3.01,1.31,156.0
鱿鱼炒芹菜,95.77,12.54,4.7,1.01,142.0
鱿鱼炒年糕,112.05,6.08,2.54,16.83,224.0
鱿鱼炒毛豆子,129.44,13.81,4.58,8.83,180.0
蒜香苦瓜鱿鱼,88.06,9.88,3.84,3.72,201.0
鱿鱼炒韭菜,92.25,13.95,3.62,0.89,129.0
鲜鱿炒茭白,74.13,9.39,2.87,3.24,201.0
鱿鱼炒黄瓜,69.04,6.36,3.21,4.02,197.0
鱿鱼炒饭,107.62,5.83,2.85,14.69,210.0
鱿鱼炒菜花,187.57,12.16,3.03,30.01,185.0
鱿鱼茶树菇,166.88,18.24,3.69,17.53,160.0
鱿鱼扒芥蓝叶,85.87,6.8,2.83,9.34,184.0
莜面鱼鱼,278.33,10.45,9.87,38.76,180.0
油条虾炒丝瓜,186.67,9.75,9.07,16.87,360.0
丝瓜炒油条,132.38,2.95,7.23,14.3,210.0
油条拌黄瓜,153.7,2.8,8.02,17.85,162.0
油酥烧饼,259.9,10.56,4.71,45.03,192.0
油酥饼,233.7,9.2,4.71,39.68,181.0
油泼全鸡,171.12,16.73,9.72,4.3,187.0
油泼面,248.54,7.3,3.01,48.61,206.0
油泡大肠,202.16,5.52,15.64,9.8,139.0
油焖香菇,75.94,2.26,4.04,8.89,133.0
油焖笋条,77.78,2.46,4.44,7.79,117.0
油焖虾,140.58,13.93,4.23,11.78,138.0
油焖笋,74.02,2.2,4.05,8.39,127.0
油焖双冬,45.89,2.02,3.28,2.9,207.0
油焖青虾,128.57,15.65,6.92,1.02,168.0
油焖茭白,59.23,1.22,4.03,5.45,130.0
油焖青椒,167.42,5.46,10.43,13.74,178.0
油焖基围虾,128.74,16.67,4.42,5.42,167.0
油焖火焙鱼,108.15,15.37,4.26,2.16,184.0
油焖冬笋,82.12,2.42,2.94,12.46,179.0
家常油焖大虾,109.74,16.19,2.66,5.23,154.0
油焖春笋,79.49,2.29,4.36,9.07,117.0
油焖阿根廷红虾,115.45,17.04,3.01,5.03,220.0
油淋鲈鱼,118.35,17.14,5.43,0.23,218.0
油辣莴笋,91.67,1.77,4.64,10.98,132.0
油黄瓜,64.39,1.41,2.5,9.11,132.0
油豆腐烧排骨,253.9,15.39,18.64,6.08,154.0
油菜木耳炒蛋,117.41,7.65,5.31,12.4,201.0
油菜炖豆腐,76.13,4.68,5.52,2.84,155.0
油菜炒杏鲍菇,56.64,1.29,3.76,5.3,143.0
油菜炒香菇,36.67,1.73,2.39,3.15,150.0
油菜炒虾仁,155.37,12.36,3.33,19.41,177.0
油菜炒木耳,183.62,7.07,11.81,15.11,177.0
油菜炒金针菇,44.34,1.88,2.78,4.01,212.0
油菜炒鸡蛋,112.57,8.1,6.81,5.18,175.0
油菜炒粉丝,158.39,1.54,3.74,30.4,149.0
油菜炒豆腐,75.14,3.88,3.5,9.41,185.0
油爆腰花,132.31,11.22,3.82,16.02,130.0
油爆小虾,100.0,12.24,4.66,2.17,138.0
油爆小龙虾,100.0,11.33,4.06,5.42,178.0
油爆小河虾,111.33,12.67,4.35,5.65,203.0
油爆虾,110.17,15.09,3.19,5.31,177.0
油爆青虾,138.33,15.07,6.19,5.58,120.0
油爆墨鱼,113.17,14.08,3.87,5.37,167.0
油爆里脊片,125.65,12.84,6.34,4.35,191.0
油爆河虾,121.83,14.23,5.56,3.88,142.0
油爆肝尖,130.36,14.22,4.64,8.11,168.0
油爆大虾,118.5,16.53,3.6,4.94,173.0
应山滑肉,271.88,14.14,23.38,1.27,160.0
西红柿蛋炒饭,111.06,4.5,4.49,13.47,217.0
蒜蓉芦笋炒鸭,94.44,8.7,3.34,7.66,198.0
樱桃肉,285.29,11.48,20.71,13.33,170.0
婴儿溶豆,210.2,7.05,5.77,32.54,147.0
银鱼丝瓜蒸豆腐,90.7,7.55,5.69,2.78,172.0
银鱼韭菜炒蛋,122.67,10.55,7.25,4.38,172.0
银鱼鸡蛋饼,101.05,11.07,5.58,1.82,190.0
银鱼胡萝卜炒蛋,114.59,13.0,6.14,1.96,185.0
银鱼炒鸭蛋,132.97,13.56,8.03,1.63,185.0
银鱼炒萝卜丝,81.92,10.1,4.01,1.68,177.0
银鱼炒海带,73.72,7.29,4.17,2.08,156.0
绿豆芽炒鸡胸,106.52,14.57,4.34,2.52,184.0
鲜香银芽炒鸡丝,100.0,12.02,3.86,4.34,258.0
银芽爆鸡丝,106.25,16.41,3.09,3.39,160.0
银耳雪梨绿豆汤,81.4,2.81,0.18,18.73,215.0
银耳雪梨羹,65.65,1.05,0.12,16.23,230.0
银耳雪梨汤,62.13,1.08,0.19,15.27,235.0
银耳木瓜羹,79.51,2.15,0.28,17.69,205.0
银耳莲子桂圆羹,94.74,2.77,0.34,21.09,190.0
香甜银耳莲子羹,66.21,2.54,0.3,13.79,145.0
银耳烩菜心,74.67,4.29,0.86,14.09,150.0
银耳红枣红豆羹,88.48,2.98,0.16,19.87,165.0
银耳红枣羹,54.84,0.65,0.1,13.48,155.0
银耳红枣百合羹,96.0,2.65,0.31,21.39,175.0
银耳炒鸡蛋,109.57,7.36,7.18,4.69,115.0
银耳百合莲子汤,69.03,2.03,0.25,16.63,155.0
红豆薏米花生粥,209.09,9.67,4.93,32.91,110.0
益智黑芝麻糊,243.9,7.02,10.32,31.32,123.0
松茸炖鸡,146.72,14.32,3.64,20.16,122.0
一品肉,313.28,12.26,23.76,12.8,128.0
一品汽锅鸡,119.08,17.05,5.18,1.27,152.0
一品鲳鱼,200.78,13.5,8.95,16.69,129.0
一品鲍鱼,121.81,7.49,7.86,5.47,188.0
秘制脆皮烧鸭,214.39,12.1,15.2,7.37,132.0
野香菇炖鸽子,178.95,13.48,11.11,7.61,133.0
笋杏鲍菇烧海参,69.19,8.59,1.76,5.08,185.0
野山椒牛肉炒饭,68.61,4.22,2.71,6.92,411.0
鲫鱼烧萝卜,80.0,9.55,3.16,3.61,185.0
椰子炖排骨汤,183.54,6.66,11.65,13.93,322.0
鱿鱼煎土豆,123.9,6.94,4.97,13.58,205.0
药膳猪脚汤,158.05,12.84,10.58,2.85,267.0
瑶柱鲜虾小米粥,124.89,8.32,2.32,17.81,225.0
瑶柱节瓜粉丝,107.74,3.73,2.05,19.12,168.0
腰片枸杞粥,134.76,7.67,0.89,24.18,164.0
腰花炒土豆片,82.98,7.96,2.15,8.31,235.0
腰花炒青椒,76.13,10.52,3.15,1.61,155.0
腰花炒木耳,169.23,11.18,5.62,23.71,117.0
红豆薏米汤水,127.88,4.41,0.53,27.45,165.0
养生粥,195.0,7.35,2.52,37.01,120.0
养生山药排骨汤,131.25,6.85,9.4,4.94,272.0
养生菌王汤,15.09,1.26,0.17,2.76,212.0
养生红枣糕,357.25,10.85,3.93,72.07,131.0
洋葱玉米炒番茄,87.0,2.02,3.06,13.93,200.0
洋葱鱿鱼片,79.0,8.93,1.97,6.0,219.0
洋葱鱿鱼,76.19,8.75,2.88,4.31,210.0
孜然洋葱羊肉炒面,218.14,9.55,5.92,31.73,237.0
洋葱土豆丝炒,150.29,5.66,10.45,8.61,175.0
洋葱土豆烤鸡,135.9,11.34,6.08,9.1,195.0
洋葱土豆炒饭,151.12,4.52,6.97,17.73,178.0
洋葱红烧排骨,229.24,10.6,17.26,8.08,171.0
洋葱烧牛肉,120.81,12.16,4.21,9.32,197.0
洋葱烧鸡腿,129.34,12.63,7.38,3.27,167.0
洋葱烧鸡翅,155.15,12.24,8.86,6.78,165.0
洋葱烧番茄,77.01,1.41,1.82,14.05,187.0
洋葱烧豆角,72.65,1.75,4.45,7.28,117.0
洋葱鳝鱼,94.85,12.03,3.51,4.06,194.0
洋葱牛腩干锅,93.87,8.96,3.42,7.45,212.0
洋葱蘑菇烤鸡翅,195.29,19.83,6.72,16.74,297.0
洋葱烤鱼,117.42,12.16,6.06,3.68,155.0
洋葱烤罗非鱼,87.43,10.98,2.67,5.19,175.0
洋葱煎鸡肉片,138.07,15.06,3.81,11.54,176.0
洋葱煎鸡蛋,136.05,9.21,9.3,4.08,147.0
洋葱煎豆腐,90.0,5.73,5.26,5.77,160.0
洋葱鸡蛋炒面,215.95,10.31,6.55,29.25,232.0
洋葱黑蒜烤鸡腿,121.0,12.81,5.89,4.33,200.0
洋葱腐竹炒肉,238.62,12.34,16.94,9.41,145.0
洋葱番茄炒鸡蛋,76.97,4.6,4.29,5.33,178.0
洋葱炖排骨,220.65,11.19,18.32,2.9,155.0
洋葱炖牛肉,103.33,12.26,3.13,6.87,180.0
洋葱炖鸡腿,108.72,11.14,5.33,4.3,195.0
洋葱炒猪肉,205.79,8.54,17.51,3.92,190.0
洋葱炒猪皮,192.11,11.57,13.17,7.03,152.0
洋葱炒猪肝,107.41,10.03,4.88,5.99,162.0
洋葱炒芋头,85.33,1.37,2.93,13.88,184.0
洋葱炒鱿鱼,76.89,8.83,3.21,3.67,212.0
乌贼洋葱头,89.17,11.18,3.76,2.87,157.0
洋葱炒腰花,82.5,10.39,3.06,3.51,160.0
洋葱炒羊肉,108.45,7.3,5.12,8.63,142.0
洋葱炒鸭肉,96.93,9.71,4.06,5.53,163.0
洋葱炒鸭肠,95.61,7.46,5.36,4.6,205.0
洋葱炒鸭,96.93,9.71,4.06,5.53,163.0
洋葱炒杏鲍菇,70.62,1.49,3.05,9.93,177.0
洋葱炒香肠,206.06,8.52,14.28,11.12,165.0
洋葱炒虾,161.25,13.75,2.32,21.58,160.0
洋葱炒西兰花,53.75,2.94,2.32,6.58,160.0
洋葱炒西红柿,52.41,0.99,2.87,6.3,187.0
洋葱炒五花肉,127.6,4.92,9.57,5.89,192.0
洋葱炒土豆丝,70.74,1.77,1.79,12.36,188.0
洋葱炒土豆片,149.53,5.1,9.43,11.61,214.0
洋葱炒土豆,103.59,2.81,3.35,17.87,167.0
洋葱炒瘦肉,149.04,5.58,11.62,5.86,157.0
洋葱炒肉丝,197.2,9.2,14.8,6.84,143.0
洋葱炒肉片,210.64,7.16,14.52,13.24,188.0
洋葱炒肉,143.72,5.49,10.72,6.69,199.0
洋葱炒青椒,42.79,1.11,1.66,6.47,208.0
洋葱炒芹菜,47.5,1.22,1.76,7.38,200.0
洋葱炒牛舌,136.98,9.24,7.24,9.46,192.0
洋葱炒牛肉丝,124.86,12.2,3.25,11.95,185.0
洋葱炒牛肉片,133.18,12.63,3.79,12.52,217.0
葱香炒牛肉,98.86,9.34,2.85,10.9,175.0
洋葱炒木耳,133.53,5.06,2.41,28.45,170.0
洋葱炒面,223.08,6.09,2.37,44.94,156.0
洋葱炒里脊,158.64,5.59,12.51,6.29,162.0
洋葱炒腊肉,279.25,6.58,25.48,6.2,212.0
洋葱炒口蘑,173.95,17.93,4.86,18.5,119.0
洋葱炒鸡丝,123.74,15.32,3.76,7.47,198.0
洋葱炒鸡肉,270.69,10.09,22.72,6.63,174.0
洋葱炒鸡丁,162.62,13.2,6.08,14.02,206.0
洋葱炒鸡蛋,129.11,8.67,8.67,4.37,158.0
洋葱炒鸡翅,131.22,9.8,7.17,7.07,205.0
洋葱炒火腿,117.16,5.12,6.21,10.47,169.0
洋葱炒黄鳝,96.89,11.62,4.04,3.69,161.0
洋葱炒黄瓜,94.27,4.72,5.42,6.88,192.0
洋葱炒胡萝卜,162.5,5.73,12.25,7.84,152.0
洋葱炒番茄,49.07,1.14,2.55,6.05,214.0
洋葱炒豆腐,85.13,4.56,5.37,5.31,195.0
洋葱炒大虾,105.19,13.08,3.56,5.4,154.0
洋葱彩椒炒鸡丝,103.81,10.9,2.44,10.11,210.0
杨桃酿肉,141.21,5.12,9.24,9.68,165.0
杨桃炖蛋,74.33,4.63,3.75,5.75,483.0
杨桃炒鸡胗,87.5,10.12,3.0,5.43,200.0
阳春面,188.76,8.7,2.27,33.72,169.0
羊杂汤,65.83,7.43,1.75,5.52,240.0
羊肉抓饭,138.31,5.87,2.67,24.19,295.0
羊肉馅饼,206.38,9.87,6.68,27.83,188.0
羊肉丸子萝卜汤,55.07,6.73,2.33,2.1,227.0
羊肉酸菜炖粉条,90.75,4.49,3.78,10.11,292.0
羊肉水饺,218.18,12.09,4.57,33.33,231.0
羊肉烧土豆,116.92,8.83,4.31,11.09,195.0
羊肉烧白菜,110.31,10.52,6.07,3.7,194.0
羊肉清汤,73.71,8.34,3.03,4.0,232.0
羊肉炝包菜,74.12,6.46,3.82,3.78,170.0
羊肉片炒洋葱,135.8,12.61,6.85,7.91,176.0
葱香羊肉烤土豆,118.38,10.88,5.22,7.14,185.0
羊肉栲栳栳,200.38,9.26,5.8,29.19,263.0
羊肉炖山药,108.39,10.59,5.45,4.64,155.0
羊肉炖萝卜,53.71,6.73,2.33,1.7,283.0
羊肉炖胡萝卜,71.48,6.53,3.92,2.88,298.0
羊肉炖豆角,100.0,12.48,4.16,3.53,193.0
羊肉焖冬瓜,65.38,11.45,1.85,1.05,182.0
羊肉萝卜煲,92.59,11.73,4.1,2.4,162.0
羊肉炒杏鲍菇,130.4,13.91,6.98,3.11,136.5
羊肉炒土豆,96.46,6.02,4.32,8.88,198.0
羊肉炒面,194.0,7.52,4.36,31.82,200.0
羊肉炒口蘑,220.69,22.36,7.05,21.63,203.0
羊肉炒韭菜,82.93,9.95,3.61,3.37,205.0
羊肉炒胡萝卜,130.26,12.59,7.62,3.18,152.0
羊肉炒饭,106.11,5.71,3.44,15.27,180.0
羊肉炒菜花,72.96,5.73,3.33,5.71,196.0
羊排炖萝卜,102.63,9.21,4.98,5.68,228.0
扬州民间小菜,133.76,6.53,11.68,1.08,157.0
扬州蛋炒饭,119.01,7.56,4.83,11.55,242.0
扬州炒饭,100.37,6.35,3.95,10.3,267.0
燕麦南瓜粥,143.12,4.51,1.46,28.68,160.0
双茄烧,57.71,1.18,3.21,6.79,201.0
盐水鸭肫,85.0,16.09,1.15,2.8,140.0
盐水鸭,203.8,13.11,16.27,1.36,158.0
盐水对虾,101.41,17.71,1.09,5.96,213.0
盐水牛肉,198.46,27.65,6.59,7.17,130.0
盐水鸡,163.58,19.47,8.66,1.99,162.0
盐水花生,357.2,12.8,28.19,15.19,257.0
盐水大虾,98.5,14.83,1.2,7.6,133.0
盐水蛏子,45.74,7.79,0.29,3.06,129.0
盐烤虾,94.93,16.62,0.92,4.96,138.0
盐焗虾,99.21,17.86,0.46,5.87,127.0
盐局鸡,166.39,17.88,9.85,1.73,119.0
盐煎尖椒五花肉,223.57,10.18,19.31,2.83,157.0
盐菜蒸腊肉,143.42,4.47,13.2,2.18,152.0
盐爆肉丝,258.82,12.88,20.48,5.97,187.0
猪肉烧土豆,214.47,7.64,15.35,11.9,152.0
腌渍花生,299.0,10.8,23.88,11.84,402.0
腌梭子蟹,80.21,12.77,2.49,1.93,192.0
腌嫩姜,283.9,8.03,4.84,59.58,118.0
芽心爆腰片,77.99,7.41,2.37,6.9,259.0
芽姜炒牛肉,112.72,10.81,3.01,10.75,228.0
牙签肉,189.93,19.22,6.69,13.69,139.0
鸭血烧豆腐,168.0,9.72,9.53,11.29,200.0
鸭血粉丝汤,102.96,7.22,3.06,11.68,270.0
鸭血炖豆腐,113.89,7.67,4.76,10.69,180.0
鸭血炒韭菜,70.06,5.99,2.32,7.24,157.0
鸭血炒茭白,82.23,7.54,1.86,9.24,197.0
鸭血炒豆腐,118.82,8.01,5.01,10.96,170.0
鸭肉烧木耳,148.15,8.67,3.23,23.2,108.0
鸭肉烧萝卜,141.82,7.68,10.38,4.93,220.0
鸭肉炒洋葱,85.71,9.81,2.86,5.28,161.0
鸭肉炒山药,84.46,8.89,2.42,6.95,193.0
鸭肉炒口蘑,153.53,20.42,3.65,12.17,170.0
鸭肉炒茭白,82.04,9.44,2.76,5.11,167.0
鸭肝炒辣椒,148.28,10.51,11.0,1.89,87.0
熏蒸青鱼,161.81,17.53,7.26,6.74,144.0
熏肉炒饭,137.0,7.09,5.11,16.12,227.0
熏青鱼,154.23,17.26,6.65,6.54,142.0
血糯米羊肉汤,134.3,7.33,2.27,21.58,242.0
鳕鱼南瓜泥,61.71,11.99,0.42,2.63,175.0
鳕鱼炖秋葵,135.03,18.96,3.06,10.14,197.0
雪里蕻炖豆腐,51.47,4.51,2.79,2.91,204.0
雪里红烧鱼,108.94,10.16,5.87,4.08,179.0
雪里红炖豆腐,107.62,6.02,8.39,2.71,210.0
雪里红炒猪血,66.52,8.73,1.7,4.23,227.0
雪里红炒鱿鱼,82.91,11.58,3.04,2.51,158.0
雪梨黄瓜汁,29.01,0.37,0.08,7.16,355.0
雪梨百合粥,107.89,1.59,0.16,25.83,190.0
雪花豆腐,137.72,8.81,8.92,6.49,167.0
雪湖玉藕,72.02,1.39,0.2,17.34,168.0
雪菜烧黄鱼,92.75,11.83,4.29,1.85,193.0
雪菜毛豆炒肉丝,161.74,9.12,11.91,5.54,149.0
雪菜毛豆炒百叶,209.16,15.5,12.73,9.08,131.0
雪菜豆皮,241.55,25.78,13.26,6.84,207.0
雪菜大汤黄鱼,52.26,7.3,2.13,1.04,266.0
杏鲍菇蒸肉丸,152.16,8.24,10.13,7.46,232.0
杏鲍菇烧鱼,133.01,13.17,4.75,10.21,206.0
杏鲍菇烧肉片,148.12,5.96,11.55,5.73,160.0
杏鲍菇烧排骨,236.19,12.63,19.69,2.39,210.0
杏鲍菇烧鸡翅,136.18,7.39,7.16,11.16,152.0
杏鲍菇烧火腿,76.44,5.14,2.54,8.75,191.0
杏鲍菇烧豆腐,91.28,6.26,5.59,4.82,195.0
杏鲍菇焖豆腐,90.73,6.27,5.58,4.75,205.0
杏鲍菇煎火腿,76.44,5.14,2.54,8.75,191.0
杏鲍菇炖排骨,236.19,12.63,19.69,2.39,210.0
杏鲍菇炖鸡翅,152.48,10.26,8.23,9.76,202.0
杏鲍菇炒玉米,83.96,2.34,3.15,12.8,187.0
杏鲍菇炒鱿鱼,81.25,11.43,2.91,2.59,160.0
炝炒杏鲍菇油菜,37.5,1.37,2.22,3.84,160.0
杏鲍菇炒洋葱,53.75,1.24,2.03,8.22,160.0
杏鲍菇炒羊心,101.75,8.69,5.61,4.42,171.0
杏鲍菇炒鸭肫,126.09,7.75,5.48,12.16,161.0
杏鲍菇炒香肠,248.21,9.04,19.01,10.78,224.0
杏鲍菇炒苋菜,64.15,2.3,3.47,6.73,159.0
杏鲍菇炒虾仁,128.57,9.6,2.98,16.46,189.0
杏鲍菇炒西兰花,68.29,2.95,3.55,7.53,164.0
杏鲍菇炒云南小瓜,43.31,1.06,2.11,5.48,157.0
杏鲍菇炒五花肉,156.52,5.7,12.57,5.76,161.0
杏鲍菇炒土豆片,77.39,1.77,2.98,11.63,115.0
杏鲍菇炒丝瓜虾皮,59.33,4.01,2.75,5.3,209.0
杏鲍菇炒肉丝,152.36,5.37,11.0,8.6,212.0
杏鲍菇彩椒炒肉片,134.62,5.36,8.77,9.25,208.0
杏鲍菇炒青椒,40.71,1.16,2.31,4.49,140.0
杏鲍菇炒牛肉,100.45,10.3,3.0,8.31,222.0
杏鲍菇炒木耳,189.82,5.36,13.83,13.44,167.0
杏鲍菇炒芦笋,42.13,2.39,1.79,5.39,178.0
杏鲍菇炒里脊,130.6,5.42,9.95,5.49,183.0
杏鲍菇炒辣椒,61.0,1.38,2.87,8.61,200.0
杏鲍菇炒腊肉,227.15,5.29,19.15,9.14,221.0
杏鲍菇炒腊肠,284.21,10.04,22.49,10.97,190.0
杏鲍菇炒韭菜,46.38,1.79,2.17,6.18,207.0
杏鲍菇炒茭白,52.33,1.33,2.75,6.49,193.0
杏鲍菇炒鸡肉,108.33,13.35,3.65,5.97,192.0
杏鲍菇炒鸡丁,92.02,8.24,3.63,7.39,213.0
杏鲍菇炒鸡蛋,103.29,6.87,6.44,5.02,213.0
杏鲍菇炒胡萝卜,47.72,1.27,2.19,6.87,197.0
杏鲍菇炒海参,145.31,9.08,9.6,6.31,192.0
杏鲍菇炒葱花蛋,90.91,4.97,4.76,7.68,165.0
杏鲍菇炒菜花,41.67,1.51,2.08,5.35,156.0
竹笋烧腊肉,207.51,6.15,18.59,4.76,213.0
红豆沙,352.94,16.97,3.84,65.82,119.0
豆腐炖鱼,102.73,11.2,5.65,2.27,220.0
新疆酥油饼,247.91,10.88,3.98,43.29,263.0
家常大盘鸡,141.38,11.38,5.91,10.9,203.0
新疆炒羊腿,151.27,16.38,4.79,11.19,197.0
烤鸡腿,174.4,18.94,9.97,3.43,168.0
新奥尔良烤翅,201.8,17.42,10.52,9.24,111.0
鸡肉串,201.8,17.42,10.52,9.24,111.0
蟹肉炒饭,134.12,6.71,5.11,15.59,211.0
蟹煲鸡,140.87,18.17,6.88,1.54,208.0
木耳鸡蛋炒饭,123.33,5.37,5.05,14.47,210.0
小油菜炒大虾,65.22,9.63,2.08,2.32,207.0
小虾炒萝卜丝,64.65,9.05,1.83,3.43,215.0
小土豆焖香菇,104.28,2.5,5.2,12.85,187.0
小酥肉,269.77,13.45,22.83,2.76,172.0
盐水煮毛豆,161.21,11.4,8.12,12.6,116.0
小烧肉,248.81,9.99,22.2,2.56,168.0
小青菜炒蘑菇,32.11,1.95,1.89,2.78,190.0
南瓜炖鲫鱼,47.59,5.0,1.82,2.97,290.0
小米南瓜枸杞粥,104.83,3.12,2.12,18.77,145.0
小米南瓜蒸肉,146.85,4.91,5.03,21.15,222.0
小米南瓜糊,94.0,2.35,0.51,20.36,200.0
小米南瓜红枣粥,171.35,4.48,1.67,35.7,185.0
小米南瓜羹,54.4,1.42,0.42,11.56,250.0
小米辣酱蒸排骨,269.47,11.15,15.73,21.11,190.0
小米红枣粥,181.82,3.85,1.22,39.64,110.0
小米红枣糊,132.73,2.59,0.81,29.35,165.0
小米糕,305.79,9.31,7.43,51.01,190.0
香甜小米发糕,233.96,7.58,3.19,44.76,268.0
小笼包,312.07,9.8,9.34,47.94,174.0
小煎肉,231.25,10.03,18.95,5.53,144.0
小鸡炖榛蘑,156.93,11.09,5.64,16.0,202.0
小鸡炖香菇,204.81,9.68,17.12,3.49,208.0
菌菇烧鸡块,171.36,10.88,7.47,15.68,206.0
小黄鱼烧蘑菇,92.61,10.1,3.75,5.03,203.0
小黄鱼炖豆腐,109.18,11.74,6.18,2.03,207.0
小瓜炒肉,136.54,5.26,11.7,2.56,156.0
小炖肉,328.1,13.17,28.52,4.75,121.0
小葱煎豆腐,100.0,5.79,7.27,3.74,180.0
小葱粉条炒鸡蛋,176.05,8.22,8.23,17.44,167.0
小葱炒肉丝,231.63,9.99,19.92,3.44,98.0
小葱炒绿豆芽,41.8,1.76,2.64,3.27,122.0
小葱炒鸡肉,334.65,13.57,30.35,1.99,127.0
小葱炒鸡蛋,145.38,10.36,9.29,5.42,130.0
小葱炒豆腐,98.38,5.66,7.15,3.72,185.0
小葱拌豆腐,96.72,5.72,7.12,3.33,183.0
小炒玉米山药丁,104.74,2.93,3.41,16.76,190.0
小炒西葫芦丝,62.68,1.18,3.71,6.73,142.0
小炒三蔬,51.98,1.1,2.66,6.6,202.0
小炒肉,324.79,13.79,29.44,1.21,117.0
小炒牛肉,102.44,10.86,3.77,6.6,205.0
小炒木耳芹菜,243.44,9.49,16.86,17.31,122.0
小炒辣椒蘑菇,62.31,1.9,2.6,9.18,130.0
小炒火腿,96.67,11.23,4.33,3.58,150.0
小炒黄牛肉,113.85,17.51,3.35,3.55,195.0
小炒黑山羊,146.56,16.11,6.95,4.97,189.0
小炒河虾,91.58,13.48,3.6,1.52,190.0
小炒肝尖,136.13,13.37,5.27,9.09,155.0
小炒土豆片,160.65,6.03,9.89,12.45,155.0
小炒豆干,165.52,10.8,9.97,8.89,145.0
青椒炒豆干,154.49,9.57,8.94,9.78,167.0
香菇牛肉粥,149.03,5.65,2.6,26.26,155.0
小白菜豆腐汤,83.94,3.69,6.96,2.1,249.0
潇湘猪手,249.2,18.4,16.72,6.55,187.0
豉香扣肉,328.89,14.79,25.1,11.48,135.0
湘腊肉炒豆干,277.14,11.44,21.84,9.2,210.0
香炸肉排,291.46,13.06,20.62,13.52,199.0
香炸莲藕丸子,156.85,7.24,10.63,8.67,197.0
香炸带鱼,193.67,16.42,7.36,15.82,158.0
香炸醋肉,331.54,12.15,25.46,13.62,130.0
香芋烧鸭腿,171.35,9.57,12.71,4.88,185.0
芋儿扣肉,253.11,9.1,18.76,12.14,177.0
芋头南乳扣肉,166.67,6.04,11.11,10.91,174.0
香甜玉米饼,192.24,7.64,3.73,32.89,335.0
窝窝头,256.67,6.41,1.9,54.03,150.0
香酥孜然鸭翅,176.36,15.82,10.88,5.73,165.0
香酥鱼片,134.46,14.59,7.32,2.74,177.0
香酥羊肉,184.36,15.4,8.97,10.61,179.0
香酥鸭腿,227.69,12.82,17.81,4.1,195.0
香酥鸭,257.14,14.09,22.06,0.63,112.0
香酥虾,126.06,14.71,4.11,7.46,142.0
香酥烤羊排,174.07,16.72,7.51,10.58,189.0
香酥鸡腿,169.8,16.73,9.58,3.72,149.0
香酥鸡翅,207.91,15.45,10.63,12.55,215.0
香酥鸡,171.13,17.52,9.19,4.64,142.0
香酥花生豆,537.43,20.17,37.82,31.26,187.0
香酥花生,538.5,21.6,38.15,29.6,187.0
香酥葱油饼,225.44,8.43,4.88,37.93,283.0
板栗炒白菜,131.97,2.57,4.46,20.9,122.0
香芹小炒牛肉末,84.14,9.7,3.92,2.7,145.0
香芹炒肉片,194.9,8.37,17.34,1.81,157.0
香芹炒肉,140.12,5.08,12.51,2.23,162.0
香糯莲藕,190.02,4.2,4.07,35.17,200.5
香浓南瓜玉米羹,52.9,3.04,1.18,7.8,310.0
香浓大骨汤烧饭,196.57,11.17,11.09,14.92,175.0
香柠烤鸡翅,189.53,17.05,10.17,7.4,172.0
香麻蒿菜,172.58,7.55,13.69,6.19,186.0
香麻豆腐,131.98,6.92,10.02,4.53,172.0
香卤猪耳,185.53,18.1,11.72,1.95,159.0
香卤鸭掌,148.98,22.75,3.64,6.27,147.0
香卤毛豆,110.0,9.22,5.06,8.53,180.0
香卤鸡爪,268.84,21.12,17.89,5.83,138.0
香卤腐竹,377.14,26.77,21.17,20.26,35.0
香辣猪脚,271.69,20.96,19.64,2.7,166.0
香辣镇江肉排,242.66,14.09,17.06,9.71,143.0
香辣炸鸡翅,227.12,16.88,12.36,12.15,177.0
香辣羊排,172.25,17.32,10.12,3.05,173.0
香辣鸭舌,216.67,14.18,16.82,2.3,186.0
香辣鸭翅,177.69,13.84,9.19,9.92,121.0
香辣蟹,112.57,15.22,4.54,2.62,175.0
香辣小龙虾,111.05,15.24,2.7,6.53,190.0
香辣乡村小炒鸡,168.05,14.53,7.34,13.83,169.0
香辣虾,107.74,13.34,4.07,4.74,168.0
香辣土豆丁,113.1,2.49,3.16,19.14,168.0
香辣水煮鱼,104.76,10.67,6.32,1.58,168.0
香辣手撕包菜,41.44,1.61,1.87,5.2,181.0
爆炒甘蓝,127.39,5.01,9.73,5.32,157.0
香辣砂锅鱼,121.57,11.67,7.16,2.67,204.0
香辣砂锅豆腐,165.19,4.62,5.3,25.46,181.0
香辣肉丝,291.27,12.32,26.36,1.46,126.0
辣肉丝,307.63,13.09,28.08,0.78,118.0
香辣平蘑,79.34,2.34,6.06,4.98,121.0
香辣藕丁,73.33,1.79,2.22,12.82,165.0
香辣牛肉炖番茄,87.78,12.47,3.22,2.51,180.0
香辣牛肉,157.97,16.02,7.11,7.63,138.0
香辣口水鸡,168.51,17.55,9.43,3.58,181.0
香辣烤鱼,94.76,10.96,3.63,5.01,191.0
香辣酱鸭,101.45,13.22,3.51,4.27,138.0
香辣鸡肉,132.93,22.78,3.68,2.33,164.0
香辣鸡,169.94,17.74,10.45,1.41,173.0
香辣回锅肉,268.92,11.14,22.7,5.39,148.0
香辣花甲,65.37,5.71,1.9,6.52,231.0
香辣豆腐,89.76,5.66,5.91,4.37,166.0
香辣辣子鸡,157.24,17.2,9.07,1.81,145.0
香辣带鱼,142.42,16.73,6.85,3.48,165.0
香辣脆笋,135.26,5.55,10.72,4.88,190.0
香辣炒大肠,174.47,6.03,15.6,3.23,141.0
香烤肋排,278.71,16.05,22.09,8.37,202.0
香烤韭菜,32.1,3.53,1.17,5.95,162.0
香烤鸡翅,215.57,17.64,13.53,5.76,167.0
香烤鲳鱼,161.7,15.35,6.04,12.21,141.0
香烤比目鱼,124.62,19.38,5.27,0.0,130.0
香蕉牛奶鸡蛋羹,77.71,4.29,1.94,11.13,350.0
香蕉南瓜粥,111.2,2.28,0.28,25.3,250.0
香蕉奶昔,72.57,2.74,2.7,9.59,350.0
香蕉鸡蛋饼,171.35,6.84,5.54,24.04,185.0
香蕉鸡蛋薄饼,187.44,7.36,2.67,34.18,215.0
香蕉薄饼,169.6,7.02,3.64,27.73,273.0
香煎银鳕鱼,126.19,18.23,3.45,5.57,168.0
香煎土豆虾仁饼,185.19,10.94,4.57,25.67,189.0
香煎土豆丝饼,175.36,9.66,5.91,21.71,207.0
香煎大马哈鱼,118.18,11.55,6.64,3.48,165.0
香煎肉沫土豆饼,221.1,10.49,9.53,24.2,218.0
香煎藕饼,170.72,4.72,7.59,21.8,181.0
香煎柠檬鸭,214.57,11.46,13.72,11.44,199.0
香煎馒头片,215.87,8.2,5.26,34.47,208.0
香煎龙利鱼,135.92,17.33,4.81,5.82,206.0
香煎韭菜饼,127.24,6.74,3.92,16.92,279.0
香煎鸡蛋豆腐,70.5,4.92,4.29,4.1,200.0
香煎红薯,100.95,0.67,4.95,14.57,105.0
香煎红烧排骨,278.05,14.07,23.09,3.35,123.0
香煎红杉鱼,102.41,13.94,4.6,1.47,166.0
香煎刀鲚鱼,129.11,12.53,8.36,0.78,158.0
柠香煎带鱼,108.65,12.96,5.72,1.49,208.0
香滑牛肉片,139.86,15.35,4.69,9.43,143.0
香菇猪肉烧麦,259.53,10.69,8.42,36.54,215.0
香菇蒸山药,88.11,3.16,5.06,8.34,185.0
香菇蒸肉丸,146.15,5.09,7.86,14.29,117.0
香菇蒸肉沫,162.39,8.16,13.31,3.4,117.0
香菇蒸肉饼,198.95,6.37,12.8,14.92,191.0
香菇蒸排骨,222.29,12.69,17.42,4.23,175.0
香菇蒸鸡腿,132.52,13.17,5.82,7.4,206.0
香菇蒸鸡翅,150.0,11.95,8.4,7.09,176.0
香菇蒸滑鸡,96.45,5.88,5.88,5.99,141.0
香菇蒸蛋,151.06,9.76,10.4,4.92,141.0
香菇蒸鹌鹑蛋,82.45,6.74,4.89,3.66,188.0
香菇榨菜炒肉片,122.92,5.68,9.64,4.33,192.0
香菇油菜烧豆腐,73.66,3.64,3.75,7.31,205.0
香菇油菜炖粉条,101.72,1.6,3.25,17.6,174.0
香菇薏米滑鸡粥,204.94,6.66,7.21,28.9,162.0
香菇小油菜,40.28,1.6,2.83,3.12,211.0
香菇鲜虾炖黄瓜,69.71,8.8,2.81,2.67,208.0
香菇瘦肉粥,159.74,4.82,4.25,26.13,154.0
香菇瘦肉香米粥,146.15,5.63,5.32,20.95,182.0
香菇手撕包菜,36.97,1.62,1.64,4.72,211.0
香菇烧油菜,42.78,1.48,2.08,5.53,180.0
香菇烧小黄鱼,81.95,9.46,2.8,5.12,205.0
香菇烧五花肉,158.19,6.51,12.15,6.5,177.0
香菇烧土豆,145.71,5.42,9.71,9.71,210.0
香菇烧丝瓜,44.39,1.44,2.89,4.14,187.0
香菇烧肉,259.63,11.68,22.15,3.89,109.0
香菇烧青椒,50.96,1.61,3.7,3.86,157.0
香菇烧排骨,203.3,10.35,16.96,2.88,182.0
香菇烧牛腩,138.85,13.44,8.82,1.97,157.0
香菇烧鸡块,124.4,13.07,7.06,2.69,168.0
香菇烧鸡翅,171.26,12.28,9.98,8.53,167.0
香菇烩豆腐,73.06,4.02,4.94,4.37,193.0
香菇烧冬瓜,45.4,1.1,3.29,3.8,163.0
香菇烧翅中,171.26,12.28,9.98,8.53,167.0
香菇烧菜心,58.05,1.97,3.21,6.49,174.0
香菇烧菜花,43.09,1.95,2.39,4.79,188.0
香菇烧鹌鹑蛋,106.7,6.97,7.31,4.08,194.0
香菇肉片蒸饭,101.25,3.63,3.96,13.12,240.0
香菇肉片,129.17,5.18,9.8,5.92,192.0
香菇肉沫炒芦笋,146.9,6.71,12.57,2.57,145.0
香菇青椒炒肉片,136.25,5.89,11.44,3.13,160.0
香菇青菜面,178.46,6.41,3.5,30.92,195.0
香菇青菜,44.29,2.29,2.67,4.0,210.0
香菇酿肉,207.45,9.16,10.85,18.68,188.0
香菇马蹄老鸭汤,87.02,5.16,6.08,3.24,262.0
香菇卤肉包子蒸,262.81,11.07,10.18,32.94,199.0
香菇辣烧鸡腿,126.74,12.98,7.39,2.57,172.0
香菇烤排骨,219.78,10.45,16.82,7.2,182.0
香菇韭菜炒,43.15,2.22,2.4,4.6,146.0
香菇酱油炒饭,137.91,4.25,6.1,16.85,182.0
香菇煎鸡腿,123.21,12.81,7.36,1.86,168.0
香菇鸡汤煲,75.21,7.31,2.31,6.79,242.0
鲜菇鸡肉粥,126.06,7.73,0.7,22.61,142.0
香菇鸡,122.29,14.55,6.39,2.1,175.0
香菇滑鸡粥,120.33,7.7,2.25,17.66,182.0
香菇番茄炖豆腐,65.54,2.98,4.5,4.27,177.0
香菇炖猪蹄,264.52,18.21,19.84,3.81,155.0
香菇炖土豆,106.14,2.88,4.61,14.32,114.0
香菇炖排骨,221.48,14.04,17.4,2.41,135.0
香菇炖鸡腿,135.33,14.05,6.87,4.7,150.0
香菇炖鸡块,101.54,11.32,5.11,3.17,195.0
香菇炖鸡蛋,81.93,6.06,5.09,4.0,166.0
香菇炖鸡,127.84,14.38,6.93,2.28,176.0
香菇炖胡萝卜,110.69,6.11,6.56,7.59,159.0
香菇炖豆腐,78.54,4.26,5.2,4.68,205.0
香菇炖带鱼,114.56,12.27,5.64,4.0,206.0
香菇炖鹌鹑蛋,100.0,5.92,7.16,3.87,167.0
香菇豆角卤面肉,195.02,6.33,3.39,35.67,201.0
香菇豆腐炖鱼块,121.29,10.94,7.96,2.03,202.0
香菇冬瓜炖排骨,170.67,8.48,14.65,1.73,208.0
香菇炒猪肉,141.28,5.92,11.85,3.66,172.0
香菇炒猪肝,100.6,7.11,4.55,8.74,168.0
香菇炒油菜,55.45,1.63,2.63,7.47,220.0
香菇炒虾仁,112.5,9.15,2.79,13.52,208.0
香菇炒西芹,61.34,1.54,4.45,5.18,119.0
香菇炒西兰花,52.38,2.87,3.44,4.06,168.0
香菇炒西葫芦,42.92,1.53,2.6,4.25,212.0
香菇炒五花肉,131.19,5.44,10.27,5.14,202.0
香菇炒莴苣,41.35,1.54,2.6,3.85,208.0
香菇炒肉丝,142.7,5.8,11.47,4.97,178.0
香菇炒肉片,146.01,6.13,12.49,3.19,163.0
香菇炒秋葵,73.71,5.0,4.34,4.87,175.0
香菇炒青椒,46.12,1.77,2.56,5.16,219.0
香菇炒芹菜,42.64,1.27,2.78,4.17,197.0
香菇炒木耳,135.47,5.66,3.61,26.2,172.0
香菇炒毛豆,119.78,9.4,6.13,8.63,182.0
香菇炒芦笋,58.24,2.68,2.91,6.55,182.0
香菇炒鸡胸,96.79,13.95,3.8,2.28,187.0
香菇炒鸡肉,262.21,10.62,23.6,2.34,172.0
香菇炒鸡块,112.5,10.62,5.73,5.12,208.0
蘑菇煎鸡蛋,111.38,8.76,7.09,3.69,167.0
香菇炒火腿,105.0,5.13,5.88,8.83,180.0
香菇扒黄瓜,42.03,1.45,2.66,3.91,207.0
香菇炒腐竹,108.64,7.22,5.99,7.78,162.0
香菇炒粉丝,161.05,1.72,3.16,32.52,172.0
香菇炒番茄,54.64,1.79,2.8,6.67,194.0
香菇炒菜心,51.77,1.67,2.48,6.76,141.0
香菇炒白菜,50.0,1.96,3.57,3.62,162.0
香菇菜心,44.29,1.45,2.73,4.58,210.0
香菇鲍鱼烧鸡块,107.62,13.59,4.72,3.05,210.0
香菇白菜炒肉,106.19,4.92,8.81,2.62,210.0
香干青椒,160.0,9.88,10.38,7.51,160.0
香干回锅肉,222.94,11.46,17.09,6.35,170.0
香脆葱油饼,223.32,9.53,3.97,38.42,193.0
香葱猪肉烧饼,253.62,10.63,10.21,30.88,207.0
香葱猪肉包,301.12,11.61,12.59,36.37,179.0
香葱土豆,95.0,2.36,3.35,14.46,160.0
香葱木耳炒鸡蛋,188.54,9.94,7.1,27.1,157.0
香葱饼,216.85,8.71,3.23,39.23,273.0
香椿蒸鱼,118.4,11.48,5.13,7.45,163.0
香椿蒸豆腐,80.0,4.47,4.77,5.74,180.0
香椿烧豆腐,92.82,4.27,5.27,8.15,181.0
香椿煎鸡蛋,128.14,8.46,8.29,5.35,167.0
香椿鸡蛋煎豆腐,177.17,7.94,4.99,26.17,184.0
香椿鸡蛋炒豆腐,140.25,9.83,9.64,3.93,159.0
香椿炒虾仁,167.92,13.34,4.76,18.23,212.0
香椿炒鸡肉,119.75,16.21,4.52,3.85,157.0
香椿炒鸡蛋,117.39,7.57,7.27,5.99,115.0
香椿炒火腿,80.62,5.95,3.2,7.62,160.0
香椿炒饭,138.25,6.43,5.82,15.39,217.0
香椿炒豆腐,110.22,7.34,7.38,4.23,186.0
香橙咕噜肉,246.02,9.0,20.02,7.78,176.0
香炒金针菇,51.87,1.91,2.99,5.49,187.0
香肠蒸山药,243.71,9.8,17.74,11.45,167.0
香肠蒸毛豆,264.42,15.58,18.63,9.88,163.0
香肠蒸鸡蛋,270.55,15.55,20.83,5.31,163.0
香肠蒸饭,114.72,4.74,4.89,13.34,360.0
香肠蒸豆腐,236.17,11.36,18.5,6.52,188.0
香肠土豆焖饭,179.94,5.8,6.86,24.26,319.0
香肠土豆香米饭,139.82,4.06,4.72,20.47,437.0
香肠烧土豆,278.68,11.6,19.47,14.99,197.0
香肠烧蘑菇,205.73,9.39,16.21,6.18,157.0
香肠烧萝卜,195.73,8.14,15.59,6.19,164.0
香肠烧菜花,210.44,9.14,16.34,7.61,182.0
香肠木耳蛋炒饭,167.11,7.73,9.93,11.99,228.0
火腿鸡蛋炒饭,196.05,9.09,11.77,13.61,228.0
香肠炒竹笋,215.43,9.93,16.94,6.34,175.0
香肠炒玉米,222.51,8.59,13.62,17.39,191.0
香肠烩油菜,114.2,5.13,6.6,9.1,162.0
香肠炒西芹,197.37,8.41,15.55,6.85,190.0
香肠炒莴苣,200.63,8.71,16.01,5.62,159.0
香肠炒土豆,235.67,9.2,16.29,13.38,157.0
香肠炒秋葵,193.33,8.67,14.28,8.82,165.0
香肠炒青椒丝,195.15,8.08,14.28,9.01,165.0
香肠炒芹菜,179.66,7.15,14.45,5.83,177.0
香肠炒年糕,291.98,9.77,16.08,27.25,162.0
香肠炒面,241.09,8.22,4.57,43.65,202.0
香肠蔬菜炒面,267.51,9.27,7.55,40.99,197.0
香肠炒鸡蛋,281.95,15.95,21.57,6.11,205.0
香肠炒黄瓜,311.56,13.84,24.31,9.4,147.0
香肠炒豆腐,224.44,11.21,17.64,5.74,180.0
香肠炒菜心,252.08,10.74,19.97,7.98,192.0
香肠炒白菜,147.95,6.21,10.92,7.03,146.0
香菜烧素鸡,179.02,12.48,10.92,8.07,143.0
香菜烤鲫鱼,115.62,13.19,4.22,6.31,160.0
香菜煎鸡蛋,141.43,9.93,9.87,3.51,140.0
香菜炒肉丝,248.48,9.79,20.18,7.08,165.0
芫荽炒牛肉,105.52,15.16,3.9,2.92,145.0
香菜炒牛肚,96.21,11.47,5.06,1.33,132.0
香菜炒腊肉,439.56,10.05,43.02,3.07,182.0
香菜炒鸡块,350.0,14.27,32.04,1.27,120.0
香菜炒鸡蛋,134.62,10.38,9.0,3.25,130.0
香菜炒豆腐皮,370.77,40.15,20.07,10.57,130.0
香菜拌毛蛤,55.5,7.01,1.59,3.45,191.0
苋菜烧鸡块,105.53,10.67,5.82,2.99,217.0
苋菜黄鱼羹,72.65,6.69,3.11,4.68,340.0
苋菜炒饭,108.33,2.39,2.57,19.19,216.0
咸烧白,336.28,13.55,30.18,2.81,113.0
咸肉蒸茭白,205.85,8.79,17.7,3.36,205.0
咸肉蒸豆腐,147.3,8.3,11.73,3.27,222.0
咸肉丝炒芹菜,164.07,5.52,13.34,5.83,167.0
咸肉炖土豆,172.12,6.23,10.72,13.09,208.0
咸肉炖黄鳝,205.7,17.12,14.8,1.09,158.0
咸肉炒西兰花,157.42,6.74,13.8,2.26,155.0
咸肉炒辣椒,317.04,12.51,28.97,1.98,135.0
咸肉炒韭菜,155.62,6.7,13.38,3.09,160.0
咸肉炒饭,182.81,7.35,10.62,14.11,192.0
咸肉炒菜花,164.78,6.35,14.58,2.86,159.0
咸蛋蒸肉饼,261.18,12.79,21.57,4.03,170.0
咸蛋黄蒸肉饼,234.09,10.78,19.01,4.57,176.0
咸菜丝瓜蛋汤,54.15,3.62,3.62,1.99,205.0
咸菜肉丝炒竹笋,128.0,6.07,10.46,3.02,175.0
鲜榨豆浆,45.88,4.12,1.88,4.02,340.0
鲜虾口蘑粥,138.64,11.48,0.84,22.67,132.0
鲜虾滑蛋,125.67,14.59,6.67,1.83,187.0
鲜虾炒秋葵,93.01,6.55,2.98,11.09,186.0
鲜虾炒蘑菇,76.96,9.66,2.82,3.95,217.0
大虾炒小白菜,83.64,11.78,2.41,4.15,165.0
鲜虾白菜炖豆腐,73.3,7.32,3.71,3.19,206.0
鲜笋红烧肉,236.09,8.44,17.82,10.93,133.0
大肉馄饨,185.43,6.35,7.29,23.83,302.0
鲜奶豆浆,113.62,7.28,5.11,10.65,235.0
鲜蘑烩鸽蛋,143.32,12.37,6.96,8.83,247.0
清蒸大龙虾,90.96,16.2,0.97,4.3,177.0
鲜椒鸡丁,131.13,14.61,7.52,1.47,212.0
凉拌木耳,239.2,10.26,3.63,53.29,125.0
凉拌金针菇,82.93,2.27,4.41,9.56,123.0
川香酸菜鱼,110.33,10.0,5.7,5.14,242.0
凉拌酸辣土豆丝,114.94,2.21,4.75,16.31,154.0
薏米绿豆冬瓜汤,82.56,3.83,0.41,16.58,195.0
煮毛豆,43.42,4.32,1.65,3.51,304.0
丝瓜炒榨菜,36.57,1.37,1.91,4.17,175.0
虾蒸粉丝,197.11,11.69,2.83,31.37,173.0
虾仁煮面,224.64,10.92,5.0,34.31,207.0
虾仁蒸鸡蛋,157.55,12.75,6.71,11.92,212.0
鸡蛋虾仁蒸豆腐,148.41,11.18,8.29,7.66,157.0
虾仁蒸蛋羹,114.76,9.7,5.16,7.23,271.0
虾仁香菇粥,128.57,6.58,0.4,25.1,147.0
虾仁娃娃菜,115.92,8.96,3.54,13.04,157.0
虾仁青豆玉米,164.29,11.91,4.71,19.53,182.0
虾仁口蘑烩芦笋,145.12,14.63,2.28,18.86,215.0
虾仁豆腐蒸蛋,129.27,11.5,4.95,10.07,205.0
虾仁炒西兰花,85.03,6.01,3.5,8.65,167.0
虾仁炒丝瓜,105.1,7.45,3.5,11.37,157.0
虾仁炒山药,131.48,7.62,3.4,17.78,162.0
虾仁炒青椒,161.15,13.57,3.63,18.85,157.0
虾仁炒芹菜,181.02,15.27,4.13,20.9,137.0
虾仁炒年糕,186.38,9.86,2.98,30.16,213.0
虾仁炒南瓜,110.0,8.58,1.77,15.27,210.0
虾仁炒毛豆,166.67,16.28,3.8,17.46,201.0
虾仁炒芦笋,139.27,13.7,2.46,15.94,191.0
虾仁炒苦瓜,127.01,10.36,2.23,16.66,211.0
虾仁炒韭黄,125.12,11.18,2.32,15.27,207.0
家常虾仁炒韭菜,126.21,11.26,2.43,15.63,206.0
虾仁炒尖椒,165.78,12.78,3.11,22.07,187.0
虾仁炒鸡蛋,172.26,14.16,9.33,7.89,137.0
虾仁炒黄瓜,125.18,11.12,2.31,15.23,208.5
五彩虾仁炒饭,131.51,7.33,4.52,15.77,219.0
虾仁炒豆角,125.77,9.94,2.96,15.57,194.0
虾仁炒冬瓜片,114.44,9.06,3.03,13.13,187.0
虾仁炒蛋,183.42,15.9,7.52,13.13,187.0
虾仁炒油菜,129.9,9.3,1.95,19.39,204.0
虾米海带烧冬瓜,44.67,3.12,2.75,2.42,197.0
虾米冬瓜,50.3,3.47,3.22,2.48,167.0
虾炒西兰花,89.09,10.21,2.33,7.69,220.0
虾炒年糕,101.46,10.15,1.85,11.49,205.0
虾炒面,250.26,10.73,8.66,32.76,193.0
虾炒白菜,79.72,9.33,2.81,4.68,217.0
细沙炸肉,158.97,15.82,8.69,4.33,156.0
西芹蒸排骨,222.04,10.63,13.8,14.47,186.0
西芹鱿鱼烧,52.9,5.87,2.25,3.1,155.0
西芹虾仁炒腰果,146.45,7.51,8.68,11.09,155.0
西芹烧豆腐,62.44,3.51,4.1,4.0,205.0
西芹培根炒豆干,194.81,6.71,16.58,5.45,212.0
西芹蘑菇炖牛肉,63.29,6.09,3.09,3.62,207.0
西芹胡萝卜,45.86,0.96,2.1,7.1,157.0
西芹炒猪肉,189.88,7.59,16.96,2.39,207.5
西芹炒猪肝,72.88,5.88,4.23,3.65,177.0
家常西芹炒鱿鱼,66.05,5.91,3.65,3.28,162.0
西芹炒银耳,131.48,3.46,3.58,26.79,162.0
西芹炒羊肉,114.47,12.32,6.17,2.58,155.5
西芹炒香菇,46.71,1.15,3.16,4.74,167.0
西芹炒香肠,213.95,8.9,17.16,6.7,172.0
炝炒西芹虾仁,85.48,5.97,2.45,10.42,186.0
西芹炒虾,74.52,9.25,2.83,3.65,208.0
西芹炒土豆丝,74.87,1.71,2.84,11.41,187.0
西芹炒土豆,65.43,1.35,3.21,8.77,162.0
西芹炒山药,134.57,4.68,3.64,25.87,162.0
西芹煸肉丝,138.89,5.06,12.51,1.91,162.0
家常西芹炒肉丝,139.78,4.66,11.83,4.57,181.0
家常西芹炒肉片,191.49,7.48,16.64,3.6,211.5
西芹炒平菇,43.07,1.13,2.64,4.95,202.0
西芹炒培根,192.59,4.16,18.22,3.86,162.0
西芹炒排骨,169.3,8.32,14.17,2.77,215.0
西芹炒牛肉,92.8,6.41,5.95,3.99,173.5
西芹炒木耳,47.02,0.91,3.11,5.09,168.0
西芹炒蘑菇,49.5,1.25,2.65,6.31,200.0
西芹炒腊肉,160.0,3.93,14.0,5.47,215.0
西芹炒腊肠,172.99,5.26,14.3,6.85,137.0
西芹炒鸡心,98.77,5.63,6.83,4.44,162.0
西芹炒鸡肉,100.0,10.06,5.67,2.81,208.0
西芹炒鸡蛋,98.09,6.66,6.58,3.76,209.0
西芹炒火腿,70.37,5.22,4.21,3.64,162.0
西芹炒花蛤,50.9,3.01,3.32,2.65,167.0
西芹炒胡萝卜,50.53,1.37,2.77,6.36,190.0
西芹炒红肠,126.22,4.24,10.23,5.15,164.0
西芹炒腐竹,90.37,5.9,5.09,6.36,187.0
西芹炒豆腐干,100.0,5.12,6.64,5.93,162.0
西兰花蒸虾仁,72.61,8.06,3.72,2.87,157.0
西兰花虾饭,78.28,4.51,2.16,10.4,267.0
西兰花烧鸡块,218.69,9.67,19.19,2.69,214.0
西兰花烧豆腐,74.21,4.41,5.23,3.81,159.0
西兰花煎豆腐,72.52,4.24,5.35,2.73,222.0
西兰花鸡肉,91.79,13.57,3.62,2.08,207.0
西兰花炒猪心,81.44,7.14,4.96,3.08,167.0
西兰花炒猪肉,161.9,7.49,14.08,2.29,168.0
西兰花炒猪肚,72.35,7.59,3.92,2.72,170.0
西兰花炒鱿鱼,91.02,11.77,2.97,4.77,167.0
西兰花炒银耳,103.79,4.55,4.51,15.55,132.0
西兰花炒杏鲍菇,59.75,3.11,3.55,5.27,159.0
西兰花炒香菇,128.11,5.74,9.73,6.44,217.0
西兰花炒香肠,206.96,9.86,16.42,5.98,158.0
花菜炒虾仁,109.55,8.85,3.76,11.18,157.0
西兰花炒西红柿,50.96,2.52,3.63,3.41,157.0
西兰花炒五花肉,151.59,7.04,13.15,2.36,157.0
西兰花炒土豆块,63.64,2.64,2.8,8.28,209.0
西兰花炒土豆,74.47,3.18,3.06,9.69,188.0
西兰花炒山药,74.85,2.35,3.96,8.4,167.0
西兰花炒肉丝,145.96,7.11,12.22,3.04,161.0
西兰花炒肉片,162.28,7.52,14.17,2.22,167.0
西兰花胡萝卜炒肉,110.22,5.52,8.36,4.43,225.0
西兰花炒培根,204.46,5.99,19.1,3.28,157.0
西兰花炒排骨,175.12,9.19,14.72,1.99,209.0
西兰花炒牛肉,106.4,8.99,4.07,9.58,172.0
西兰花炒木耳,105.31,4.37,3.01,19.35,207.0
西兰花炒蘑菇,62.96,3.02,3.73,5.81,162.0
西兰花炒腊肠,224.36,9.3,17.84,7.74,156.0
西兰花炒金针菇,50.24,2.85,2.89,4.69,207.0
西兰花炒鸡腿,105.66,11.37,6.05,2.31,212.0
西兰花炒鸡丝,91.02,9.88,3.95,5.18,167.0
西兰花炒鸡肉,91.02,9.88,3.95,5.18,167.0
西兰花炒鸡丁,98.16,13.08,3.46,4.5,217.0
西兰花炒鸡蛋,102.87,8.04,6.82,3.23,209.0
西兰花煎鸡蛋,94.15,8.1,5.95,2.98,205.0
西兰花炒火腿肠,113.77,6.43,5.87,9.88,167.0
西兰花炒黄瓜,48.12,1.6,2.18,6.06,160.0
西兰花炒胡萝卜,43.24,2.32,2.03,5.5,185.0
西兰花炒饭,118.89,5.63,4.96,13.45,217.0
西兰花炒冬瓜,56.5,4.63,3.36,2.68,177.0
西兰花炒大虾,72.95,10.78,2.15,3.45,207.0
特色西湖醋鱼,149.18,13.86,8.37,4.64,122.0
西湖莼菜汤,26.24,1.98,1.34,1.78,202.0
西湖莼菜羹,67.5,7.25,2.96,2.85,240.0
西葫芦烧杏鲍菇,47.64,1.04,2.51,5.83,212.0
西葫芦烧豆腐,78.97,3.51,4.91,5.77,214.0
西葫芦烤牛肉,125.0,7.23,7.94,6.48,212.0
西葫芦煎鸡蛋,48.12,3.22,2.43,3.56,133.0
西葫芦炒榨菜,44.62,1.0,2.9,4.11,186.0
西葫芦炒香菇,45.18,1.36,2.76,4.46,197.0
西葫芦炒虾仁,130.41,10.12,2.67,16.73,217.0
西葫芦炒虾,88.48,9.2,2.82,6.79,217.0
西葫芦炒西红柿,38.16,0.82,2.61,3.43,207.0
西葫芦炒土豆片,75.58,1.7,2.68,11.65,217.0
西葫芦炒肉丝,142.42,5.35,11.07,5.62,165.0
西葫芦炒肉片,161.84,6.57,14.18,2.47,207.0
西葫芦炒肉,191.55,7.58,16.7,2.97,213.0
西葫芦炒青椒,46.5,0.83,3.38,3.63,157.0
西葫芦炒蘑菇,30.81,1.69,0.15,6.26,211.0
西葫芦炒萝卜,46.38,0.87,2.61,5.75,207.0
西葫芦炒腊肠,217.95,7.63,17.55,7.55,156.0
小瓜炒鸡蛋,88.02,5.19,6.2,3.14,167.0
西葫芦炒火腿肠,122.51,6.32,6.04,10.72,191.0
西葫芦炒花蛤,62.64,5.88,0.56,10.24,182.0
西葫芦炒胡萝卜,48.35,0.95,2.96,5.09,182.0
西葫芦炒饭,110.71,7.08,2.85,14.03,224.0
角瓜炒番茄,38.16,0.82,2.61,3.43,207.0
西葫芦番茄炒豆腐,71.0,3.57,4.89,3.68,215.5
西葫芦摊饼,89.09,3.33,4.82,8.27,165.0
番茄炒里脊,68.79,6.82,2.66,4.84,157.0
西红柿煮金针菇,44.77,1.61,2.73,4.53,205.5
西红柿煮鸡肉,289.43,10.57,19.12,19.9,203.5
西红柿蒸豆腐,59.43,4.67,2.74,5.03,212.0
西红柿土豆烧肉,146.15,5.35,11.15,6.69,182.0
烧三鲜,89.15,3.45,3.37,11.72,212.0
西红柿烩牛肉,102.43,10.15,6.26,1.84,206.0
西红柿烧牛腩,81.69,10.54,3.62,2.16,213.0
西红柿烧年糕,121.91,2.35,3.25,21.26,178.0
西红柿烧鲫鱼,90.0,11.12,3.63,3.41,160.0
西红柿烧鸡翅,132.72,9.36,7.71,6.88,217.0
西红柿烧豆腐,62.87,2.61,4.72,3.34,167.0
西红柿虾仁烧冬瓜,67.14,3.71,2.64,7.67,210.0
西红柿烧带鱼,105.92,11.0,4.92,4.71,169.0
西红柿烧草鱼,98.49,9.01,4.71,5.36,199.0
西红柿焖牛肉,192.22,18.09,8.35,11.32,180.0
西红柿鸡蛋打卤面,130.29,5.22,4.8,17.17,208.0
西红柿卤菜花,46.67,1.44,2.59,5.54,210.0
西红柿口蘑炒饭,127.55,11.08,2.41,17.15,265.0
西红柿酱金针菇,54.14,1.82,3.5,4.87,157.0
西红柿煎鸡蛋,96.84,6.81,6.72,2.77,205.5
西红柿煎豆腐,69.57,3.62,5.07,3.24,207.0
西红柿鸡蛋汤,54.88,3.87,3.84,1.44,215.0
西红柿鸡蛋面,141.11,5.62,3.53,21.93,287.0
西红柿鸡蛋卤,111.11,7.25,6.83,5.49,126.0
西红柿鸡蛋煎饼,139.73,6.64,3.85,20.22,297.0
西红柿疙瘩汤,131.99,6.56,4.06,17.96,297.0
西红柿炖猪肉,127.88,5.22,11.08,2.35,165.0
西红柿炖鱼,97.44,9.38,4.31,5.53,195.0
西红柿炖羊肉,78.84,5.59,4.49,4.6,189.0
西红柿炖羊排,117.92,9.7,7.19,3.97,173.0
西红柿炖土豆,67.92,1.78,2.55,10.19,212.0
西红柿烧土豆,80.54,2.28,2.92,11.9,185.0
西红柿炖排骨,173.85,8.24,13.99,4.17,218.0
家常西红柿炖牛肉,51.46,5.83,2.21,2.72,206.0
番茄煲牛腩,88.99,5.85,3.05,10.02,218.0
西红柿炖牛腱,96.86,10.08,3.46,6.77,223.0
西红柿炖金针菇,84.3,1.37,6.05,7.03,172.0
西红柿炖鸡腿,99.52,10.19,5.99,1.59,207.0
西红柿炖黄鱼,69.52,9.15,2.74,2.46,210.0
西红柿炖粉条,143.21,0.88,3.25,28.34,162.0
西红柿炖豆腐,69.57,3.62,5.07,3.24,207.0
西红柿炖冻豆腐,77.84,2.57,4.1,8.53,167.0
西红柿打卤面,201.9,7.54,3.79,34.79,211.0
西红柿炒圆白菜,36.49,1.17,2.09,3.96,211.0
西红柿炒玉米,74.45,1.84,2.39,12.4,158.5
西红柿木耳炒洋葱,94.8,3.24,3.3,16.04,173.0
西红柿炒杏鲍菇,45.89,1.06,2.56,5.6,207.0
西红柿炒虾仁,131.61,10.29,2.76,16.8,174.0
西红柿炒西兰花,34.47,2.19,1.86,3.56,206.0
西红柿炒娃娃菜,28.32,1.54,0.23,6.17,173.0
西红柿炒土豆丝,60.1,1.76,1.63,10.29,208.0
西红柿炒土豆片,60.1,1.76,1.63,10.29,208.0
西红柿土豆炒肉片,120.39,4.76,8.91,5.92,206.0
西红柿炒丝瓜,30.29,1.12,1.63,3.51,208.0
西红柿炒肉片,140.88,5.31,11.47,4.57,159.0
西红柿炒肉沫,138.24,5.28,10.76,5.7,170.0
西红柿炒青椒,133.12,5.49,11.41,2.54,160.0
西红柿炒平菇,40.87,1.38,2.64,3.85,208.0
西红柿炒牛肉,124.64,8.71,8.34,4.19,211.0
西红柿炒蘑菇,41.71,1.76,1.58,6.01,211.0
西红柿炒绿豆芽,29.13,1.12,1.64,3.19,206.0
西红柿炒辣椒,34.63,0.95,1.66,4.73,205.0
西红柿炒苦瓜,38.89,1.26,0.14,8.63,108.0
西红柿炒卷心菜,44.98,2.24,0.2,9.21,209.0
西红柿炒金针菇,54.14,1.82,3.5,4.87,157.0
西红柿炒鸡胸肉,77.4,12.27,2.45,1.88,208.0
葱沫西红柿炒鸡蛋,118.82,8.06,7.49,5.0,170.0
西红柿青椒炒鸡蛋,85.29,5.24,6.09,2.94,170.0
西红柿炒火腿肠,79.35,5.16,3.48,7.45,155.0
西红柿炒黄瓜,28.29,0.83,1.66,3.02,205.0
西红柿炒花菜,35.1,1.44,1.63,4.7,208.0
西红柿炒粉条,126.83,0.97,1.66,27.71,205.0
西红柿粉丝炒肉,223.46,6.63,9.59,29.78,162.0
西红柿鸡蛋炒饭,110.09,4.44,4.46,13.34,218.0
西红柿炒豆角,37.77,1.6,1.79,4.71,188.0
西红柿炒豆腐,61.46,3.66,4.15,3.27,205.0
西红柿炒冬瓜,34.62,0.63,2.61,2.9,208.0
家常西红柿炒菜花,31.88,1.38,1.69,3.94,207.0
西红柿炒白菜,30.24,1.22,1.66,3.27,205.0
西红柿炒鹌鹑蛋,113.51,6.42,6.47,7.77,222.0
西瓜皮炒牛肉,124.45,14.68,3.76,7.96,229.0
西昌夺命洋芋,104.37,2.8,3.22,17.03,183.0
豌豆菠菜汤,89.35,7.85,1.5,12.23,310.0
西班牙烘蛋,96.7,9.21,3.78,6.75,212.0
武汉热干面,332.04,8.7,6.76,59.69,181.0
武当笋烧肉,194.31,8.39,16.26,4.08,211.0
五香熏鱼,157.85,14.27,8.53,6.17,121.0
五香肉,316.51,14.01,27.61,3.03,109.0
五香毛豆,121.28,10.66,4.05,12.43,188.0
五香卤猪蹄,250.0,17.89,17.32,5.55,192.0
五香卤牛肉,130.18,19.24,4.59,2.93,169.0
五香卤鸡腿,147.09,18.22,6.3,4.26,172.0
五香酱鸭,237.35,14.19,17.95,4.81,166.0
五香酱牛肉,146.03,16.49,5.57,7.6,63.0
五香卤花生,200.33,7.13,15.73,8.98,307.0
五香豆腐丝,210.63,20.41,11.74,6.36,160.0
五香鹌鹑蛋,77.48,5.72,4.68,3.68,373.0
五花肉煮土豆,179.38,6.41,11.4,13.11,160.0
五花肉蒸土豆片,172.05,6.48,11.33,11.39,161.0
五花肉烧土豆,173.12,6.52,11.41,11.44,160.0
五花肉炒土豆,183.73,6.28,11.59,13.9,166.0
五花肉烧秋葵,152.73,6.18,11.77,6.78,165.0
五花肉烧萝卜,234.18,9.96,20.97,1.46,158.0
五花肉烧苦瓜,185.78,8.09,15.78,3.22,211.0
五花肉烧胡萝卜,205.36,7.29,16.21,8.21,112.0
五花肉烧红薯,226.96,6.92,16.13,14.15,115.0
五花肉烧腐竹,343.75,23.78,23.41,9.84,128.0
五花肉烧豆角,157.31,5.9,10.91,9.67,171.0
五花肉烧豆腐,162.57,8.2,12.71,4.39,187.0
五花肉烧冻豆腐,176.43,9.08,14.87,2.17,157.0
五花肉烧板栗,256.04,6.81,11.41,32.03,182.0
五花肉炖猪蹄,286.32,19.65,21.84,2.65,212.0
五花肉炖土豆,209.52,8.54,15.86,8.48,210.0
五花肉炖酸菜,217.06,9.35,19.55,1.41,170.0
山药蘑菇炖肉,148.96,5.84,10.9,7.41,168.5
五花肉炖南瓜,124.62,4.71,9.35,5.75,195.0
五花肉炖蘑菇,233.12,10.46,20.72,1.6,160.0
五花肉炖萝卜,240.59,9.25,19.5,7.35,170.0
五花肉炖海带,180.98,7.95,16.2,1.02,205.0
五花肉豆角炖粉条,210.58,4.9,9.75,26.3,208.0
五花肉炖豆角,153.99,6.22,12.45,5.06,163.0
五花肉炖豆腐,194.92,8.32,14.4,8.57,177.0
五花肉炖鹌鹑蛋,278.18,13.49,23.5,3.28,165.0
五花肉炒竹笋,136.25,6.39,11.42,2.53,160.0
五花肉炒洋葱,155.97,4.99,9.78,12.4,188.5
五花肉炒鸭血,167.51,11.06,10.43,7.46,197.0
五花肉炒杏鲍菇,174.81,6.83,13.53,7.25,135.0
五花肉炒西兰花,196.23,8.88,17.34,2.06,106.0
五花肉炒花椰菜,141.85,7.13,11.92,2.53,156.5
五花肉炒土豆条,177.71,6.51,11.67,11.87,157.0
五花肉炒土豆丝,153.8,5.76,9.95,10.77,184.0
五花肉炒酸菜,180.24,7.67,16.05,1.86,207.5
五花肉炒丝瓜,176.37,7.35,14.99,3.54,237.0
五花肉炒芹菜,152.12,5.38,12.32,5.38,165.0
五花肉炒平菇,146.01,5.97,12.49,3.13,163.0
五花肉炒木耳,264.1,11.28,12.38,34.67,156.0
五花肉炒芦笋,133.54,6.52,11.3,2.25,161.0
五花肉炒辣椒,273.33,11.47,24.61,1.98,135.0
五花肉炒苦瓜,140.0,5.77,11.56,3.6,160.0
五花肉炒金针菇,127.14,5.26,10.32,4.31,199.0
五花肉炒茭白,236.25,10.19,20.79,2.51,160.0
五花肉炒尖椒,208.04,7.57,18.08,4.43,112.0
五花肉炒鸡腿菇,317.48,20.34,17.05,25.31,206.0
五花肉炒黄瓜,233.12,9.94,21.14,0.92,157.0
黄瓜小炒肉,126.35,5.41,9.15,5.72,167.0
五花肉炒豆腐,180.0,8.88,14.59,3.72,160.0
五花肉炒大头菜,237.13,9.77,21.1,2.36,167.0
五花肉炒菜花,132.45,5.12,11.4,3.17,188.0
五谷杂粮粥,196.25,3.58,0.44,45.21,160.0
五杯鸭,238.1,13.99,19.39,1.95,168.0
芜爆肚丝,116.41,12.62,6.4,2.01,128.0
无水焗鲈鱼,111.76,16.67,4.79,0.59,170.0
姜仔姜鸭,182.86,9.26,13.04,7.51,175.0
蛋花紫菜汤,73.94,5.59,4.48,3.4,165.0
鹌鹑蛋炖海参,86.76,9.76,4.51,1.76,272.0
乌江鱼炖豆腐,111.27,11.93,5.77,3.38,213.0
乌鸡香菇汤,46.83,5.98,2.1,1.34,205.0
五香酱牛腱,158.52,16.76,4.47,12.95,135.0
莴笋木耳炒大虾,116.76,12.07,2.64,13.5,185.0
莴笋金针菇卷,56.52,1.73,2.65,7.21,207.0
莴苣烧排骨,184.44,10.2,14.48,3.65,225.0
莴苣烧腊肉,181.29,4.44,16.15,5.1,171.0
莴苣烧鸡块,104.07,10.05,4.52,5.96,221.0
莴苣烧豆腐,80.23,4.26,5.88,3.3,177.0
莴苣炒杏鲍菇,60.28,1.07,3.38,7.08,214.0
莴苣炒虾,70.2,10.1,3.07,0.55,255.0
莴苣炒肉丝,181.95,7.85,16.19,1.37,205.0
莴苣炒肉片,139.13,5.38,11.27,4.1,161.0
莴苣炒平菇,47.62,1.19,2.8,5.03,189.0
莴苣炒木耳,157.21,6.35,3.18,33.04,208.0
莴苣木耳炒蘑菇,98.24,3.4,3.3,16.78,170.0
莴苣炒腊肉,200.61,4.32,17.9,5.78,165.0
莴苣炒腊肠,307.41,10.95,24.77,10.3,216.0
莴苣炒鸡丝,78.05,12.49,2.43,1.66,205.0
莴苣炒鸡丁,88.37,9.98,4.57,1.99,215.0
莴苣炒鸡蛋,190.42,10.07,11.26,14.83,167.0
莴苣炒火腿,118.9,5.24,6.98,9.01,164.0
温州瘦肉丸,262.29,13.27,20.17,7.05,175.0
茶油煸土鸡,175.86,13.66,5.22,18.8,174.0
微波土豆片,92.2,2.54,1.66,17.37,205.0
微波炉烤鸡翅,183.87,16.15,9.54,8.45,124.0
微波炉鸡蛋羹,86.5,6.98,4.1,5.41,163.0
微波叉烧肉,315.15,13.95,27.45,3.25,132.0
豌豆玉米粒炒虾仁,135.38,8.85,3.28,18.73,195.0
豌豆玉米炒菠萝,108.67,3.5,3.43,17.04,173.0
豌豆虾仁,121.65,13.43,3.1,10.39,194.0
豌豆腊肠焖饭,181.14,5.89,6.15,26.24,297.0
豌豆黄,50.64,2.38,0.1,10.6,156.0
豌豆肥肠汤,73.28,2.54,5.17,4.26,247.0
豌豆炒肉,264.25,10.85,19.71,11.23,179.0
瓦罐萝卜牛肉,108.06,8.94,6.02,5.38,211.0
娃娃菜猪肉汤,80.78,3.71,7.15,0.94,255.0
娃娃菜蒸粉丝,131.25,1.59,2.06,27.66,160.0
娃娃菜烧牛肉,69.4,7.23,2.56,5.35,183.0
娃娃菜烧金针菇,41.01,2.02,1.97,5.24,178.0
娃娃菜炖虾,64.88,10.0,1.95,2.54,205.0
娃娃菜炖豆腐,48.31,4.24,2.66,3.05,207.0
娃娃菜炒肉丝,184.91,8.04,15.71,3.51,212.0
娃娃菜炒木耳,148.78,6.83,2.29,33.17,205.0
娃娃菜炒鸡蛋,95.67,7.26,6.64,2.47,208.0
娃娃菜炒粉丝,182.21,1.37,1.63,41.39,208.0
氽丸子汤,94.29,5.16,6.24,4.65,245.0
手撕牛肉,157.48,16.98,6.73,7.25,127.0
土鸡汤,102.87,8.94,3.67,8.89,244.0
土鸡菌菇芋头煲,124.04,12.05,3.81,10.97,183.0
土匪猪肝,164.66,17.03,6.64,9.18,116.0
土豆蒸牛肉,114.35,11.38,2.64,11.5,216.0
土豆蒸腊肉,140.98,12.15,5.95,9.95,205.0
土豆蒸腊肠,327.59,12.12,23.89,16.31,203.0
土豆蒸鸡翅,181.38,12.58,7.98,16.5,188.0
土豆炸虾,101.05,11.38,3.62,6.05,190.0
土豆玉米泥,63.82,2.17,0.46,13.36,152.0
香烤土豆饼,153.41,6.48,6.54,17.62,176.0
土豆香菇烤鸡腿,142.86,10.68,6.84,10.64,196.0
土豆丝炒榨菜,101.45,2.54,3.9,14.67,138.0
土豆丝炒西红柿,74.77,1.76,2.44,12.08,222.0
土豆丝炒肉丝,167.8,5.88,11.46,10.78,177.0
土豆丝炒肉片,221.88,8.17,15.79,12.07,224.0
土豆丝炒肉,168.25,5.89,10.74,12.47,189.0
土豆丝炒芹菜,77.33,1.93,2.86,11.5,187.5
土豆丝炒绿豆芽,77.86,1.92,2.76,12.08,131.0
土豆丝炒韭菜,61.54,2.63,2.24,8.76,156.0
土豆丝炒鸡蛋,125.15,6.26,6.2,11.52,167.0
土豆丝炒火腿,141.86,8.16,6.39,13.19,215.0
土豆丝炒胡萝卜,101.5,3.66,4.22,13.05,200.0
土豆番茄炒粉条,139.59,1.34,2.71,28.04,197.0
土豆丝炒饭,118.08,2.4,3.08,20.4,177.0
土豆烧洋葱,79.7,1.94,2.68,12.46,202.0
土豆烧羊肉,137.27,10.06,5.56,12.18,220.0
土豆烧鸭,122.02,10.18,3.94,11.49,168.0
土豆烧五花肉,232.22,9.64,18.73,6.97,180.0
土豆烧肉片,201.89,7.99,16.71,5.17,212.0
土豆烧肉,222.84,8.96,18.07,6.45,197.0
土豆炖肉,210.71,7.61,13.87,14.17,112.0
土豆芹菜炒萝卜,67.25,1.5,3.12,9.2,171.0
土豆烧排骨,203.29,9.62,14.47,8.89,213.0
土豆烧牛肉片,114.65,11.81,4.54,6.82,157.0
土豆烧蘑菇,72.46,2.56,2.56,10.58,207.0
土豆烧腊肉,266.24,8.66,18.69,16.21,157.0
土豆烧口蘑,192.13,19.47,3.53,24.89,216.0
土豆烧鸡腿根,129.38,10.9,5.87,8.44,211.0
土豆烧鸡腿,134.38,11.64,6.44,7.65,192.0
土豆烧鸡肉,135.94,10.64,5.72,10.72,217.0
土豆鸡块,313.61,12.0,27.54,4.64,147.0
土豆烧鸡翅,158.45,10.43,8.07,11.26,207.0
土豆烧胡萝卜,71.56,1.74,2.09,12.49,211.0
土豆烧肥肠,127.27,3.83,7.99,10.39,187.0
土豆豆角烧肉,160.63,5.35,10.16,12.46,221.0
土豆烧豆腐,75.95,3.55,4.89,4.81,262.0
土豆烧大鹅,183.41,9.65,10.44,12.98,223.0
土豆烧翅根,151.22,10.54,7.17,11.37,205.0
土豆青椒炖翅根,154.5,9.55,7.53,12.35,222.0
土豆青椒炒猪肉,157.58,6.3,11.35,8.61,165.0
土豆片蒸五花肉,210.48,8.56,15.86,8.72,210.0
土豆片烧鸡腿,126.24,10.53,4.73,10.56,221.0
土豆片尖椒炒肉,140.0,5.26,8.79,10.6,210.0
土豆片炖海带,74.89,2.18,2.5,11.37,219.0
土豆片炒圆白菜,48.37,1.75,1.59,7.28,215.0
土豆片炒鱿鱼,97.25,10.46,3.71,5.84,182.0
家常土豆片炒洋葱,89.82,1.96,3.2,13.89,167.0
土豆片炒香肠,187.43,6.49,12.55,12.58,191.0
土豆片炒虾,99.39,12.25,2.38,7.36,165.0
土豆片炒肉片,240.18,7.95,18.35,11.22,112.0
土豆片炒肉,185.8,6.69,12.71,11.52,162.0
土豆片炒青椒,92.21,2.11,3.37,14.02,160.5
土豆洋葱炒牛肉,98.07,6.67,3.16,11.09,207.0
土豆片炒辣椒,64.77,2.02,1.25,12.32,193.0
土豆片炒腊肉,216.38,4.95,16.77,11.88,177.0
土豆片炒腊肠,266.03,8.67,18.64,16.26,157.5
土豆片炒尖椒,114.04,2.46,4.58,16.31,114.0
土豆片炒鸡腿,116.84,11.62,5.46,5.55,190.0
土豆片炒火腿肠,154.39,6.48,6.69,17.43,171.0
土豆片炒红肠,165.43,5.29,10.38,13.12,162.0
土豆炒豆腐皮,211.98,17.08,10.02,14.93,167.0
土豆排骨焖饭,160.05,4.74,6.06,22.57,383.0
土豆排骨干锅,212.09,10.08,16.73,5.41,182.0
土豆牛肉蒸饼,214.61,10.82,4.52,33.48,267.0
香甜土豆泥,154.39,2.39,7.39,20.08,114.0
土豆南瓜烧,61.73,1.15,3.23,7.56,162.0
土豆木耳炖排骨,224.59,12.36,14.13,13.63,183.0
土豆蘑菇烧鸡翅,156.52,10.55,8.06,10.73,207.0
土豆焖排骨,200.47,9.39,14.31,8.96,214.0
土豆焖饭,207.51,7.08,8.94,24.86,293.0
土豆腊肠闷饭,189.31,5.12,7.02,26.84,290.0
土豆块烧鸡块,132.08,11.12,5.77,9.23,212.0
土豆块炖鸡腿,130.05,10.89,5.84,8.75,213.0
土豆块炒肉片,192.07,6.97,12.41,13.52,164.0
土豆烤香肠,234.57,9.88,16.28,14.44,162.0
土豆烤鸡腿,130.91,11.17,5.22,10.9,220.0
土豆咖喱鸡,190.36,6.39,12.27,13.85,197.0
土豆酱排骨,230.43,8.07,18.31,8.6,207.0
土豆酱豆腐,98.2,3.81,4.14,12.02,167.0
土豆煎鸡翅,213.89,12.53,12.56,12.96,180.0
土豆黄焖鸡,152.46,9.05,5.14,20.17,183.0
土豆炖猪蹄,183.49,12.02,11.33,8.64,212.0
土豆焖猪肉,174.68,6.53,11.54,11.46,158.0
土豆炖羊肉,139.05,11.98,7.02,7.32,169.0
土豆炖香菇,92.95,2.25,2.6,16.11,227.0
土豆炖五花肉,219.09,8.17,15.14,12.84,220.0
土豆茄子炖肉,127.89,4.81,8.09,9.43,190.0
土豆炖排骨,202.74,8.94,13.93,10.69,219.0
土豆炖猪小排,222.78,11.36,17.98,4.17,158.0
土豆牛肉煲,99.5,7.07,3.64,10.01,202.0
红烧土豆牛腩,105.71,12.99,3.22,6.34,175.0
土豆炖南瓜,60.0,1.37,1.95,9.68,165.0
土豆炖萝卜,85.45,2.06,1.6,16.52,220.0
土豆炖鲫鱼,95.26,9.87,3.09,7.17,190.0
土豆炖鸡爪,200.0,15.53,11.79,8.17,166.0
香菇土豆炖鸡腿,118.36,10.92,6.01,5.56,207.0
土豆炖鸡腿,142.26,13.07,7.36,6.07,168.0
土豆炖鸡肉,122.82,9.02,4.96,10.99,206.0
土豆炖鸡块,123.81,11.05,4.96,9.04,210.0
土豆炖鸡翅,178.98,11.76,8.31,14.23,176.0
土豆炖胡萝卜,76.33,1.74,2.61,12.51,207.0
香菇猪肉炖土豆,189.79,4.89,8.31,25.44,235.0
土豆炖番茄,58.9,1.79,2.25,8.82,163.0
土豆豆角炖肉,147.85,5.44,9.76,10.36,209.0
土豆炖豆腐,106.59,4.89,6.24,8.43,167.0
土豆炖翅中,186.23,12.33,9.95,11.89,167.0
土豆炖翅根,179.75,12.69,10.21,9.35,163.0
土豆炖白菜,79.38,2.38,2.09,13.43,160.0
土豆油豆角炖肉,191.67,5.51,10.61,18.99,192.0
土豆豆角炖粉条,137.04,2.07,3.28,25.85,162.0
土豆丁烧鸡翅,169.94,11.9,9.64,8.99,173.0
土豆丁炒鸡爪,214.12,14.99,12.66,10.06,170.0
土豆丁炒鸡丝,120.91,12.41,3.69,9.64,110.0
葱香土豆炒饭,110.78,4.84,4.55,12.97,232.0
土豆炒猪肉,158.02,5.53,9.6,12.83,212.0
土豆炒洋葱,102.25,1.6,5.8,11.34,89.0
土豆炒羊肉,128.7,9.86,5.89,9.17,108.0
土豆炒香菇,73.43,2.32,2.66,11.11,207.0
土豆炒香肠,242.41,9.53,16.17,14.98,158.0
土豆炒虾仁,171.51,12.46,4.32,20.87,179.0
土豆炒西红柿,87.42,2.0,3.35,12.81,159.0
土豆炒肉丝,185.44,6.47,12.82,11.42,158.0
土豆炒肉片,182.86,6.02,11.6,13.91,175.0
土豆炒肉,169.64,5.8,11.49,11.14,168.0
土豆炒青椒,65.87,1.87,1.67,11.5,208.0
土豆炒芹菜,67.15,1.45,2.61,10.1,207.0
土豆炒牛肉,100.0,7.1,2.22,13.34,205.0
土豆炒蘑菇,66.86,2.46,3.05,8.16,172.0
土豆豆角炒里脊肉,170.06,6.6,12.34,8.77,167.0
尖椒土豆条,123.53,2.74,4.48,18.74,119.0
土豆炒腊肉,215.34,4.86,16.93,11.15,163.0
柿子椒土豆丝,95.54,1.8,4.75,12.32,112.0
土豆炒鸡腿,130.48,10.92,5.9,8.6,210.0
土豆炒白菜,59.89,1.64,3.07,7.3,177.0
铁板牛肉,89.66,11.05,2.6,5.73,203.0
铁板花菜,43.65,1.78,2.6,4.65,126.0
铁板豆腐,120.51,6.35,8.27,6.57,117.0
糖水蛋,180.28,11.71,9.08,13.57,142.0
甜酸排骨,290.0,15.38,19.58,13.15,130.0
肉沫烧茄子,121.13,4.05,8.61,7.34,142.0
甜豆炒肉丝,151.43,6.31,10.5,10.08,175.0
甜醋猪脚姜,216.95,17.31,13.55,6.41,177.0
田园小炒皇,171.86,11.41,4.15,29.2,167.0
田园时蔬,94.87,3.68,2.37,18.19,156.0
特色炸天妇罗虾,156.89,12.14,5.93,14.12,167.0
烫面葱油饼,219.5,8.01,5.29,35.94,200.0
糖酥丸子,352.79,13.96,22.74,23.58,197.0
糖藕,189.11,3.28,2.12,40.07,174.5
糖糕,280.22,8.64,7.96,44.4,91.0
糖醋沅白,159.12,14.52,5.28,13.39,137.0
酸甜糖醋鱼块,145.6,13.83,6.61,7.95,125.0
糖醋鱼,131.69,10.74,6.32,8.24,183.0
糖醋小排骨,279.13,16.1,21.21,6.0,115.0
糖醋小排,313.01,13.69,24.63,8.98,123.0
酸甜糖醋小排,290.98,13.57,21.33,11.29,133.0
糖醋虾,145.6,15.15,4.65,10.76,125.0
糖醋丸子,256.97,11.65,19.04,9.79,165.0
糖醋土豆丝,115.93,2.4,3.76,18.7,113.0
糖醋肉段,255.49,9.72,20.85,7.7,164.0
糖醋排骨,314.08,12.89,22.75,14.65,142.0
糖醋藕块,71.52,1.22,2.02,13.21,165.0
糖醋藕丁,85.53,1.54,2.2,16.07,152.0
淹糖醋萝卜,50.43,0.77,0.18,12.09,117.0
糖醋鲈鱼,176.43,14.09,8.16,11.55,140.0
糖醋莲子藕,104.46,1.78,3.42,17.54,157.0
酸甜糖醋里脊,148.13,12.68,6.95,8.68,187.0
糖醋鸡翅,214.88,16.43,12.01,9.97,121.0
酸甜糖醋黄瓜,27.95,0.76,0.19,5.85,161.0
糖醋酥桂鱼,175.91,15.34,6.81,13.53,137.0
糖醋烧带鱼,158.33,14.2,7.53,8.62,180.0
溏心蛋,98.24,9.25,6.07,1.69,170.0
家常凉拌黄瓜,41.13,1.13,1.91,4.9,124.0
炭烤羊排,145.06,17.8,7.25,2.12,162.0
坛子肉,316.07,13.73,26.88,4.89,112.0
泰式菠萝炒饭,104.5,3.8,3.08,15.97,200.0
太极芋头,143.48,2.64,6.23,19.7,138.0
秘制三杯鸡,205.51,16.32,13.54,4.66,127.0
麻油鸡,190.83,18.62,12.55,0.83,109.0
香脆蓑衣黄瓜,37.59,1.05,2.33,3.36,141.0
笋干肉丝,311.98,16.9,22.24,17.63,167.0
笋干焖鸭,152.56,13.33,4.97,16.52,156.0
蒜香虾仁炒饭,146.73,6.65,5.41,18.17,199.0
蒜香手撕杏鲍菇,68.63,1.54,3.43,8.91,153.0
蒜香烧烤茄子,52.99,1.38,2.82,6.38,117.0
蒜香三文鱼排,137.3,14.29,7.98,2.09,185.0
蒜香秋葵,62.76,1.97,2.24,10.5,145.0
蒜香排骨,276.0,15.99,20.35,7.2,175.0
蒜香凉拌鸡丝,124.84,16.3,3.82,6.52,157.0
蒜香煎牛扒,139.56,11.95,7.71,6.07,182.0
蒜香花蛤,88.14,9.08,3.49,4.97,118.0
蒜香瓜条,94.4,2.9,6.22,8.06,125.0
蒜香甘蓝炒腊味,229.38,6.83,19.41,7.24,177.0
蒜香豆干五花肉,266.42,13.41,19.47,9.88,134.0
蒜香叉烧肉干,156.64,15.27,5.4,11.83,143.0
蒜味剁椒肉,310.45,11.87,26.28,7.08,134.0
蒜头鲶鱼,164.5,17.16,7.9,6.16,231.0
蒜蓉苋菜,60.87,2.83,2.89,6.75,115.0
蒜薹湖南腊肉,418.25,8.97,39.34,7.26,137.0
蒜薹蛋炒饭,116.87,4.9,4.35,14.99,243.0
蒜苔洋葱炒木耳,124.63,3.75,4.19,20.92,134.0
蒜苔炒肉丝,165.0,6.18,11.36,10.08,160.0
蒜苔炒肉末,149.75,5.52,9.24,11.8,201.0
蒜苔炒鸡蛋,104.12,5.94,4.86,9.91,170.0
蒜烧小黄鱼,120.77,14.15,4.26,6.48,130.0
蒜烧金鲳鱼,170.08,13.72,8.3,10.05,127.0
蒜蓉蒸扇贝,90.74,7.77,3.59,7.17,162.0
蒜蓉蒸鲍鱼,88.57,10.5,2.3,6.41,140.0
蒜蓉油麦菜,36.75,1.96,2.17,2.82,166.0
蒜蓉虾仁蒸丝瓜,92.09,7.01,2.01,11.97,177.0
蒜蓉西兰花,56.0,3.29,2.92,5.63,125.0
蒜蓉西葫芦,40.66,1.09,1.85,5.32,182.0
蒜蓉莴苣,49.14,1.34,2.72,5.08,116.0
简易蒜蓉秋葵,55.0,2.08,2.69,7.47,120.0
蒜蓉芥兰片,54.17,3.16,2.77,5.72,120.0
蒜蓉鸡肉杏鲍菇,90.12,8.24,2.35,9.61,172.0
蒜蓉红菜苔,51.33,3.06,2.26,5.12,113.0
蒜蓉荷兰豆,60.87,2.57,2.88,6.66,115.0
家常蒜蓉粉丝蒸扇贝,161.31,7.21,2.21,28.28,168.0
蒜蓉粉丝蒸鲈鱼,169.81,12.56,4.75,19.53,159.0
蒜蓉粉丝蒸对虾,192.0,11.16,2.25,31.87,175.0
蒜蓉粉丝虾,221.17,8.99,1.81,42.44,222.0
蒜蓉粉丝娃娃菜,129.71,1.77,1.92,27.46,175.0
蒜蓉粉丝扇贝,168.6,7.11,3.33,27.74,172.0
蒜蓉粉丝烤生蚝,166.28,6.87,3.86,26.2,172.0
蒜蓉粉丝开背虾,181.36,11.08,1.99,29.78,177.0
蒜蓉炒丝瓜,52.17,1.52,2.79,5.89,115.0
蒜蓉鲳鱼,167.58,14.2,8.14,9.44,182.0
蒜仔菜心,41.18,1.71,2.17,4.71,170.0
蒜茄子,66.14,1.36,4.14,6.52,127.0
蒜片苦瓜,74.17,1.46,4.32,7.94,120.0
蒜末茄子,71.19,1.65,4.42,6.72,118.0
蒜泥木耳菜,69.23,1.75,4.54,6.03,117.0
蒜泥龙虾,106.06,17.45,2.82,2.58,165.0
蒜泥空心菜,51.69,2.42,2.75,6.01,118.0
蒜泥豇豆,75.2,2.34,4.3,8.67,125.0
蒜泥海带,40.8,1.86,1.8,4.51,125.0
蒜泥凤爪,264.12,21.7,17.45,5.08,170.0
蒜泥牛肚片,90.43,13.5,2.78,2.99,115.0
蒜泥豆瓣豇豆,94.66,3.06,4.58,12.05,131.0
蒜泥拌白肉,314.41,13.27,27.21,4.2,118.0
蒜苗肉丝炒百叶,169.57,10.41,13.07,2.94,161.0
蒜苗回锅肉,245.88,10.08,20.98,4.54,170.0
蒜苗炒鱿鱼,89.47,13.32,2.71,3.15,209.0
蒜苗炒香肠,201.13,8.32,14.58,9.75,177.0
蒜苗炒肉,227.12,9.24,19.97,3.18,177.0
蒜苗炒腊肉,350.31,8.1,33.54,4.29,161.0
蒜黄木耳炒鸡蛋,140.0,8.46,4.89,19.95,185.0
蒜黄煎鸡蛋,81.21,6.28,5.07,3.18,165.0
蒜黄炒豆腐,74.52,4.43,5.06,3.62,208.0
蒜炒茼蒿,45.29,2.08,2.05,5.06,170.0
蒜爆肉,311.03,12.03,25.85,7.83,136.0
酸甜小藕丁,77.33,1.11,2.4,14.04,225.0
酸甜虾仁烩山药,147.78,12.53,2.11,19.85,180.0
酸辣西葫芦,56.91,0.87,4.33,4.07,123.0
炝爆酸辣土豆丝,102.36,2.19,4.14,14.67,127.0
酸辣爽口木耳,251.67,10.65,2.94,57.95,120.0
酸辣手撕包菜,53.49,0.9,3.12,6.4,172.0
酸辣藕丁,110.77,1.45,4.05,18.29,130.0
酸辣芦笋,39.45,2.83,1.94,3.85,109.0
酸辣脆拍青瓜,61.6,1.03,3.39,7.06,125.0
酸辣包菜,56.1,1.63,2.63,7.07,123.0
酸菜煮鱼,98.64,9.44,4.57,5.4,220.0
酸菜土豆烧猪肉,145.66,5.37,9.54,10.57,219.0
酸菜烧鲫鱼,106.4,10.35,4.55,6.41,172.0
酸菜烧草鱼,79.75,8.81,4.4,1.64,237.0
酸菜粉丝炖白肉,212.23,6.78,11.02,22.15,139.0
酸菜炖五花肉,179.51,7.71,16.24,1.27,205.0
酸菜炖排骨,233.33,9.13,12.34,21.79,207.0
酸菜炖鸡块,159.9,10.65,4.98,18.63,197.0
酸菜炖粉条,131.65,0.71,2.06,28.48,158.0
酸菜猪肉炖粉条,235.98,5.07,12.33,26.74,164.0
酸菜豆腐炖猪肉,140.13,7.37,11.71,1.97,152.0
酸菜炖冬瓜,33.96,0.85,1.6,4.94,212.0
酸菜炒豆角,149.04,5.73,12.9,3.18,157.0
酸菜汆白肉,247.56,5.26,13.01,27.88,164.0
酸菜炒猪肚,82.95,7.46,5.21,1.76,108.5
酸菜炒鸭肉,75.58,7.54,3.11,4.95,217.0
酸菜炒土豆丝,65.57,1.69,2.55,9.86,212.0
酸菜炒肉片,190.61,7.54,16.62,3.4,213.0
酸菜炒牛肉,113.59,8.79,7.57,3.2,206.0
酸菜炒年糕,108.96,1.89,2.73,19.93,212.0
酸菜炒鸡蛋,94.0,6.68,6.62,2.59,208.5
酸菜炒海带,34.62,0.89,2.54,2.74,208.0
酸菜粉条炒肉,267.63,4.06,9.78,41.3,207.0
酸菜炒肥肠,153.7,4.65,14.7,1.12,162.0
酸菜炒饭,140.0,5.21,7.74,12.77,220.0
素鸡烧鱼,170.28,15.93,10.87,2.39,212.0
素鸡烧土豆,156.62,8.83,8.09,12.51,219.0
素鸡炒青椒,126.09,8.36,8.6,4.54,207.0
素鸡炒辣椒,209.57,14.83,13.59,7.39,115.0
上海青炒鸡蛋,94.81,6.92,6.66,2.32,212.0
芹菜炒菌菇,57.29,1.46,2.82,7.8,192.0
素炒丝瓜,122.71,6.76,5.29,15.3,207.0
素炒茄子,71.43,1.57,4.33,7.68,126.0
素炒平菇,44.62,1.89,2.59,4.43,130.0
小炒金针菇,64.81,1.92,3.43,7.67,162.0
素炒豆芽,72.73,4.28,4.19,5.11,110.0
素炒冬瓜,58.48,0.54,3.13,7.62,171.0
酥炸虾仁,129.59,16.63,3.35,8.12,169.0
酥炸牛肉,183.91,16.07,6.79,14.97,174.0
香炸小鲫鱼,140.65,14.47,4.02,11.54,123.0
酥牛肉,161.02,18.29,7.19,5.77,118.0
松鼠黄鱼,120.56,10.59,4.84,8.57,180.0
家常松鼠鳜鱼,109.66,12.81,4.87,4.08,207.0
松茸清汤,27.74,0.45,2.03,2.39,155.0
家常四喜丸子,252.87,9.55,17.5,14.75,157.0
四季豆炒豆干,106.02,6.28,6.55,7.22,166.0
香菇卤肉饭,106.34,4.89,5.47,10.29,363.0
豆角焖面,215.08,6.82,7.4,30.9,199.0
什蔬蛋炒饭,112.81,5.16,4.72,13.02,242.0
丝瓜蒸虾,121.63,10.63,1.34,17.14,208.0
丝瓜蒸粉丝,137.5,1.38,1.98,29.11,168.0
丝瓜蒸蛋,78.79,5.55,5.07,3.3,165.0
丝瓜汤,67.32,5.8,4.18,1.85,257.0
丝瓜烧油豆腐,146.95,8.76,10.72,4.33,213.0
丝瓜烧豆腐,74.88,3.74,5.07,4.57,207.0
丝瓜素烧豆腐,78.38,4.11,3.83,7.67,222.0
丝瓜木耳炒鲜鱿,126.32,10.56,3.45,15.57,209.0
丝瓜蘑菇炒鸡蛋,130.43,7.05,4.93,18.38,207.0
丝瓜煎鸡蛋,97.64,6.92,6.51,3.26,212.0
丝瓜鸡蛋炖粉条,152.34,3.91,4.68,24.12,214.0
丝瓜鸡蛋饼,196.48,8.81,6.3,27.06,142.0
丝瓜炖粉条,122.97,1.18,2.67,24.35,209.0
丝瓜炒猪肉,153.61,5.52,12.23,5.77,166.0
丝瓜炒猪肝,120.11,12.1,5.88,5.15,174.0
丝瓜炒洋葱,52.08,1.28,2.8,6.1,192.0
丝瓜炒香菇,48.5,1.53,3.22,4.3,167.0
丝瓜炒香肠,188.46,7.58,14.08,8.46,182.0
丝瓜虾仁煎鸡蛋,144.03,11.2,6.14,11.13,159.0
家常丝瓜炒虾仁,128.23,10.67,2.8,15.48,209.0
丝瓜炒虾球,133.96,10.43,2.74,17.29,212.0
丝瓜炒西红柿,38.32,1.16,2.53,3.46,214.0
丝瓜炒土豆,70.67,1.9,2.6,10.53,208.0
丝瓜炒肉丝,146.08,5.05,10.03,9.48,204.0
丝瓜炒肉片,156.8,5.66,12.03,6.94,169.0
丝瓜炒牛肉,83.41,10.49,3.56,2.71,217.0
丝瓜炒木耳,136.23,5.43,3.11,27.9,207.0
丝瓜炒毛豆,112.83,6.14,4.36,15.47,187.0
丝瓜炒鸡肉,89.47,12.46,3.41,2.57,209.0
丝瓜炒鸡丁,88.41,12.51,3.43,2.22,207.0
丝瓜鸡蛋,90.73,7.02,5.76,3.12,205.0
丝瓜炒花蛤,44.44,4.4,1.84,3.0,207.0
丝瓜炒红肠,175.12,6.11,13.09,8.56,217.0
丝瓜炒豆腐,82.88,4.09,4.95,6.69,222.0
丝瓜炒大虾,76.33,9.61,2.9,3.29,207.0
焖海虾,94.17,14.34,3.03,2.44,120.0
特色水煮鱼,142.16,10.91,6.12,11.17,185.0
水煮苋菜,56.88,3.68,2.25,6.41,109.0
水煮三文鱼,144.44,12.35,8.97,3.67,144.0
川香水煮肉片,187.39,7.25,17.04,1.7,119.0
水煮平菇,50.43,2.17,2.1,6.9,115.0
麻辣水煮牛肉,206.25,16.97,11.05,11.16,176.0
水煮鲫鱼,150.66,15.24,6.53,7.94,152.0
水煮黄颡鱼,168.85,15.43,6.62,11.84,122.0
水煮豆腐,90.53,4.46,5.67,5.95,190.0
水煮财鱼,194.23,23.78,8.88,5.8,208.0
水煮板栗,188.0,4.2,0.7,42.2,100.0
水煮白菜,107.36,4.32,6.7,9.43,258.0
水蒸鸡,140.78,19.71,6.5,0.87,103.0
水嫩蒸蛋,145.31,12.45,9.62,2.56,64.0
水晶肘花,225.22,15.53,13.95,9.37,115.0
水果蔬菜沙拉,83.08,1.02,6.32,6.77,130.0
香甜水果沙拉,42.14,0.61,0.21,10.39,140.0
水炒韭菜豆腐,106.41,5.72,7.78,4.44,78.0
水炒鸡蛋,127.42,13.19,7.15,2.53,124.0
爽口洋葱,70.34,1.3,2.72,10.73,118.0
酸辣黄瓜条,51.72,1.24,2.81,5.5,116.0
爽口萝卜泡菜,47.24,0.72,1.7,8.21,127.0
爽口川式泡菜,20.39,1.02,0.23,4.64,152.0
双色剁椒鱼头,129.46,16.64,5.98,2.35,112.0
双椒蟹味菇,59.88,1.65,3.14,7.25,167.0
双椒鸡丝,106.78,14.54,3.97,3.63,177.0
双椒鸡丁,106.59,15.11,4.22,2.44,167.0
双椒炒牛肉,106.93,11.31,3.83,7.31,202.0
双椒炒豆芽,40.67,1.32,2.56,4.02,209.0
双椒拌皮蛋,160.15,10.92,11.11,4.5,133.0
双菇蒸鸡,183.24,19.13,6.27,14.35,173.0
双菇炖鸡,103.3,11.22,5.61,2.53,212.0
薯条,168.75,2.47,11.05,15.23,64.0
麻辣杏鲍菇,74.59,1.75,4.21,8.33,122.0
香菇萝卜粥,84.62,2.24,0.28,18.77,117.0
瘦身三丁,74.54,6.96,2.05,8.17,216.0
瘦肉炒玉兰片,223.68,7.65,17.73,10.26,114.0
瘦肉炒菜心,149.09,5.72,12.41,4.33,165.0
手抓羊肉,147.89,13.7,8.24,5.06,142.0
手抓羊排饭,77.0,3.02,2.56,10.7,287.0
手撕猪心,122.05,13.49,6.65,2.15,127.0
手撕茄子,61.67,1.28,2.67,8.76,120.0
炝爆手撕包菜,130.25,5.74,9.42,5.9,162.0
柿子椒炒蛋,85.47,5.29,6.03,3.05,172.0
时蔬肥牛饭,106.75,3.98,3.23,15.86,252.0
炒猫耳朵,237.11,9.39,8.35,32.1,194.0
石锅杏鲍菇,84.87,1.82,4.38,10.64,119.0
石锅辣肥肠,159.52,4.75,14.18,3.37,168.0
西芹洋葱炒牛肉,83.85,7.32,4.15,4.85,161.0
狮子头肉丸,288.28,13.84,24.61,2.93,145.0
鸡丝煲仔饭,94.72,4.91,1.54,16.07,265.0
葱油焖冬笋,76.92,3.64,4.38,6.05,117.0
洋葱土豆炒肉丝,164.29,5.29,11.26,10.76,182.0
蒸猪蹄,255.43,20.02,17.85,3.59,175.0
炸鸡中翅,219.77,16.21,12.03,11.8,177.0
生焖大虾,100.0,10.19,3.74,6.41,192.0
特色生煎包,249.55,10.01,10.52,29.97,222.0
有机菜花炒肉片,144.44,5.88,12.51,2.91,162.0
生炒蒜苔肉,171.75,5.63,11.41,12.29,177.0
生菜煎豆腐,96.07,4.83,6.3,5.87,178.0
蒜香盐煎肉,315.13,13.24,28.84,0.95,119.0
什锦虾仁,221.82,19.35,3.37,28.68,110.0
哨子面,234.29,7.31,5.56,39.51,175.0
绍兴鸡,185.47,18.19,9.99,5.71,117.0
茄子青椒炒肉,109.36,3.73,8.07,5.76,267.0
香菇白菜烧鹌鹑蛋,112.71,5.88,7.71,5.74,181.0
烧鳝鱼,126.28,12.0,4.14,10.48,156.0
蒜仔烧茄子,123.81,3.56,3.89,19.58,147.0
烧鸡公,134.13,12.87,7.33,4.46,167.0
烧饼,270.06,10.7,5.47,45.81,167.0
烧拌青椒,48.45,1.36,3.29,4.04,161.0
烧扒鸭条,251.16,14.19,18.92,6.18,172.0
虾仁滑蛋,195.81,17.16,6.42,17.47,167.0
干烧鸡块,163.95,19.77,6.8,6.01,147.0
金汤娃娃菜,81.56,4.64,4.32,6.5,347.0
上汤茼蒿,111.07,6.59,7.6,4.18,289.0
上汤芦笋,46.88,2.47,2.74,4.07,160.0
上海油爆虾,147.01,14.16,8.02,4.53,117.0
小青菜炒木耳,156.52,6.52,3.29,32.85,207.0
鳝鱼粉丝煲,187.57,11.82,3.86,26.62,169.0
鳝鱼炖粉丝,183.87,11.87,2.9,27.77,155.0
扇贝粉丝,167.46,7.14,3.43,27.26,169.0
山楂炖蹄髈,246.26,15.75,16.33,9.31,147.0
山楂炒肉片,274.19,8.29,19.59,16.6,93.0
蒸山药香肠,204.61,9.18,13.52,11.84,152.0
山药蒸南瓜,87.43,1.37,3.25,13.54,167.0
山药蒸鲫鱼,82.76,9.56,1.43,8.11,203.0
山药养生粥,101.27,2.73,1.01,20.94,158.0
山药烧五花肉,193.64,7.75,15.65,5.5,220.0
山药烧排骨,187.2,8.88,12.03,12.57,250.0
山药烧牛腩,103.32,11.12,3.65,6.72,211.0
山药烧鸡腿,118.4,10.56,5.85,6.09,212.0
山药烧鸡块,120.19,10.87,5.72,6.52,208.0
山药木耳炒鸡蛋,134.76,6.46,5.32,17.8,187.0
山药炖猪蹄,253.3,17.03,17.69,6.98,182.0
山药炖乳鸽,265.62,7.81,18.1,18.49,192.0
山药炖排骨,184.88,9.12,13.9,6.05,205.0
山药炖牛腩,84.0,7.29,2.57,8.38,175.0
山药炖鸡块,129.38,13.53,6.13,5.18,160.0
山药熘猪肝,127.39,12.83,6.24,5.1,157.0
山药玉米炒牛肉,100.51,7.3,3.55,10.38,198.0
山药炒丝瓜,65.58,1.53,1.58,11.93,215.0
山药炒肉片,157.22,5.39,10.88,9.68,187.0
山药炒牛肉,115.48,7.73,4.49,11.31,168.0
山药炒年糕,93.24,2.03,2.71,15.92,207.0
山药炒辣椒,66.43,1.81,2.33,10.23,140.0
山药炒苦瓜,59.9,1.4,2.56,8.36,207.0
山药炒双蘑,127.19,10.55,3.18,16.46,217.0
山药炒韭菜,53.14,2.09,1.74,8.16,207.0
山药炒鸡蛋,116.43,7.25,6.67,7.15,207.0
山药炒火腿,98.11,6.2,4.38,8.74,159.0
山药木耳炒胡萝卜,122.49,4.43,2.89,23.82,209.0
山药炒番茄,61.21,1.53,1.59,10.87,214.0
山药百合甜汤,46.86,0.91,0.07,10.82,175.0
山西小烧肉,327.83,13.39,28.87,3.73,115.0
山西过油肉,159.7,14.29,8.31,8.51,201.0
姜母鸭,169.15,8.84,12.83,4.7,188.0
洋葱干煸基围虾,101.8,11.31,3.92,5.56,167.0
砂锅排骨土豆,239.52,11.02,18.26,7.9,167.0
砂锅牛肉萝卜,83.33,10.32,2.74,4.87,222.0
砂锅黄鱼豆腐,109.18,11.74,6.18,2.03,207.0
砂锅炖牛肉,136.28,19.88,4.9,3.25,113.0
白菜豆腐炖肉,145.28,7.19,12.04,2.73,212.0
砂锅豆腐,109.74,3.81,2.11,19.71,267.0
砂锅白菜豆腐,99.46,2.67,3.25,15.79,185.0
胡萝卜黄瓜拌粉丝,118.42,1.03,6.09,15.48,152.0
沙丁鱼炖番茄,90.42,12.38,2.56,4.7,167.0
三文鱼腊肠炒饭,188.57,10.83,11.4,10.92,210.0
三文鱼鸡蛋煎饼,149.03,9.72,5.22,16.2,259.0
三菇烩豆腐,127.89,11.08,6.02,9.89,147.0
秘制三杯鸭,180.16,14.16,8.95,10.96,126.0
赛螃蟹,156.84,12.87,10.0,4.07,190.0
软炸茄条,105.08,5.15,5.85,8.43,177.0
软炸里脊,273.3,13.41,20.76,8.57,191.0
软炸大虾,126.35,15.56,3.26,8.68,148.0
软酥猪腰,101.68,13.84,3.19,4.19,119.0
豆芽炒香干,98.92,6.99,5.08,6.92,186.0
肉馅蒸丝瓜,214.11,7.34,7.77,29.06,163.0
肉丸冬瓜汤,69.84,3.12,6.05,0.95,252.0
肉丝烧茄子,116.02,4.51,9.92,2.38,206.0
肉丝青椒炒饭,150.23,7.03,8.53,11.11,217.0
肉丝炒油菜,132.48,5.71,11.82,1.4,157.0
肉丝炒杏鲍菇,200.0,7.81,17.24,3.95,105.0
肉丝炒西芹,118.18,4.58,9.73,3.97,187.0
肉丝炒土豆,173.29,6.55,11.36,11.58,161.0
肉丝炒酸菜,149.15,4.92,11.68,6.77,177.0
肉丝炒丝瓜,136.08,5.71,11.54,2.72,158.0
肉丝炒木耳,295.48,12.68,12.61,42.32,155.0
肉丝炒面,219.9,7.03,6.7,33.55,206.0
肉丝炒萝卜,130.86,5.2,11.22,2.87,162.0
肉丝炒芦笋,137.77,7.2,9.87,5.92,188.0
肉丝炒苦瓜,246.24,8.74,22.67,2.14,93.0
肉丝炒蕨菜,185.79,7.61,14.47,6.92,190.0
肉丝炒韭菜,143.04,6.39,11.69,3.97,158.0
肉丝炒海带,145.29,5.56,10.7,6.88,170.0
肉丝炒豆角,154.71,6.04,10.75,9.11,170.0
肉丝炒豆腐皮,364.38,25.61,27.88,4.19,160.0
肉片烧香菇,138.95,5.84,9.73,8.03,190.0
肉片烧豆腐,170.0,8.82,13.95,2.85,170.0
肉片木耳炒莴笋,200.56,8.08,11.8,19.75,177.0
肉片炖豆腐,214.72,9.17,15.64,11.97,197.0
肉片炒血豆腐,192.7,11.41,15.91,1.07,137.0
肉片炒杏鲍菇,162.57,5.73,11.98,8.53,171.0
肉片炒土豆,144.69,6.39,8.55,10.95,179.0
肉片炒丝瓜,147.67,5.84,10.61,7.62,172.0
肉片炒山药,166.06,6.0,11.31,10.46,165.0
肉片炒秋葵,190.95,8.28,15.9,4.79,210.0
肉片炒辣椒,150.0,5.51,9.98,10.24,174.0
肉片炒芹菜,130.62,5.14,11.41,2.26,160.0
肉片炒平菇,120.0,4.73,9.07,5.42,215.0
肉片炒苦瓜,144.24,5.36,11.01,6.28,165.0
腐竹豆角炒肉,223.41,15.63,14.19,9.05,205.0
肉片炒豆角,150.3,6.01,11.31,6.86,165.0
肉片炒豆腐,267.06,11.84,21.86,6.23,170.0
肉片炒冬瓜,134.59,4.99,11.47,3.18,159.0
肉片炒草菇,148.75,6.67,11.42,5.27,160.0
肉片炒白菜,147.0,5.84,12.78,2.31,158.5
肉片白萝卜,133.76,5.32,11.56,2.68,157.0
肉沫蒸豆腐,145.71,7.15,11.17,4.75,210.0
肉沫蒸冬瓜,128.4,5.41,9.09,6.7,169.0
肉沫榨菜蒸豆腐,149.09,7.74,12.1,2.39,165.0
肉沫香菇炒茄子,122.16,5.1,9.91,3.73,185.0
肉沫炒菜豆,132.77,6.11,10.56,4.75,177.0
肉沫烧油菜,110.31,5.01,8.08,5.09,194.0
肉沫烧青椒,144.91,5.48,10.93,7.19,167.0
肉沫烧千张,194.29,11.75,14.95,3.39,175.0
肉沫烧豆角,140.11,5.69,11.16,4.98,182.0
肉沫胡萝卜炒饭,172.5,5.5,10.23,14.9,200.0
肉沫豆腐蒸鸡蛋,162.87,11.22,11.27,4.78,202.0
肉沫炒玉米,203.77,7.28,13.36,14.34,159.0
肉沫炒土豆丝,213.59,8.62,16.16,8.69,206.0
肉沫炒丝瓜,141.42,5.8,12.0,3.02,169.0
肉沫炒秋葵,187.2,8.07,15.78,4.26,211.0
肉沫炒蘑菇,135.59,6.06,11.42,2.82,177.0
肉沫炒菜心,146.11,5.86,11.07,6.57,167.0
肉末长豆角,129.56,6.48,9.72,5.3,159.0
肉末榨菜烧豆腐,135.81,7.07,10.93,2.93,215.0
肉末鱼香茄子,120.81,4.09,9.56,5.26,149.0
蒜香肉末茄子,141.01,5.6,10.41,6.62,178.0
肉末焖萝卜,171.54,6.48,13.96,5.64,130.0
肉末海参,165.66,10.13,12.27,3.64,166.0
肉末粉丝,264.62,3.49,7.95,45.07,195.0
肉末豆腐,180.0,9.04,12.8,9.19,185.0
肉末冬瓜,133.93,5.17,10.89,4.2,168.0
肉末地皮菜,131.65,5.66,11.49,1.77,158.0
肉末蛋羹,112.5,7.11,8.48,1.83,256.0
肉丁炸酱面,263.37,4.57,5.56,48.89,273.0
肉丁毛豆炒青椒,214.47,11.85,16.35,5.89,159.0
肉炒莴笋,139.52,5.78,10.86,4.92,167.0
肉炒茄子丝,148.85,5.64,11.88,5.49,174.0
肉炒茄丝,153.42,5.87,12.58,4.61,161.0
肉炒萝卜丝,138.92,5.4,10.9,5.19,167.0
肉炒茭白,140.32,5.11,9.83,8.34,186.0
特色照烧鸡腿饭,112.27,5.58,3.89,13.93,220.0
日式炸鸡,170.07,17.61,10.79,0.53,137.0
日式浇汁牛舌,175.51,12.05,11.14,6.95,147.0
麻辣花生,474.63,19.08,35.87,21.55,134.0
炒牛肚,79.25,10.09,2.96,3.39,159.0
赤小豆薏米小米粥,251.03,9.6,5.69,41.54,145.0
莴笋咸肉饭,147.06,3.78,6.27,19.38,204.0
南瓜小米甜粥,136.77,3.13,1.03,29.16,155.0
糖水百合绿豆汤,48.57,2.02,0.07,10.26,245.0
秋葵煮豆腐,58.93,3.28,3.5,5.25,168.0
秋葵蒸豆腐,80.0,4.84,5.42,4.19,155.0
秋葵烧牛肉,93.12,10.7,3.56,5.19,218.0
秋葵煎鸡蛋,92.9,5.84,6.16,4.91,169.0
秋葵煎蛋,91.62,5.78,6.2,4.57,167.0
秋葵鸡汤,101.76,4.37,7.91,3.97,227.0
秋葵鸡蛋炒虾仁,104.88,8.77,4.2,9.13,205.0
秋葵番茄拌豆腐,83.17,3.94,5.19,6.0,202.0
秋葵炒鸭肉,72.42,8.13,2.26,5.79,208.5
秋葵炒香肠,224.55,9.74,17.73,7.74,167.0
秋葵炒虾仁,100.0,7.87,2.24,13.32,157.0
秋葵炒虾,71.36,10.01,2.01,4.37,206.0
秋葵炒五花肉,227.78,9.09,20.2,2.97,90.0
秋葵炒土豆片,73.03,2.16,2.58,11.6,209.5
秋葵炒肉丝,141.03,6.06,11.72,4.19,156.0
秋葵炒肉片鸡汁,190.09,7.84,15.04,6.88,222.0
秋葵炒青椒,40.65,1.42,2.16,5.68,155.0
秋葵炒培根,317.78,7.23,30.53,4.18,90.0
秋葵炒牛肉,115.88,11.7,5.66,5.32,170.0
秋葵炒木耳,119.35,4.9,2.54,25.23,155.0
秋葵炒腊肉,190.0,4.99,17.26,5.1,160.0
秋葵炒鸡肉,80.77,7.68,4.2,4.36,156.0
秋葵炒鸡胸,96.79,12.28,3.27,5.54,218.0
羊角豆炒鸡蛋,81.82,5.85,5.07,4.63,165.0
秋葵炒胡萝卜,50.95,1.71,2.57,7.06,210.0
秋葵炒红肠,120.47,4.91,8.67,6.99,171.0
秋葵炒番茄,42.58,1.39,2.61,4.86,209.0
秋葵炒蛋,91.62,5.78,6.2,4.57,167.0
黄秋葵煎蛋,91.62,5.78,6.18,4.59,167.0
秋葵板栗炖鸡汤,121.55,4.75,7.81,8.5,232.0
紫米红枣粥,195.83,5.67,0.93,41.93,120.0
清蒸蟹柳肉,138.32,16.36,7.1,2.15,107.0
家常清蒸蟹,82.89,13.2,2.55,2.06,187.0
清蒸虾仁娃娃菜,106.32,9.91,1.94,13.19,190.0
清蒸虾,90.62,17.68,0.76,3.19,160.0
清蒸西兰花,36.11,2.22,2.27,2.82,180.0
蒸武昌鱼,152.46,15.36,9.3,1.8,122.0
清蒸塘虱鱼,118.34,15.53,3.39,4.17,169.0
清蒸石斑鱼,158.93,18.29,8.31,2.87,112.0
豉油蒸牡蛎,79.44,10.29,4.21,0.19,107.0
清蒸三文鱼,151.97,12.23,8.55,6.82,152.0
清蒸茄子,35.97,1.31,1.67,4.58,139.0
清蒸皮皮虾,118.69,13.83,6.26,1.68,107.0
清蒸螃蟹,123.64,16.35,5.11,2.91,110.0
香蒸鲈鱼,134.13,16.86,6.05,2.96,167.0
清蒸龙虾,109.82,17.12,3.73,1.88,112.0
清蒸鸡,144.62,13.99,5.01,14.08,186.0
清蒸黄花鱼,116.82,16.64,5.13,0.93,107.0
豉汁蒸桂鱼,133.64,18.35,6.55,0.46,110.0
清蒸桂花鱼,139.63,18.46,6.92,0.94,164.0
清蒸对虾,102.42,17.01,2.57,2.84,165.0
清蒸冬瓜小排,200.0,10.38,17.24,1.1,165.0
清蒸刀鱼,127.89,15.47,6.71,1.51,147.0
清蒸大闸蟹,136.75,15.56,4.85,7.52,117.0
清蒸大虾,76.36,15.62,0.56,2.12,110.0
清蒸比目鱼,120.83,17.7,5.2,0.91,120.0
清蒸包公鱼,142.2,16.61,7.03,3.08,109.0
清蒸萝卜片,53.45,0.89,4.13,4.08,174.0
清蒸白姑鱼,147.24,15.61,8.94,1.32,127.0
清蒸鹌鹑蛋,154.78,12.41,10.61,2.33,157.0
姜丝大闸蟹,103.95,15.23,2.25,5.69,177.0
清真酱牛肉,133.73,19.64,4.34,4.03,166.0
香菇炒豆角,51.08,2.29,2.66,5.81,207.5
清鲜盐水虾,114.55,17.35,3.47,3.36,110.0
清汤白菜粉条,99.32,1.77,2.87,17.18,294.0
清水煮对虾,110.59,16.79,2.56,5.02,170.0
五香花生毛豆,343.93,16.33,24.79,16.45,107.0
家常清炖羊肉汤,44.61,5.17,1.64,2.64,204.0
萝卜炖羊肉,96.03,9.47,3.56,7.02,126.0
清炖全鸡,105.84,14.42,4.45,2.62,154.0
清炖猪排,192.99,12.61,15.0,2.18,157.0
清炖萝卜牛腩,48.12,7.24,0.86,3.38,160.0
清炖莲藕汤,27.8,0.87,0.12,6.49,205.0
清炖鸡,69.81,9.65,3.17,0.7,212.0
清炖海带排骨汤,132.26,6.99,11.43,0.4,248.0
洋葱青椒炒芦笋,66.03,4.59,3.68,4.52,209.0
清炒芋头片,77.03,1.34,2.61,12.46,209.0
洋葱青椒丝,41.43,1.05,1.63,6.21,210.0
清炒香菇白菜,32.68,1.76,1.76,3.71,205.0
素炒莴笋丝,33.54,1.04,1.99,3.18,158.0
清炒豌豆苗,58.72,4.62,3.53,2.98,109.0
清炒土豆丝,87.04,2.22,3.28,12.72,162.0
清炒蒜蓉西兰花,60.68,3.56,3.14,6.08,117.0
清炒南瓜,76.07,0.8,4.37,8.8,117.0
木耳炒菜花,122.22,4.58,3.69,22.84,162.0
清炒马兰头,67.27,2.55,3.09,8.03,110.0
清炒绿豆芽,43.4,1.98,2.92,2.71,106.0
清炒萝卜菜,44.86,2.63,3.13,2.2,107.0
清炒芦笋虾仁,60.98,9.46,1.8,2.34,205.0
清炒苦瓜,52.23,1.41,2.1,7.48,157.0
清炒芥兰,50.93,3.0,3.06,4.56,108.0
清炒红菜苔,70.83,2.85,4.62,4.92,120.0
清炒荷兰豆,53.29,2.64,2.11,6.44,167.0
木耳豆角炒肉,221.29,9.48,12.19,23.55,155.0
清炒白萝卜丝,72.57,1.4,4.61,7.19,113.0
青笋烧泥鳅,71.43,9.52,2.51,2.95,217.0
青蒜猪肝,123.31,12.76,6.65,3.47,163.0
青蒜炒腊肉,265.9,7.12,24.02,5.71,217.0
青柠檬海鲈鱼,123.62,14.82,6.8,0.98,127.0
青萝卜烧鸭血,85.12,7.22,1.73,10.77,215.0
青萝卜焖排骨,197.53,11.69,15.72,2.6,162.0
青韭鱿鱼丝,70.0,9.85,2.3,2.84,210.0
青椒蒸茄子,52.83,1.02,3.43,5.2,159.0
青椒榨菜煎鸡蛋,104.0,8.02,6.72,3.2,175.0
青椒炸鸡胸肉,136.72,15.36,4.08,9.99,177.0
青椒鱼片,73.71,11.01,2.5,2.1,175.0
青椒洋葱炒猪舌,94.3,6.48,5.95,4.05,158.0
青椒洋葱炒蛋,109.45,5.75,7.43,5.09,127.0
青椒鸭丁,179.23,9.91,11.02,10.35,207.0
尖椒土豆丝,77.36,1.7,2.55,12.52,212.0
青椒土豆炒肉片,143.4,5.16,9.6,9.53,212.0
青椒土豆炖排骨,181.46,9.07,13.9,5.27,205.0
青椒丝炒鸡蛋,97.58,6.81,6.67,3.0,207.0
青椒烧鱼块,101.87,12.09,5.2,1.88,214.0
青椒烧鸡爪,152.36,11.93,10.2,3.63,212.0
青椒烧腐竹,235.65,19.94,12.17,12.12,115.0
青椒鳝鱼丝,127.43,11.17,4.14,11.6,237.0
青椒肉丝炸酱面,254.07,8.52,7.0,39.72,172.0
辣椒肉丝,144.1,5.47,12.58,2.66,161.0
青椒肉沫烧茄子,145.91,5.47,12.74,2.74,159.0
青椒平菇炒肉丝,122.22,5.05,8.58,6.99,216.0
青椒皮蛋,101.9,7.72,6.11,4.43,211.0
青椒牛肉,82.33,10.84,2.93,3.9,215.0
青椒木耳炒鸡蛋,161.68,8.63,6.59,21.64,167.0
青椒毛豆炒肉丝,209.23,10.07,17.81,2.78,195.0
青椒卤豆腐,50.0,3.76,2.67,3.5,206.0
青椒萝卜炒茭白,42.93,1.15,1.71,7.02,205.0
青椒酱牛肉,145.59,14.99,8.69,2.33,136.0
青椒煎鸡蛋,97.45,5.0,6.18,6.43,157.0
青椒火腿炒玉米,101.46,6.05,2.98,13.71,205.0
青椒烩带鱼,126.86,10.67,5.38,9.46,175.0
青椒回锅肉,138.33,5.37,10.29,7.01,180.0
青椒胡萝卜丝,50.32,1.06,2.19,8.1,155.0
辣椒鱿鱼炒面,205.71,10.4,4.46,31.48,210.0
青椒炒猪血,81.4,8.19,3.21,5.54,172.0
青椒炒猪心,133.33,11.11,6.1,10.55,177.0
青椒炒猪舌,141.25,11.76,9.7,2.28,160.0
青椒炒猪肉,149.03,5.71,11.9,5.74,155.0
尖椒猪肝,102.7,11.11,4.3,5.56,185.0
青椒熘肝尖,135.52,11.72,4.88,11.75,183.0
青椒炒猪耳朵,125.12,9.86,7.97,4.3,207.0
青椒炒猪肚,94.12,7.85,4.95,5.11,212.5
青椒炒猪大肠,158.39,4.78,13.6,4.61,161.0
青椒炒玉米,112.1,2.96,4.08,17.36,157.0
青椒炒鱿鱼,82.81,9.68,3.58,3.58,192.0
青椒炒腰花,84.91,8.22,3.4,6.11,212.0
青椒炒洋葱,119.08,4.26,6.18,12.8,152.0
青椒炒羊肉,148.03,8.48,6.75,13.92,127.0
青椒炒鸭心,100.96,6.82,5.91,5.72,208.0
青椒炒鸭肉,102.63,8.1,5.23,6.57,114.0
青椒炒鸭肠,108.18,9.75,6.3,3.52,159.0
青椒炒鸭,98.17,9.84,4.13,5.86,164.0
青椒炒杏鲍菇,62.28,1.4,3.19,8.09,167.0
青椒炒香菇,59.15,2.04,3.4,6.59,164.0
青椒炒香肠,285.51,12.27,22.27,9.71,207.0
青椒炒虾仁,169.55,13.32,6.34,15.27,220.0
青椒炒虾,99.37,12.18,3.55,5.09,159.0
青椒炒西红柿,61.59,1.1,3.57,7.36,164.0
青椒炒五花肉,180.11,5.43,11.45,14.84,186.0
青椒炒土豆丝,79.23,1.88,2.7,12.9,207.0
青椒炒土豆片,72.64,2.35,1.7,13.08,212.0
青椒炒丝瓜,38.06,1.33,1.57,5.66,155.0
青椒炒肉丝,252.91,9.45,20.56,7.95,172.0
青椒炒千张,109.66,6.86,6.52,7.17,207.0
青椒炒平菇,45.16,1.65,2.26,5.84,155.0
青椒炒培根,274.63,6.39,25.46,5.76,205.0
青椒炒排骨,224.84,11.11,19.36,2.04,157.0
青椒炒牛肉片,78.71,7.71,3.0,6.16,155.0
青椒炒牛肚,75.31,5.45,3.83,5.81,162.0
青椒炒南瓜,55.41,0.86,3.38,6.21,157.0
青椒炒木耳,231.21,9.08,13.38,23.73,157.0
青椒蘑菇炒肉,115.61,5.0,9.04,4.56,205.0
青椒炒面,246.38,6.76,2.89,49.08,207.0
青椒炒毛豆,115.29,8.89,5.25,9.94,157.0
青椒炒绿豆芽,61.64,1.48,4.58,4.43,159.0
青椒炒腊肉,194.84,4.68,17.9,4.58,155.0
青椒炒腊肠,319.63,11.08,25.62,11.92,107.0
青椒炒苦瓜,46.5,1.56,2.1,6.29,157.0
青椒炒金针菇,45.45,1.9,1.78,6.83,209.0
青椒炒鸡胸,121.67,11.25,3.47,12.1,120.0
青椒炒鸡心,96.51,6.26,7.01,4.96,172.0
青椒炒鸡腿,133.76,13.28,7.9,2.83,157.0
青椒炒鸡肉,124.86,14.6,2.85,10.66,177.0
青椒烧鸡腿,152.57,12.48,7.11,10.1,175.0
青椒炒鸡块,137.72,13.0,7.2,5.81,167.0
青椒炒鸡丁,93.55,12.24,2.5,6.36,217.0
尖椒炒蛋,107.25,6.96,6.76,5.46,207.0
青椒炒鸡翅,176.97,12.1,10.21,9.7,165.0
青椒炒火腿肠,108.75,5.36,5.38,10.76,160.0
青椒炒黄鳝,98.74,11.86,4.19,3.96,159.0
青椒炒黄瓜,38.16,1.12,1.72,5.41,207.0
青椒炒花生豆腐,84.47,4.93,5.29,5.36,161.0
青椒炒花蛤,71.83,5.87,4.04,3.43,142.0
青椒炒胡萝卜片,63.06,1.15,3.5,8.25,157.0
青椒炒海带,50.96,1.11,3.38,4.75,157.0
青椒炒豆腐皮,316.05,32.4,17.41,10.46,162.0
青椒炒腐竹,273.15,21.3,14.86,14.44,108.0
青椒炒肥肠,147.8,4.48,13.17,3.36,182.0
青椒炒饭,132.99,5.98,5.44,15.41,194.0
青椒炒番茄,50.32,0.99,3.44,4.94,157.0
青椒炒对虾,106.9,16.19,3.31,3.18,116.0
青椒炒豆角,53.02,2.05,1.84,8.69,215.0
青椒炒蛏子,64.02,5.84,2.83,4.26,214.0
青椒炒草鱼块,110.49,10.69,6.43,3.02,162.0
青椒炒菜心,39.02,1.27,1.85,5.66,205.0
青椒炒包菜,35.67,0.9,2.13,4.33,157.0
青椒爆炒牛肉,109.76,13.62,4.7,3.82,164.0
青椒拌皮蛋,136.97,9.47,8.44,6.28,165.0
青椒拌豆腐,102.44,4.49,6.4,7.8,164.0
青豆虾仁,128.64,13.76,4.98,7.68,199.0
青豆肉沫,215.0,13.01,15.65,6.75,160.0
青豆牛肉末,145.41,13.48,5.0,12.55,207.0
青豆角炒茄子,40.0,1.6,1.64,6.09,215.0
青菜虾皮粥,144.7,5.53,0.55,29.8,132.0
青菜肉丝面,241.95,9.25,8.37,32.76,205.0
青菜肉沫炒面,234.59,7.64,6.91,36.11,185.0
青菜炒香菇,41.51,1.79,1.82,5.73,212.0
芹菜叶汤,38.55,2.62,2.23,2.12,166.0
芹菜小肠,63.87,6.58,3.29,2.1,155.0
芹菜烧鲫鱼,93.83,11.06,3.63,4.44,162.0
芹菜煲豆腐,71.09,3.36,4.5,5.11,211.0
芹菜肉馅饺子,201.35,10.8,7.25,24.21,222.0
芹菜煸肉丝,132.9,5.13,11.77,2.0,155.0
芹菜腊肉炒蘑菇,185.09,4.84,17.14,3.34,161.0
芹菜腊肠炒饭,171.5,5.22,9.34,17.28,214.0
芹菜金针菇炒肉,119.34,4.8,8.86,5.62,212.0
芹菜鸡蛋炒火腿,77.5,6.51,4.7,2.65,200.0
芹菜腐竹炒鸡肝,209.68,19.87,10.55,9.1,155.0
芹菜炒猪心,87.5,7.78,5.1,2.95,120.0
芹菜炒猪肉,123.39,4.79,10.7,2.46,171.0
芹菜炒猪肝,70.97,6.74,3.58,3.65,155.0
芹菜炒猪耳朵,132.5,12.11,8.89,1.25,160.0
芹菜炒玉米,81.9,2.1,2.1,14.69,210.0
芹菜炒鱿鱼,61.84,8.7,2.35,1.81,207.0
芹菜炒银耳,106.67,3.61,2.43,22.55,165.0
芹菜炒腰花,146.75,7.56,4.2,21.76,154.0
芹菜炒洋葱,38.57,0.83,1.62,5.76,210.0
芹菜炒羊肉,104.81,10.16,6.24,2.29,187.0
芹菜炒鸭血,89.22,8.57,2.15,9.01,167.0
芹菜炒鸭肠,74.74,4.23,3.73,6.32,194.0
芹菜炒杏鲍菇,44.8,0.89,2.55,5.58,125.0
香芹炒香菇,37.14,1.52,1.97,4.59,175.0
芹菜炒香肠,189.74,8.05,15.12,5.79,156.0
芹菜炒虾仁,174.86,12.37,2.18,26.65,175.0
芹菜炒五花肉,138.32,5.08,11.2,4.75,167.0
芹菜炒土豆丝,83.12,1.78,2.31,14.39,160.0
芹菜炒土豆片,74.05,1.84,2.09,12.49,158.0
芹菜炒土豆,70.29,1.84,1.93,11.97,175.0
芹菜炒肉丝,130.62,5.14,11.41,2.26,160.0
芹菜炒肉片,64.46,7.22,2.69,3.24,166.0
芹菜炒肉沫,101.46,3.67,8.92,2.26,137.0
芹菜炒牛肉,89.83,6.64,2.58,10.42,177.0
芹菜炒牛肚,61.76,5.45,2.6,4.69,170.0
芹菜炒年糕,78.06,1.45,2.19,13.77,155.0
芹菜炒木耳,109.76,4.38,2.42,22.46,164.0
芹菜炒腊肉,218.52,4.76,20.41,4.22,135.0
芹菜炒腊肠,214.19,7.35,17.65,6.94,155.0
芹菜炒尖椒,38.75,0.83,2.13,5.04,160.0
芹菜炒鸡胸肉,64.74,8.21,2.68,2.39,156.0
芹菜炒鸡块,78.98,7.29,4.17,3.31,157.0
芹菜炒鸡蛋,87.32,6.59,5.76,2.68,205.0
芹菜炒黄鳝,104.0,11.42,2.67,9.17,175.0
芹菜炒胡萝卜,48.13,0.79,3.0,5.6,214.0
芹菜炒蛤蜊,53.5,5.31,2.36,2.83,157.0
芹菜炒腐竹,222.02,16.94,10.85,14.59,109.0
芹菜炒粉条,255.29,5.15,13.71,28.25,170.0
芹菜炒肥肠,118.54,3.78,10.68,2.32,205.0
芹菜炒饭,132.28,2.81,1.39,27.41,285.0
芹菜炒豆腐干,182.07,9.44,14.33,4.38,145.0
芹菜炒豆腐,58.38,3.06,3.83,3.74,197.0
芹菜拌豆腐干,110.9,7.74,6.4,6.27,211.0
茄子馅饺子,270.2,11.34,8.91,37.2,198.0
茄子土豆酱,65.7,2.17,1.64,11.22,207.0
家常茄子烧土豆,66.67,2.0,1.71,11.76,201.0
茄子烧豆角,43.64,1.41,2.02,5.75,165.0
茄子烧长豆角,43.12,1.52,2.07,5.38,160.0
茄子炖豆角,87.18,3.68,6.37,5.01,195.0
蒜苗烧茄子,46.43,1.44,2.38,5.58,140.0
茄汁意面,250.48,8.29,9.9,32.64,210.0
茄汁牛肉,162.6,17.18,4.26,13.94,131.0
茄汁明虾,106.84,12.05,4.17,5.25,117.0
茄汁焖豆,209.55,16.55,8.74,20.06,220.0
茄汁卤豆腐,106.0,6.36,3.07,14.06,200.0
茄汁龙利鱼,119.46,10.48,3.69,11.2,185.0
茄汁菊花鱼,177.42,13.54,6.61,16.01,155.0
茄汁金针菇,45.02,1.98,1.76,6.36,211.0
茄汁煎蛋饼,192.31,9.94,5.14,27.66,195.0
茄汁基围虾,115.0,15.78,3.68,4.66,120.0
茄汁鸡肉片,178.23,17.88,3.41,19.01,147.0
茄汁鸡,166.67,18.7,4.7,12.54,147.0
茄汁蝴蝶面,219.07,9.53,4.14,36.27,194.0
茄汁灯笼茄子,43.44,1.19,1.57,6.88,221.0
茄汁脆皮鱼鸡汁,142.08,10.27,6.62,10.95,240.0
茄汁陈皮牛筋,40.0,4.24,1.94,1.6,160.0
茄汁草鱼片,150.78,13.68,6.41,9.42,128.0
茄丝面,38.32,1.13,2.01,4.58,167.0
咸鲜地三鲜,72.19,1.8,1.88,12.93,187.0
茄夹,109.71,6.17,4.57,11.59,175.0
巧蒸香辣豆腐,98.33,5.89,6.16,5.77,120.0
荞面荠菜豆渣,212.08,9.7,6.03,33.47,207.0
荞麦面荷叶馍,349.28,9.98,3.11,72.37,207.0
荞麦煎饼果子,197.14,8.25,6.88,26.37,315.0
荞麦疙瘩汤,120.35,5.03,5.15,14.16,285.0
炝糟五花肉块,280.65,10.2,23.78,6.84,93.0
炝油菜,62.96,1.2,6.02,1.85,108.0
炝绿豆芽,40.68,1.69,2.66,3.06,118.0
炝椒青笋,44.27,1.74,2.43,4.21,131.0
炝黄瓜,78.51,1.1,6.8,3.36,121.0
炝炒木耳,50.0,1.44,2.53,6.59,128.0
炝炒莲白,56.2,1.68,2.71,6.91,121.0
炝炒凤尾,42.45,1.32,3.02,2.99,106.0
炝拌青豆鸡汁,96.09,2.66,5.23,10.33,128.0
炝拌芥蓝,42.51,2.99,2.12,4.6,167.0
炝拌黄豆芽,72.78,3.3,4.57,5.59,169.0
炝拌干豆腐丝,396.58,35.84,24.69,10.6,146.0
炝拌菠菜,83.7,3.44,5.4,6.23,135.0
芡实薏米银耳羹,218.95,6.25,1.23,46.66,95.0
千张烧尖椒,164.04,11.54,9.83,8.18,114.0
千张炒肉丝,232.89,11.66,16.47,9.63,225.0
千张炒辣椒,157.21,11.98,10.33,4.61,107.5
千张炒黄瓜,113.04,8.48,6.98,4.8,161.0
千张包子蒸带鱼,309.36,35.89,15.66,8.54,267.0
千丝万缕,198.3,14.02,13.81,4.73,176.0
汽水肉,251.57,14.16,20.36,3.11,159.0
荠菜素馅饺子,231.55,9.16,4.99,38.48,206.0
荠菜炒年糕,161.62,5.11,7.39,19.11,198.0
荠菜烧年糕,128.39,3.06,2.45,23.91,155.0
葡汁鸡,127.07,12.17,5.5,7.5,181.0
葡萄鱼,128.65,14.56,6.26,3.61,185.0
莆田蛏熘,77.78,5.73,2.49,8.27,135.0
泼油辣子,61.48,1.47,2.61,9.27,135.0
苹果马蹄汤,33.33,0.4,0.12,8.25,252.0
苹果咕咾肉,216.33,6.75,12.54,19.82,147.0
平桥豆腐羹,131.72,7.1,8.38,7.46,268.0
平桥豆腐,97.05,8.94,3.68,7.22,305.0
平锅煎豆腐,87.05,5.19,6.05,3.88,139.0
平菇炖豆腐,69.05,3.27,4.77,4.32,168.0
平菇炒香肠,203.11,8.74,14.7,9.61,161.0
平菇炒生菜,37.46,1.77,2.23,3.43,157.5
平菇炒肉片,155.68,5.99,10.52,10.02,176.0
平菇炒青椒,120.54,5.17,9.94,3.48,185.0
平菇炒牛肉,85.89,7.8,4.01,5.25,163.0
平菇炒年糕,123.16,2.68,2.04,23.99,190.0
平菇炒腊肉,154.85,3.47,8.99,15.96,206.0
平菇炒鸡胸肉,70.89,9.06,2.68,3.25,158.0
平菇炒鸡肉,95.81,10.74,4.68,3.29,215.0
平菇炒鸡蛋,81.33,5.92,5.09,3.7,166.0
平菇炒火腿肠,77.47,3.83,4.27,6.84,126.5
平菇炒饭,103.63,2.45,2.98,17.51,193.0
平菇炒番茄,32.2,1.37,1.7,3.85,205.0
平菇炒彩椒,35.61,1.49,1.7,4.73,205.0
飘香手撕鸡,182.31,16.42,10.15,7.21,130.0
飘香回锅肉,293.94,12.17,26.65,1.42,132.0
啤酒煮牛肉土豆,89.26,4.97,3.08,8.01,270.0
啤酒鱼,111.85,13.74,5.41,2.2,135.0
啤酒鸭块汤,123.67,8.44,7.08,4.88,207.0
啤酒鸭翅,105.21,8.06,4.31,4.96,211.0
啤酒鸭,207.19,14.62,10.8,10.57,292.0
啤酒香卤蛋,105.88,7.61,4.75,5.41,272.0
啤酒烧鸭,72.46,7.49,2.17,2.03,207.0
啤酒卤鸡蛋,100.0,7.75,4.84,3.65,267.0
啤酒煎豆腐,103.35,5.47,5.5,8.73,179.0
啤酒鸡翅小土豆,109.25,7.4,5.2,5.7,281.0
啤酒鸡,105.57,8.12,3.81,8.34,305.0
啤酒鹅,154.4,10.21,10.99,1.11,307.0
啤酒炖牛肉,100.88,9.23,5.23,1.2,226.0
啤酒鹌鹑蛋,105.71,6.42,6.71,1.24,210.0
枇杷银耳汤,46.22,0.41,0.1,11.11,225.0
皮条鳝鱼,159.57,13.59,3.2,19.37,141.0
皮皮虾炖豆腐,87.03,9.95,4.0,3.21,185.0
皮蛋煮苋菜,101.2,6.9,5.92,5.54,167.0
皮蛋煨辣椒,121.43,7.45,7.66,6.38,210.0
松花蛋瘦肉粥,185.79,8.86,8.64,18.35,183.0
皮蛋肉饼汤,108.92,6.62,6.76,5.38,213.0
皮蛋辣椒,135.22,9.53,8.72,5.25,159.0
皮蛋烩排骨,150.54,10.04,11.34,2.1,277.0
皮蛋拌馓子,197.95,11.73,14.54,5.22,195.0
蓬莱拌粉丝,141.77,7.8,2.49,22.35,237.0
烹虾段,190.85,13.35,5.76,21.65,153.0
培根蒸南瓜,259.38,8.27,21.74,8.55,192.0
培根蒸黄鱼,257.89,15.06,20.55,3.21,190.0
培根蒸粉丝,238.06,4.62,17.77,15.3,155.0
培根蒸豆腐,213.55,7.46,17.95,6.14,155.0
培根玉米烧,311.43,5.78,26.17,14.05,175.0
培根洋葱炒蛋,229.52,8.69,19.69,4.65,166.0
培根香菇炒饭,135.64,6.46,2.96,21.69,275.0
培根土豆烧,208.84,7.34,14.89,11.7,215.0
培根土豆焖饭,140.21,4.98,2.28,25.27,291.0
培根土豆烤肉,187.32,4.19,14.41,10.73,213.0
培根酸菜酱面,336.65,9.29,10.55,51.47,161.0
培根酸菜酱,153.12,3.5,12.87,6.1,224.0
培根烧芹菜,186.54,4.11,17.71,3.13,156.0
培根烧豆角,200.64,5.26,17.71,5.88,156.0
培根青笋卷,193.12,4.61,17.25,5.06,160.0
培根木耳炒山药,282.58,8.32,18.22,26.1,155.0
培根面包,346.82,13.66,15.57,38.76,220.0
培根烤香菇,200.58,5.51,16.74,8.61,171.0
培根烤土豆,228.48,5.5,16.79,14.19,165.0
培根烤金针菇,204.43,5.31,18.37,5.25,158.0
培根烤鸡蛋,223.18,11.81,18.34,2.75,220.0
培根金针菇卷,200.0,5.47,17.86,5.45,157.0
培根煎南瓜,210.86,4.74,15.88,12.82,175.0
培根煎豆腐,225.62,7.96,20.44,3.03,160.0
培根火腿炒意面,365.79,11.71,16.12,43.57,190.0
培根饭团,174.06,7.08,4.47,27.47,320.0
培根炒圆白菜,200.0,4.63,17.24,6.88,160.0
培根炒杏鲍菇,196.25,4.67,17.19,6.41,160.0
培根炒西芹,150.71,3.3,12.74,6.8,140.0
培根炒西葫芦,144.44,3.21,13.21,3.46,135.0
培根炒土豆片,134.34,3.13,9.07,10.77,198.0
培根炒秋葵,194.87,5.19,17.69,5.08,156.0
培根炒芹菜,186.62,4.15,17.61,3.31,157.0
培根炒木耳,312.0,10.43,16.53,39.05,175.0
培根炒面,230.0,11.09,3.93,40.4,240.0
培根炒芦笋,169.39,5.08,15.39,3.56,147.0
培根炒韭菜,200.62,5.19,17.38,6.81,160.0
培根炒金针菇,202.42,5.28,16.85,8.24,165.0
培根炒芥菜,188.39,4.97,17.93,2.23,155.0
培根炒豆角,213.69,4.97,18.21,8.22,168.0
培根炒豆腐,250.72,8.26,22.88,3.65,207.0
培根炒菜心,187.34,4.87,17.59,2.96,158.0
培根炒菜花,154.15,4.22,13.56,4.71,205.0
培根炒彩椒,194.23,4.63,17.69,5.13,156.0
培根炒菠菜,151.11,4.55,13.28,3.98,135.0
培根炒白菜,179.41,4.57,16.26,4.08,170.0
培根菜心炒饭,113.64,6.72,3.6,13.89,220.0
培根白菜炒饭,115.82,5.19,3.16,17.07,196.0
泡酸辣萝卜,25.48,1.11,0.26,5.59,157.0
泡酸辣鸡爪,222.05,19.03,12.98,7.43,127.0
泡椒鱿鱼,106.92,13.58,3.59,5.22,130.0
泡椒腌萝卜,34.07,0.79,0.15,8.35,135.0
泡椒兔,112.6,15.73,4.17,3.98,127.0
泡椒酸萝卜,33.1,0.77,0.18,8.2,142.0
泡椒酸菜鱼,123.85,13.35,6.44,3.33,130.0
泡椒牛蛙,95.07,7.92,1.84,12.14,223.0
泡椒墨鱼仔,80.95,9.16,2.39,5.69,189.0
泡椒魔芋,144.59,3.76,2.03,51.74,157.0
泡椒凤爪酸辣,173.89,15.64,10.59,4.55,157.0
泡椒爆鸡胗,92.13,5.94,2.6,11.64,178.0
泡椒鹌鹑蛋,120.83,8.1,6.73,7.43,168.0
泡菜乌冬面,193.5,6.83,3.23,34.92,200.0
泡菜糯米丸子,229.87,6.24,0.78,50.16,154.0
泡菜牛肉蒸饺,230.77,9.91,4.56,38.38,221.0
泡菜牛肉乌冬面,166.32,8.88,2.49,27.51,193.0
泡菜年糕豆腐汤,74.84,2.25,2.09,12.21,310.0
泡菜煎饼,153.71,7.45,4.01,22.95,175.0
泡菜炒银鱼酸辣,70.34,6.54,3.59,3.76,145.0
泡菜炒红薯粉,215.0,5.84,13.1,18.98,140.0
泡菜炒肥羊,110.32,12.16,6.19,1.87,155.0
泡菜饼,135.33,6.95,3.42,19.9,300.0
螃蟹粉丝煲,169.4,10.13,3.14,25.27,183.0
盘丝烧饼,200.4,9.48,5.46,29.05,249.0
排骨蒸毛芋,227.91,10.94,14.85,12.72,172.0
排骨蒸土豆,228.24,11.95,15.06,11.45,170.0
排骨蒸南瓜,130.3,6.42,9.64,4.73,165.0
排骨蒸红薯,169.96,8.37,11.61,8.66,223.0
排骨蒸饭,178.67,5.77,7.05,23.12,361.0
排骨蒸豆腐,259.24,11.85,22.61,2.35,157.0
排骨芋头煲仔饭,232.47,6.61,7.49,34.64,231.0
排骨玉米汤,120.48,6.53,8.82,4.16,293.0
排骨玉米冬瓜汤,95.1,4.43,5.96,6.43,306.0
排骨土豆烧,186.83,9.1,13.9,6.54,205.0
排骨酸菜粉丝汤,155.96,5.88,8.44,14.34,302.0
排骨烧土豆,228.12,11.34,17.83,5.66,160.0
排骨烧年糕,258.18,11.43,17.34,14.24,165.0
排骨烧萝卜,162.38,8.47,13.52,2.15,210.0
排骨烧鸡蛋,246.29,14.33,19.13,4.33,175.0
排骨烧胡萝卜,215.15,10.68,17.18,4.63,165.0
排骨烧冬瓜,160.48,8.32,13.59,1.53,210.0
排骨烧板栗,263.92,12.05,18.13,13.35,158.0
排骨烧鹌鹑蛋,259.39,14.31,20.52,4.36,165.0
排骨山药煲汤,127.59,6.42,7.95,7.9,232.0
排骨砂锅面,149.1,4.72,1.38,29.77,222.0
排骨南瓜盅饭,157.14,6.81,10.15,9.75,210.0
排骨焖油豆,192.2,11.33,14.69,3.91,141.0
排骨烧饭,148.67,4.22,4.96,22.08,413.0
排骨焖饭,169.15,4.85,6.84,22.42,295.0
排骨乱炖,157.28,9.7,11.23,4.77,213.0
排骨酱鸭,263.72,14.74,20.57,5.91,215.0
排骨酱鸡翅,219.13,16.77,12.61,9.55,115.0
排骨炖玉米土豆,213.13,10.02,14.63,10.85,198.0
排骨炖玉米,211.71,10.15,14.39,11.12,205.0
排骨炖油豆角,251.23,14.78,19.07,5.74,162.0
肋排炖油豆角,177.21,9.25,13.31,5.79,215.0
小排炖土豆,202.16,10.14,15.38,6.01,185.0
排骨炖酸菜,210.97,11.06,18.32,0.84,155.0
排骨山药炖,221.25,11.27,17.76,4.19,160.0
排骨炖山药,204.21,9.65,14.97,7.83,190.0
排骨炖木耳,293.55,14.74,18.74,21.16,155.0
排骨炖萝卜,223.24,9.79,15.4,12.08,185.0
排骨炖茭白,210.4,10.59,16.46,5.27,173.0
排骨炖黄瓜,164.88,8.59,13.9,1.41,205.0
排骨炖胡萝卜,172.95,8.7,13.79,4.23,207.0
排骨炖海带,212.26,11.23,18.28,0.68,155.0
排骨炖干豆腐,348.41,27.2,25.34,4.11,157.0
排骨炖粉条,301.81,10.9,17.09,26.24,166.0
排骨炖豆角,173.3,9.42,13.88,3.67,206.0
排骨炖冬瓜,161.43,7.99,12.79,3.9,223.0
排骨炖地瓜,188.84,8.27,13.26,9.66,215.0
排骨炖白菜,264.81,9.74,15.79,21.24,216.0
排骨冬瓜汤,75.74,4.23,6.31,0.59,202.0
排骨炒丝瓜,230.81,10.49,15.41,13.0,185.0
排骨炒青椒,168.78,8.69,13.88,2.52,205.0
排骨炒年糕,214.55,7.26,9.85,24.35,165.0
排骨炒面,250.96,8.82,8.05,36.25,208.0
猪小排煲仔饭,150.0,4.72,5.92,19.79,344.0
排骨白菜砂锅,234.29,9.74,14.5,16.98,210.0
拍青瓜,62.99,1.18,2.65,8.77,127.0
拍黄瓜凉拌面筋,115.92,9.06,3.34,12.71,157.0
藕元子,115.2,0.99,2.63,22.96,125.0
剁椒藕片,69.29,1.17,2.59,12.31,127.0
藕片炒肉,170.73,5.54,12.98,8.7,164.0
藕粉圆子,367.83,3.98,14.88,55.96,143.0
耦合子,166.15,7.37,7.97,17.17,195.0
糯香排骨,299.52,13.31,10.24,38.64,210.0
糯米粥,173.0,4.5,0.5,37.65,100.0
糯米素烧鹅,256.19,14.18,9.98,28.71,210.0
糯米烧麦,316.29,10.01,6.49,54.93,221.0
糯米酿红枣,277.36,7.91,1.23,59.98,265.0
糯米莲藕,172.59,3.35,0.52,39.41,171.5
糯米煎饼 (香辣味),156.07,3.61,3.39,28.34,280.0
糯米红枣,158.81,3.11,0.36,36.23,352.0
糯米蛋,238.61,12.22,10.3,24.46,202.0
糯米咸蛋黄,252.94,10.84,4.48,42.5,187.0
糯米糍粑烧饭,167.15,4.12,3.64,29.8,277.0
糯米糍,319.74,7.46,11.23,48.07,233.0
糯米包油条,327.74,9.14,6.42,58.67,155.0
浓汤大鱼头,61.19,5.98,1.97,4.86,286.0
农家杂粮饭,160.43,4.95,0.61,35.14,470.0
农家小豆腐,217.67,17.11,10.27,18.26,215.0
农家小炒肉,181.1,8.14,14.49,5.24,127.0
特色农家小炒肉,175.54,6.85,14.65,4.73,139.0
农家扣肉,313.79,10.9,25.1,11.19,116.0
农家炖土鸡,136.5,15.47,7.15,2.74,137.0
农家炖排骨,216.04,10.15,16.45,7.38,187.0
牛尾鲜菌汤煲,51.88,3.97,2.29,3.94,345.0
牛尾萝卜汤,36.15,5.5,0.69,2.42,213.0
牛蛙炒茭白,125.0,11.8,5.75,6.73,216.0
牛肉煮香菇,69.38,8.18,2.85,3.66,160.0
牛肉煮西红柿,80.0,8.31,3.21,4.94,140.0
牛肉煮番茄,78.71,7.03,4.87,2.29,155.0
牛肉蒸榨菜,126.06,16.11,1.85,11.5,142.0
牛肉蒸面,207.34,11.57,1.12,38.16,177.0
牛肉蒸鸡蛋,100.84,12.1,4.5,2.92,237.0
牛肉榨菜馅饼,205.62,12.23,5.33,27.92,267.0
牛肉洋葱烧,129.14,6.94,7.46,8.76,175.0
牛肉西红柿汤,69.68,4.91,3.17,5.58,442.0
牛肉丸子拉面,217.22,10.55,3.08,38.13,209.0
牛肉丸子萝卜汤,42.55,4.94,1.87,1.83,235.0
牛肉丝炒茭白,72.77,6.82,2.41,6.7,191.0
牛肉烧土豆,121.29,8.13,4.86,11.65,155.0
牛肉烧山药,110.0,7.72,2.94,13.36,170.0
牛肉烧麦鸡汁,210.0,11.31,1.09,39.13,180.0
牛肉烧麦,226.29,13.11,4.55,33.92,213.0
牛肉烧萝卜,87.79,7.43,2.87,8.53,172.0
牛肉烧豆腐,98.29,9.97,5.47,2.75,175.0
牛肉烧白菜粉丝,167.63,7.48,2.65,28.86,173.0
牛肉砂锅饭,103.58,7.36,2.52,13.28,335.0
牛肉芹菜锅贴,220.98,12.95,3.34,35.66,205.0
牛肉片炒洋葱,202.86,7.71,17.28,4.29,105.0
牛肉片炒杏鲍菇,120.0,7.89,3.68,14.39,205.0
牛肉片炒土豆,105.46,7.51,2.46,13.78,183.0
牛肉木耳炒饭,114.98,7.09,5.76,8.97,227.0
牛肉清汤面,124.92,6.63,1.32,21.93,309.0
牛肉萝卜蒸饺,302.58,16.58,6.35,45.9,155.0
牛肉萝卜羹,78.39,4.98,5.42,2.93,236.0
牛肉酱打卤面,197.56,9.65,2.83,33.88,205.0
牛肉粒面条汤,120.53,6.74,0.68,22.12,302.0
牛肉辣椒酱,88.48,7.4,2.82,9.3,165.0
牛肉拉面,131.33,6.73,1.65,22.69,300.0
牛肉咖喱盖浇饭,109.33,5.16,2.81,16.38,300.0
牛肉酱杏鲍菇,231.58,4.22,18.05,16.93,95.0
牛肉酱烩豆腐,147.11,5.93,9.48,10.41,121.0
牛肉酱葱花煎蛋,169.3,11.89,12.1,3.54,114.0
牛肉煎粉条,170.56,9.22,4.46,23.68,197.0
牛肉鸡蛋炒饭,127.76,8.47,5.24,11.82,245.0
牛肉火锅,122.5,18.09,4.62,2.25,120.0
牛肉滑,104.93,8.9,3.13,10.44,142.0
粉丝牛肉羹,123.13,4.8,2.65,20.32,281.0
小白菜牛肉羹,74.24,5.55,3.7,4.79,330.0
牛肉炖芋头,90.32,7.71,2.87,8.61,155.0
牛肉炖西红柿,107.38,10.61,3.78,8.15,122.0
牛肉炖土豆萝卜,85.81,7.94,2.84,7.45,155.0
牛肉炖土豆,105.0,8.46,2.79,11.85,160.0
牛肉炖南瓜,68.75,7.27,2.73,4.04,160.0
牛肉炖萝卜,66.25,7.34,2.73,3.65,160.0
牛肉炖粉条,243.36,10.08,3.98,42.08,113.0
牛肉炖豆腐,109.27,13.61,5.27,2.29,205.0
牛肉炖冻豆腐,155.12,9.17,5.19,19.0,205.0
牛肉炖冬瓜,67.79,10.67,1.37,3.57,208.0
牛肉炖鹌鹑蛋,154.55,15.86,8.93,2.63,110.0
牛肉豆腐煎饺,258.71,13.55,4.19,42.9,201.0
牛肉炒玉米,136.42,9.15,3.19,18.72,173.0
牛肉炒洋葱,93.53,8.07,2.81,9.59,170.0
牛肉炒杏鲍菇,107.98,6.5,5.74,8.12,163.0
牛肉炒西芹,70.22,6.04,2.03,8.0,225.0
牛肉炒莴笋,87.56,10.39,2.58,5.84,217.0
牛肉炒生菜,129.36,8.76,8.62,4.36,109.0
牛肉炒秋葵,119.15,7.83,4.19,13.86,188.0
牛肉炒青椒,96.25,6.08,5.88,4.96,160.0
牛肉炒甜椒,66.46,7.48,2.79,3.29,161.0
牛肉炒芹菜,63.35,7.11,2.79,2.85,161.0
牛肉炒年糕,121.62,5.43,2.41,19.84,185.0
牛肉炒蘑菇,75.71,7.08,2.15,7.78,210.0
牛肉炒面,187.98,9.11,2.28,33.44,208.0
牛肉炒毛豆,138.71,15.32,5.97,7.19,155.0
牛肉炒萝卜丝,64.38,7.27,2.73,3.23,160.0
牛肉炒萝卜,73.78,7.34,2.66,5.47,164.0
牛肉炒芦笋,83.63,8.06,2.57,7.82,171.0
牛肉炒辣椒,78.71,7.71,3.0,6.16,155.0
牛肉炒苦瓜,121.76,13.32,3.29,9.98,170.0
牛肉炒韭菜,77.64,8.2,2.84,5.5,161.0
牛肉炒尖椒,108.41,6.29,5.99,8.17,160.5
牛肉炒鸡腿菇,241.21,22.85,3.79,34.7,165.0
牛肉炒黄瓜,107.1,10.65,5.9,2.9,155.0
牛肉炒腐竹,324.0,24.9,16.0,20.51,125.0
牛肉什锦炒饭,117.41,6.78,5.33,10.94,247.0
牛肉炒番茄,82.53,7.54,2.74,7.55,166.0
牛肉炒香干,101.92,8.23,3.85,9.52,208.0
牛肉炒豆角,110.53,7.7,6.23,6.37,171.0
肥牛烧冬瓜,94.44,6.59,2.54,11.63,180.0
牛肉炒草菇,87.06,8.49,2.65,7.78,170.0
牛肉炒彩椒,78.71,7.71,3.0,6.16,155.0
牛肉炒菠萝,91.93,7.25,2.74,9.89,161.0
牛肉炒菠菜,72.26,8.55,2.94,3.32,155.0
牛肉炒白菜,89.27,7.78,2.46,11.71,205.0
牛肉包菜馄饨,150.49,9.7,4.95,17.21,305.0
牛肉白菜烧麦,240.0,11.74,4.66,38.35,220.0
牛腩烧土豆,112.35,8.19,2.64,14.39,170.0
牛腩烧萝卜,74.55,7.05,2.64,6.13,165.0
牛腩炖西红柿,76.51,7.06,2.7,6.4,166.0
牛腩炖土豆,122.16,8.29,2.73,16.45,167.0
牛腩炖萝卜,64.52,7.32,2.81,3.0,155.0
牛腩炖腐竹,210.53,21.59,9.21,10.62,95.0
牛腩炖番茄,65.62,7.25,2.79,3.34,160.0
牛腩煲,78.8,9.05,2.27,5.9,250.0
牛蒡芦笋烧鱼头,63.49,6.12,2.48,4.59,315.0
柠香带鱼,154.93,13.99,5.37,12.85,142.0
柠蜜糖醋排骨,251.3,11.47,18.58,9.94,154.0
柠檬鸭,201.33,10.94,15.32,5.26,150.0
柠檬五香毛豆,126.96,11.51,4.66,11.58,115.0
柠檬嫩牛肉,92.57,11.11,2.9,5.72,202.0
柠檬鸡,164.17,16.93,8.6,4.64,120.0
鸟贝,90.99,10.35,3.55,4.4,111.0
酿西芹,94.82,12.57,2.77,5.34,193.0
酿豆腐,125.15,10.77,6.92,5.44,167.0
鲶鱼汤,105.59,11.76,4.42,5.3,161.0
鲶鱼炖豆腐,90.82,10.34,4.67,2.63,207.0
爽口凉拌木耳,187.84,8.68,1.1,45.87,148.0
年糕炒面,348.75,10.42,18.35,36.21,160.0
烤海虾,91.72,12.32,2.6,5.17,145.0
鲵鱼烧洋葱,117.57,11.66,5.61,5.26,148.0
泥鳅炖黄瓜,146.05,11.76,9.14,4.49,215.0
泥鳅炖豆腐,103.59,11.29,5.49,2.69,195.0
泥螺梅干菜,128.97,19.25,3.74,4.7,107.0
嫩姜炒仔鸭,116.78,10.8,3.19,11.33,149.0
嫩滑鸡蛋羹,63.77,5.0,4.39,1.09,265.0
南乳蒸鸡块,185.83,16.97,10.43,5.89,127.0
南乳炒藕片,87.07,1.52,3.11,14.39,116.0
南肉春笋,125.0,6.13,10.27,2.69,208.0
南排杂烩,72.79,5.12,2.76,7.17,305.0
南京盐水鸭,237.25,15.46,19.31,0.37,153.0
南煎猪肝,145.77,13.99,5.46,10.22,142.0
南煎丸子,179.75,11.54,6.72,18.32,158.0
南瓜蒸肉,230.92,7.8,10.23,27.14,152.0
南瓜蒸排骨,226.55,10.79,16.16,9.64,177.0
南瓜小米绵粥,59.88,1.45,0.42,12.97,172.0
南瓜小米发糕,265.16,8.81,3.81,49.99,155.0
南瓜小米红枣粥,183.33,4.33,1.0,39.94,210.0
南瓜小炖盅,65.0,1.12,0.16,15.97,180.0
南瓜小点心,277.78,8.16,4.31,52.41,180.0
南瓜香糯南瓜饼,235.29,3.92,6.12,41.54,255.0
南瓜窝头,189.66,8.61,1.28,36.91,203.0
南瓜丸子,244.06,5.91,2.76,49.24,143.0
南瓜土豆炖,53.37,1.76,0.21,11.59,163.0
南瓜甜羹,48.24,0.5,0.07,11.68,170.0
南瓜烧土豆,81.37,2.22,2.2,13.96,161.0
南瓜烧排骨,217.86,10.51,16.89,6.0,168.0
南瓜烧牛肉,98.42,11.79,2.95,6.35,190.0
南瓜烧鸡翅,165.88,11.84,8.63,10.27,170.0
南瓜浓汤,25.62,0.64,0.1,6.0,242.0
南瓜焖饭,165.49,3.84,2.52,32.29,142.0
南瓜腊味饭,109.14,4.1,1.88,19.38,350.0
南瓜腊肠锅巴饭,171.51,4.41,6.23,24.64,344.0
南瓜烤排骨,210.91,11.13,17.25,2.9,165.0
金瓜花卷,217.27,8.38,3.47,38.96,220.0
南瓜黑米饭米,109.66,2.52,0.55,24.13,290.0
南瓜发糕蒸,173.73,6.98,2.62,31.36,316.0
南瓜炖虾,84.38,12.02,2.41,3.72,160.0
南瓜炖土豆,58.71,1.29,2.06,9.16,155.0
倭瓜炖牛肉,71.71,6.17,2.17,7.24,205.0
南瓜炖粉条,119.18,1.18,2.25,24.14,146.0
南瓜炖豆角,128.29,5.0,9.06,7.08,205.0
南瓜炖豆腐,58.18,1.9,2.19,8.18,165.0
南瓜炖大虾,85.35,12.52,2.2,3.94,157.0
南瓜豆沙包,262.29,8.51,2.42,53.13,236.0
南瓜点心,245.64,6.25,0.68,55.12,195.0
南瓜炒虾仁,90.32,11.97,2.87,4.23,155.0
南瓜炒山药,53.62,1.36,1.62,8.86,207.0
南瓜炒肉片,144.79,5.2,11.38,5.69,163.0
南瓜炒牛肉,85.12,6.93,2.59,8.65,168.0
南瓜炒年糕,125.81,2.35,2.35,24.1,155.0
南瓜炒面,76.88,5.26,4.5,4.31,186.0
南瓜炒腊肠,219.81,7.55,17.42,8.44,156.5
南瓜炒鸡丁,92.56,9.83,4.58,3.3,215.0
南瓜炒鸡蛋,92.72,6.75,5.69,3.9,206.0
南瓜炒花生,304.39,12.44,23.12,13.17,205.0
南瓜炒花蛤,138.38,8.37,9.16,6.14,185.0
南瓜炒粉丝,141.67,0.78,2.07,30.44,156.0
南瓜炒饭,86.11,1.64,1.86,15.86,180.0
南瓜百合莲子羹,80.74,2.53,0.27,17.42,270.0
南昌田螺,135.65,17.47,3.49,8.66,115.0
南昌凉拌藕,104.96,1.47,5.13,14.47,121.0
奶油青豆三文鱼,124.57,9.11,6.85,7.48,289.0
奶油蘑菇汤,206.16,15.07,9.49,18.18,146.0
奶香玉米小馒头,247.09,8.59,4.14,41.73,189.0
奶香鱿鱼炒番茄,61.38,7.62,2.8,1.78,145.0
奶汤菜心,76.06,5.4,4.68,4.03,142.0
奶白鲫鱼汤,63.56,7.93,2.6,2.16,225.0
飘香黄焖鸡,225.0,16.03,12.09,12.86,120.0
虾酱南瓜,46.15,1.11,2.71,4.66,130.0
木须柿子盖饭,119.35,4.46,4.48,15.67,217.0
家常木须肉,195.61,9.58,11.59,15.7,205.0
木瓜银耳羹烧饭,101.33,2.64,0.42,25.05,150.0
木瓜银耳百合羹,58.18,0.78,0.09,14.06,220.0
木瓜红枣银耳羹,100.0,1.5,0.21,24.21,165.0
木耳蒸排骨,292.52,14.56,18.9,19.01,147.0
木耳蒸南瓜,68.57,1.67,0.17,16.83,140.0
木耳蒸鸡翅,235.88,15.13,8.99,27.88,170.0
木耳西芹炒山药,110.24,4.02,1.95,23.22,205.0
云耳西芹炒肉片,180.23,7.1,10.82,16.69,172.0
木耳西兰花炒肉,178.46,8.11,9.84,18.82,195.0
木耳烧罗非鱼,172.46,15.01,3.19,25.38,167.0
木耳烧鸡块,195.78,16.04,6.6,22.48,166.0
木耳烧腐竹,349.39,22.03,18.1,29.23,164.0
木耳烧肥肠,211.28,7.62,9.92,28.57,133.0
木耳烧豆角,42.93,1.95,1.66,6.2,205.0
木耳山药,132.49,4.58,2.12,27.98,197.0
木耳肉丝炒年糕,228.33,8.74,10.64,28.57,180.0
木耳肉丝煲仔饭,256.67,7.4,9.97,34.88,210.0
木耳焖鱼,154.44,12.92,5.02,18.63,180.0
木耳鸡汤,87.13,8.62,3.62,5.24,303.0
木耳火腿炒鸡蛋,166.33,11.66,6.67,18.66,196.0
木耳黄瓜炒鸡蛋,149.76,9.54,6.07,17.88,205.0
木耳海参猪肚汤,87.56,9.28,3.11,6.06,217.0
木耳番茄炒蛋,151.52,8.7,5.46,21.75,165.0
木耳炖鸽子,232.9,14.55,11.58,22.26,155.0
木耳炒猪心,76.88,6.43,3.66,4.95,160.0
木耳炒猪肝,196.43,12.07,4.66,31.96,140.0
木耳炒鱼,138.46,11.28,4.35,17.45,208.0
木耳炒鱿鱼,132.31,12.25,2.79,18.52,195.0
木耳炒油菜,112.9,4.74,2.68,22.9,155.0
木耳炒腰花,70.14,8.25,2.37,4.38,211.0
木耳炒鸭,251.87,13.64,14.66,20.94,160.0
木耳炒杏鲍菇,122.5,4.74,2.41,25.69,160.0
木耳炒虾仁,150.0,15.34,4.45,15.02,206.0
木耳炒西芹,236.17,10.18,13.38,24.11,141.0
木耳炒西兰花,128.83,5.18,2.55,26.81,163.0
木耳炒五花肉,199.43,8.49,10.88,21.46,175.0
木耳炒莴苣,161.05,6.26,6.51,24.65,172.0
木耳烧娃娃菜,218.06,9.21,12.19,23.04,155.0
木耳炒土豆,140.34,5.09,2.28,29.37,176.0
木耳烩山药,175.83,6.69,2.24,39.47,211.0
木耳炒肉丝,261.33,11.4,11.03,37.32,181.0
木耳熘肉片,218.06,9.19,12.19,23.23,155.0
木耳炒肉沫,141.03,5.83,11.7,3.85,156.0
木耳炒秋葵,118.35,5.08,2.49,24.87,158.0
木耳炒芹菜,111.61,4.16,2.55,23.16,155.0
木耳炒千张,120.51,9.07,7.18,5.78,156.0
木耳炒平菇,175.39,7.03,9.81,17.48,191.0
木耳炒牛肉,175.71,11.75,2.81,32.94,210.0
木耳炒里脊肉,308.2,11.67,12.44,45.64,183.0
木耳炒苦瓜,117.42,4.55,2.48,24.32,155.0
木耳炒鸡肉,291.76,12.37,13.09,39.92,170.0
木耳炒鸡块,163.64,13.16,5.27,19.61,209.0
木耳炒鸡丁,196.0,16.78,4.56,28.16,125.0
木耳炒鸡蛋,204.32,12.31,6.92,29.66,185.0
木耳炒火腿,154.4,7.84,3.62,29.07,125.0
木耳炒黄瓜,157.69,6.25,3.23,33.09,208.0
木耳炒瓜片,153.95,6.13,2.19,34.4,215.0
木耳炒腐竹,317.39,21.17,10.86,40.95,115.0
木耳炒支竹,334.57,18.79,10.04,51.41,81.0
木耳炒饭,110.0,4.79,3.84,14.43,200.0
木耳炒豆腐,153.12,8.06,5.66,22.62,160.0
木耳炒冬瓜,138.75,9.8,2.68,23.58,160.0
木耳炒菜心,189.38,8.14,2.94,42.16,160.0
木耳烧菜花,155.09,6.56,2.19,34.76,216.0
木耳炒百叶,149.46,11.47,2.92,23.31,186.0
木耳烧白菜,205.71,8.39,10.83,23.29,175.0
木耳菜炒鸡蛋,92.2,7.17,5.8,3.27,205.0
牡蛎煎蛋饼,104.44,7.96,5.93,5.26,225.0
牡丹鱼片,93.5,10.48,3.46,5.15,246.0
母鸡汤,194.38,6.74,14.46,9.75,267.0
煲母鸡汤,83.16,8.25,4.34,2.83,285.0
墨鱼丸冬瓜汤,22.05,3.19,0.28,1.87,254.0
墨鱼干豆腐汤,47.06,5.32,2.14,2.05,272.0
爆炒魔芋西芹,69.86,7.79,1.97,5.82,209.0
墨鱼炒芹菜,76.36,9.48,2.44,4.26,165.0
抹茶南瓜,239.33,10.44,4.32,40.79,178.0
魔芋煨牛腩,143.88,10.53,3.29,31.57,139.0
魔芋烧鸭,218.89,10.76,12.92,25.39,180.0
魔芋焖鸭,224.54,11.32,14.09,24.61,163.0
魔芋菠菜沙拉,172.09,4.56,7.27,35.4,172.0
辣海鲜炒饭,93.09,7.07,2.0,12.43,246.0
魔鬼蛋,251.22,15.1,18.67,9.56,123.0
蘑菇煮面,203.89,8.01,3.56,35.29,180.0
蘑菇蒸鹌鹑蛋,142.51,8.93,9.74,5.1,167.0
蘑菇洋葱炒培根,173.68,4.95,14.56,6.37,190.0
蘑菇烧排骨,171.82,9.3,13.07,4.75,220.0
蘑菇烧腊肉,189.09,5.79,16.88,4.19,165.0
蘑菇炖鸡块,123.75,10.11,4.52,11.19,240.0
蘑菇烧鸡翅,98.06,7.87,5.71,4.42,155.0
蘑菇煎豆腐,66.49,5.08,4.3,2.02,185.0
蘑菇鸡肉炒洋葱,222.7,15.58,12.18,15.11,185.0
蘑菇炖羊肉,84.04,6.71,5.02,3.6,188.0
蘑菇炖土豆,156.88,6.58,11.37,7.33,160.0
蘑菇炖鸡汤,87.92,8.37,3.77,5.66,265.0
蘑菇炖鸡肉,135.32,10.03,6.7,9.1,218.0
蘑菇炖粉条鸡,240.0,6.5,13.44,23.74,155.0
蘑菇炖豆腐,63.11,3.81,4.32,2.94,225.0
蘑菇炒鱿鱼,66.83,10.54,2.29,1.32,205.0
蘑菇炒油菜,125.71,6.01,10.43,2.57,175.0
蘑菇炒虾仁,96.11,7.66,1.97,12.53,180.0
蘑菇炒莴苣,39.52,1.83,1.53,5.21,210.0
蘑菇炒肉丸,140.0,6.61,11.71,2.65,155.0
蘑菇炒肉丝,109.27,5.34,8.93,2.59,205.0
蘑菇炒肉片,157.0,6.79,9.32,14.11,200.0
肉末海鲜菇蒸菜,116.47,5.39,8.92,4.51,170.0
蘑菇炒肉,136.25,6.06,11.47,2.88,160.0
菌菇炒肉,166.15,7.44,14.12,2.92,130.0
蘑菇炒秋葵,72.05,3.02,2.16,11.55,161.0
蘑菇炒青椒,41.91,2.04,2.36,4.05,136.0
蘑菇炒木耳,150.95,7.16,2.2,33.19,210.0
蘑菇炒面,62.58,6.16,3.13,2.94,155.0
蘑菇炒辣椒,46.58,2.32,2.07,5.83,161.0
蘑菇炒腊肠,119.23,5.37,8.56,5.8,156.0
蘑菇炒韭菜,41.67,2.54,2.12,4.13,156.0
蘑菇炒鸡肉,127.44,15.33,6.48,2.02,215.0
蘑菇炒鸡块,105.12,10.84,4.85,4.88,215.0
鲜蘑炒鸡蛋,92.68,7.71,5.71,3.17,205.0
蘑菇炒黄瓜,58.14,1.84,4.33,3.46,215.0
蘑菇炒饭,186.84,5.48,2.56,36.39,190.0
明太鱼炖豆腐,96.63,13.06,4.23,2.02,208.0
闽南芋头饭,142.35,5.11,2.35,25.48,340.0
抿蝌蚪,173.58,9.77,5.88,21.6,265.0
苗家干锅鸡,194.29,15.54,12.58,5.25,175.0
面拖黄鱼,157.14,16.63,4.78,12.15,126.0
黄瓜蘸酱,21.9,1.03,0.22,4.12,105.0
酥炸平菇,114.38,5.64,4.24,14.48,160.0
酥炸辣椒,109.6,3.55,3.12,18.46,125.0
面疙瘩汤,95.89,5.12,2.2,14.22,316.0
面疙瘩,232.86,11.9,5.33,35.09,213.0
面粉花生,444.94,19.89,30.27,25.18,158.0
炸茄汁狮子头,215.1,6.94,14.18,15.28,192.0
土豆烧里脊,181.82,6.4,11.07,14.51,165.0
香烤叉烧肉,305.0,13.1,25.1,6.72,120.0
蜜汁猪肚,152.0,12.8,6.73,10.1,125.0
蜜汁樱桃塔,262.56,9.22,2.84,50.95,203.0
蜜汁蒜香鸡,178.52,15.86,7.81,11.37,135.0
蜜汁柠檬小排,256.06,13.33,19.42,7.1,132.0
蜜汁龙利鱼,186.83,12.33,9.25,14.04,205.0
蜜汁梨球,144.64,3.57,3.64,25.0,168.0
蜜汁烤鸭胸,142.4,12.33,3.78,14.68,125.0
蜜汁烤肋排,168.2,8.54,12.88,4.55,217.0
蜜汁鸡锤下午茶,224.83,14.11,10.36,18.63,145.0
蜜汁鸡翅根,226.96,16.56,12.77,11.36,115.0
蜜汁鸡翅,214.4,15.74,11.78,11.4,125.0
蜜汁红枣山药,139.27,2.1,0.26,33.34,151.5
蜜汁番茄鸡翅,210.0,15.24,11.32,11.74,130.0
蜜枣粽子,390.62,9.94,9.66,67.35,160.0
蜜糖地瓜,86.11,0.66,0.19,21.49,108.0
蜜红豆,330.91,18.37,0.55,66.63,110.0
密制醋腌蒜苔,84.75,2.36,0.86,18.9,118.0
秘制香辣盘鳝,113.08,17.57,4.11,1.62,107.0
青椒烤鸡翅,147.62,10.26,7.5,11.67,210.0
秘制烤鸡,139.42,11.25,5.16,12.66,208.0
秘制酱油鸡爪,269.49,20.48,16.78,9.13,118.0
秘制红烧黄鳝,129.57,16.21,3.93,7.39,115.0
秘制脆皮鸭,204.35,9.94,14.42,8.81,161.0
秘制橙香鸡腿,175.15,12.11,8.92,11.65,165.0
秘制扒羊肉,121.39,11.49,5.64,6.39,173.0
米粉蒸肉,323.12,12.17,19.13,25.91,160.0
米粉蒸排骨,297.2,16.29,17.95,17.52,143.0
米粉糊茼蒿,250.62,6.57,2.67,50.46,162.0
虎皮酿椒,73.73,1.36,2.9,11.86,118.0
福袋米饭,125.26,5.51,2.48,21.04,190.0
迷你葱香花卷,323.48,14.08,3.48,60.38,132.0
洋葱烤土豆,99.43,3.48,3.53,14.13,175.0
洋芋费列罗,100.98,5.27,2.89,14.07,205.0
迷迭香烤鸡,145.12,14.71,5.31,11.64,215.0
煎三文鱼,156.0,14.37,9.06,4.41,125.0
爆炒蛏子,53.85,4.96,2.15,4.0,169.0
香椿爆炒鸡蛋,112.0,7.1,6.72,6.38,125.0
香椿拌嫰豆腐,84.66,4.74,5.22,5.5,163.0
素炒莴笋,40.0,1.01,2.54,3.66,125.0
荠菜千张卷,133.55,10.97,8.28,4.39,155.0
小南瓜,204.09,4.52,0.59,46.04,220.0
萌萌宝面疙瘩,117.86,6.92,2.69,17.34,280.0
焖猪蹄,255.29,20.18,16.6,6.12,170.0
焖糟羊肉,108.97,10.41,5.48,4.92,145.0
焖烧八宝粥,221.67,7.49,2.88,42.98,180.0
焖茄子,75.0,1.81,2.36,12.2,140.0
焖排骨,197.58,11.82,14.92,4.24,165.0
焖牛腩,74.52,5.69,4.96,1.89,314.0
焖海鲈鱼,122.58,15.34,5.19,3.73,124.0
焖腐竹,470.44,42.14,24.26,21.25,159.0
焖带鱼,171.43,15.7,5.79,14.42,133.0
笋烧老鸭,160.83,9.37,10.77,6.85,217.0
美艳剁椒,115.83,2.62,6.13,14.17,120.0
美味糟鸡,172.48,18.62,8.9,4.5,109.0
香茅草烤鸡,153.24,15.02,7.22,6.88,139.0
蒜蓉小龙虾,122.22,15.87,3.28,7.13,126.0
红烧牛腩,195.6,13.69,3.49,27.45,159.0
苦瓜烧鸭,147.66,7.97,10.78,5.01,214.0
蛋炒细面,236.32,9.59,4.57,39.58,212.0
美味爆鱼,120.34,15.56,4.19,5.07,177.0
土豆煎香肠,201.71,9.24,12.61,13.14,175.0
土豆沙拉,204.29,8.29,15.87,7.4,210.0
枸杞银耳莲子羹,103.7,2.75,0.33,23.69,135.0
金黄南瓜饼,265.64,3.61,2.43,57.72,163.0
美容肉皮冻,357.06,26.75,21.73,17.16,177.0
美龄粥,227.78,7.48,2.18,45.71,180.0
美极基围虾,124.5,12.49,5.17,7.11,151.0
梅子蒸排骨,314.38,11.9,19.83,22.3,160.0
梅子鸡之味,218.26,16.57,12.65,9.36,115.0
梅酱配炸响铃,265.37,30.02,12.8,9.64,205.0
梅干菜蒸肉,106.72,5.41,7.59,5.91,402.0
梅干菜扣肉,278.45,12.95,18.46,19.97,116.0
梅干菜炒豇豆,53.14,2.29,2.02,7.9,175.0
梅菜扣肉炒饭,197.38,8.28,8.37,23.9,229.0
家常梅菜扣肉,219.44,9.54,19.22,2.39,144.0
玫瑰银耳红枣羹,123.0,4.84,2.88,21.98,200.0
玫瑰红枣黑米粥,251.36,5.46,0.81,58.99,220.0
玫瑰豉油鸡,169.57,17.9,8.44,5.57,115.0
椒麻鸡丝,178.77,15.16,10.6,5.96,179.0
牦牛腩炖口蘑,231.25,31.27,4.93,20.69,160.0
毛豆蒸香肠,321.3,17.22,23.93,10.06,108.0
毛豆香肠饭,180.95,7.57,9.04,17.88,189.0
毛豆烧鲻鱼,139.78,15.17,6.19,6.41,181.0
毛豆烧猪蹄,283.57,21.78,17.89,9.93,140.0
毛豆烧鸭,217.58,13.61,15.28,7.02,165.0
毛豆烧鸡块,188.75,11.89,9.13,15.35,160.0
毛豆烧鸡翅,193.33,15.79,10.33,9.84,165.0
毛豆烧黄鱼鲞,131.25,15.16,5.0,6.88,160.0
毛豆茭白炒肉丝,178.48,7.28,13.46,7.76,158.0
毛豆煎鸡蛋,150.0,12.67,9.06,5.12,156.0
毛豆鸡丁,287.35,19.21,17.55,14.61,166.0
鲜毛豆,131.09,11.22,4.24,13.9,119.0
毛豆炒鱼,132.9,14.94,6.9,3.39,155.0
毛豆炒洋葱,105.11,7.97,4.64,9.44,176.0
毛豆炒鸭,115.68,11.35,4.79,8.2,185.0
毛豆炒虾仁,167.56,15.86,3.83,18.32,225.0
毛豆炒丝瓜木耳,166.06,8.28,3.87,29.81,165.0
毛豆炒丝瓜,65.69,3.97,3.47,5.69,137.0
毛豆炒肉丝,207.01,13.17,14.68,6.69,157.0
毛豆炒肉片,235.45,13.04,18.69,4.77,110.0
毛豆炒牛肉,138.71,15.32,5.97,7.19,155.0
毛豆炒腊肉,255.0,12.03,20.26,7.47,160.0
毛豆炒茭白,100.95,6.81,5.33,7.81,105.0
毛豆炒鸡肉,227.74,13.84,16.58,7.06,155.0
毛豆炒鸡蛋,149.36,12.62,9.04,5.0,156.0
毛豆炒火腿,124.85,11.85,5.72,7.85,165.0
毛豆炒冬瓜,56.74,3.45,3.34,4.13,141.0
毛豆草菇炒肉丁,158.85,8.89,10.79,7.38,192.0
香毛豆,50.75,4.17,1.74,5.82,333.0
毛葱炒鹅蛋,163.12,7.31,11.94,6.86,160.0
三文鱼番茄汤,53.42,6.2,2.75,1.26,292.0
鳗鱼寿司卷,144.56,8.38,4.62,18.37,193.0
鳗鱼海苔饭,170.53,10.76,6.46,19.75,207.0
馒头炸虾球,209.13,10.76,3.87,33.21,230.0
蚂蚁上树,332.74,7.52,16.24,39.26,113.0
玛瑙豆腐,142.72,9.51,10.33,3.29,206.0
马蹄香菇肉饼,148.02,6.99,8.79,10.84,177.0
马蹄糕,63.29,2.06,2.51,8.25,158.0
香葱鸡肉烤饭,141.14,7.72,4.23,18.11,158.0
马铃薯烧五花肉,181.21,6.35,11.1,14.33,165.0
马铃薯焖排骨,180.19,10.15,11.4,9.52,207.0
马兰头凉拌香干,120.85,8.36,6.99,6.89,211.0
马齿苋炒蛋,98.05,7.76,5.85,4.05,205.0
麻香酥鸭,270.94,12.91,18.99,12.47,203.0
麻香毛豆,52.24,4.41,1.89,5.5,312.0
麻食,193.02,8.98,3.92,31.7,215.0
麻仁卤香菇,96.72,3.71,6.02,8.55,122.0
麻婆豆腐,117.54,10.92,5.96,5.92,171.0
麻辣仔鸡,138.71,11.78,6.94,7.75,186.0
麻辣鱼锅,87.03,10.0,4.69,1.56,185.0
麻辣银鱼干,122.61,15.63,6.11,1.23,115.0
特色麻辣小龙虾,113.79,13.57,4.96,3.83,145.0
麻辣香水鱼,110.56,12.33,5.85,2.42,142.0
香辣鸡翅,128.22,8.25,7.15,8.21,202.0
麻辣兔丁,130.34,14.35,3.7,10.07,145.0
麻辣田螺,118.52,15.03,3.0,7.94,135.0
麻辣田鸡腿,180.95,12.76,6.07,22.53,168.0
特色香辣水煮鱼,121.74,11.48,4.58,9.38,207.0
麻辣皮蛋豆腐,217.92,11.33,16.41,7.03,212.0
麻辣牛肉条,176.23,18.82,9.66,4.2,122.0
麻辣牛肉丝,181.6,19.16,8.27,8.81,125.0
麻辣牛肉片,205.51,16.98,11.75,8.08,127.0
麻辣牛肉干,189.03,16.32,8.97,11.61,155.0
麻辣龙虾尾,113.16,17.37,3.89,1.98,114.0
麻辣里脊丝,178.95,17.88,11.61,0.75,114.0
麻辣冷吃兔,70.48,9.97,2.58,2.24,210.0
麻辣鸡腿,171.43,18.19,8.42,5.75,231.0
麻辣鸡条,192.0,17.18,10.98,6.07,125.0
麻辣鸡块,160.75,19.07,9.07,0.84,107.0
麻辣怪味鸡,187.2,17.48,10.54,6.38,125.0
麻辣豆腐鱼,123.43,12.37,4.99,7.57,175.0
麻辣大盘鸡,121.21,11.35,5.04,7.85,198.0
麻辣煸鸡胗,155.28,16.35,7.67,6.02,123.0
麻椒腰片,119.01,13.22,5.64,3.77,121.0
麻酱凉面,241.08,8.2,3.81,44.06,185.0
麻酱马齿苋,95.83,3.34,5.03,10.0,120.0
麻酱豆角,142.74,12.13,6.56,10.71,117.0
麻酱饼,323.08,13.03,7.61,52.27,143.0
麻酱拌莜面,243.88,10.98,8.26,33.43,237.0
麻酱拌面条,395.15,14.11,16.99,47.8,165.0
荷香牛肋骨,177.87,18.64,10.0,5.44,122.0
绿豆炖猪蹄,190.32,15.13,14.09,0.85,155.0
绿豆芽豆腐炖肉,157.87,8.17,13.13,2.29,178.0
绿豆芽炒猪肉,178.57,8.6,14.68,3.21,210.0
绿豆芽炒香肠,96.13,5.61,5.35,6.71,155.0
绿豆芽炒虾,82.58,12.55,2.48,2.65,155.0
绿豆芽炒肉丝,134.84,5.97,11.7,1.68,155.0
绿豆芽炒牛肉,59.49,6.68,2.31,3.4,195.0
绿豆芽炒年糕,98.57,2.68,1.84,18.46,210.0
绿豆芽炒韭菜,41.59,2.17,1.64,5.52,214.0
家常银芽鸡丝,105.75,8.7,4.07,8.93,174.0
绿豆芽炒火腿肠,192.73,8.48,14.47,7.52,165.0
绿豆芽炒粉丝,135.22,1.44,2.04,28.25,159.0
解暑绿豆汤,202.5,7.48,0.89,42.18,240.0
绿豆饼,333.51,13.83,6.68,56.18,185.0
绿茶饼,297.16,13.7,6.1,47.93,176.0
鱼饼鱼饼,237.67,12.22,4.85,36.53,223.0
驴肉火烧,273.33,16.11,4.33,43.63,165.0
驴打滚,331.0,14.37,4.53,60.48,200.0
洛阳肉片,245.67,12.45,15.29,16.52,208.0
螺旋肉酥饼,274.46,12.9,11.19,31.21,231.0
萝卜煮鲫鱼,100.63,11.21,3.66,6.03,160.0
萝卜洋葱炖羊肉,67.57,5.56,3.46,4.05,185.0
萝卜丸子,214.36,6.49,10.61,23.6,195.0
萝卜炒青豆,117.27,6.42,5.08,12.95,110.0
萝卜丝鲫鱼羹,96.57,10.71,3.55,5.59,175.0
萝卜丝蒸腊肉,267.57,8.88,21.51,10.49,185.0
萝卜丝丸子汤,89.69,3.16,6.83,4.15,223.0
萝卜丝烧虾,78.71,10.81,3.54,1.16,155.0
萝卜丝烧带鱼,89.16,11.1,4.37,1.61,166.0
萝卜丝炖虾,73.33,10.07,1.85,4.69,195.0
萝卜丝炖粉条,133.54,0.81,1.98,28.84,161.0
萝卜丝炖大虾,100.0,10.6,4.04,5.76,210.0
萝卜丝炒香肠,174.67,7.41,12.99,7.93,150.0
萝卜丝炒虾,76.7,9.43,2.23,5.32,206.0
萝卜丝炒牛肉,87.27,10.18,2.55,6.31,220.0
萝卜丝炒粉条,136.25,0.94,2.01,29.4,160.0
萝卜丝炒豆腐,90.3,4.54,5.09,7.46,165.0
萝卜丝饼,227.2,10.99,7.48,29.76,239.0
萝卜烧羊肉,72.9,6.42,4.15,2.84,155.0
萝卜烧排骨,201.75,11.58,14.3,7.04,171.0
萝卜烧牛肉,63.33,2.56,2.05,9.16,150.0
萝卜牛肉煲,64.35,6.65,3.17,2.97,230.0
萝卜烧牛腩,87.33,10.5,2.71,5.71,221.0
萝卜烧鲫鱼,103.07,10.96,3.64,6.91,163.0
萝卜烧带鱼,99.4,10.89,4.32,4.53,168.0
萝卜排骨鲜汤,105.98,5.98,8.7,1.13,234.0
萝卜牛腩煲饭,108.44,4.84,2.49,16.98,320.0
萝卜牛腩煲,76.0,7.17,2.69,6.3,175.0
萝卜腊肠,267.16,6.36,7.12,45.1,201.0
萝卜烤鱼丸,64.71,4.49,2.29,7.14,170.0
萝卜煎鸡蛋,126.43,7.27,5.92,11.86,140.0
萝卜糕,114.44,5.74,5.82,10.14,270.0
萝卜干炒腊肉,208.15,5.26,16.19,11.23,184.0
萝卜粉丝炒腊肉,203.08,3.6,14.15,15.99,195.0
萝卜炖鱿鱼,74.19,8.71,2.34,5.33,217.0
萝卜炖鸭,56.77,5.29,2.48,3.87,155.0
萝卜炖虾仁,126.67,11.09,1.86,16.78,195.0
萝卜炖虾,74.29,9.2,1.85,5.6,210.0
萝卜炖五花肉,148.24,5.02,10.68,8.49,170.0
萝卜炖肉片,146.51,5.51,10.55,7.92,172.0
萝卜煲牛肉,66.67,7.67,2.69,3.51,162.0
萝卜炖腊肉,189.1,4.49,17.62,3.67,156.0
萝卜炖豆腐,76.76,5.7,3.35,6.67,185.0
萝卜炖大虾,59.51,8.54,1.8,2.68,205.0
萝卜炒猪肝,84.52,9.56,4.07,2.76,168.0
萝卜炒香菇,46.0,1.92,2.25,5.97,150.0
萝卜炒虾仁,81.48,11.26,2.45,3.81,135.0
萝卜炒山药,76.47,1.22,4.84,7.72,170.0
萝卜炒牛肉,101.46,7.94,2.82,12.19,206.0
萝卜炒鸡胸,81.71,7.95,2.41,8.1,175.0
萝卜炒鸡蛋,89.9,6.83,5.72,3.32,208.0
萝卜炒饭,97.58,1.93,2.08,18.47,165.0
萝卜炒大虾,78.79,11.53,2.33,3.15,165.0
罗宋汤,61.71,4.84,3.32,3.42,269.0
煮罗汉斋,165.97,8.37,5.19,22.34,191.0
罗汉斋,58.04,3.03,2.04,8.67,286.0
罗汉扒豆腐,131.32,4.61,5.06,19.07,182.0
罗非鱼烧豆腐,107.24,11.58,4.45,5.66,221.0
罗非鱼烧鹌鹑蛋,139.02,15.22,7.6,2.39,205.0
鲁味活凤凰,161.42,16.37,7.86,6.48,127.0
卤猪心,118.35,15.5,5.02,2.83,109.0
卤猪蹄,293.4,20.43,19.75,8.92,212.0
卤猪脚,262.5,21.38,19.51,0.35,160.0
卤猪耳朵,125.0,12.99,8.09,0.0,152.0
卤汁豆腐干,234.82,15.57,15.73,7.91,112.0
卤糟猪脚,250.93,21.63,17.82,0.86,161.0
卤鸭胗,98.17,17.31,1.19,4.52,109.0
卤鸭头鸭掌,161.68,15.51,8.5,5.89,107.0
酱香卤鸭,109.79,10.9,5.28,4.86,143.0
卤鸭,123.01,13.42,3.97,8.2,113.0
卤香焖萝卜,54.78,2.62,3.66,3.76,157.0
卤香菇,58.95,1.95,3.75,5.31,190.0
卤蹄膀,265.68,20.25,18.11,5.41,169.0
卤水扎蹄,254.02,19.93,17.6,3.99,174.0
卤水豆腐,112.5,5.94,6.93,7.38,120.0
卤排骨饭,137.05,5.52,8.01,10.89,305.0
卤牛舌,232.74,15.14,17.06,4.61,113.0
卤牛肉面,118.88,5.01,2.09,20.78,376.0
卤牛肉饭,141.06,5.93,1.74,25.65,302.0
卤牛筋,32.6,2.74,1.77,1.75,365.0
卤牛腱面,244.06,16.71,4.18,35.69,202.0
卤鸡爪鸡蛋,199.52,17.88,12.08,4.86,207.0
卤鸡爪鹌鹑蛋,238.12,18.94,15.59,5.44,160.0
卤鸡腿饭,141.96,9.59,5.53,13.56,398.0
秘制卤鸡腿,150.89,18.29,6.44,4.88,112.0
卤鸡翅鸡爪,219.34,20.56,13.17,4.67,212.0
卤花生鸡蛋,263.16,15.51,18.02,10.67,171.0
卤花生鹌鹑蛋,189.3,8.58,14.7,6.44,402.0
鲈鱼蒸豆腐,104.78,12.16,5.59,1.82,209.0
鲈鱼鸭蛋饼,119.53,12.41,6.74,2.57,215.0
鲈鱼炖豆腐,105.37,12.29,5.7,1.66,205.0
芦笋杏鲍菇炒鸡,75.43,6.78,3.87,4.03,175.0
芦笋土豆泥,49.75,2.59,0.15,10.5,100.5
芦笋秋葵炒洋葱,49.23,2.08,2.48,6.14,130.0
芦笋蘑菇炒鸡蛋,75.14,6.14,4.67,3.09,177.0
芦笋煎培根,205.47,11.02,15.8,5.45,201.0
芦笋煎鸡蛋,94.32,7.46,6.04,3.33,176.0
芦笋鸡翅,122.93,10.44,7.17,4.76,205.0
芦笋火腿土豆饼,133.21,8.06,3.81,17.36,280.0
芦笋炖鸭,146.48,9.08,10.89,3.74,213.0
芦笋炖饭,43.03,1.7,0.17,9.14,330.0
芦笋虾球,71.19,10.74,2.0,2.86,177.0
芦笋炒猪肝,136.46,11.58,5.94,9.47,181.0
芦笋炒鱼片,79.17,9.37,4.02,2.08,216.0
芦笋炒香菇,35.52,2.36,1.65,4.21,205.5
芦笋炒香肠,193.55,9.45,15.12,5.74,155.0
芦笋煸对虾,170.35,13.37,2.24,24.67,172.0
芦笋炒虾,91.03,11.3,2.32,6.56,145.0
芦笋炒肉丝,136.77,6.55,11.71,2.13,155.0
芦笋炒肉片,140.72,6.63,10.98,4.67,167.0
芦笋炒培根,195.62,5.61,17.25,5.38,160.0
芦笋炒牛肉,74.63,6.73,2.16,7.92,205.0
芦笋炒木耳,40.38,2.4,2.04,4.21,156.0
芦笋炒蘑菇,154.29,19.78,3.05,16.62,210.0
芦笋煎面饼,166.23,3.85,1.65,33.71,228.0
芦笋炒腊肉,196.88,5.32,17.18,6.06,160.0
干煸芦笋腊肉,268.57,6.86,24.71,5.31,210.0
芦笋炒口蘑,157.14,20.13,3.05,17.01,210.0
芦笋炒鸡丝,77.0,7.93,2.07,7.56,200.0
芦笋炒鸡肉,85.14,7.56,3.86,5.93,175.0
芦笋炒鸡柳,80.1,7.73,2.07,8.35,201.0
芦笋炒鸡蛋,90.24,7.66,5.7,2.78,205.0
芦笋炒蛤蜊,62.33,4.85,2.59,5.49,223.0
芦笋炒饭,130.46,6.76,5.34,14.09,197.0
芦笋炒大虾,74.84,11.68,2.35,2.03,155.0
芦笋百合,72.61,5.54,2.64,7.71,157.0
芦蒿炒肉丝,179.1,6.8,10.67,13.86,177.0
龙须芙蓉,94.38,11.64,4.64,2.02,160.0
龙虾煮土豆魔芋,126.49,11.88,2.27,24.72,185.0
龙虾炒饭,118.87,8.6,3.2,13.94,265.0
龙骨汤,116.35,7.06,6.33,8.05,263.0
蟹烧毛豆,121.76,14.59,5.0,5.16,170.0
香炸鱿鱼圈,199.02,14.58,3.33,28.42,205.0
琉璃山药,130.17,1.64,5.33,19.26,116.0
滑熘鱼片,151.5,15.21,5.02,12.32,167.0
熘腰花,121.43,10.79,5.12,8.18,154.0
熘肉段,280.56,12.27,21.89,8.8,108.0
熘肥肠,127.04,4.39,10.36,4.48,233.0
溜豆腐,104.15,7.32,5.63,7.18,193.0
溜炒肥肠,239.23,13.28,9.14,30.08,209.0
火腿炖白菜,150.0,6.24,12.64,3.12,160.0
菱角烧肉,203.42,7.86,12.42,15.4,146.0
灵马鲶鱼,141.15,12.02,6.91,7.85,226.0
啤酒小龙虾,81.63,7.23,2.59,4.75,283.0
汤肉蛋,133.33,9.6,6.29,10.1,210.0
梁溪脆鳝,135.83,15.56,6.17,4.51,120.0
凉面条,166.52,7.11,5.09,23.65,224.0
凉面,283.49,10.05,9.46,39.57,212.0
凉瓜排骨煲汤,160.99,9.87,10.7,7.33,282.0
凉瓜炒蛋,91.71,6.88,5.71,3.56,205.0
凉菜双拼,50.4,1.34,0.35,11.18,125.0
凉拌猪耳朵,146.95,12.6,8.66,5.02,164.0
凉拌鱼腥草,71.68,1.96,2.73,14.2,113.0
凉拌洋姜,93.86,2.95,2.94,16.43,114.0
凉拌羊肚,242.57,13.38,14.33,16.08,202.0
凉拌血蚶,107.38,8.47,5.6,5.86,122.0
拍鲜黄瓜,34.68,1.44,0.19,7.0,124.0
凉拌香辣土豆丝,74.56,2.49,0.21,16.27,114.0
凉拌土豆丝,79.03,2.67,0.21,17.29,124.0
凉拌土豆片,74.56,2.51,0.21,16.39,114.0
凉拌蒜泥茄子,68.92,1.51,4.24,6.78,148.0
酸辣拌土豆丝,109.36,2.34,4.94,14.82,171.0
凉拌丝瓜鸡头,69.16,4.11,4.94,2.07,107.0
凉拌爽口木耳,212.34,8.25,3.03,48.03,154.0
凉拌蔬菜沙拉,88.82,1.68,0.3,20.84,152.0
凉拌手撕鸡丝,157.83,17.69,5.57,11.52,166.0
凉拌手拍黄瓜,73.28,1.02,4.76,6.81,131.0
凉拌秋葵,60.15,2.05,2.46,9.19,133.0
凉拌黄秋葵,59.09,1.98,2.47,8.97,132.0
凉拌秋葵鸡汁,54.24,2.15,2.78,7.08,118.0
凉拌青瓜,66.94,1.59,3.07,9.16,121.0
凉拌芹菜花生,183.51,7.61,13.52,9.14,188.0
鸡汁拌茄子,50.0,1.27,2.92,5.19,112.0
凉拌皮肚,414.81,9.17,35.34,15.21,135.0
凉拌皮蛋豆腐,145.37,9.81,10.19,4.08,216.0
凉拌皮蛋,119.75,9.52,6.89,5.45,157.0
凉拌牛肉,111.7,13.54,4.44,4.6,171.0
木耳拌胡萝卜,167.8,5.81,3.28,35.55,118.0
凉拌魔芋丝,154.22,4.1,2.07,53.2,166.0
凉拌毛豆,184.03,11.37,10.92,11.81,119.0
凉拌马齿苋,82.61,2.77,4.7,8.18,115.0
凉拌麻辣牛肉,175.0,18.22,9.76,3.97,128.0
凉拌麻将豆角,102.59,3.59,6.76,8.13,116.0
凉拌莲藕片,54.84,1.79,0.3,12.21,124.0
鲜拌老虎菜,47.59,1.54,2.14,6.13,166.0
凉拌拉皮,106.3,1.01,4.98,14.56,127.0
凉拌昆布,71.1,2.17,4.24,6.67,173.0
凉拌苦荞面,312.67,9.8,6.11,59.5,150.0
凉拌苦菊,206.67,9.58,13.8,12.39,165.0
蒜蓉拌苦瓜,84.73,1.34,4.68,9.75,131.0
鲜拌苦瓜,47.22,1.03,2.87,4.9,108.0
凉拌蕨菜,52.12,2.13,0.79,10.62,165.0
红油拌金针菇,70.34,2.3,2.88,9.8,118.0
凉拌鸡丝面,143.77,8.25,0.7,26.49,265.0
凉拌鸡丝粉皮,160.27,7.65,10.45,9.58,219.0
鸡汁拌鸡丝,152.76,16.03,9.64,0.46,127.0
凉拌鸡脚,215.51,19.67,13.22,4.59,187.0
凉拌黄瓜丝,40.47,1.28,1.81,5.46,215.0
凉拌黄瓜肉片,117.46,6.42,9.14,2.28,189.0
凉拌黄瓜木耳,96.11,4.33,0.64,22.42,180.0
爽口胡萝卜丝,63.7,1.02,2.44,10.59,135.0
凉拌黑木耳苦瓜,155.35,6.1,2.15,35.09,215.0
凉拌黑木耳,217.01,8.66,3.1,48.95,147.0
凉拌海蜇头,77.46,2.8,3.69,8.71,173.0
凉拌海蜇皮,178.52,12.09,10.72,8.5,149.0
凉拌海凉粉,60.23,1.0,2.06,9.79,176.0
家常拌海带,44.72,1.59,2.54,4.08,123.0
凉拌广东菜心,71.07,2.02,5.97,3.16,121.0
凉拌腐竹海带丝,229.81,22.07,10.48,12.16,104.0
凉拌腐竹,182.8,15.29,8.95,10.94,157.0
凉拌粉条,210.83,1.27,5.17,39.88,120.0
凉拌粉丝,359.5,2.07,7.53,71.19,121.0
凉拌豆筋,88.33,13.58,0.14,8.76,180.0
凉拌豆腐皮,309.7,31.76,15.83,12.84,165.0
凉拌豆腐,66.1,2.36,5.81,1.17,118.0
五彩东北大拉皮,190.86,15.23,10.18,10.98,175.0
凉拌莼菜,43.33,1.48,2.62,4.07,120.0
凉拌穿心莲,100.0,3.01,7.64,5.03,135.0
凉拌菠菜,84.62,2.5,4.57,8.97,117.0
凉拌北极贝裙边,88.89,10.15,3.1,5.14,117.0
凉拌百叶,61.88,7.79,2.41,2.4,202.0
凉拌白萝卜丝,53.91,1.15,3.1,6.82,115.0
莲子蹄髈,266.92,20.42,14.99,12.8,130.0
莲子鸡汤,63.18,10.31,0.83,3.89,277.0
莲子红枣银耳羹,129.44,2.75,0.35,30.58,180.0
莲蓬沙锅鸡,140.0,16.02,7.43,2.52,200.0
莲藕煨排骨,112.45,5.56,7.93,5.06,257.0
莲藕排骨玉米汤,113.9,5.56,7.24,7.11,295.0
清炖莲藕排骨汤,110.64,7.84,7.52,3.17,282.0
莲藕炖排骨,81.59,5.35,5.81,2.11,353.0
莲藕肉片,154.84,5.65,11.77,7.42,155.0
莲菜炒肉片,176.47,6.59,9.18,19.75,204.0
莲,244.38,3.25,1.99,53.76,178.0
香甜栗子粥,220.0,5.0,0.62,49.15,200.0
栗子香菇烧茭白,102.35,2.62,2.14,19.29,170.0
栗子烧鸭翅,170.3,11.11,4.72,21.04,202.0
栗子焖排骨,270.89,11.96,18.13,15.24,158.0
栗子黄焖鸡,213.49,12.57,8.23,22.56,215.0
荔枝虾球,91.9,9.53,2.1,8.61,247.0
荔枝肉,145.0,10.35,7.42,9.12,120.0
荔枝鸡球,103.81,9.47,4.02,7.61,210.0
荔浦芋头扣肉,270.0,10.81,22.37,6.5,150.0
荔浦芋头,225.47,4.6,19.03,9.2,161.0
芋头炒肉丝,168.24,5.84,10.77,12.34,170.0
鲤鱼汤,67.57,8.59,3.23,1.15,222.0
鲤鱼烧豆腐,113.13,11.65,5.26,5.31,198.0
笋酸菜烧泥鳅,75.26,10.15,2.87,2.49,190.0
藜蒿炒牛肉干,309.91,22.74,21.24,7.33,111.0
篱蒿炒腊肉,198.16,5.77,17.18,5.43,163.0
漓江啤酒鲤鱼,99.66,10.01,4.78,1.61,294.0
冷锅鱼,114.29,8.93,4.05,10.62,252.0
擂辣椒,36.65,1.19,2.14,3.75,161.0
擂钵茄子,46.11,1.71,2.09,5.86,180.0
豌豆面韭菜煎饼,188.37,9.72,4.76,27.47,215.0
酱黄瓜炒豆腐干,83.43,4.83,5.08,4.83,175.0
鸡蛋炒青椒黄瓜,70.27,4.79,4.54,2.76,185.0
带鱼炖冻豆腐,121.89,12.72,5.88,4.92,169.0
烙饼,306.02,11.8,5.64,53.31,133.0
老油条牛肉,213.56,14.46,8.12,20.84,177.0
老汤豆腐皮,230.91,24.06,12.15,8.75,220.0
老式土豆酱,88.65,2.55,2.35,14.9,141.0
老烧鱼块,115.87,13.46,6.63,0.78,126.0
老烧青鱼,137.62,11.37,6.4,8.68,210.0
粢饭糕米,243.75,5.4,1.85,51.62,240.0
老陕炝莲菜,78.95,1.06,2.83,13.6,114.0
老娘叉烧,327.19,13.52,29.04,2.89,114.0
老妈带鱼,128.76,11.95,6.89,5.98,153.0
老家拌苘蒿,214.29,9.45,15.8,9.73,161.0
老黄瓜瘦肉汤,107.09,4.13,5.75,10.38,268.0
老鸹撒,151.27,8.3,4.07,21.13,197.0
老干妈香辣莲藕,96.41,2.29,4.39,13.33,167.0
老干妈炒蛏子,332.5,39.41,6.99,28.52,120.0
老醋花生米,516.85,20.45,40.48,19.94,184.0
老醋海凉粉,67.22,1.16,1.93,11.82,180.0
老北京炸酱面,248.4,7.84,7.35,38.29,188.0
蒜味茄泥,51.06,1.88,1.79,7.46,188.0
蒜泥拌茄子,82.97,2.2,4.1,10.03,182.0
肉丁炒酱瓜,197.83,7.67,16.39,5.22,138.0
麻酱烧饼,378.26,13.52,13.02,53.94,161.0
老北京酱牛肉,135.0,14.31,3.79,11.27,160.0
老北京鸡肉卷,240.5,14.64,3.33,38.93,200.0
老北京疙瘩汤,123.36,6.16,4.59,14.91,274.0
崂山松蘑炖鸡,175.76,18.79,6.88,16.88,165.0
烂肉豇豆干拌面,184.11,6.66,6.53,26.59,214.0
懒人盐水虾,125.0,15.23,3.72,7.68,120.0
懒人泡菜,34.68,1.9,0.27,7.01,173.0
丝瓜炒韭菜,39.53,1.93,1.68,5.24,215.0
咸肉蒸千张,318.69,19.59,24.57,5.56,107.0
糖醋熘排骨,295.15,15.39,24.82,2.64,165.0
蒜蓉辣椒,75.71,2.09,2.48,12.64,140.0
砂锅红烧肉,314.37,13.98,27.08,3.81,167.0
奶油炖菜,125.37,9.39,6.86,6.63,205.0
萝卜烧牛肋排,82.63,11.6,3.0,2.71,190.0
红烧土豆鸡块,127.52,10.62,4.78,10.74,218.0
蓝花晶鱼,127.54,12.0,5.69,7.41,167.0
兰花蟹,182.25,13.95,7.18,15.56,169.0
兰花豆腐,176.83,12.28,11.72,5.9,259.0
辣子肉丁,244.63,9.34,20.08,6.84,177.0
辣子鸡块,118.18,9.99,6.05,6.22,110.0
辣子鸡丁,144.8,16.37,8.22,1.42,125.0
辣子肥肠,216.46,6.23,17.75,8.6,158.0
辣汁卤藕,87.5,1.51,4.66,11.07,112.0
辣汁黄鳝鱼,82.58,12.48,2.87,2.1,155.0
辣油藕片,135.07,2.07,7.02,16.98,134.0
辣味咸鱼,118.98,15.7,5.34,2.39,137.0
辣味鸡胸条,136.02,23.39,3.93,2.35,161.0
辣肉沫炒豆角,141.62,5.85,10.58,6.53,173.0
辣腊辣炒饭,184.93,8.5,10.32,15.33,365.0
辣椒烧鸡腿,144.0,16.45,7.82,2.14,125.0
辣椒烧鸡块,212.03,12.19,15.92,5.06,133.0
辣椒泡菜,35.04,1.1,0.21,7.96,117.0
辣椒木耳炒鸡蛋,164.32,10.51,6.71,19.64,185.0
辣椒苦瓜炒肉丝,127.43,5.03,10.41,3.82,175.0
炸辣椒,93.6,3.31,2.96,14.38,125.0
辣椒煎鸡蛋,110.91,8.41,7.12,3.93,165.0
辣椒煎豆腐,52.59,1.84,3.18,4.41,135.0
辣椒煎蛋,120.77,10.12,7.73,2.91,207.0
辣椒火腿炒鸡蛋,144.52,9.69,8.55,7.5,146.0
辣椒炒猪蹄,195.0,15.08,13.71,3.15,160.0
辣椒炒猪肝,114.56,10.23,5.3,7.02,103.0
辣椒炒猪耳朵,136.97,12.19,8.69,3.07,165.0
辣椒炒猪肚,114.39,11.92,6.25,2.71,132.0
辣椒炒玉米,111.44,3.28,3.2,18.92,135.5
辣椒炒鱼,114.5,13.18,6.35,1.4,131.0
辣椒炒鱿鱼,64.93,9.09,2.28,2.55,211.0
辣椒炒羊心,104.62,9.11,5.82,4.36,130.0
辣椒炒鸭肠,121.58,10.58,7.86,2.32,139.0
辣椒炒香菇,43.84,1.88,2.35,5.18,146.0
辣椒炒香肠,240.0,8.81,17.57,12.76,90.0
辣椒炒虾,97.04,14.1,2.9,3.85,135.0
辣椒炒西红柿,40.29,1.04,2.44,4.67,136.5
辣椒炒五花肉,175.33,6.44,12.27,10.51,150.0
辣椒炒土豆丝,75.27,2.02,1.91,13.58,186.0
辣椒炒土豆片,90.0,2.38,2.53,15.06,130.0
辣椒炒土豆,88.15,2.21,2.46,15.16,135.0
辣椒炒丝瓜,36.97,1.26,2.02,4.18,165.0
辣椒炒肉丝,156.47,5.51,10.87,9.99,170.0
辣椒炒肉片,199.05,8.12,17.3,3.36,105.0
辣椒炒肉,134.39,5.51,11.62,2.42,157.0
辣椒炒芹菜,37.78,0.59,2.46,4.27,135.0
辣椒炒排骨,209.38,10.89,17.78,1.69,160.0
辣椒炒牛肉,83.33,9.53,3.67,3.55,120.0
辣椒炒泥鳅,94.0,12.47,3.45,3.85,150.0
辣椒炒南瓜,44.03,0.9,2.08,6.26,159.0
辣椒炒木耳,124.84,4.89,2.52,26.14,161.0
辣椒炒蘑菇,55.15,2.18,2.01,8.18,165.0
辣椒炒面,202.86,5.58,2.19,41.06,175.0
辣椒炒腊肉,270.27,6.25,24.9,6.07,111.0
辣椒炒苦瓜,44.87,1.13,2.13,6.21,156.0
辣椒炒韭菜,57.55,1.85,3.24,6.63,106.0
辣椒炒金针菇,46.39,1.52,2.11,6.39,166.0
辣椒炒鸡心,140.84,10.68,9.65,3.35,155.5
辣椒炒鸡肉,317.67,12.47,26.21,8.36,215.0
辣椒炒鸡块,216.91,15.26,14.65,6.3,136.0
辣椒炒鸡丁,143.89,12.21,5.97,10.75,180.0
辣椒炒鸡蛋,98.57,6.99,5.72,5.62,210.0
辣椒炒鸡翅,189.63,14.8,10.89,8.24,135.0
辣椒炒火腿肠,231.85,5.77,6.24,38.76,135.0
辣椒炒黄鳝,87.95,11.64,2.8,4.39,166.0
辣椒炒黄瓜,51.76,0.87,3.76,4.14,85.0
辣椒炒胡萝卜,51.82,1.26,2.92,6.59,110.0
辣椒炒红肠,204.38,7.93,16.51,6.53,160.0
辣椒炒蛤蜊,64.0,6.37,2.94,3.18,125.0
辣椒炒番茄,56.16,1.46,2.8,7.42,146.0
辣椒炒豆角,201.9,7.82,17.31,4.37,105.5
辣椒炒豆腐干,239.2,12.21,19.02,5.26,125.0
辣椒炒豆腐,97.3,4.93,5.7,7.55,148.0
辣椒炒地瓜,76.8,0.77,2.62,13.66,125.0
辣椒炒大虾,83.64,11.65,2.22,4.74,165.0
辣椒炒大肠,116.43,3.64,10.31,2.99,140.0
辣椒炒白菜,38.71,1.32,2.26,4.42,155.0
辣椒白菜炒肉,177.78,7.85,15.59,2.24,117.0
辣酱臭豆腐,97.41,5.55,5.12,7.65,193.0
尖椒干煸鸡片,108.67,16.93,3.38,3.11,150.0
辣豆瓣鱼,177.59,14.0,9.75,8.72,174.0
辣泡椒鸭肠,142.11,11.19,8.33,5.74,133.0
辣炒鱿鱼,112.5,16.7,4.83,2.58,112.0
辣炒意大利面,316.0,10.66,2.6,62.74,125.0
辣炒洋葱鱿鱼,77.06,10.77,2.78,2.56,170.0
辣炒羊肉丝,143.27,12.26,7.77,6.51,104.0
辣炒烟薰牛肉,92.81,13.08,3.41,2.63,167.0
辣炒鸭脯肉,127.69,12.73,4.21,10.37,130.0
辣炒香干,145.79,8.71,7.75,11.05,190.0
辣炒蚬子,69.29,5.56,3.26,4.78,140.0
辣炒文蛤,76.67,6.04,2.71,7.46,150.0
辣炒年糕拉面,170.0,6.36,2.33,31.13,190.0
辣炒年糕,96.32,4.05,2.18,15.41,190.0
辣炒毛蛤蜊,63.78,6.35,2.89,3.29,127.0
辣炒空心菜梗,55.88,2.38,2.4,7.65,136.0
辣炒鸡架,167.39,16.96,8.96,5.68,138.0
辣炒花甲,61.76,5.95,2.73,3.58,136.0
炝爆蛤蜊,72.53,4.88,3.29,6.36,182.0
辣炒蛏子,82.69,5.72,2.44,9.89,156.0
辣爆羊肚,114.29,10.68,5.25,6.06,126.0
辣白菜五花肉,104.5,5.44,7.5,4.55,200.0
辣白菜烧虾球,88.2,11.71,2.17,5.75,161.0
辣白菜烧土豆,80.0,2.22,2.07,13.91,165.0
辣白菜烧牛肉,73.15,6.14,2.15,7.89,216.0
辣白菜烧豆腐,74.36,4.46,5.38,3.01,156.0
辣白菜烤五花肉,130.97,5.32,11.77,1.68,155.0
辣白菜鸡汤,68.58,7.93,3.8,0.9,261.0
辣白菜炖排骨,219.71,12.62,18.52,0.94,137.0
辣白菜炖牛腩,108.13,11.0,4.22,7.12,209.0
辣白菜炖豆腐,85.29,5.09,6.17,3.32,136.0
辣白菜炒五花肉,135.54,5.0,11.07,4.64,166.0
辣白菜炒土豆丝,57.28,1.6,1.65,9.9,206.0
辣白菜炒土豆片,135.36,4.91,8.52,10.35,181.0
辣白菜炒培根,183.33,4.23,17.69,2.6,156.0
辣白菜炒牛肉,115.31,8.66,6.6,5.95,209.0
辣白菜炒年糕片,72.25,1.49,1.93,12.69,191.0
辣白菜炒鸡蛋,86.47,6.86,5.7,2.55,207.0
辣白菜炒花蛤,64.24,5.64,2.52,5.11,151.0
辣白菜炒饭,225.24,7.98,13.84,17.68,206.0
辣白菜炒豆腐,83.7,4.08,6.21,3.77,92.0
辣白菜,114.8,3.32,0.61,25.25,223.0
腊鸭焖藕,157.35,8.14,10.9,7.37,211.0
腊味小黄瓜,113.46,4.65,8.49,4.62,156.0
腊味糯米饭,189.74,8.19,7.05,23.75,302.0
腊味荷兰豆,205.56,9.52,14.59,9.46,162.0
腊味合蒸金瓜煲,340.59,11.29,22.43,23.44,202.0
腊味高山娃娃菜,173.02,4.54,16.57,2.19,189.0
腊味饭,267.81,10.49,8.21,38.34,233.0
腊味煲仔饭,312.86,10.0,11.63,42.57,210.0
腊肉蒸芋头,208.07,4.65,17.14,9.11,161.0
腊肉蒸土豆,129.8,3.35,9.65,7.62,255.0
腊肉蒸萝卜丝,80.35,8.84,3.31,4.21,173.0
腊肉蒸鸡块,245.23,13.9,18.19,6.55,199.0
腊肉蒸饭,127.76,5.61,1.56,23.22,353.0
腊肉蒸豆腐,214.01,8.06,18.94,3.41,157.0
腊肉蒸白菜,167.37,5.9,14.72,3.75,190.0
腊肉香肠蒸饭,171.94,6.5,5.33,24.74,360.0
腊肉虾仁炒菠菜,200.95,8.96,13.27,11.73,211.0
腊肉烧小土豆,210.11,4.93,14.74,14.8,188.0
腊肉鳝鱼钵,199.56,11.68,15.68,3.05,226.0
腊肉芹菜炒香干,188.35,6.67,16.14,4.54,206.0
腊肉焖饭,146.35,5.12,2.18,26.88,315.0
腊肉蔬菜炒饭,120.3,8.43,4.82,11.2,271.0
腊肉煎土豆片,187.24,4.54,14.12,11.04,196.0
腊肉鸡蛋酱,265.0,12.3,22.71,2.94,160.0
腊肉红菜苔,201.21,5.61,18.13,4.19,165.0
腊肉腐竹蒸,322.76,16.61,24.91,8.53,145.0
腊肉饭,189.82,12.27,10.32,12.05,285.0
腊肉炖香肠,503.53,15.45,46.59,5.66,85.0
腊肉炖土豆,230.32,5.48,17.8,12.42,155.0
腊肉炖鳝片,185.12,12.06,13.99,2.79,215.0
腊肉炖黄鳝,235.48,15.42,18.57,1.71,155.0
腊肉炖豆腐,207.43,7.29,18.74,3.0,175.0
腊肉炒竹笋,172.13,5.07,15.17,4.44,183.0
腊肉炒洋葱,204.17,4.46,16.47,9.86,168.0
腊肉炒杏鲍菇,198.73,4.61,17.51,6.21,157.0
腊肉炒香干,273.14,12.03,22.13,7.05,175.0
腊肉炒西芹,189.17,4.31,17.57,4.39,157.0
腊肉炒西兰花,195.0,6.3,17.71,3.76,160.0
腊肉炒西葫芦,138.6,3.56,8.49,13.88,215.0
腊肉炒土豆丝,178.54,4.39,13.51,10.32,205.0
腊肉炒土豆片,218.86,5.37,15.79,14.15,175.0
腊肉炒青椒,325.0,20.54,24.53,7.01,160.0
腊肉炒芹菜,177.58,3.9,16.75,3.3,165.0
腊肉炒千张,328.48,18.5,26.32,4.75,165.0
腊肉炒年糕,236.32,5.21,14.78,20.87,190.0
腊肉炒面,395.0,10.99,17.69,48.16,160.0
腊肉炒绿豆芽,188.39,4.9,17.74,2.61,155.0
腊肉炒萝卜,186.67,4.5,16.78,5.05,165.0
腊肉炒芦笋,223.91,5.5,19.97,6.33,138.0
腊肉炒辣椒,253.91,5.81,23.93,4.6,115.0
腊肉炒苦瓜,192.26,4.45,17.74,4.1,155.0
腊肉炒韭菜,192.36,5.31,17.7,3.79,157.0
腊肉炒茭白,153.17,3.78,13.52,4.88,205.0
腊肉炒黄鳝,201.62,13.13,15.59,2.47,185.0
腊肉炒黄瓜,183.23,4.38,17.16,2.91,161.0
腊肉炒胡萝卜丝,253.33,5.98,23.21,5.97,120.0
腊肉炒胡萝卜,256.52,5.65,23.92,5.49,115.0
腊肉炒干豆腐,335.0,20.13,24.37,10.44,160.0
腊肉炒粉条,359.62,8.79,18.19,45.03,156.0
腊肉炒饭,94.74,5.7,2.86,12.22,285.0
腊肉炒豆角,167.11,4.15,12.54,10.21,225.0
腊肉炒冬笋,193.71,5.61,15.78,7.66,175.0
腊肉炒地瓜,217.42,4.26,17.8,10.81,155.0
腊肉炒菜花,178.5,4.38,13.85,10.01,200.0
腊肉炒白菜,187.18,4.75,17.77,2.68,156.0
腊肉煲仔饭,288.53,10.5,10.1,39.34,218.0
腊排骨煮土豆,223.9,8.15,17.51,8.68,205.0
腊鸡腿蒸百叶,193.75,20.53,11.38,2.46,160.0
腊肠蒸小黄鱼,266.06,17.59,17.94,8.43,165.0
腊肠蒸土豆,324.88,12.02,23.66,16.23,205.0
腊肠蒸金针菇,303.92,12.06,23.9,10.76,204.0
腊肠蒸饭,167.93,5.61,5.35,25.12,368.0
腊肠蒸冬瓜,203.8,7.16,15.41,9.49,158.0
腊肠香菇焖饭,186.27,6.05,10.85,16.74,255.0
腊肠香菇炒饭,168.39,5.61,9.0,16.84,310.0
腊肠什锦饭,161.64,4.84,6.27,22.02,292.0
腊肠烧花生玉米,338.97,12.78,23.62,20.07,195.0
腊肠烧腐竹,325.0,19.56,22.21,12.1,140.0
腊肠砂锅饭,252.87,7.22,7.82,39.3,174.0
腊肠鸡蛋卷,225.53,11.88,9.66,22.99,188.0
腊肠饭,156.73,4.82,6.56,20.06,379.0
腊肠炖萝卜,216.13,7.55,17.57,7.52,155.0
腊肠炒洋葱,231.51,7.81,17.59,10.81,155.5
腊肠炒西兰花,223.23,9.35,17.9,7.32,155.0
腊肠炒莴苣,215.48,7.74,17.57,6.74,155.0
腊肠炒秋葵,221.94,8.26,17.64,8.94,155.0
腊肠炒青椒,230.32,7.94,17.77,10.68,155.0
腊肠炒芹菜,209.38,7.3,17.09,7.04,160.0
腊肠炒年糕,212.04,9.37,12.11,16.83,191.0
腊肠炒面,290.0,10.16,9.75,40.89,190.0
腊肠炒毛豆,311.2,14.2,23.74,10.93,125.0
腊肠炒芦笋,213.12,8.68,17.04,7.16,160.0
腊肠炒辣椒,314.29,10.98,25.96,9.58,105.0
腊肠炒胡萝卜,221.25,7.67,17.1,10.16,160.0
腊肠炒荷兰豆,223.72,8.65,17.6,8.04,156.0
腊肠炒饭,246.34,9.83,15.49,16.95,205.0
腊肠炒冬瓜,209.49,7.19,17.3,6.46,158.0
腊肠炒菜花,213.75,8.11,17.09,7.72,160.0
腊肠炒菠菜,195.95,7.74,15.28,7.28,148.0
腊肠煲仔饭,298.59,9.74,11.47,39.61,213.0
腊腊八粥,232.73,7.69,3.15,44.6,220.0
蔬菜烘蛋,131.28,8.59,8.45,5.38,195.0
鸡蛋线面,131.7,7.04,4.73,15.37,265.0
菠菜鸡蛋饼,187.18,10.06,5.58,24.94,156.0
三鲜烩面,228.29,10.08,9.78,25.4,205.0
快手泡椒鸡胗,105.29,15.16,2.41,5.94,208.0
家常炒面,284.62,10.44,10.64,37.22,195.0
酸豇豆炖豆腐,69.76,4.29,4.19,5.22,205.0
胡萝卜炒豆腐丝,136.32,11.88,7.19,6.94,190.0
快手菜炒三丝,55.86,1.55,2.19,8.44,145.0
牛肉酱金针菇,55.76,1.15,3.13,6.95,165.0
垮炖鱼,147.24,15.02,5.74,8.94,127.0
辣酱玉米片,93.95,2.71,2.33,16.93,215.0
苦瓜蒸鱼,113.5,10.87,6.93,2.17,163.0
苦瓜烧鱿鱼,57.5,6.21,2.44,3.06,160.0
苦瓜烧五花肉,182.81,7.95,15.21,3.94,221.0
苦瓜烧排骨,195.12,7.37,17.46,2.39,205.0
苦瓜烧豆腐,72.89,3.86,3.95,6.28,225.0
苦瓜排骨汤,112.07,5.66,6.85,7.19,232.0
苦瓜排骨,196.25,11.81,14.66,4.47,160.0
苦瓜酿土豆泥,130.0,6.15,4.19,17.77,200.0
凉瓜酿肉,126.79,5.65,7.4,10.04,168.0
苦瓜煎太阳蛋,114.19,8.77,7.52,3.13,155.0
苦瓜煎鸡蛋,181.73,10.37,7.17,19.53,208.0
苦瓜煎蛋,101.4,6.81,5.5,6.46,215.0
苦瓜煎鹌鹑蛋,101.95,6.73,6.92,3.41,205.0
苦瓜鸡蛋炒秋葵,81.11,4.53,4.16,7.4,180.0
苦瓜肥肠,131.58,3.84,10.66,5.38,152.0
苦瓜炖排骨,219.41,11.13,16.77,6.22,170.0
苦瓜炒猪肝,83.33,7.33,3.43,6.28,162.0
苦瓜炒榨菜,65.28,2.01,2.44,9.32,144.0
苦瓜炒鱼,96.82,10.92,5.25,1.62,157.0
苦瓜炒香菇,45.24,1.53,1.62,7.17,210.0
苦瓜炒虾仁,105.84,8.2,2.46,12.97,137.0
苦瓜炒虾,79.39,11.53,2.35,3.15,165.0
苦瓜炒土豆,101.97,2.72,5.73,11.6,152.0
苦瓜炒山药,54.11,1.57,1.65,9.03,207.0
苦瓜炒肉丝,136.71,5.45,11.49,3.2,158.0
苦瓜炒肉,167.04,5.17,12.06,9.78,179.0
苦瓜炒培根,192.26,4.45,17.74,4.1,155.0
苦瓜炒牛肉,85.71,10.82,2.68,4.92,210.0
苦瓜炒辣椒,44.44,1.03,2.39,5.61,135.0
苦瓜炒腊肉,172.68,4.31,14.56,6.55,194.0
苦瓜炒腊肠,219.94,7.75,17.52,8.17,155.5
苦瓜炒茭白,34.47,1.12,1.59,4.48,206.0
苦瓜炒尖椒,54.76,1.19,1.98,8.9,168.0
家常苦瓜炒鸡蛋,103.43,7.89,6.66,3.33,175.0
苦瓜炒海带,53.33,1.24,3.76,4.01,165.0
苦瓜炒饭,156.89,6.36,7.42,16.15,225.0
苦瓜炒豆角,53.33,1.52,2.99,5.87,105.0
苦瓜炒豆腐,122.5,7.2,8.19,5.33,200.0
家常苦瓜炒蛋,78.34,4.97,4.78,4.3,157.0
苦瓜抱蛋,76.28,4.84,4.74,3.91,156.0
扣三丝,65.76,6.34,3.0,4.2,184.0
口味虾,98.14,13.42,3.19,4.43,161.0
豉香口水鸡,277.53,16.99,17.74,13.48,178.0
口水鸡腿,245.54,16.02,16.61,8.33,224.0
口蘑蒸鹌鹑蛋,225.64,24.21,6.94,21.03,195.0
口蘑虾,170.59,22.89,3.25,14.83,170.0
口蘑汤,127.16,11.88,4.02,13.0,232.0
口蘑烧土豆,197.46,17.97,4.03,26.14,118.0
口蘑烧肉丸,273.16,24.97,11.31,22.54,190.0
口蘑烧鸡腿,177.44,20.77,6.11,12.04,195.0
口蘑泡肚汤,110.33,12.43,4.14,7.48,242.0
口蘑焖豆腐,166.47,16.19,5.96,15.11,167.0
口蘑炖鱼头,135.1,17.09,3.35,11.3,208.0
口蘑炖鸡蛋,210.75,25.2,6.2,18.29,186.0
口蘑炒肉片,288.57,25.04,10.52,30.91,210.0
口蘑炒肉,309.23,24.43,15.4,22.29,130.0
口蘑炒培根,356.88,28.18,19.26,23.06,160.0
口蘑炒茭白,204.52,25.35,4.12,22.29,155.0
口蘑炒鸡肉,230.72,30.98,4.39,22.0,166.0
口蘑炒鸡蛋,238.24,27.67,6.8,21.7,170.0
开屏鳊鱼,165.48,16.79,9.26,3.67,168.0
空心糯米球,375.0,8.08,12.71,58.07,180.0
蒜蓉粉丝烤香菇,157.89,2.01,2.98,31.7,190.0
烤茄子,39.13,1.06,1.64,5.69,207.0
客家小封肉,323.48,13.43,28.78,2.78,115.0
客家小炒,131.71,11.7,9.15,0.85,205.0
客家咸肉,209.09,9.92,14.99,9.01,231.0
客家甜酒鸡,129.86,10.51,5.24,10.39,355.0
客家酿豆腐,223.7,9.08,17.23,8.37,173.0
胶原蛋白菜,458.06,10.35,38.66,17.35,124.0
客家煎酿茄子,163.37,5.17,11.77,9.59,172.0
鲢鱼汤,74.23,7.23,2.65,5.4,260.0
可乐排骨,199.37,11.72,14.8,4.68,158.0
可乐焖鸡腿,112.2,10.35,5.04,6.42,205.0
可乐鸡腿烧板栗,128.03,8.29,3.77,15.56,289.0
可乐鸡翅,171.15,13.84,9.74,6.9,208.0
可乐饼,205.67,7.96,9.25,23.57,247.0
可乐鹌鹑蛋,99.52,6.37,5.37,6.48,207.0
蚵豆腐蛎,72.68,4.42,3.6,6.09,205.0
烤鱼豆腐,128.51,10.34,3.92,12.88,110.5
烤鱼,123.72,11.6,5.42,7.35,156.0
烤鱿鱼培根,201.08,12.77,15.7,2.24,185.0
烤羊肉串,171.55,17.02,8.69,7.19,116.0
特色烤羊排,158.14,13.67,6.82,10.98,215.0
烤盐焗鸡,121.62,11.85,5.32,6.77,185.0
烤鸭翅根,160.61,15.44,7.43,8.06,165.0
烤杏鲍菇粉丝,143.03,1.22,2.02,30.8,165.0
风干牛肉干,121.39,18.96,2.25,6.35,173.0
凤尾虾球,115.15,12.36,1.63,12.82,198.0
烤箱版烤豆腐,116.8,6.58,7.53,7.97,125.0
烤香菇鹌鹑蛋,117.89,8.05,7.86,4.76,190.0
烤虾,182.24,16.33,2.01,25.36,152.0
烤五花肉土豆片,205.22,7.85,15.81,8.28,115.0
烤兔肉,104.62,16.46,2.16,5.77,130.0
烤土豆洋葱,88.48,3.05,2.53,15.85,165.0
烤土豆翅中,181.76,12.34,8.65,13.78,170.0
烤酸菜五花肉,120.8,4.03,7.55,9.81,250.0
烤薯条,101.27,2.68,2.09,18.36,158.0
烤薯角,101.89,2.76,2.22,18.48,159.0
烤乳鸽,307.14,9.7,28.14,4.64,196.0
烤肉馅香菇青椒,136.56,6.02,11.2,4.95,227.0
烤培根金针菇,174.0,4.93,15.28,5.11,150.0
烤排骨土豆,251.43,11.56,18.49,10.01,175.0
烤排骨饭,195.85,7.92,10.85,16.74,265.0
烤南瓜排骨,169.3,8.4,13.27,4.39,215.0
烤南瓜年糕,208.51,8.04,4.68,33.94,188.0
烤蘑菇白菜,44.37,4.13,1.11,8.33,142.0
烤芦笋土豆,156.77,6.57,11.7,6.81,155.0
烤栗子,203.25,3.5,3.33,40.56,123.0
烤韭菜金针菇,55.08,3.74,3.74,5.49,118.0
烤鸡胸肉丝,135.76,22.96,3.9,2.75,165.0
烤鸡腿鸡翅,182.93,19.12,10.58,2.68,205.0
烤鸡腿饭,139.52,9.46,5.36,13.41,210.0
爱上烤鸡腿,146.01,19.03,6.7,2.36,163.0
烤鸡翅鸡丁,215.32,17.4,11.74,9.86,222.0
烤花蛤金针菇,60.0,5.1,2.0,6.0,200.0
烤红薯鸡翅,195.6,12.76,9.57,15.17,159.0
烤红薯,106.19,0.65,2.98,20.25,113.0
蒸烧鸭,141.85,9.67,10.95,1.33,227.0
烤豆腐皮蔬菜卷,96.86,7.1,5.04,7.06,191.0
烤大虾,135.38,15.11,5.25,7.09,130.0
烤串串虾,99.39,10.55,2.48,8.86,165.0
培根鸡肉卷,214.29,14.58,15.23,5.15,224.0
凯撒沙拉,79.55,8.0,3.48,4.28,264.0
水果炒肉,75.43,5.51,2.29,9.02,175.0
酸辣白萝卜,30.18,0.97,0.12,7.22,169.0
酸菜炒鱼,123.02,13.42,6.74,2.34,126.0
酸辣粉,331.85,2.75,5.69,68.05,135.0
开水白菜,31.43,2.32,1.3,3.36,210.0
开屏武昌鱼,172.73,16.19,9.48,5.62,121.0
咖哩粉丝虾,144.0,9.53,3.66,19.0,200.0
咖喱鱿鱼卷,81.08,6.64,2.88,7.85,185.0
咖喱虾,92.43,9.22,2.72,8.02,185.0
咖喱乌冬面,206.05,6.59,2.53,40.0,215.0
咖喱土豆牛肉,115.14,7.97,3.08,14.27,185.0
咖喱土豆,92.53,1.95,2.94,15.36,174.0
咖喱素什锦,105.29,3.23,3.82,15.76,170.0
咖喱蔬菜虾,144.79,7.32,4.46,19.52,192.0
咖喱牛肉汤,74.55,10.06,2.79,2.31,220.0
咖喱牛腩,93.51,7.24,2.77,10.29,185.0
咖喱牛肋条,117.78,9.79,3.71,11.64,135.0
咖喱马铃薯,78.14,2.43,1.87,13.91,215.0
咖喱鸡肉焗饭,190.0,6.3,9.75,19.59,210.0
咖喱鸡胸焗饭,133.95,6.94,3.51,18.85,215.0
咖喱鸡肉饭,112.08,6.65,2.12,16.97,265.0
咖喱鸡肉,102.08,7.72,2.74,11.72,240.0
咖喱鸡排,113.97,14.96,3.26,6.36,179.0
咖喱鸡块,113.46,10.77,5.5,5.56,208.0
咖喱火锅咖喱,106.49,5.32,3.22,14.52,185.0
咖喱粉丝蟹,181.76,11.18,5.1,23.05,170.0
咖喱大虾,85.64,8.92,2.43,7.76,195.0
咖喱鹌鹑蛋,189.09,12.23,13.36,4.79,110.0
咖喱咖喱,137.84,8.73,4.34,16.34,185.0
菌菇时蔬薄饼,91.2,5.51,2.93,13.14,125.0
菌菇焖饭烧饭,230.17,5.51,2.29,47.75,179.0
菌菇鸡煲,98.09,10.88,4.76,3.48,209.0
菌菇炒肉片,148.28,6.91,12.52,2.57,145.0
蕨菜炒酸菜肉片,140.61,5.55,11.13,5.19,165.0
蕨菜炒肉丝,153.79,6.08,12.63,4.51,145.0
蕨菜炒肉,179.66,7.2,15.44,3.51,118.0
蕨菜炒腊肉,205.45,4.58,16.86,9.45,165.0
芹菜炒火腿,82.67,4.19,3.18,10.23,150.0
卷筒粉蒸肉,351.38,20.42,18.69,26.43,181.0
卷尖,224.39,12.71,17.46,4.21,164.0
焗烤扇贝菠菜,101.33,9.78,3.38,8.24,225.0
焗烤南瓜饭,160.19,6.96,7.58,16.17,206.0
菊花鱼,154.14,13.27,7.7,7.93,133.0
菊花茄子,127.78,6.04,9.67,4.59,180.0
菊花鲈鱼,147.27,12.68,3.93,15.51,165.0
酒蒸蛤蜊,104.13,8.5,5.81,2.31,121.0
酒糟鱼,176.13,25.03,3.99,10.19,155.0
酒香鸭丝,74.07,5.95,2.81,3.48,135.0
酸甜糖醋带鱼,145.41,13.41,6.24,8.88,185.0
酒香螺,175.0,13.32,5.01,16.33,168.0
酒香金花菜,63.2,4.0,2.96,2.32,125.0
酸辣酒香银鳕鱼,107.2,17.23,3.42,0.61,125.0
酒酿鹌鹑蛋,140.0,9.4,7.47,8.87,150.0
酒煎蛤蜊,79.84,8.43,2.4,4.71,129.0
酒鬼花生,567.5,23.26,43.4,23.44,160.0
酒肉,155.17,12.12,4.89,16.04,290.0
韭黄鳝糊,101.14,11.23,2.57,8.53,175.0
韭黄木耳炒肉丝,199.45,8.96,10.54,21.48,183.0
韭黄煎蛋,84.08,6.3,5.34,3.28,157.0
韭黄炒猪肝,84.85,7.67,3.57,6.03,165.0
韭黄炒鸭肠,90.96,6.67,4.74,5.67,166.0
韭黄炒杏鲍菇,41.95,1.76,1.6,5.95,205.0
韭黄炒虾,110.4,10.45,6.36,3.42,173.0
韭黄炒肉丝,120.0,12.24,2.63,12.31,165.0
韭黄炒肉片,151.19,6.05,10.86,7.61,168.0
韭黄炒牛肉,133.16,10.91,6.59,8.3,187.0
韭黄炒腊肠,226.49,11.06,17.54,6.39,185.0
韭黄炒鸡丝,97.4,12.58,4.29,2.62,154.0
韭黄炒鸡蛋,93.2,7.53,5.74,3.22,206.0
韭菜猪肉蒸包,253.99,11.77,10.14,29.85,213.0
韭菜蒸鲫鱼,113.1,12.81,4.1,6.56,145.0
韭菜馅饺子,256.25,11.92,10.88,28.6,208.0
爆炒韭菜鲜虾,131.05,12.11,2.07,16.74,190.0
韭菜苔炒鸡蛋,102.13,8.16,6.38,3.71,188.0
韭菜水饺,254.9,12.49,7.25,36.22,204.0
韭菜烧鲫鱼,106.63,11.72,3.75,6.91,166.0
韭菜烧腐竹,260.0,22.12,13.92,12.61,85.0
韭菜烧豆腐,85.98,4.9,5.18,5.86,164.0
韭菜烧带鱼,116.78,13.08,5.11,4.91,143.0
韭菜青椒炒河虾,73.99,8.58,2.89,3.96,223.0
韭菜煎鸡蛋,128.89,10.24,8.68,2.78,135.0
韭菜煎豆腐,80.0,5.03,5.48,3.65,155.0
韭菜鸡蛋蒸饼,246.15,12.45,5.53,37.79,195.0
韭菜鸡蛋汤,76.67,5.98,4.94,2.24,240.0
韭菜鸡蛋素馅饼,239.9,11.27,6.24,35.75,208.0
韭菜鸡蛋生煎包,271.9,10.03,5.26,47.2,121.0
韭菜鸡蛋盒子,239.71,11.27,6.22,35.74,209.0
韭菜花洋葱炒肉,192.06,7.88,14.66,7.62,126.0
韭菜花腌,69.57,1.43,0.66,16.27,138.0
韭菜花炒猪肉,288.89,10.8,23.67,8.44,153.0
韭菜花炒鱼饼,102.07,11.81,5.72,1.27,145.0
韭菜花炒鸡丁,152.12,15.98,7.94,4.74,165.0
韭菜花炒蛤蜊肉,55.0,6.69,2.2,2.14,180.0
韭菜花炒带鱼,93.12,11.69,4.58,1.67,160.0
韭菜炖鸡蛋,115.48,9.23,7.61,3.0,155.0
韭菜炒竹笋,46.06,2.58,2.07,5.22,165.0
韭菜烧猪血,55.71,5.93,2.48,3.26,140.0
韭菜炒肝片,108.59,8.02,3.63,11.9,163.0
韭菜炒鱿鱼,90.0,11.59,3.03,4.51,170.0
韭菜炒鸭血,71.03,5.83,2.39,7.23,145.0
韭菜炒杏鲍菇,66.41,1.81,2.53,10.21,131.0
韭菜炒香肠,195.48,8.85,15.25,6.19,155.0
韭菜炒虾仁,166.06,13.41,2.3,23.3,165.0
韭菜炒虾,77.27,9.76,1.92,5.85,220.0
韭菜炒土豆丝,96.55,2.45,2.8,15.87,116.0
韭菜炒土豆片,76.19,2.38,3.13,10.62,105.0
韭菜炒土豆,60.0,2.39,2.25,8.65,155.0
韭菜炒素鸡,119.23,9.17,7.64,4.33,208.0
韭菜炒山药,67.27,2.32,3.01,8.76,110.0
韭菜炒肉丝,132.79,5.72,10.11,5.72,183.0
韭菜炒千张,118.06,9.45,7.35,4.68,155.0
韭菜炒平菇,48.75,2.85,2.31,5.49,160.0
韭菜炒年糕,125.45,3.16,2.59,23.01,165.0
韭菜炒南瓜,41.03,1.26,2.11,4.9,156.0
韭菜炒蘑菇,151.55,6.66,11.43,6.28,161.0
韭菜炒面,263.68,9.47,8.04,38.9,201.0
韭菜炒绿豆芽,44.55,2.08,2.96,3.23,110.0
爆炒韭菜豆芽,33.17,2.0,1.7,3.46,205.0
韭菜炒辣椒,56.19,1.76,3.23,6.38,105.0
韭菜炒腊肠,237.06,9.32,19.05,8.05,170.0
韭菜炒蕨菜,52.9,1.81,2.32,7.26,155.0
韭菜炒金针菇,48.41,2.43,2.32,5.67,157.0
韭菜炒鸡蛋,92.45,7.52,5.69,3.56,212.0
韭菜炒黄鳝,83.23,12.39,2.96,2.23,155.0
韭菜炒花蛤肉,55.61,6.1,2.19,3.56,205.0
韭菜炒核桃,274.25,6.79,24.35,9.56,167.0
韭菜炒鸽子,135.0,8.71,8.68,6.22,120.0
韭菜炒干豆腐,250.94,25.85,13.87,8.27,106.0
韭菜炒粉条,145.22,1.7,2.3,30.62,157.0
韭菜炒鹅蛋,151.28,7.92,12.04,3.24,156.0
韭菜炒豆腐丝,325.32,33.42,18.47,9.34,158.0
韭菜炒豆腐干,124.65,8.38,6.89,8.35,215.0
韭菜炒豆腐,37.18,2.24,2.56,1.62,156.0
韭菜炒大虾,95.18,12.17,2.43,6.53,166.0
韭菜炒臭豆腐,73.1,4.66,4.6,4.43,145.0
韭菜炒菜花,108.33,5.42,8.54,3.53,180.0
清蒸鹌鹑,89.27,11.53,3.16,3.87,205.0
九转大肠,203.73,5.92,17.77,5.23,134.0
九层塔椒盐虾,125.34,12.06,2.49,13.71,146.0
荆芥拌黄瓜,57.25,1.67,2.48,7.12,131.0
经典培根卷,259.48,6.71,23.81,5.3,116.0
京味儿木须肉,210.71,11.82,12.76,14.78,196.0
京酱肉丝拌面,258.54,9.31,18.37,15.28,123.0
京酱肉丝,168.35,5.78,11.57,10.56,158.0
京酱芥兰菜,175.49,7.82,14.91,3.61,102.0
京糕莲子荸荠粥,157.73,2.85,0.34,36.14,220.0
京都排骨,276.4,15.71,19.44,9.65,178.0
京葱鸡块,137.92,8.73,4.58,15.8,240.0
劲爆水煮鱼,118.52,10.33,5.32,7.74,216.0
劲爆鸡米花,167.54,18.18,7.34,7.48,191.0
津味宫爆鸡丁,99.39,8.71,0.71,14.97,165.0
金针酸菜肥牛煲,84.94,7.67,3.04,7.51,166.0
金针培根卷,281.0,6.9,25.69,6.61,221.0
金针花开,99.56,9.46,2.71,9.82,228.0
金针菇煮鲫鱼,101.75,11.31,3.57,6.49,171.0
金针菇煮粉丝,131.61,1.98,3.76,23.39,174.0
金针菇蒸虾,203.01,13.11,2.27,32.9,166.0
金针菇蒸肉丸,98.93,4.68,7.08,5.61,281.0
金针菇蒸粉丝,134.48,2.17,4.48,22.51,145.0
金针菇烧豆腐,81.9,4.24,3.94,8.35,221.0
金针菇烤培根,212.87,5.78,19.12,5.22,171.0
金针菇烤鸡翅,158.79,11.24,8.07,11.37,199.0
金针菇鸡蛋炒饭,116.99,5.7,4.21,14.36,206.0
金针菇肥牛,203.07,23.44,9.84,6.67,163.0
金针菇炖鸡腿,122.89,11.1,5.22,8.49,201.0
金针菇炒腰花,72.73,6.46,2.61,6.73,165.0
金针菇炒羊肉,108.19,11.81,4.89,4.87,171.0
金针菇炒香肠,127.56,5.73,9.08,6.57,127.0
金针菇炒苋菜,50.32,2.5,2.32,5.9,157.0
金针菇炒西兰花,85.8,7.08,3.96,6.31,169.0
金针菇炒西红柿,44.59,2.07,2.22,5.04,157.0
金针菇炒丝瓜,80.67,4.03,4.35,7.21,150.0
金针菇炒肉丝,130.68,5.8,10.5,4.14,176.0
金针菇炒培根,195.58,4.91,15.38,10.35,181.0
金针菇烧牛肉,63.98,6.69,2.45,4.56,186.0
金针菇炒年糕,163.98,3.49,3.88,29.26,186.0
金针菇炒辣椒,50.0,1.96,2.3,6.7,156.0
金针菇炒鸡丝,107.14,8.84,4.37,8.86,168.0
金针菇炒鸡蛋,96.12,7.52,5.82,4.08,206.0
金针菇炒花蛤,61.54,5.85,2.8,3.48,130.0
金针菇炒番茄,66.83,4.59,3.8,4.32,205.0
金针菇炒豆腐,160.4,7.4,13.6,2.79,101.0
金针菇,59.46,2.34,2.36,8.36,148.0
金银蒜蒸鲜鲍,108.59,11.63,2.51,9.87,128.0
金银满屋,117.41,6.97,6.35,8.57,201.0
金线鱼浓汤,102.65,12.92,4.08,3.79,151.0
金窝窝绿豆豆,120.97,13.87,4.84,6.84,186.0
素什锦鸡汁,125.15,3.91,9.41,7.5,163.0
金蒜皮蛋浸菠菜,128.68,10.68,7.05,5.91,265.0
金丝鱿鱼,139.8,9.48,4.54,15.34,196.0
金丝虾圆,225.12,12.26,10.64,22.7,207.0
金丝韭菜,90.75,6.44,4.94,6.22,173.0
金丝饼,304.86,13.41,5.54,51.69,185.0
金沙玉米,148.8,6.96,7.22,14.86,166.0
芝士饭团,127.65,11.68,2.02,18.41,170.0
土豆丝煎饼,158.02,12.73,3.05,20.56,131.0
鸡蛋炒饭,128.29,10.2,3.85,13.22,205.0
米蔬菜虾滑粥,133.6,5.42,3.81,19.73,253.0
金毛狮子鱼,134.85,13.82,5.43,7.87,198.0
金毛脆皮虾,209.4,13.58,9.42,17.68,149.0
金华火腿炒芹菜,134.16,5.39,10.68,4.62,161.0
金瓜排骨,138.98,7.79,9.34,6.32,177.0
金瓜粉蒸肉,135.76,4.94,9.23,8.43,165.0
金菇爆肥牛,95.67,11.41,4.25,3.51,208.0
火爆大头菜,66.88,6.77,2.13,5.57,160.0
金钩鲍,60.25,6.25,1.65,5.35,244.0
金葱烧野鸭,208.77,10.15,15.71,6.89,171.0
金蚕吐丝,162.7,4.75,2.24,31.61,185.0
金边白菜,66.31,1.59,3.47,8.03,187.0
芥末墩儿,22.36,1.4,0.29,4.58,161.0
芥末白菜,51.67,1.38,2.77,6.17,120.0
芥蓝牛肉,94.25,8.07,2.61,10.53,174.0
芥兰炒腊肠,188.69,9.81,14.11,6.78,168.0
芥兰拌核桃,213.48,6.11,18.4,8.47,178.0
干烧鲳鱼,160.12,12.49,9.61,6.22,173.0
芥菜炒肉丝,135.8,5.9,11.39,2.7,162.0
芥菜摊鸡蛋,88.78,7.27,5.85,2.15,205.0
芥菜炒饭,148.73,6.99,8.63,10.97,275.0
芥菜炒豆腐果,73.33,4.0,5.57,2.57,105.0
节节登高,295.63,14.15,22.93,8.1,183.0
蟹黄蛋,192.75,11.79,13.68,5.53,193.0
泡面拌面,286.46,6.28,13.68,35.18,192.0
叫化童子鸡,209.03,17.48,13.35,4.79,144.0
鸡汁焦香土豆饼,150.0,6.08,4.17,22.73,160.0
焦熘牛肉段,163.33,18.12,7.08,6.88,120.0
焦熘里脊,127.84,11.85,6.31,5.99,194.0
焦熘肥肠,192.55,5.35,13.52,12.63,161.0
焦溜丸子,276.06,11.4,18.45,16.3,213.0
椒汁肥牛,100.53,9.19,5.34,4.62,187.0
椒盐猪肚,169.14,13.93,6.94,12.91,162.0
椒盐芝麻酱烧饼,387.76,13.89,13.46,54.6,147.0
椒盐玉米片,372.9,6.72,3.59,81.81,107.0
椒盐玉米粒,165.22,3.67,6.29,24.83,115.0
椒盐玉米炒虾仁,165.4,12.27,2.54,25.03,211.0
椒盐鱼条,159.75,15.95,5.77,11.19,159.0
椒盐鸭舌,241.21,15.17,19.75,0.9,165.0
椒盐杏鲍菇,116.56,5.45,3.96,15.76,157.0
椒盐鲜鱿,75.17,12.0,2.67,1.05,145.0
椒盐虾,84.71,11.17,2.38,4.8,157.0
椒盐土豆,101.53,2.68,2.6,17.53,131.0
椒盐塘鱼片,130.43,14.56,4.46,7.94,207.0
椒盐青虾,94.37,11.92,4.01,3.04,142.0
椒盐排骨,250.56,15.41,15.62,12.28,180.0
椒盐寸排,290.37,13.36,21.36,11.28,135.0
椒盐麻饼,378.99,13.37,6.34,68.49,119.0
椒盐基围虾,161.42,14.51,3.57,17.83,127.0
椒盐河蟹,157.26,14.94,4.6,13.93,124.0
椒盐海虾,105.61,15.88,3.39,2.84,107.0
椒盐凤尾虾,135.58,14.51,4.46,9.48,208.0
腐乳空心菜,53.04,2.96,3.48,4.19,115.0
椒丝腐乳通菜,37.5,1.79,2.16,4.32,168.0
椒麻桃仁,323.71,13.7,27.69,6.7,194.0
椒麻四季豆,68.42,2.05,4.21,7.66,152.0
椒麻鸡,182.05,17.85,11.1,3.21,117.0
椒麻肚丝,90.91,5.01,4.77,7.73,198.0
椒爆蛏头,72.25,4.82,2.66,7.9,209.0
胶东酥鱼,158.06,11.91,10.1,5.02,217.0
浇汁草鱼,136.59,14.05,6.67,5.18,123.0
浇油鳜鱼,135.71,15.96,5.75,4.98,126.0
茭白烧排骨,212.66,11.1,17.97,1.87,158.0
茭白烧里脊,159.41,5.71,10.74,10.58,170.0
茭白烧腊肉,178.49,4.28,14.9,7.62,186.0
茭白肉丁,105.97,3.27,6.21,9.96,201.0
茭白青椒炒里脊,136.02,5.55,11.33,3.44,161.0
茭白炒猪肝,88.24,6.84,3.29,8.46,170.0
茭白炒鱿鱼,76.19,8.81,2.28,5.69,210.0
茭白炒杏鲍菇,54.72,1.23,2.96,6.7,106.0
茭白炒香肠,215.48,9.51,16.52,7.71,168.0
茭白炒虾,77.3,10.54,2.14,4.42,185.0
茭白炒五花肉,141.29,5.6,11.79,3.69,155.0
茭笋炒肉丝,188.29,7.68,16.4,2.95,111.0
茭白炒青椒,47.95,1.25,2.32,6.71,146.0
茭白炒培根,214.66,5.22,19.55,4.97,116.0
茭笋炒毛豆,224.35,15.99,9.65,22.18,115.0
茭白炒腊肉,189.38,4.62,17.25,4.75,160.0
茭白炒腊肠,223.81,7.77,17.83,8.72,126.0
茭白笋炒鸡胸,85.37,8.83,2.77,7.2,164.0
茭白炒鸡肉,75.74,6.96,3.76,4.3,202.0
茭白炒鸡蛋,93.66,6.98,5.76,4.05,205.0
茭白炒胡萝卜,45.51,1.16,2.13,6.59,156.0
酱猪蹄子,253.29,20.57,16.9,4.65,167.0
酱猪蹄,241.32,20.5,16.91,1.66,167.0
酱猪肉,256.82,12.05,22.86,0.88,132.0
酱肘花拍黄瓜,192.97,9.9,16.3,1.75,185.0
酱汁肘子,108.3,9.19,7.91,0.0,253.0
酱汁蒸虎皮凤爪,250.4,19.51,15.54,8.23,125.0
酱汁三文鱼头,197.64,13.87,10.86,11.06,127.0
酱汁韭菜淮山,60.0,2.02,2.08,9.15,165.0
酱汁鸽子,236.52,15.19,17.57,4.43,115.0
酱油嫩鸡,150.34,14.27,8.44,4.36,147.0
酱油黑椒蘑菇,281.42,34.75,5.65,30.46,113.0
酱油炒饭,133.93,2.76,3.0,24.16,112.0
酱油白菜炖豆腐,93.14,4.57,5.07,8.23,175.0
酱腌紫茄,84.75,1.18,5.25,8.79,118.0
酱鸭,240.46,12.26,17.35,8.93,131.0
酱香腔骨,248.33,15.03,15.52,12.06,180.0
酱香卤肉饭,135.12,8.45,4.15,16.17,299.0
酱香扁豆,72.0,3.29,3.11,9.5,125.0
酱烧杏鲍菇鸡心,106.72,6.84,6.8,5.04,134.0
酱烧小土豆,161.33,6.26,10.35,11.09,181.0
酱烧小黄鱼,179.71,13.25,6.17,17.68,138.0
酱烧黄鱼,155.24,13.08,3.87,16.96,143.0
酱烧胡萝卜,71.93,0.99,2.86,11.84,114.0
酱烧肥肠,174.32,5.74,15.09,4.07,148.0
酱烧大黄鱼,155.56,16.33,4.53,12.67,135.0
酱烧比目鱼,152.03,17.45,6.8,5.46,123.0
酱肉蒸高笋,204.15,10.98,12.66,12.37,217.0
酱茄子土豆,65.71,2.05,1.64,11.32,210.0
酱茄子,51.79,1.95,2.87,5.3,112.0
酱牛肉牛肚,116.44,16.37,3.37,5.25,225.0
酱牛肉粉丝,191.43,14.95,7.28,16.96,175.0
凉切酱牛肉,168.89,16.28,4.09,16.93,135.0
酱焖小鲍鱼,102.59,9.76,1.97,11.36,232.0
酱焖泥鳅,85.94,10.17,2.88,5.26,192.0
酱焖鲫鱼豆腐,104.52,11.19,5.14,3.81,221.0
酱焖嘎牙子,139.84,15.43,4.92,8.93,123.0
酱焖白豆腐干,156.88,10.04,9.03,9.48,160.0
酱萝卜,57.39,0.86,2.7,8.23,115.0
酱烤彩椒鸡肉串,103.69,13.83,2.69,6.82,217.0
酱鲫鱼,126.96,15.54,5.26,4.32,115.0
酱鸡爪,254.71,21.28,16.32,5.72,170.0
酱骨架,248.57,14.75,13.99,15.98,175.0
酱炖跳跳鱼,108.11,11.95,5.64,3.01,148.0
酱烧冬瓜,40.18,0.71,2.93,3.29,112.0
酱大棒骨,261.49,13.74,15.23,17.41,148.0
酱炒鸡心,172.0,13.99,11.86,2.45,175.0
酱爆肉丝尖椒,153.37,5.6,11.33,8.18,163.0
酱爆肉,193.71,8.31,15.67,5.34,175.0
酱爆茄子,45.24,1.28,1.62,7.1,210.0
酱香烧茄子,141.36,5.93,11.56,3.77,162.0
酱爆回锅肉,235.52,10.91,20.13,3.23,183.0
酱爆豆角,63.64,2.89,3.21,6.87,110.0
酱板鸭,266.43,11.48,18.42,13.83,143.0
豇豆蒸面,144.71,9.94,3.91,18.23,255.0
姜汁虾爬子,127.43,16.38,5.67,2.66,113.0
姜汁热窝鸡,195.36,16.79,9.34,10.92,194.0
姜汁热味鸡,123.12,12.61,6.33,3.88,173.0
姜汁青口,110.33,7.35,3.78,12.04,184.0
姜汁藕片,91.2,1.26,4.98,11.48,125.0
姜汁牛肉饭,108.62,5.79,3.0,15.57,290.0
姜汁毛蛤蜊,80.16,7.19,2.91,6.35,126.0
姜汁海虾,105.8,12.72,4.86,2.83,138.0
姜汁豆腐,124.2,11.39,6.16,6.46,219.0
特色姜母鸭,227.21,11.02,16.95,7.7,147.0
姜葱蒸带鱼,130.77,14.53,6.0,5.43,130.0
姜葱炒蟹,120.92,12.05,3.84,9.75,153.0
姜葱炒生蚝,93.08,9.42,3.92,5.76,130.0
姜葱炒龙虾,120.8,15.98,3.75,6.38,125.0
姜葱炒花蟹,148.28,14.01,5.1,13.48,145.0
姜葱炒花蛤,101.25,8.09,3.06,11.11,160.0
姜葱爆猪肝,177.91,13.6,6.1,18.34,163.0
姜香鸭丝,183.97,10.59,14.69,2.56,156.0
姜爆鸭肉,127.59,13.72,4.37,8.97,116.0
姜爆鸡,151.45,15.88,7.5,5.31,138.0
农家烧花菜,165.79,4.91,14.95,3.88,152.0
江南卤鸭,238.18,14.25,17.91,4.97,110.0
健身鸡肉干,131.82,22.8,3.15,3.06,220.0
牛肉洋葱炒青椒,89.29,8.56,3.19,7.05,140.0
栗子羹,202.14,5.44,1.26,42.9,140.0
健腐肉,316.07,13.73,26.88,4.92,112.0
简易牛排套餐,184.32,12.7,3.95,24.62,185.0
牛排沙拉,104.22,13.49,3.46,5.12,166.0
番茄酱意大利面,210.26,6.76,1.68,42.42,195.0
秘制奥尔良烤翅,147.47,12.11,9.18,4.01,158.0
咖喱蟹,124.89,12.0,5.85,5.94,225.0
培根胡萝卜煎饼,285.85,11.45,16.64,23.35,205.0
秋葵鸭蛋,146.88,8.53,10.34,5.4,192.0
葱油烙饼,316.54,12.76,4.41,57.95,127.0
自制茶叶蛋,148.74,14.2,7.43,6.84,119.0
琥珀核桃,371.54,11.91,29.97,15.56,123.0
特色辣子鸡,123.23,13.52,6.38,3.45,155.0
卤鸡蛋酱,68.83,6.47,4.19,1.33,308.0
豆芽炒粉丝,144.58,1.58,1.95,30.67,166.0
简单红烧虾,97.69,14.74,2.97,3.05,130.0
鸡胸炒西兰花,75.76,11.07,2.87,2.46,165.0
辣酱海鲜饭,117.21,7.4,4.66,11.58,215.0
南瓜小米燕麦糊,105.0,2.75,1.03,21.8,200.0
煎糟鱼,164.24,15.95,9.88,3.43,165.0
煎玉米饼,123.24,4.2,2.6,22.06,185.0
煎烧毛豆腐,94.18,5.6,5.9,5.57,189.0
煎青椒鸡块,159.04,17.69,4.52,11.83,166.0
煎烹大虾,153.98,16.37,7.41,5.33,113.0
煎酿鱿鱼筒,240.0,9.02,3.67,43.08,210.0
煎酿茄子,134.56,5.74,6.27,14.35,217.0
煎酿尖椒,158.58,5.43,10.92,10.52,169.0
煎面鱼,207.1,15.77,6.09,22.87,155.0
煎焖苦瓜,72.22,2.25,3.61,8.25,180.0
煎椒盐豆腐,111.93,6.32,7.67,5.24,109.0
煎夹沙香蕉,180.35,2.13,1.94,39.16,173.0
煎鸡肉三明治,183.81,10.75,5.42,23.31,210.0
煎鸡蛋火腿,129.27,13.95,7.31,2.0,205.0
煎豆腐鱼,168.8,14.88,7.2,11.7,125.0
煎豆腐炒青菜,28.11,1.5,2.22,0.91,185.0
煎大虾,105.79,17.94,2.36,3.22,190.0
煎葱饼,258.38,12.91,5.79,39.73,185.0
煎饼果子,253.18,12.94,9.59,30.0,173.0
煎扒狮子头,212.61,9.58,16.63,6.18,222.0
煎扒鲭鱼头尾,120.0,16.5,5.85,0.41,175.0
尖椒炸鸡蛋,119.35,8.87,7.61,4.42,155.0
尖椒洋葱炒松花蛋,130.24,8.06,6.9,9.5,205.0
尖椒兔丁,116.57,12.15,3.15,10.45,175.0
尖椒烧鸭,85.88,5.41,2.44,11.46,170.0
尖椒烧牛肉,123.53,19.19,4.07,2.63,170.0
尖椒烧腐竹,164.84,11.2,8.41,12.18,91.0
尖椒烧豆腐,104.03,4.85,7.7,4.9,149.0
尖椒千张炒腊肠,227.03,12.01,16.52,8.45,185.0
尖椒皮蛋,157.3,9.62,9.75,8.24,185.0
尖椒牛柳,109.09,7.92,2.85,13.83,165.0
尖椒酿肉,219.51,10.2,16.35,8.37,164.0
尖椒木耳炒蛋,114.87,6.62,4.59,14.93,195.0
尖椒酱牛肉,132.2,12.34,6.07,7.89,177.0
尖椒鸡蛋酱,163.9,8.33,11.61,7.02,205.0
尖椒火腿炒蛋,100.65,7.66,5.88,5.17,155.0
尖椒干豆腐,302.35,30.86,15.43,13.02,170.0
尖椒炖鱼,108.17,11.09,2.82,10.24,208.0
尖椒干豆腐炒肉,310.07,22.85,19.93,11.44,149.0
尖椒炒鲜笋,38.82,1.98,1.99,4.25,170.0
尖椒炒猪蹄,186.55,13.9,12.92,4.15,171.0
尖椒炒猪肝,98.26,9.03,4.86,5.43,115.0
尖椒炒猪肚,118.79,9.43,6.89,5.3,165.0
尖椒炒玉米,94.24,2.69,2.3,16.84,191.0
尖椒炒鱿鱼,80.0,10.96,2.89,3.09,165.0
尖椒炒羊肉,108.88,11.31,5.74,3.25,169.0
尖椒炒香菇,46.45,1.84,2.26,6.23,155.0
尖椒炒蚬子,58.79,4.68,2.77,4.28,165.0
尖椒炒土豆丝,75.28,1.96,1.92,13.45,178.0
尖椒炒土豆片,97.08,2.42,2.3,17.6,171.0
尖椒炒土豆,82.69,2.15,2.19,14.47,156.0
尖椒炒丝瓜,46.2,1.49,2.24,5.96,158.0
尖椒炒肉丝,201.39,7.69,15.52,8.55,216.0
尖椒炒肉片,194.62,6.66,14.08,11.22,130.0
尖椒炒茄子,77.59,1.64,3.68,10.43,174.0
尖椒炒千张,118.97,8.75,7.2,5.99,155.5
尖椒炒牛肉,83.73,7.16,2.7,8.0,166.0
尖椒炒年糕,124.54,2.58,2.34,24.07,163.0
尖椒炒萝卜缨,67.52,2.33,2.2,10.34,157.0
尖椒炒腊肉,234.97,11.28,19.04,5.13,163.0
尖椒炒腊肠,235.63,7.69,17.21,13.44,160.0
尖椒炒苦瓜,43.87,1.06,2.12,6.03,155.0
尖椒炒口蘑,250.71,28.34,4.64,30.16,140.0
尖椒炒韭菜,49.21,2.2,2.78,5.25,126.0
尖椒炒鲫鱼,160.66,16.21,8.02,6.26,122.0
尖椒炒鸡胗,79.75,7.01,3.04,7.09,158.0
尖椒炒鸡胸,130.05,14.62,3.35,11.33,183.0
尖椒炒鸡丁,132.52,6.61,6.08,13.61,206.0
尖椒炒火腿,73.42,5.82,3.22,6.17,158.0
尖椒炒干豆腐,172.37,10.7,9.77,11.42,152.0
尖椒炒肥肠,115.88,3.48,8.59,6.95,170.0
尖椒炒豆腐丝,385.6,41.49,20.86,11.42,125.0
尖椒炒冬瓜,37.3,0.53,2.62,3.58,126.0
尖椒炒白菜,41.61,1.68,2.51,4.14,137.0
嘉兴粽子,330.59,10.99,11.21,46.45,170.0
家乡小炒肉,208.44,8.94,17.96,3.34,154.0
家乡剁辣椒,113.25,2.27,2.63,22.01,166.0
家常红烧鸡块,385.71,14.25,32.27,9.5,119.0
家庭火锅,221.39,12.04,13.95,14.45,187.0
秘制卤肉饭,161.96,6.52,9.1,13.64,163.0
家庭版地三鲜,48.78,1.41,1.65,7.66,205.0
家焖黄鱼,122.03,15.57,4.67,4.26,118.0
家常炸丸子,224.52,4.26,3.59,44.25,208.0
家常油饼,371.68,15.17,4.9,68.34,113.0
家常羊肉丝,83.42,6.26,5.1,3.66,193.0
家常土豆白菜炖,153.99,6.38,11.43,6.91,163.0
家常酸菜鱼,110.18,10.37,5.0,6.31,167.0
家常水煮毛豆,166.92,11.14,5.52,23.56,133.0
家常什锦炒饭,144.39,9.12,5.23,15.46,205.0
家常烧武昌鱼,165.55,16.35,8.13,6.81,119.0
家常烧鲫鱼,133.33,15.49,5.16,6.28,117.0
家常烧豆腐,76.47,3.72,3.89,7.67,221.0
家常烧带鱼,117.6,14.77,5.81,1.86,125.0
家常烧大黄鱼,119.05,15.49,4.3,4.58,168.0
家常鳝片,122.95,16.05,3.62,6.63,122.0
家常软鱼,166.67,15.25,7.66,9.15,195.0
家常培根炒油菜,187.88,4.62,16.92,4.85,165.0
家常南瓜炒木耳,118.06,4.35,2.48,24.58,155.0
家常麻辣鸡爪,186.88,15.68,12.4,3.41,160.0
家常香煎豆腐,101.82,6.22,7.55,3.09,110.0
家常炖鱼,130.95,14.93,5.27,5.87,126.0
烩家常豆腐,182.16,8.29,12.82,9.01,185.0
家常葱香烙饼,260.0,10.65,3.68,47.32,155.0
家常炒茄子,84.21,1.5,5.48,7.85,114.0
秘制家常炒排骨,298.17,15.61,25.96,0.37,109.0
家常什蔬炒饭,163.59,7.94,8.7,13.55,195.0
家常炒饼,216.94,7.07,7.88,30.24,183.0
毛豆炒韭菜,89.27,7.56,4.1,7.32,205.0
牛肉炒油菜,74.74,6.83,2.44,7.09,190.0
家常版烧鹅,274.42,14.22,19.62,10.29,129.0
家常熬黄花鱼,163.04,16.23,10.52,0.8,138.0
鲫鱼蒸蛋,132.14,15.27,6.23,3.76,140.0
家常鲫鱼汤,80.94,6.38,2.07,9.34,278.0
鲫鱼烧虾,113.06,14.13,3.42,6.48,222.0
鲫鱼烧土豆,104.78,9.51,2.84,10.56,209.0
鲫鱼烧毛豆,135.98,14.36,4.88,9.37,189.0
鲫鱼烧豆腐,95.38,10.7,4.32,3.87,195.0
鲫鱼木瓜汤,55.44,6.11,2.03,3.3,285.0
鲫鱼萝卜汤,72.0,6.58,2.13,7.04,275.0
滋补鲫鱼红豆汤,88.76,9.36,1.29,10.25,249.0
鲫鱼荷包蛋,131.78,14.23,5.28,6.91,214.0
鲫鱼粉丝豆腐汤,97.54,7.24,2.95,10.74,285.0
鲫鱼炖莴苣,73.17,8.83,2.83,3.22,205.0
鲫鱼炖土豆,113.55,11.87,3.74,8.19,155.0
鲫鱼炖干豆腐,280.47,32.11,13.54,9.53,215.0
鲫鱼炖粉条,174.81,12.78,4.24,21.53,135.0
鲫鱼豆腐（家常版）,142.29,13.45,5.06,11.25,175.0
鲫鱼炖冻豆腐,124.2,11.27,6.46,5.74,219.0
鲜炖鲫鱼豆腐汤,114.19,13.16,5.39,3.55,155.0
济南把子肉,316.07,13.73,26.88,4.89,112.0
牛肉炖白菜豆腐,85.81,9.45,4.55,2.29,155.0
家常豉油鸡,162.42,18.62,7.92,4.16,165.0
吉野家牛肉饭,117.42,5.05,3.42,17.06,333.0
基围虾烧西兰花,75.61,10.37,2.4,3.97,205.0
基础紫菜包饭,162.73,8.27,6.98,17.7,220.0
家常土豆泥,99.21,3.0,2.02,17.8,127.0
鸡汁烧牛肉,172.54,9.21,5.77,22.38,142.0
鸡汁秋葵鸡汁,92.14,3.13,5.53,9.43,140.0
鸡汁腊鱼,119.43,17.38,5.59,0.0,175.0
鸡汁焗土豆泥,124.29,5.6,5.19,14.12,210.0
鸡汁烧豆腐,131.49,11.91,7.61,4.4,235.0
鸡汁扯面,249.6,14.95,7.29,31.92,248.0
鸡胗炒豆角,87.5,10.37,2.88,5.62,208.0
鸡爪炖土豆,185.85,12.6,10.69,9.98,106.0
鸡爪炖花生,318.46,22.57,21.82,8.38,130.0
鸡鸭血汤,96.95,8.81,5.05,4.24,295.0
鸡胸肉木须肉,151.11,14.24,6.83,10.17,225.0
鸡胸炒西葫芦,94.64,11.92,2.4,6.6,224.0
鸡胸炒酸豇豆,102.72,9.56,2.87,10.62,147.0
鸡胸炒青椒,98.12,15.86,3.13,1.88,160.0
鸡腿蒸蘑菇,96.26,10.82,3.41,6.02,214.0
鸡腿烧香菇,104.19,6.8,4.21,10.76,191.0
鸡腿烧土豆,118.75,8.36,4.46,11.66,160.0
鸡腿烧毛豆,156.47,16.12,7.49,6.7,170.0
鸡腿肉,137.44,9.22,3.89,20.81,195.0
鸡腿炖香菇,103.79,10.69,5.18,4.36,211.0
鸡腿炖土豆,111.22,9.28,4.42,8.88,205.0
鸡腿炖千张,212.14,21.75,12.73,2.83,206.0
鸡腿炖蘑菇,121.6,9.35,5.4,9.38,125.0
鸡腿炖饭,117.07,6.67,3.4,15.24,205.0
鸡腿炖豆角,96.13,7.45,4.39,7.32,155.0
鸡腿炖豆腐,108.47,12.15,5.88,2.14,189.0
鸡腿炒金针菇,98.58,10.88,5.04,3.0,211.0
鸡腿炒粉丝,175.86,13.58,6.13,18.4,174.0
鸡腿炒饭,101.92,7.01,2.98,11.9,365.0
鸡头米虾仁,98.57,11.34,2.15,8.67,210.0
鸡汤煮干丝,189.43,15.22,12.06,5.98,265.0
鸡汤馄饨,175.73,12.27,5.35,20.39,309.0
鸡丝蘑菇,114.77,15.05,2.86,7.4,176.0
鸡丝卤面,197.5,14.6,4.87,24.65,280.0
川味鸡丝凉面,260.1,15.32,4.09,41.84,193.0
什蔬鸡丝凉面,204.78,10.92,3.48,32.82,209.0
鸡丝拌拉皮,219.63,16.14,5.89,26.68,219.0
鸡丝蕨根粉,286.01,9.83,10.1,45.82,193.0
鸡丝炒洋葱,79.38,8.53,2.6,5.81,160.0
鸡丝炒面,169.7,10.99,2.67,26.05,165.0
鸡丝炒苦瓜,80.0,8.32,2.53,6.34,160.0
鸡丝炒饭,212.77,10.04,14.37,11.18,235.0
鸡肉派鸡汁,238.5,9.47,17.86,10.51,200.0
鸡肉丸烧冬瓜,114.87,6.3,4.76,12.47,195.0
鸡肉松（宝宝辅食）,142.86,22.3,4.59,3.3,112.0
鸡肉蔬菜饭,96.36,8.79,2.56,9.92,165.0
鸡肉手抓饼,137.14,15.25,7.53,2.26,175.0
鸡肉烧豆角,275.9,11.16,23.44,5.45,166.0
鸡肉色拉,84.17,11.26,3.46,2.34,120.0
鸡肉炖土豆,206.9,7.02,14.17,13.34,174.0
鸡肉炖山药,226.67,8.99,18.39,6.58,210.0
鸡肉炖木耳,250.33,10.31,14.4,25.19,151.0
鸡肉炖蘑菇,214.42,9.14,17.91,4.63,215.0
鸡肉炖粉条,377.42,10.94,24.81,27.74,155.0
鸡肉豆角,158.14,6.76,12.3,6.01,172.0
鸡肉炒杏鲍菇,72.26,8.65,2.65,3.94,155.0
鸡肉炒香菇,80.89,7.89,4.24,3.71,157.0
鸡肉炒土豆,181.0,6.48,11.46,13.62,221.0
鸡肉炒青椒,325.38,13.22,29.58,1.67,130.0
鸡肉炒木耳,167.06,15.08,6.09,16.72,170.0
鸡肉炒蘑菇,119.35,13.9,6.61,1.32,155.0
鸡肉炒面,175.5,9.61,2.25,30.09,200.0
鸡肉炒苦瓜,73.49,9.56,2.57,3.37,166.0
鸡肉炒口蘑,68.67,8.95,2.56,3.17,166.0
鸡肉炒黄瓜,151.95,5.83,11.88,5.77,154.0
鸡肉炒饭,138.55,9.51,4.46,15.04,179.0
鸡肉炒菜花,72.29,9.98,2.63,2.95,166.0
鸡米花,144.0,19.14,3.36,9.31,150.0
鸡块烧土豆,123.9,11.12,5.07,8.68,205.0
鸡块炖土豆,190.37,9.61,9.01,17.88,135.0
鸡块炖蘑菇,96.1,11.17,5.02,2.0,205.0
鸡块炖豆角,102.42,10.92,5.05,3.89,207.0
鸡块炖白菜,142.94,7.18,5.37,19.5,170.0
鸡肝扒油菜,94.97,5.69,4.58,8.21,199.0
鸡丁南瓜酱焗饭,167.95,6.69,9.31,14.64,234.0
鸡丁炒莴苣,91.75,10.39,4.77,1.96,206.0
鸡丁炒毛豆,93.94,9.32,3.32,7.88,165.0
鸡丁炒鸡蛋,140.7,17.7,7.08,1.64,185.5
鸡丁炒饭,157.67,7.19,8.87,12.53,215.0
鸡蛋煮面条,206.45,9.21,4.91,31.79,217.0
鸡蛋蒸鱼,143.87,13.81,9.16,1.55,155.0
鸡蛋蒸虾酱,144.51,12.91,9.34,2.2,164.0
鸡蛋蒸西葫芦,74.84,4.74,4.84,3.23,155.0
鸡蛋榨菜炒面,237.65,9.38,4.67,39.98,170.0
鸡蛋香肠寿司,184.92,8.71,10.64,16.27,179.0
鸡蛋汤,69.23,6.42,4.17,1.54,208.0
鸡蛋酸汤,67.34,4.38,1.98,9.89,297.0
鸡蛋丝瓜炒火腿,99.49,6.85,5.89,5.19,195.0
鸡蛋手擀面,286.06,14.28,6.45,43.85,165.0
鸡蛋烧排骨,222.7,13.46,18.11,1.61,185.0
鸡蛋三明治,243.0,10.6,8.85,30.27,200.0
鸡蛋青菜面,193.75,9.21,3.14,32.67,192.0
鸡蛋芹菜煎饺,220.69,9.11,9.75,24.7,203.0
鸡蛋辣椒酱,153.6,11.18,9.69,6.25,125.0
鸡蛋煎虾,149.03,16.5,4.18,11.55,155.0
鸡蛋煎青椒,109.66,6.99,5.9,7.72,145.0
鸡蛋煎年糕,160.0,7.56,6.87,17.13,110.0
鸡蛋煎面,260.57,10.55,4.72,44.11,175.0
鸡蛋煎火腿土司,217.26,11.33,8.04,24.96,197.0
鸡蛋煎豆角,85.8,5.97,5.08,5.66,169.0
鸡蛋煎饼,241.26,11.98,5.21,37.76,206.0
鸡蛋火腿炒豌豆,132.2,11.98,6.56,6.76,205.0
鸡蛋胡萝卜饺子,265.26,13.22,5.71,41.95,190.0
鸡蛋蛤蜊煎,198.12,11.46,5.53,26.27,160.0
鸡蛋灌饼,257.56,14.05,6.87,35.76,205.0
鸡蛋挂面汤,190.83,8.57,4.15,30.21,218.0
鸡蛋糕,196.9,12.59,9.37,15.94,129.0
鸡蛋粉丝炒菠菜,151.89,7.91,6.38,16.09,185.0
鸡蛋豆腐蒸肉沫,147.31,9.52,10.99,3.14,186.0
鸡蛋葱油饼,225.0,10.6,5.87,32.79,208.0
鸡蛋炒紫菜,161.67,13.38,9.77,6.1,120.0
鸡蛋炒圆白菜,63.41,4.17,3.71,3.76,205.0
鸡蛋炒玉米,110.56,6.31,5.05,10.8,180.0
鸡蛋炒油菜,95.24,6.86,5.76,4.45,210.0
鸡蛋炒洋葱,87.5,4.96,4.69,6.69,160.0
鸡蛋炒香椿,140.57,11.42,9.13,3.3,175.0
鸡蛋炒香肠,235.56,15.06,17.64,4.27,135.0
鸡蛋烩虾仁,104.52,14.57,3.88,2.77,155.0
鸡蛋炒角瓜,99.46,7.73,6.38,3.24,185.0
番茄摊鸡蛋,101.67,7.84,6.55,3.27,180.0
鸡蛋炒土豆丝,120.86,7.76,5.67,9.98,208.5
鸡蛋炒土豆,112.11,5.8,4.44,12.86,190.0
鸡蛋炒蒜黄,121.82,8.87,7.1,5.92,165.0
鸡蛋炒素鸡,204.71,13.14,13.58,7.86,191.0
鸡蛋炒丝瓜,100.47,6.87,6.95,3.0,213.0
鸡蛋炒秋葵,93.17,7.27,5.76,4.2,205.0
鸡蛋炒青椒,112.9,8.77,7.55,2.77,155.0
鸡蛋炒芹菜,87.32,6.59,5.76,2.68,205.0
鸡蛋炒年糕,140.71,7.16,6.08,14.94,140.0
鸡蛋炒南瓜,90.0,5.04,4.86,6.88,170.0
鸡蛋烧木耳,95.56,6.6,6.15,4.18,135.0
鸡蛋炒蘑菇,111.68,7.44,6.88,5.51,214.0
鸡蛋炒面,276.78,9.31,14.83,27.05,211.0
鸡蛋炒辣椒,124.83,9.39,8.11,4.11,145.0
韭菜摊鸡蛋,113.83,7.81,7.89,3.51,188.0
鸡蛋炒火腿肠,179.5,12.87,10.55,8.3,200.0
鸡蛋炒黄瓜,89.32,6.8,5.74,2.73,206.0
鸡蛋炒胡萝卜,104.27,6.74,5.62,7.5,211.0
鸡蛋炒粉条,177.89,10.55,8.39,15.19,190.0
鸡蛋炒粉丝,196.35,9.87,8.55,20.31,137.0
鸡蛋腊味炒饭,265.71,10.99,11.75,29.55,210.0
鸡蛋炒豆腐,121.95,9.61,8.24,2.83,205.0
鸡蛋煎菠菜,94.63,7.66,5.8,3.37,205.0
鸡蛋槎菜炒饭,112.38,5.15,3.94,14.76,210.0
摊鸡蛋饼,239.58,12.89,5.98,34.62,192.0
鸡翅烧土豆,163.22,12.4,8.53,9.37,174.0
鸡翅烧胡萝卜,127.32,9.76,7.17,6.63,205.0
鸡翅烧红薯,139.81,9.3,6.81,10.44,216.0
鸡翅砂锅饭,133.55,7.61,4.86,14.94,310.0
鸡翅烤土豆,149.31,10.31,5.45,15.03,217.0
鸡翅红薯,123.89,9.22,6.91,6.76,180.0
鸡翅根烧土豆,167.65,12.79,8.66,9.72,170.0
鸡翅炖蘑菇,121.99,10.95,6.09,6.15,191.0
鸡翅炖地瓜,145.83,9.31,6.82,12.31,216.0
鸡翅炒土豆,172.61,12.95,9.3,9.17,157.0
鸡翅炒青椒,118.57,9.54,7.07,4.5,210.0
鸡翅炒豆角,104.79,7.74,5.73,6.2,156.5
鸡蛋韭菜饼,229.76,11.44,4.88,36.27,205.0
火腿蒸鱼,111.05,15.15,4.33,2.74,190.0
火腿蒸银耳,165.89,10.14,4.65,26.75,258.0
火腿蒸娃娃菜,65.32,4.17,4.58,2.96,124.0
火腿蒸鲈鱼,122.44,16.89,5.83,0.54,156.0
火腿蒸饭,225.81,9.22,5.3,35.61,155.0
火腿蒸百叶,294.12,30.1,16.94,7.06,255.0
火腿玉子烧,121.86,8.86,7.4,5.05,215.0
火腿鸭卷,277.16,15.15,22.9,2.75,162.0
火腿香菇蒸苦瓜,120.69,7.13,9.1,3.12,145.0
火腿香菇炒饭,110.24,5.77,3.41,14.53,205.0
火腿生菜粥,134.87,5.87,1.02,25.87,152.0
火腿焖饭,132.33,5.89,5.45,16.01,300.0
火腿苦瓜炒鸡蛋,130.27,9.62,7.98,5.15,185.0
火腿煎鸡蛋,146.67,12.67,9.3,3.23,135.0
火腿黄瓜煎饼,189.7,11.69,5.84,23.05,165.0
火腿黄瓜炒鸡蛋,112.09,7.89,4.56,12.16,215.0
火腿蛋炒饭,118.33,4.96,3.55,17.05,180.0
火腿炖萝卜,43.43,2.8,2.25,3.97,175.0
火腿炖豆腐,159.09,10.28,7.61,13.16,176.0
火腿豆腐羹,140.94,8.54,7.94,9.49,171.0
火腿炒玉米,115.56,4.96,5.05,13.32,135.0
火腿炒油菜,56.25,5.52,3.23,1.77,176.0
火腿炒杏鲍菇,71.88,5.83,3.01,6.04,160.0
火腿炒虾仁,101.54,9.77,2.66,10.17,195.0
火腿炒西兰花,143.05,6.62,11.64,3.96,75.5
火腿炒西葫芦,96.0,4.2,3.73,13.7,150.0
火腿炒莴苣,53.33,4.48,2.73,3.09,165.0
火腿炒土豆,232.94,8.95,15.64,14.36,85.0
火腿炒四季豆,62.84,5.66,3.08,4.72,148.0
火腿炒丝瓜,91.89,9.06,5.12,2.71,185.0
火腿炒青椒,61.29,5.65,3.16,3.0,155.0
火腿炒芹菜,57.93,4.69,3.08,3.78,145.0
火腿炒年糕,124.88,6.1,2.65,19.38,205.0
火腿炒面,226.34,7.22,3.48,42.78,205.0
火腿炒芦笋,61.88,6.64,3.01,2.91,160.0
火腿炒辣椒,88.0,5.0,5.17,6.39,75.0
火腿炒苦瓜,55.38,3.36,3.0,4.22,130.0
火腿炒芥菜,57.24,5.52,3.28,1.85,145.0
火腿炒尖椒,109.52,8.15,4.64,9.4,105.0
火腿炒鸡蛋,178.31,13.19,10.75,7.25,166.0
火腿炒黄瓜,95.0,5.05,5.26,7.01,160.0
火腿炒胡萝卜,55.38,3.95,2.39,5.48,195.0
火腿炒腐竹,258.1,25.85,13.07,9.47,105.0
火腿炒粉丝,119.3,6.6,4.78,12.83,171.0
火腿炒饭,127.18,7.26,4.44,14.7,195.0
火腿炒豆角,92.65,4.95,4.65,8.48,136.0
火腿炒菜花,141.94,9.45,3.58,23.06,155.0
火腿肠煎鸡蛋,173.1,12.9,10.87,5.96,145.0
火腿肠炒玉米粒,153.19,5.94,6.26,19.57,94.0
火腿肠炒玉米,117.39,9.81,3.67,12.09,207.0
火腿肠炒莴苣,111.18,5.54,5.49,10.06,170.0
火腿肠炒丝瓜,113.18,6.56,5.75,9.24,220.0
火腿肠炒青椒,357.42,15.97,28.32,10.1,155.0
火腿肠炒面,232.08,8.53,6.14,36.12,106.0
火腿肠炒韭菜,114.29,6.97,6.1,8.81,175.0
火腿肠炒鸡蛋,172.06,12.72,10.82,5.94,136.0
火腿肠炒黄瓜,79.26,3.7,4.68,5.61,135.0
火腿肠炒腐竹,277.65,24.94,14.59,12.4,85.0
火腿肠炒饭,150.0,5.06,4.59,22.21,140.0
火腿肠炒豆角,192.86,10.48,9.61,16.26,140.0
火腿肠炒冬瓜,109.52,5.24,6.82,7.2,168.0
豆腐煲鸡汁,124.63,10.63,6.67,5.84,268.0
火龙果鸡蛋饼,186.67,9.68,5.71,25.03,210.0
火锅鸡,169.03,18.66,8.91,3.62,113.0
火焙鱼,126.72,16.15,5.06,4.61,116.0
火爆腰花,91.2,7.5,4.12,6.42,125.0
火爆牛心,136.0,12.52,5.22,9.65,125.0
蜜汁辣酱鱿鱼须,98.36,10.67,2.83,7.79,183.0
炝爆圆白菜,40.49,1.56,2.03,4.6,163.0
烩松肉,200.54,20.81,8.88,10.53,186.0
烩双菇,40.61,1.95,2.1,4.68,165.0
烩烧茄子,86.32,1.5,3.33,13.14,190.0
茴香馅饼,262.69,11.38,7.64,38.19,193.0
茴香饺子,274.36,11.79,9.1,37.44,195.0
茴香打卤面,105.45,5.45,3.81,15.28,165.0
豉香回锅肉,187.42,8.23,14.38,6.92,151.0
回锅肉（快手版）,185.98,8.01,14.99,5.25,164.0
徽州毛豆腐,107.83,6.37,6.6,6.55,166.0
香肠蒸冬瓜,194.44,9.11,15.2,5.63,162.0
娃娃菜蒸香肠,107.26,5.42,8.34,3.74,124.0
花生酱菠菜,71.21,2.97,4.29,6.02,66.0
黄鱼烧年糕,131.76,11.81,3.46,13.42,170.0
黄鱼烧豆腐,103.5,11.16,4.15,5.78,200.0
黄油牛肉饼,108.05,8.48,3.05,11.96,236.0
黄油煎松茸,78.26,1.96,3.26,12.01,69.0
黄油煎牛扒,91.26,11.76,2.83,5.23,206.0
炒鸡心,95.76,6.36,5.52,5.55,165.0
黄蚬子炒韭菜,56.87,4.67,2.46,4.81,211.0
黄鳝炒韭黄,68.29,9.9,2.24,2.49,205.0
黄山炖鸽,128.78,8.85,8.51,4.44,205.0
黄焖牛肉,159.38,17.29,6.69,7.55,128.0
家常黄焖鸡米饭,108.14,5.27,2.46,16.63,295.0
黄辣丁烧丝瓜,90.27,10.18,3.17,5.57,185.0
黄辣丁炖豆腐,128.57,10.32,3.63,14.35,210.0
黄金玉米蒸鸡块,154.05,13.88,5.54,12.53,222.0
黄金玉米莲子粥,152.15,4.49,0.96,32.23,186.0
黄金鱿鱼圈,130.23,14.26,5.2,6.58,172.0
黄金土豆泥,177.44,5.36,12.87,10.68,195.0
黄金山药条,179.43,7.94,9.04,16.86,175.0
黄金烩豆花,118.18,7.17,6.32,8.91,165.0
胡萝卜丁炒饭,187.74,6.52,10.02,18.25,155.0
金沙豆腐,160.71,8.75,12.02,5.19,140.0
黄金蛋炒饭烧饭,142.86,7.7,5.72,15.31,210.0
三汁焖锅,102.44,9.64,4.55,5.99,205.0
黄花鱼烧豆腐,124.02,12.72,5.34,6.49,204.0
黄花豆腐汤,87.44,6.67,3.06,9.51,207.0
黄瓜丝炒鸡蛋,92.72,7.49,5.73,3.13,206.0
黄瓜烧带鱼,100.0,11.3,4.56,3.59,160.0
黄瓜片炒鸡心,90.91,5.45,5.52,4.94,165.0
黄瓜片炒鸡蛋,95.24,6.64,5.81,4.27,210.0
黄瓜片炒火腿肠,56.0,4.74,3.03,2.52,150.0
黄瓜皮蛋汤,53.3,4.26,3.09,2.11,212.0
黄瓜木耳炒鸡蛋,149.76,9.54,6.07,17.88,205.0
黄瓜凉拌莲藕酸,149.08,5.55,10.18,9.91,163.0
黄瓜凉拌腐竹,218.87,18.3,11.11,11.87,212.0
黄瓜金针菇卷,36.79,1.52,1.68,4.58,212.0
黄瓜酱肉丝,152.87,5.34,10.58,9.18,174.0
黄瓜煎鸡蛋,93.27,6.76,5.67,4.06,208.0
黄瓜鸡蛋饼,93.8,6.03,6.43,3.01,258.0
黄瓜火腿,103.03,5.58,5.72,7.43,165.0
黄瓜炖泥鳅,82.94,11.15,3.05,3.03,170.0
黄瓜炖黄辣丁,101.14,10.62,3.35,7.34,175.0
黄瓜炖粉条,106.67,0.7,2.39,20.86,135.0
黄瓜蛋炒饭,134.86,5.5,6.82,13.18,175.0
黄瓜炒猪肉,139.68,6.34,11.59,2.74,157.5
黄瓜熘肝尖,77.64,6.58,3.47,5.23,161.0
黄瓜炒榨菜,37.31,0.91,2.44,3.22,134.0
黄瓜炒玉米,125.0,7.5,3.16,19.44,176.0
黄瓜炒鱿鱼花,61.54,8.82,2.31,1.39,208.0
黄瓜炒鱿鱼,83.53,10.94,2.92,3.51,170.0
黄瓜炒洋葱,44.55,1.69,1.65,6.32,206.5
黄瓜炒香肠,118.57,4.16,8.41,6.64,140.0
黄瓜烩虾仁,74.19,10.58,2.15,3.32,186.0
黄瓜炒西红柿,33.74,0.98,2.04,3.2,163.0
黄瓜炒五花肉,143.12,5.22,11.41,4.91,160.0
黄瓜炒肉丝,144.1,5.44,11.34,5.04,161.0
黄瓜炒肉片,138.55,5.51,11.05,4.43,166.0
青瓜炒木耳,110.07,3.47,4.78,16.45,139.0
黄瓜炒蘑菇,129.94,5.73,10.92,2.51,167.0
黄瓜炒腊肉,258.1,6.11,24.77,2.76,210.0
黄瓜炒口蘑,160.48,18.88,3.1,18.36,210.0
黄瓜炒鸡心,98.86,6.13,6.08,5.18,176.0
黄瓜炒鸡丝,114.79,12.59,6.21,2.1,169.0
黄瓜炒鸡胸,117.39,13.3,6.14,2.33,161.0
青瓜炒蛋,93.27,7.61,5.67,3.16,208.0
黄瓜炒火腿肠,125.23,6.13,6.8,9.95,107.0
黄瓜炒火腿,80.98,7.25,4.74,2.45,205.0
黄瓜炒红肠,125.63,4.45,9.27,6.28,160.0
黄瓜炒肥肠,117.65,3.96,9.46,4.38,153.0
黄瓜炒饭,97.7,5.41,3.97,10.23,305.0
黄瓜炒豆腐,95.38,6.86,6.32,3.23,173.0
黄瓜炒大虾,70.27,10.35,1.92,2.88,185.0
黄瓜拌鸡蛋,72.08,6.01,3.6,4.17,197.0
黄豆猪脚汤,157.75,12.28,8.47,9.23,284.0
黄豆芽汤,73.49,4.39,3.3,7.27,166.0
黄豆芽炒粉条,223.48,5.68,11.59,24.7,132.0
黄豆炖猪蹄,224.39,18.46,13.48,8.45,164.0
特色淮南牛肉汤,97.6,10.92,3.2,6.52,250.0
话梅小排骨,373.12,18.94,28.96,9.75,160.0
话梅小萝卜,62.41,0.82,0.31,15.09,133.0
滑子菇烩海鲜,92.2,10.47,2.03,8.28,218.0
滑嫩蒸水蛋,140.59,11.79,9.38,2.41,170.0
滑熘里脊,215.68,10.59,14.94,12.43,185.0
鲜滑鱼片,127.22,13.82,4.22,8.21,158.0
溜肉片,133.69,12.02,6.96,5.7,187.0
滑炒里脊丝,181.03,7.9,14.17,5.58,195.0
滑炒蛤蜊马蹄,91.98,7.33,3.85,7.08,212.0
冬瓜鸡汁,69.57,4.89,3.3,6.11,184.0
花蟹粥,121.1,9.19,1.32,18.36,237.0
花式杏鲍菇,80.87,1.41,5.32,7.75,115.0
花生猪手煲,197.64,12.43,14.78,4.03,254.0
花生牛肉酱,416.88,22.58,30.56,14.51,160.0
花生米,572.38,23.62,45.05,20.67,105.0
花生卤猪蹄,433.17,21.61,34.05,11.61,205.0
花生辣椒酱,297.77,12.23,22.79,12.13,179.0
花生红枣黑米粥,277.37,7.15,6.52,48.66,190.0
花生炖猪蹄,344.0,21.44,26.04,6.78,150.0
花生炖羊肉,163.45,11.34,11.01,5.38,249.0
花生炖鸡爪,356.88,22.86,25.98,8.79,160.0
花生炒鸡丁,187.77,12.81,11.67,8.77,229.0
花生炒鸡蛋,292.26,16.45,21.77,8.55,155.0
花篮蟹肉,110.09,11.78,4.2,6.19,228.0
花椒鸡丁,127.59,10.59,7.6,4.51,203.0
花椒鸡,158.68,21.63,6.76,3.46,121.0
花椒鹅块,256.83,15.51,17.87,8.69,183.0
花甲冬瓜汤,29.27,2.84,1.33,1.66,287.0
花蛤蒸丝瓜,48.65,4.83,2.04,3.13,185.0
花蛤蒸饭,190.34,7.67,0.73,38.6,207.0
花蛤蒸豆腐,72.38,5.73,3.08,5.83,210.0
花蛤肉蒸丝瓜蒸,106.67,4.64,1.83,18.48,210.0
花蛤苦瓜汤,31.64,3.05,1.33,2.05,275.0
花蛤炒丝瓜,44.74,3.94,1.95,3.17,190.0
花雕醉鸡卷,164.12,13.53,6.16,7.53,170.0
花雕熏鱼,143.48,10.63,5.71,5.09,161.0
花雕盐焗鸡,127.69,10.86,5.28,3.38,195.0
花雕酒酿焖花蛤,96.22,6.24,2.3,6.32,185.0
花菜香肠,215.48,9.68,16.46,7.89,168.0
花菜炒肉,155.47,6.66,13.34,2.93,137.0
琥珀桃仁,373.68,11.01,27.71,21.98,133.0
虎皮肉,240.49,9.88,21.04,3.19,163.0
虎皮卤蛋,153.8,11.8,9.47,5.64,171.0
虎皮辣子烧茄子,72.93,1.53,2.44,11.6,133.0
虎皮辣椒,90.12,2.22,4.02,12.44,81.0
虎皮酱凤爪,247.33,17.43,15.16,10.29,150.0
虎皮尖椒,81.97,1.52,2.83,13.93,122.0
虎皮凤爪,266.67,18.62,16.8,10.23,135.0
糊涂鸡,95.52,10.06,4.51,4.1,223.0
湖乡豆腐炖鱼,104.62,10.27,6.41,2.3,195.0
湖南小炒肉,232.3,9.89,20.69,2.14,161.0
油爆口味虾,87.5,12.18,2.51,4.53,160.0
家常农家小炒肉,298.37,13.3,26.35,2.4,184.0
湖南扣肉,236.68,9.14,16.94,12.12,199.0
家常剁椒鱼头,125.0,12.17,6.48,5.36,128.0
湖北自制剁椒,36.71,1.12,0.29,8.53,207.0
老味面窝,372.26,15.77,7.65,61.84,155.0
胡麻金钱饼,376.27,15.79,5.75,67.06,118.0
胡萝卜羊肉饺子,203.4,13.91,3.53,29.99,206.0
胡萝卜土豆煎,143.02,6.35,3.49,22.44,265.0
胡萝卜丝炒香菇,46.39,1.46,2.05,6.96,166.0
家常胡萝卜烧香菇,56.25,1.57,2.11,9.28,160.0
胡萝卜丝炒肉片,198.15,7.9,15.46,7.73,216.0
胡萝卜丝炒肉,147.44,5.65,11.78,5.66,156.0
胡萝卜丝炒芹菜,38.22,0.71,2.14,4.97,157.0
胡萝卜丝炒牛肉,83.03,7.48,2.72,8.12,165.0
胡萝卜丝炒木耳,120.62,4.61,2.54,25.44,160.0
胡萝卜丝炒面,216.88,6.05,2.32,43.85,160.0
胡萝卜丝炒鸡蛋,97.09,6.91,5.75,5.25,206.0
胡萝卜丝炒黄瓜,40.29,1.63,1.65,5.83,206.0
胡萝卜烧羊肉,94.22,6.54,3.78,9.41,173.0
胡萝卜烧五花肉,237.65,9.24,21.29,2.86,85.0
胡萝卜烧土豆,64.52,1.48,2.13,10.97,155.0
胡萝卜烧排骨,287.41,10.67,26.49,1.8,135.0
胡萝卜烧牛肉,98.97,10.1,2.87,8.86,194.0
胡萝卜煲牛腩,72.12,7.16,2.72,5.6,165.0
胡萝卜烧毛豆,75.92,5.1,3.29,7.76,191.0
胡萝卜烧口蘑,149.8,16.48,2.95,18.43,245.0
胡萝卜烧鸡腿,100.0,10.34,5.07,3.95,205.0
胡萝卜烧鸡翅,140.87,9.2,7.71,9.15,115.0
胡萝卜烧翅根,166.06,13.56,9.24,7.5,221.0
胡萝卜卤牛肉,91.61,9.25,3.08,7.5,155.0
胡萝卜苦瓜煎蛋,80.98,5.7,4.89,4.12,205.0
胡萝卜煎鸡蛋,155.14,7.42,6.45,17.4,185.0
胡萝卜黄瓜炒肉,149.71,5.39,10.68,8.35,171.0
胡萝卜疙瘩汤,119.64,6.01,3.24,17.15,275.0
胡萝卜炖羊肉,108.63,10.96,3.56,9.24,197.0
胡萝卜炖土豆,90.53,1.61,3.34,14.19,95.0
胡萝卜炖排骨,180.3,9.36,14.37,3.8,198.0
胡萝卜煨牛肉,128.17,8.14,3.25,17.92,142.0
胡萝卜炖牛腱,116.48,12.51,1.51,14.12,182.0
胡萝卜炖鲫鱼,80.77,8.77,2.84,5.72,208.0
胡萝卜炖鸡,107.27,9.75,5.89,4.58,110.0
胡萝卜炖番茄汤,41.67,1.48,1.99,6.67,204.0
胡萝卜炖豆腐,85.24,5.29,5.43,4.8,210.0
胡萝卜炒猪心,105.03,11.07,5.31,3.55,159.0
胡萝卜炒猪肝,94.74,10.65,4.14,4.36,190.0
胡萝卜炒杏鲍菇,139.2,1.46,2.61,28.55,125.0
胡萝卜炒香菇,46.21,1.81,2.34,5.88,145.0
胡萝卜炒香肠,118.92,4.72,8.38,7.22,185.0
胡萝卜炒虾仁,195.0,12.56,2.03,35.27,220.0
胡萝卜炒西兰花,45.16,2.58,2.39,5.0,155.0
胡萝卜炒西葫芦,41.58,1.02,1.77,5.92,190.0
胡萝卜炒土豆丝,82.78,2.41,2.18,14.11,151.0
肉丝煸胡萝卜,151.88,5.64,11.47,7.47,160.0
胡萝卜煸肉丝,146.15,5.74,11.7,5.37,156.0
红萝卜炒肉,181.36,7.25,15.56,3.82,118.0
胡萝卜炒秋葵,52.34,1.31,2.52,7.75,128.0
胡萝卜炒青椒,43.59,0.99,2.12,6.41,156.0
胡萝卜炒牛肉,75.29,8.25,2.77,5.22,170.0
胡萝卜炒年糕,120.0,2.11,3.42,20.88,170.0
胡萝卜炒南瓜,45.81,0.87,2.1,6.94,155.0
胡萝卜炒木耳,153.75,5.42,4.45,29.39,80.0
胡萝卜炒腊肉,206.0,4.74,18.41,6.22,150.0
胡萝卜炒腊肠,255.81,8.38,20.49,10.43,86.0
胡萝卜炒口蘑,142.69,14.31,3.05,18.39,171.0
胡萝卜炒金针菇,109.95,4.65,2.21,22.55,191.0
胡萝卜炒鸡丝,100.68,9.51,2.81,10.17,148.0
胡萝卜炒鸡肉,184.83,6.54,14.67,7.66,145.0
胡萝卜炒鸡蛋,141.43,7.48,10.75,4.33,210.0
胡萝卜炒鸡,129.7,12.96,6.25,5.81,165.0
胡萝卜炒火腿肠,110.59,5.41,5.75,10.31,127.5
胡萝卜炒火腿,126.67,5.65,6.17,13.13,120.0
胡萝卜炒黄瓜,38.39,1.18,1.62,5.58,211.0
胡萝卜炒海带丝,71.35,1.11,1.83,13.49,178.0
胡萝卜炒腐竹,209.09,15.53,9.8,15.68,121.0
胡萝卜炒粉条,116.43,1.02,2.31,24.19,140.0
胡萝卜炒冬瓜,33.66,0.63,1.66,5.12,205.0
胡萝卜炒蛋,92.65,6.91,5.29,5.15,204.0
胡萝卜炒草菇,41.95,1.8,1.66,6.05,205.0
胡萝卜包菜拌面,155.79,4.53,1.94,30.68,190.0
胡辣空心菜,40.85,2.26,2.02,5.17,164.0
简版厚蛋烧,164.39,13.39,8.5,8.92,205.0
红枣银耳汤,61.67,0.69,0.11,15.24,180.0
红枣银耳枸杞汤,105.29,2.47,0.37,25.96,170.0
红枣小米燕麦粥,244.44,6.26,1.68,53.15,180.0
红枣山药炖金瓜,112.92,1.51,0.18,27.23,135.5
红枣木瓜小米粥,196.22,4.25,0.9,43.54,185.0
红枣花生炖猪尾,296.34,15.19,17.96,19.38,164.0
红枣黑米糊,242.35,5.57,3.04,49.32,170.0
红枣核桃米糊,243.45,4.93,6.5,42.63,145.0
红枣枸杞鸡汤,125.55,9.85,6.22,7.88,227.0
红枣冬菇蒸鸡,148.57,12.62,5.67,12.51,175.0
红糟蒸海鳗,113.33,14.28,6.01,0.61,135.0
红糟鱼,145.45,15.09,7.45,4.55,110.0
红糟焖笋,82.3,2.49,5.53,6.4,113.0
红油猪耳片,233.59,20.08,14.01,7.98,131.0
红油牛肉,150.0,17.4,5.96,6.83,126.0
红油明虾,123.68,16.34,3.34,6.89,114.0
红油麻辣火锅,107.14,2.1,7.03,9.6,126.0
红油莲藕片,89.23,1.43,4.92,10.88,130.0
红油腐竹,181.25,11.55,10.56,10.64,160.0
红油百叶,113.6,11.96,5.3,4.52,125.0
红虾鸡蛋煎,137.35,12.27,7.38,5.73,166.0
红煨牛肉,112.68,11.33,3.33,9.48,205.0
红煨方肉,333.04,13.41,28.83,5.07,115.0
红糖桂花糯米藕,168.48,3.52,0.42,38.57,165.0
红糖茶叶蛋螺,191.89,13.73,6.13,21.47,148.0
红薯煮饭,188.0,5.46,2.25,37.31,200.0
小米红薯粥,106.92,2.35,0.79,23.22,130.0
红薯焖鸡块,111.63,10.07,4.62,8.09,215.0
红薯鸡蛋饼,224.38,10.33,5.1,35.23,201.0
红薯炖羊肉,117.02,7.08,6.71,8.02,188.0
红薯炖鸡块,110.34,6.84,3.93,12.56,174.0
红薯炒面,184.5,5.02,1.9,37.87,200.0
红薯炒饭,115.61,2.84,3.65,18.39,205.0
海苔烧豆腐,105.19,7.1,6.27,6.64,135.0
红烧猪蹄,267.27,20.73,18.92,3.3,165.0
红焖猪脚,258.82,20.04,18.38,3.21,170.0
红烧肘子,295.86,15.46,22.1,8.63,169.0
红烧芋头牛肉,111.58,6.92,2.54,15.49,190.0
红烧鱼腩,133.63,15.49,7.44,1.25,113.0
红烧鱼块,144.92,14.66,7.29,5.2,118.0
红烧鱼粉丝,170.24,10.4,5.03,21.07,168.0
红烧鱼,148.1,12.06,5.94,11.76,158.0
烧鲤鱼,138.5,13.03,6.08,8.12,200.0
红烧洋葱鸡肉,122.5,13.14,6.44,3.13,160.0
红烧洋葱鸡翅,126.51,9.42,6.86,6.97,215.0
红烧羊蹄,185.79,27.68,5.11,7.18,190.0
红烧羊肉,93.58,7.02,3.75,8.55,187.0
红焖羊肉,124.14,13.34,6.63,2.94,145.0
红烧羊排,172.27,16.45,8.45,8.68,119.0
红烧鸭腿,250.85,13.64,19.31,5.67,118.0
红烧鸭翅,169.49,14.41,7.77,10.52,118.0
烧鲍菇,55.76,1.55,2.01,8.82,165.0
红烧小土豆,94.26,2.59,2.67,15.39,122.0
红烧香菇排骨,218.24,11.26,17.89,3.51,159.0
红烧下巴,140.52,14.56,7.08,4.71,116.0
红烧虾,91.67,15.21,2.34,2.16,168.0
红烧五花肉,338.98,12.95,28.05,8.64,118.0
红烧丸子,268.24,11.89,21.59,6.76,170.0
红烧瓦块鱼,182.47,16.28,5.61,19.71,154.0
红烧土豆五花肉,169.44,7.08,10.58,11.94,144.0
红烧土豆块,154.84,5.21,7.95,16.03,155.0
红烧田鸡,126.87,9.63,4.14,13.67,227.0
红烧素鸡,185.0,12.21,11.71,8.13,140.0
红烧素肚,114.0,7.55,6.74,6.91,150.0
红烧鳝鱼,106.19,9.93,2.7,11.32,210.0
红烧鳝片,124.24,10.24,4.11,13.16,198.0
红烧肉烧蛋,267.08,12.15,22.25,4.7,161.0
红烧肉焖饭,347.01,10.15,18.38,35.29,117.0
慢炖红烧肉,342.34,13.76,29.81,4.75,111.0
红烧青鱼段,128.7,17.6,6.3,0.94,115.0
红焖茄子,55.86,1.59,2.29,7.77,145.0
红烧排骨烧毛豆,236.72,13.54,17.46,6.93,177.0
红烧排骨冬瓜,213.33,10.49,17.25,4.12,165.0
红烧肋排,298.23,15.12,25.05,3.08,113.0
红烧小排,308.04,15.14,25.28,4.87,112.0
飘香红烧排骨,300.0,15.61,24.98,3.16,164.0
红焖排骨,330.0,15.53,26.88,6.77,120.0
红烧牛尾,143.59,19.13,4.7,6.27,117.0
红烧牛肉土豆,117.95,10.87,1.26,16.12,117.0
红烧牛肉,168.46,16.68,4.24,15.86,130.0
红烧牛腩胡萝卜,105.85,11.83,2.89,8.95,205.0
红烧牛肚,120.47,12.39,3.69,9.5,127.0
红烧牛鞭,130.29,16.53,3.47,8.15,175.0
红烧明虾,127.19,16.68,3.49,7.47,114.0
红烧明太鱼,133.6,17.1,3.08,9.41,125.0
红烧面筋,120.48,10.18,4.64,10.79,166.0
红烧毛豆鱼段,146.47,13.79,6.3,9.21,170.0
红烧萝卜排骨,184.19,8.81,13.41,7.47,215.0
红烧鲢鱼,122.94,16.53,6.05,0.37,109.0
红烧栗子鸡,184.09,13.65,5.72,19.82,176.0
红烧鲤鱼,100.62,11.52,4.48,3.84,161.0
家常红烧鸡腿,149.14,12.65,5.9,11.44,175.0
家常红烧鸡翅中,205.22,17.08,12.63,5.82,115.0
红烧鸡,167.21,17.27,8.22,6.43,122.0
红烧黄花鱼,136.84,14.07,4.17,10.6,133.0
红烧划水,146.11,14.97,4.67,11.03,180.0
红烧红鲷鱼,131.3,15.84,4.88,6.08,115.0
红烧黑鱼,114.66,16.47,3.7,3.84,116.0
红烧海鳗,122.46,14.34,5.12,4.86,138.0
红烧鳜鱼,136.94,17.93,6.5,1.78,111.0
红烧凤爪,273.6,19.38,15.85,13.45,125.0
红烧肥肠,139.5,3.55,11.27,6.31,119.0
红烧肚片,76.16,5.52,4.89,2.71,151.0
红烧豆腐,157.14,9.01,11.49,5.02,189.0
红烧冬瓜面,177.32,5.07,1.95,35.48,194.0
红烧冬瓜,56.82,1.06,1.94,9.49,176.0
家常红烧带鱼,114.04,15.71,5.47,0.66,171.0
焖酥带鱼,142.4,14.8,5.04,9.54,125.0
红烧大虾,124.79,16.33,3.4,7.11,117.0
红烧大排,264.75,15.4,19.19,7.61,122.0
烧大排,271.51,16.44,19.56,7.46,172.0
红烧鲳鱼,146.47,10.53,5.81,13.39,170.0
红烧拨皮鱼,125.0,14.65,7.22,0.42,116.0
红烧鳊鱼,150.0,16.68,8.18,2.19,114.0
红烧鲍鱼,116.67,10.36,2.28,13.8,138.0
红烧白条鱼,120.91,15.35,5.74,1.92,110.0
红烧鹌鹑蛋,163.08,8.08,12.21,5.74,195.0
鲜虾炒芦笋,65.19,7.54,2.22,4.59,158.0
红蘑炒土豆片,189.29,9.95,9.9,18.77,196.0
红焖猪蹄,200.0,11.49,10.15,16.03,226.0
红焖猪手,274.17,19.17,19.83,4.54,120.0
红焖肉,330.28,13.9,30.37,0.0,109.0
红焖土豆牛肉,103.91,6.57,2.15,15.1,230.0
红梅珠香,112.37,13.12,3.74,6.46,194.0
红螺粥,147.43,9.82,0.61,25.81,175.0
红萝卜洋葱煎蛋,109.73,7.61,5.81,7.21,185.0
红萝卜炒鸡,100.48,10.4,5.0,4.02,208.0
红卤墨鱼,81.76,9.21,2.32,6.0,170.0
红酒煨鸡翅,166.83,10.78,6.39,12.25,202.0
红酒牛肉焗饭,119.09,5.66,3.29,11.42,330.0
红酒烩牛尾,123.64,9.71,5.38,7.8,220.0
红椒肉丝,196.19,7.81,17.29,3.05,105.0
红椒腊鱼,90.32,9.78,4.55,3.1,186.0
红椒炒毛豆,174.81,11.31,11.9,7.17,135.0
红烩牛肉,101.9,6.73,2.59,13.54,211.0
红红火火番茄饭,216.67,5.16,2.24,44.81,210.0
红菇土鸡汤,153.81,17.06,5.78,11.03,197.0
红炖鸡块,168.38,18.34,8.3,5.32,117.0
红豆芋头汤,77.3,3.96,0.15,15.83,163.0
红豆银耳羹,209.44,10.29,0.46,44.18,180.0
红豆薏仁汤,222.96,8.3,1.11,46.15,135.0
红豆薏米五谷粥,228.5,9.15,1.92,44.92,200.0
红葱头鸡,132.14,14.91,6.98,2.57,140.0
红肠炒韭菜,122.67,4.75,8.45,7.9,150.0
红肠炒饭,136.24,6.28,6.16,14.33,218.0
红肠炒豆角,121.09,4.85,8.53,7.11,147.0
红菜苔炒腊肉,178.57,4.75,16.56,3.02,140.0
简版黄焖鸡,112.56,10.71,4.92,7.0,215.0
萝卜卤花生,168.13,7.28,12.23,8.32,182.0
红扒牛肉条,81.25,9.82,3.47,3.61,128.0
红扒牛肉,161.02,18.29,7.2,5.78,118.0
黑木耳烧黄花鱼,188.53,13.81,3.22,32.81,218.0
黑木耳炖冻豆腐,126.57,6.53,4.98,17.8,207.0
黑木耳炒地瓜叶,164.76,7.24,3.57,33.67,105.0
黑米花生红豆粥,291.9,10.55,7.22,47.73,210.0
香甜黑米红枣粥,250.62,6.45,6.91,42.49,160.0
铁锅炖鱼,185.95,14.45,12.19,4.68,185.0
黑椒烤鸡腿,114.76,10.71,5.19,7.27,210.0
黑椒洋葱爆牛柳,90.73,12.47,2.82,4.02,205.0
黑椒西冷牛排,144.84,9.96,3.92,17.75,252.0
黑椒手撕杏鲍菇,50.0,1.36,1.88,7.85,170.0
黑椒牛排饭,147.06,7.35,5.75,16.71,187.0
黑椒牛柳,132.53,9.42,6.13,10.3,249.0
黑椒龙利鱼饭,103.48,7.05,1.59,15.63,345.0
黑椒烤羊排,174.38,16.67,9.47,6.83,121.0
黑椒烤蘑菇,55.93,1.92,2.86,6.74,118.0
黑椒烧鸡腿,180.47,16.68,8.44,10.43,128.0
黑椒大虾,107.14,17.87,1.83,4.69,210.0
黑胡椒牛排,162.7,16.95,8.76,4.16,185.0
黑胡椒煎鸡排,111.87,16.64,3.32,4.19,160.0
核桃虾仁,265.24,11.23,20.07,11.71,164.0
核桃四季豆,241.94,8.9,21.29,5.87,155.0
核桃鸡丁,393.6,17.3,31.4,12.65,125.0
核桃炖牛肉,405.19,17.19,33.82,10.48,135.0
核桃炒韭菜,242.31,6.57,21.03,9.18,156.0
核桃炒鸡丁,258.29,14.05,17.88,11.77,187.0
荷叶叫花鸡,122.0,14.28,6.55,1.99,150.0
荷叶鸡,157.39,18.08,8.45,2.25,115.0
荷叶粉蒸鸭,267.07,9.81,2.84,50.74,167.0
荷香粉蒸鳝片,258.18,10.71,2.81,48.01,165.0
荷兰豆炒腊肠,200.0,7.76,15.49,7.65,146.0
荷包青椒,58.68,2.79,2.79,6.17,121.0
荷包鲤鱼,92.43,12.71,3.95,1.79,185.0
荷包鸡翅,136.79,10.65,7.65,6.83,193.0
荷包豆腐,131.72,6.18,8.18,8.68,290.0
荷包蛋煮黄骨鱼,126.74,13.33,5.65,5.74,187.0
荷包蛋鲫鱼汤,80.39,9.27,3.92,1.96,255.0
河虾炒鸡蛋,122.71,14.27,6.76,1.16,207.0
茄丝卤面,229.65,5.61,5.17,40.78,172.0
秋刀鱼,143.44,14.98,6.5,6.33,122.0
香菇扒青菜,44.17,1.61,2.24,5.45,163.0
芹菜叶火腿汤,94.23,6.96,6.14,3.08,260.0
红烧白萝卜,74.48,3.48,3.19,9.17,145.0
番茄土豆炖牛腩,95.76,7.76,2.71,10.51,165.0
蚝油鲍鱼仔,106.67,12.1,2.62,8.79,120.0
蚝油羊肉片,97.14,9.71,4.95,4.0,105.0
蚝油香菇油菜,46.36,1.82,1.74,6.95,220.0
蚝油甜豆牛肉,86.71,7.83,2.64,8.17,173.0
蚝油蒜蓉烤牡蛎,119.4,4.57,3.09,18.15,134.0
蚝油手撕杏鲍菇,80.61,9.73,2.57,5.25,165.0
蚝油烧豆腐,83.75,5.12,5.29,4.81,160.0
蚝油牛肉串,144.59,16.4,5.2,8.13,157.0
蚝油嫩南瓜,69.7,1.75,4.31,6.73,165.0
蚝油芥兰牛肉,117.53,10.98,4.58,8.65,154.0
蚝汁扒芥兰,43.12,3.05,1.66,5.82,218.0
蚝油炒蘑菇,52.83,1.77,2.97,5.9,106.0
蚝油草菇炒菜心,39.81,2.05,1.62,5.09,216.0
茭白笋炒火腿,59.52,3.52,3.12,5.21,126.0
杭州熏鱼,137.21,13.1,6.57,6.48,129.0
杭椒牛柳,115.2,9.54,3.63,11.52,125.0
旱蒸南瓜,162.5,3.27,3.41,30.58,216.0
韩式芝士粥,129.75,10.31,0.71,20.81,242.0
韩式炸鸡,201.59,14.79,8.03,18.16,189.0
韩式腌萝卜,33.8,1.42,0.39,7.55,213.0
韩式西葫芦煎饼,187.8,9.11,6.57,23.6,164.0
韩式无骨凤爪,181.45,7.54,7.99,20.42,248.0
炒年糕,127.27,2.24,2.33,24.92,165.0
韩式泡菜,60.19,1.86,0.58,13.6,108.0
韩式泡菜辣白菜,55.11,1.53,0.54,12.2,225.0
奶香南瓜粥,84.9,2.25,1.58,15.53,245.0
海带煲豆腐汤,33.11,2.55,1.79,2.12,302.0
豆瓣酱土豆年糕,124.37,8.73,3.12,15.6,160.0
韩式蛋包饭,137.21,6.36,5.86,15.0,215.0
炸鸡,168.45,14.57,7.11,12.3,206.0
韩酱炒墨鱼仔,155.83,11.35,7.18,12.37,163.0
芝士鸡蛋卷,172.0,14.17,11.77,2.46,175.0
牛里脊泡菜沙拉,210.26,8.92,11.32,24.84,195.0
烤冷面,252.26,11.45,6.59,38.43,199.0
韩国海带汤,189.52,7.76,17.23,1.0,105.0
韩国炒年糕,121.88,2.59,2.39,22.85,160.0
海蜇头拌黄瓜,71.35,2.61,3.13,8.26,171.0
海鲜粥,174.49,12.28,4.05,22.88,243.0
香菇青菜粥,147.19,7.36,2.56,24.14,231.0
海鲜咖喱炒饭,167.28,10.73,4.3,22.0,217.0
海鲜焗饭,137.22,8.62,5.35,14.01,223.0
海鲜盖浇饭,143.59,8.07,1.94,23.7,195.0
海鲜豆腐汤,58.85,8.24,1.14,4.42,192.0
海鲜鲍鱼饭烧饭,235.17,10.0,5.71,36.19,236.0
海米圆白菜,89.29,8.56,4.72,3.3,112.0
海米油菜,59.22,9.03,1.89,1.94,206.0
海螺煲鸡汤,121.98,11.13,4.84,8.7,273.0
海螺炒韭菜,126.06,14.82,4.12,7.76,165.0
海蛎子豆腐汤,49.41,5.57,2.8,0.67,255.0
海瓜子,68.57,7.33,3.42,2.1,105.0
椰子排骨汤,263.35,11.32,16.58,20.32,161.0
海带玉米排骨汤,155.56,8.93,9.2,10.34,162.0
海带煨脊骨,249.03,9.45,23.06,0.97,155.0
海带丝炒肉沫,193.81,7.79,16.11,4.6,113.0
海带丝炒肉末,154.84,5.76,12.99,3.74,93.0
海带烧土豆,71.33,1.87,2.17,11.71,150.0
海带烧排骨,213.33,10.58,15.61,7.67,165.0
海带烧粉条,173.91,0.97,0.11,42.7,207.0
昆布排骨汤,101.64,6.02,8.36,0.61,244.0
海带结烧兔肉,82.44,8.64,3.31,4.7,131.0
海带结烧肉,139.52,6.22,11.22,3.93,167.0
海带黄豆煲小排,268.48,16.76,20.07,6.6,165.0
海带腐竹凉拌菜,187.12,17.84,8.35,10.57,132.0
海带炖猪蹄,228.12,18.62,12.79,12.09,160.0
海带炖排骨,220.86,10.85,17.43,5.11,163.0
海带炖牛肉,89.63,8.44,3.31,6.84,135.0
海带炖冻豆腐,130.88,6.49,10.82,2.22,136.0
海带炒土豆片,81.21,2.38,2.04,13.76,165.0
海带炒山药,59.62,1.67,2.1,8.83,156.0
海带煲猪蹄,153.07,10.82,10.92,3.01,277.0
海参蒸蛋,137.14,13.09,8.33,2.62,140.0
海参小米粥,138.89,8.22,1.09,24.23,162.0
海参烧猪肝,157.14,15.38,5.3,12.04,105.0
海参烧排骨,183.64,11.91,12.96,5.2,220.0
海参木耳烧豆腐,107.03,8.91,3.37,13.12,185.0
海参烩珍珠鸡汁,120.29,11.18,7.02,3.37,207.0
海参羹,186.8,12.65,13.43,4.06,197.0
海参蛋羹,114.72,14.16,5.35,2.54,163.0
海参炒西兰花,83.87,8.3,2.33,8.2,155.0
海参炒秋葵,72.56,8.7,1.59,6.9,215.0
海参炒饭,84.65,4.61,1.64,13.26,215.0
蛤仁菠菜炒鸡蛋,98.14,7.6,5.53,4.89,215.0
蛤蜊蒸鸡蛋,101.9,10.04,5.81,2.44,210.0
蛤蜊氽鲫鱼,149.71,11.16,9.65,4.89,175.0
蛤蜊炖土豆,72.9,5.81,2.39,7.16,155.0
蛤蜊炖豆腐,68.42,6.34,4.03,1.97,285.0
蛤蜊炖蛋,69.03,6.8,3.94,1.65,310.0
花蛤冬瓜汤,26.89,2.62,1.25,1.51,305.0
蛤蜊烧丝瓜,46.38,4.47,1.88,3.31,207.0
蛤蜊炒青椒,43.75,4.22,1.83,2.88,208.0
蛤蜊炒韭菜,66.88,5.83,3.62,2.95,160.0
蛤蜊炒鸡蛋,69.55,6.79,3.67,2.55,243.0
过油肉土豆片,180.5,6.12,10.8,14.99,200.0
特色过油肉,213.0,9.11,11.5,20.34,223.0
果香排骨,275.59,13.64,22.39,4.76,127.0
果香黑椒牛排,186.36,18.62,10.74,3.95,110.0
果味水晶花,143.18,2.01,0.13,33.81,220.0
果味凉菜,126.88,5.02,8.41,8.77,160.0
锅仔羊杂,106.59,10.61,5.29,4.43,182.0
锅仔牛肚,96.97,7.59,3.2,10.01,132.0
锅塌肉片,265.93,13.97,21.16,5.15,182.0
锅塌茄子,88.72,5.09,4.0,8.55,195.0
牛肉滑蛋,158.55,15.21,7.32,7.99,234.0
锅塌里脊,287.23,13.88,22.2,8.31,188.0
鸡汁豆腐,142.16,7.95,7.29,11.81,185.0
锅塌豆腐盒,187.73,8.88,15.67,3.39,163.0
锅塌豆腐,154.97,8.99,11.67,4.08,171.0
特色锅塌豆腐,171.58,6.87,5.94,23.48,190.0
锅烧肘子,302.7,13.11,24.79,6.8,148.0
锅烧洞庭麻鸭,229.82,10.06,17.12,8.87,171.0
锅烧大肠,213.92,8.05,15.53,10.56,158.0
锅巴鲫鱼,103.7,12.89,4.26,3.66,135.0
桂圆红枣汤,98.42,1.06,0.15,23.73,190.0
桂林啤酒鸭,77.38,7.83,2.38,2.66,221.0
桂花鸭子,168.45,9.72,13.59,2.1,168.0
桂花蜜藕,273.4,5.08,0.59,62.6,203.0
桂花梭子蟹,108.96,11.3,4.8,5.41,201.0
贵妃鸡翅,187.86,14.06,10.4,9.43,140.0
鲑鱼头炖萝卜,150.24,9.56,2.78,22.1,205.0
广式生炒脆骨,167.77,10.49,9.7,10.34,211.0
广式卤鸭翅,160.71,15.17,8.19,6.66,112.0
腊味芋头糕,318.46,4.01,11.96,49.12,195.0
广式腊肉,336.28,13.51,29.29,4.69,113.0
广式红烧凤爪,263.56,20.53,16.45,8.47,118.0
水晶虾饺,148.65,10.44,2.15,22.03,185.0
广东泡菜,27.5,0.79,0.18,6.56,160.0
广东腊肉蒸茭白,170.0,4.13,15.15,5.05,150.0
广东烤鸭,277.5,13.58,23.13,3.8,120.0
灌汤蒸饺,367.42,14.44,15.99,42.38,178.0
灌汤小笼包,300.5,12.75,11.5,37.61,199.0
灌汤包,347.37,15.3,11.55,46.64,152.0
椰奶虾,96.96,9.01,2.33,9.96,230.0
关公扯面,155.29,6.43,2.22,28.27,255.0
特色关东煮,135.94,10.83,7.32,6.94,217.0
怪味香飘鸡,211.38,17.13,13.65,4.99,123.0
怪味花生油酥饼,417.78,15.81,14.56,57.61,135.0
怪味棒棒鸡丝,209.76,12.2,13.95,9.73,164.0
挂霜豆腐,162.0,8.1,6.86,17.68,200.0
挂霜地瓜条,136.59,0.57,2.59,28.68,123.0
蜜汁烤玉米,130.91,3.67,1.26,27.6,110.0
肠鸡汁笋,152.49,14.4,8.68,4.18,181.0
瓜条焖盘龙,141.0,9.87,4.28,18.25,261.0
瓜姜鱼丝,127.37,13.19,5.71,5.81,190.0
骨汤南瓜羹,24.63,0.99,1.23,2.61,203.0
骨汤辣豆腐,80.98,5.44,6.02,1.41,205.0
骨汤菠菜粥,223.98,7.1,6.14,35.47,246.0
古法焖鹅,254.78,16.61,20.62,0.71,115.0
咕噜肉,195.58,8.39,13.69,10.03,181.0
枸杞蒸海鳗,134.07,14.97,6.1,5.08,135.0
枸杞肉丝,231.58,9.92,20.03,3.13,171.0
枸杞木耳炒山药,122.5,4.67,3.08,22.98,120.0
枸杞蜜枣莲藕汤,66.25,0.94,0.15,15.95,240.0
枸杞老姜羊肉汤,88.93,10.47,4.75,1.11,271.0
枸杞滑溜肉片,187.2,7.02,11.58,15.94,211.0
枸杞炖鸽子,87.45,6.8,5.46,3.08,263.0
牛肉蒸南瓜,90.29,10.91,4.07,2.89,175.0
贡丸玉米炖萝卜,92.55,4.01,6.19,5.64,255.0
贡丸粉丝汤,243.1,8.77,4.76,45.16,174.0
芸豆卷,198.65,9.5,2.18,37.59,223.0
宫爆肉丁,322.5,14.91,27.42,4.75,160.0
宫爆牛筋,174.66,9.64,11.36,9.41,146.0
宫爆鸡丁,168.57,13.87,7.63,11.77,175.0
宫保腰块,105.8,12.62,3.52,5.95,138.0
宫保杏鲍菇,184.21,6.03,10.79,17.03,152.0
宫保虾仁,216.17,13.63,14.43,8.98,235.0
宫保肉丁,147.16,9.89,7.81,10.25,229.0
宫保皮蛋,201.36,10.54,11.23,15.05,221.0
公婆饼,350.0,15.27,3.83,65.15,120.0
青菜疙瘩汤,135.78,6.43,4.01,19.08,313.0
高汤鸡蛋蒸黄瓜,138.61,7.77,10.99,2.25,202.0
香炸小黄鱼,138.26,15.41,4.83,8.17,115.0
干炸肉丸,277.78,13.56,24.35,1.14,162.0
干炸肉,334.75,13.07,28.05,7.53,118.0
干炸鳅鱼,142.04,13.87,5.46,10.11,157.0
干炸里脊,208.4,15.8,9.08,15.79,131.0
干炸豆角,106.96,5.35,3.82,14.51,158.0
干炸岛子鱼,150.0,13.45,5.17,12.28,126.0
干虾仁烩丝瓜,96.25,7.69,2.23,11.83,160.0
干收泥鳅,127.12,15.65,4.31,6.47,118.0
干烧猪脚,254.88,21.33,17.2,3.66,164.0
家常干烧鱼,106.86,10.25,3.61,8.78,204.0
干烧武昌鱼,161.9,13.64,6.38,13.3,147.0
干烧鳝段,77.84,10.55,2.74,3.17,185.0
干烧牛肉片,105.79,10.81,4.12,7.32,121.0
干烧明虾,118.49,12.44,4.23,7.72,119.0
干烧鸡翅,215.23,16.36,12.23,9.85,151.0
咸香干烧小黄鱼,137.39,15.82,7.44,1.7,115.0
干烧桂鱼,188.51,16.89,11.65,4.07,148.0
干烧对虾,116.94,15.54,2.76,7.42,124.0
干烧臭桂鱼,130.33,17.36,6.3,1.15,122.0
干靠鱼,181.15,29.91,4.15,6.5,191.0
干烤大虾,155.08,16.69,5.81,9.03,118.0
干煎鱼,144.17,14.84,7.58,5.09,120.0
干煎三文鱼,173.73,14.92,9.24,7.82,118.0
干煎黄花鱼,158.33,15.88,6.13,10.07,156.0
干煎红杉鱼,133.64,16.36,6.55,2.45,110.0
干煎大虾,110.37,17.18,1.96,5.92,164.0
干锅滋小鱼,132.77,14.99,5.89,4.76,119.0
干锅仔鸡,139.26,15.77,7.73,1.85,135.0
干锅鱼,122.12,8.88,5.55,9.67,208.0
干锅有机菜花,148.25,6.36,12.83,2.46,143.0
干锅杏鲍菇,135.75,5.43,10.16,6.28,193.0
香辣干锅对虾,117.91,10.5,3.97,10.21,201.0
干锅香辣牛蛙,102.29,8.61,1.73,13.28,218.0
干锅娃娃菜,138.42,8.32,8.5,8.95,190.0
干锅兔,82.16,11.03,2.9,3.35,185.0
干锅土匪鸭,202.63,12.11,15.53,4.76,152.0
干锅土豆虾,138.95,10.65,2.09,19.54,190.0
干锅土豆片,165.76,5.92,10.09,13.15,184.0
干锅土豆鸡块,178.57,12.98,9.45,10.82,210.0
干锅土豆翅根,174.38,13.11,9.34,9.54,160.0
干锅田鸡,85.16,11.77,2.37,4.27,155.0
干锅手撕鱼,95.41,9.93,4.59,4.15,196.0
干锅手撕包菜,144.94,5.73,11.54,4.81,158.0
干锅秋葵排骨,191.89,10.21,15.56,3.39,185.0
干锅青笋腊肉,266.07,7.58,18.68,21.35,168.0
干锅牛肉,117.27,16.89,4.89,1.37,110.0
干锅腊肉土豆片,187.68,4.57,12.93,13.75,138.0
干锅鸡翅虾,153.33,15.33,8.12,4.74,195.0
干锅黄骨鱼,133.62,15.64,4.93,6.56,116.0
干锅花菜腊肉,198.43,5.05,17.95,4.97,127.0
干锅花菜,40.0,1.52,2.07,5.16,160.0
干锅花椰菜,121.62,5.32,10.29,2.84,148.0
干锅红薯土豆,82.96,1.1,2.41,15.29,135.0
干锅粉丝娃娃菜,250.53,5.24,4.52,52.42,95.0
干锅粉丝,156.97,6.87,2.2,27.97,165.0
干锅肥肠牛肉,140.54,8.39,9.26,6.28,185.0
干锅肥肠,172.67,6.22,15.75,1.63,150.0
干锅鹅肠,96.1,13.92,3.64,2.08,154.0
干锅豆角土豆,69.23,2.32,1.67,12.16,208.0
干锅豆腐鱼,142.08,10.88,8.84,5.29,221.0
干锅焖牛肉,102.6,11.91,3.43,6.7,192.0
干锅大虾牛蛙,82.79,8.83,1.94,7.87,215.0
干锅脆皮豆腐,166.21,8.54,13.55,3.08,145.0
干锅茶树菇,278.57,15.87,12.1,30.24,112.0
干锅菜花,133.75,5.93,11.41,2.63,160.0
炝爆干锅菜花,64.17,2.19,2.96,8.34,120.0
干豆角炒腊肉,242.57,12.16,18.59,8.08,148.0
干豆腐酱饭卷,266.67,27.59,11.94,14.58,195.0
干豆腐炖白菜,332.41,35.96,18.3,8.95,145.0
干豆腐炒香肠,459.85,43.26,27.89,11.88,137.0
干豆腐炒西芹,241.9,24.9,12.43,10.28,210.0
干豆腐炒韭菜,307.6,31.36,15.57,13.3,171.0
干豆腐炒金针菇,381.05,37.03,14.78,30.47,190.0
干炒虾米,187.88,17.47,9.28,8.99,132.0
干炒牛河,182.45,8.44,2.73,31.44,188.0
干菜油麦糊,271.71,14.1,4.98,46.76,205.0
干菜鲳鱼,116.75,9.73,6.3,5.54,197.0
干煸鱿鱼,89.57,11.98,3.48,4.53,163.0
干煸杏鲍菇,80.59,2.39,4.19,9.48,170.0
干煸土豆条,110.43,3.14,3.3,18.34,115.0
干煸菜豆,113.08,3.86,8.62,6.9,130.0
干煸什锦菌菇,126.59,5.5,4.04,19.24,173.0
爆香藕条,142.25,2.5,5.1,22.86,142.0
干煸牛肉丝,130.08,10.63,5.48,10.4,133.0
干煸麻辣鸡丝,195.86,16.56,11.59,6.76,145.0
干煸鸡块,144.8,16.37,8.22,1.42,125.0
干煸肥肠,182.96,5.88,16.21,3.58,135.0
干煸豆角,109.49,4.84,8.93,4.38,137.0
家常干煸豆角,63.64,2.89,3.22,6.87,110.0
干煸茶树菇,87.65,6.11,5.04,5.26,170.0
干煸菜花,120.0,5.27,9.64,4.01,160.0
干煸扁豆,51.85,1.99,2.46,7.46,135.0
干贝芙蓉蛋,55.67,5.83,3.11,1.13,282.0
干贝冬瓜球,40.54,3.55,1.95,2.73,185.0
干贝炒蛋,126.45,12.03,7.68,2.39,155.0
干贝白菜心,57.41,4.83,2.22,5.26,162.0
干拌牛肚,99.37,14.18,4.65,0.33,159.0
橄榄油焖蔬菜,52.31,1.44,1.85,8.17,195.0
橄榄油鸡蛋沙拉,106.94,6.09,7.26,5.08,173.0
榄菜蒸鲈鱼,103.87,12.26,4.19,4.87,155.0
橄榄菜蒸豆腐,44.84,2.78,2.14,4.35,252.0
橄榄菜炒油菜,60.0,1.05,3.1,8.33,105.0
橄榄菜炒饭,167.5,8.24,10.11,11.25,200.0
橄榄菜炒豆角,135.14,5.25,9.9,7.28,185.0
甘蔗玉米炖牛肉,107.43,7.62,2.87,13.34,175.0
改良版辣子鸡,154.59,16.94,7.51,4.88,185.0
嘎牙子炖萝卜,78.57,8.56,4.11,2.31,210.0
富贵花开,185.33,8.04,13.1,9.82,150.0
腐竹蒸虾,237.34,25.82,10.91,8.96,158.0
腐竹烧五花肉,266.0,19.09,15.41,13.37,150.0
腐竹烧牛腩,194.86,19.62,8.74,9.95,175.0
腐竹烧木耳,164.14,13.34,8.19,10.29,145.0
腐竹烧鲫鱼,235.76,24.05,10.04,12.37,165.0
腐皮炒油菜,163.58,12.75,8.09,10.73,151.0
腐竹炒五花肉,278.06,19.46,18.71,8.28,155.0
腐竹炒肉丝,323.78,20.38,23.79,7.34,185.0
腐竹炒肉片,291.88,19.09,18.12,13.47,160.0
腐竹炒青椒,188.24,13.96,10.91,9.24,68.0
腐竹炒芹菜,250.94,21.33,13.19,12.29,106.0
腐竹炒木耳,280.0,18.21,15.13,21.18,105.0
支竹炒木耳,235.23,19.38,12.22,12.62,96.5
腐竹炒鸡蛋,241.38,21.34,13.99,7.81,145.0
腐乳猪蹄,264.23,19.47,18.33,5.18,123.0
腐乳猪手,262.22,19.57,17.79,5.78,180.0
腐乳炸鸡,157.5,19.41,8.41,1.1,160.0
腐乳蒜香排骨,240.71,14.66,17.34,6.49,140.0
腐乳烧冬瓜,103.45,4.08,9.0,1.99,145.0
腐乳鸡,172.41,17.89,9.15,4.52,116.0
腐乳烤馒头片,234.3,7.17,4.08,43.16,172.0
腐乳葱香饼,319.25,13.35,4.09,58.71,187.0
福寿肘子,146.13,7.29,10.89,4.89,271.0
福绵鸭,247.2,14.71,20.32,1.57,161.0
芙蓉青口贝,129.59,12.01,6.37,6.18,169.0
芙蓉煎蛋饼,242.45,13.05,5.2,36.67,212.0
芙蓉鲫鱼,111.67,15.05,3.61,4.74,180.0
芙蓉滑鸡片,115.14,16.69,2.4,6.64,218.0
芙蓉干贝,71.59,9.03,2.74,2.72,176.0
凤尾虾排,107.89,15.52,3.25,4.15,114.0
凤梨烩排骨,198.22,11.53,13.89,6.94,169.0
蜂蜜烤鸡翅,205.79,16.21,9.81,13.31,121.0
香焖鸭肉,158.14,8.57,10.72,7.43,215.0
风味鲜鱿鱼,147.88,14.39,8.2,4.64,165.0
风味青椒炒鸡蛋,105.95,7.64,6.44,5.15,185.0
风味柠檬鸭,66.67,7.19,3.06,2.59,237.0
风味鸡腿饭,125.39,7.73,3.39,16.17,323.0
风味肺片,183.41,14.34,11.54,6.0,217.0
煮方便面,308.02,6.42,14.15,39.06,162.0
土豆香肠,170.32,6.47,9.97,14.14,155.0
粉蒸鱼,201.75,13.26,5.63,24.55,171.0
粉蒸小竹笋,179.17,8.44,2.94,31.24,144.0
粉蒸兔,154.19,13.71,3.99,16.23,155.0
粉蒸土豆排骨,210.18,11.63,15.71,5.62,167.0
粉蒸肉,290.12,13.03,20.12,14.33,162.0
粉蒸排骨,223.96,9.44,14.54,14.17,192.0
粉蒸牛肉盏,273.29,12.01,3.85,47.76,161.0
粉蒸萝卜丝,294.93,11.65,12.83,35.01,138.0
粉蒸红薯鸡翅,203.09,8.8,4.15,33.25,162.0
粉蒸鳜鱼,130.23,17.9,5.63,2.16,172.0
粉蒸豆角,192.59,1.4,0.52,46.5,108.0
粉丝蒸鱿鱼筒,169.23,12.53,5.36,17.92,143.0
粉丝蒸虾,158.21,14.06,2.13,20.83,134.0
粉丝蒸娃娃菜,163.91,1.44,1.27,37.58,230.0
粉丝蒸丝瓜,145.45,1.45,2.04,31.15,165.0
粉丝蒸花蛤,145.54,3.0,3.1,26.7,213.0
粉丝蒸蛤蜊,142.59,5.92,0.53,28.73,162.0
粉丝蒸大虾,175.0,14.32,2.86,23.21,140.0
粉丝蒸菠菜,137.27,1.91,3.01,27.31,110.0
粉丝鲜虾煲,186.06,11.61,2.13,30.18,165.0
粉丝烧大虾,226.39,8.96,2.15,43.0,216.0
粉丝鸡蛋蒸蟹,148.77,12.97,4.17,15.26,203.0
粉丝豆腐蒸,209.05,5.98,9.65,25.0,221.0
粉丝炒苋菜,203.77,1.8,3.14,42.58,106.0
粉丝炒虾仁,248.75,13.43,2.32,43.79,160.0
粉丝炒娃娃菜,103.68,1.61,2.4,20.23,136.0
粉丝炒金针菇,109.35,2.07,1.77,22.38,139.0
粉丝炒鸡蛋,197.06,9.85,8.57,20.3,136.0
粉丝炒白菜,138.85,1.33,2.1,28.98,157.0
粉浆面条,301.76,12.01,6.48,50.46,170.0
翡翠烧麦,282.35,10.54,3.01,54.31,204.0
肉蛋卷,160.0,9.86,11.59,4.19,205.0
翡翠龙虾,123.98,14.07,4.97,5.76,196.0
翡翠豆腐,62.62,3.88,4.13,3.19,206.0
翡翠白玉卷,292.94,31.58,15.44,9.67,170.0
肥西老母鸡汤,75.12,9.77,3.23,1.92,213.0
肥牛汤面,218.97,11.09,3.58,36.69,195.0
肥牛金针菇卷,103.7,10.97,4.11,6.16,108.0
肥牛鸡蛋,148.17,14.11,8.0,5.03,218.0
肥肠烧豆腐,124.12,5.05,10.28,3.22,170.0
肥肠汤,199.33,8.04,10.14,19.91,149.0
肥肠炒韭菜,96.88,3.78,8.0,3.59,160.0
菲力牛排意面,263.64,11.6,5.28,42.6,198.0
蒜香猪排,268.92,12.95,19.2,11.39,148.0
芳香烤鸡,109.94,7.03,3.82,12.5,181.0
凉拌胡萝卜黄瓜,45.75,1.14,2.22,6.24,212.0
龙利鱼培根卷,106.1,12.46,3.51,6.72,213.0
红酒炖牛肉,133.9,9.4,4.82,7.84,292.0
干烧虾,128.99,14.9,3.1,10.36,138.0
培根炒饭,162.93,6.36,8.91,14.5,205.0
返沙芋头,107.3,1.1,1.87,21.93,178.0
樊记腊汁肉,316.95,13.03,25.52,8.85,118.0
芋头蒸鸡翅,157.32,12.15,7.18,11.14,164.0
蕃茄肉面,179.43,6.42,2.15,34.23,209.0
蕃茄酱,59.77,0.87,1.9,10.62,174.0
番薯干,80.67,1.0,0.2,19.53,150.0
番茄煮鱼,105.0,10.66,5.19,4.12,160.0
番茄煮牛肉,96.67,7.22,2.66,11.4,180.0
番茄蒸鱼,135.83,15.12,5.93,5.67,120.0
番茄蒸鲈鱼,115.57,11.68,6.92,1.89,167.0
番茄蒸鲫鱼,92.26,11.32,3.74,3.52,155.0
番茄蒸饭,135.16,5.8,7.45,12.34,128.0
豆腐蒸番茄,68.75,5.5,2.72,6.54,112.0
番茄炸虾,150.53,13.21,5.75,11.84,190.0
番茄鱼丸浓汤,44.31,1.47,1.38,7.03,255.0
番茄鱼片,112.56,9.63,3.78,10.22,223.0
番茄鱼柳,140.32,9.85,5.15,13.89,186.0
番茄鱼,113.5,12.06,5.25,5.11,200.0
番茄意大利面,234.55,7.54,1.95,47.14,165.0
番茄香肠蒸蛋,122.73,9.29,7.82,4.08,176.0
番茄虾仁汤面,181.43,8.4,2.34,32.17,210.0
番茄虾仁炒饭,158.3,7.81,9.06,11.58,235.0
番茄虾酱,141.74,7.63,3.44,20.93,115.0
番茄娃娃菜,37.93,2.24,1.97,4.09,116.0
番茄土豆烧牛肉,83.63,7.7,2.62,7.73,171.0
番茄土豆烤鸡胸,84.21,7.95,2.26,8.38,190.0
番茄土豆炖牛腱,100.0,7.88,4.0,8.65,220.0
番茄水煮牛肉,84.55,7.58,3.28,6.89,220.0
番茄烧鱼,93.09,8.18,5.3,3.65,217.0
番茄烧土豆,60.0,1.71,1.66,10.29,205.0
番茄烧肉丸,74.29,8.34,3.16,3.74,140.0
番茄烧排骨,223.03,10.75,17.28,6.35,165.0
番茄牛肉煲,80.0,7.21,2.7,7.12,165.0
番茄烧牛腩,65.32,7.04,2.6,3.87,173.0
番茄烧鲫鱼,80.0,8.71,2.8,5.49,215.0
番茄烧北豆腐,107.63,3.64,7.43,7.29,118.0
番茄烧冬瓜,34.29,0.58,1.62,5.07,210.0
番茄烧大虾,106.06,17.21,2.56,3.57,165.0
番茄烧菜花,38.6,1.33,1.59,5.79,215.0
番茄肉片,143.53,6.62,10.74,5.6,170.0
番茄秋葵汤,45.79,1.45,3.0,4.78,107.0
番茄青椒酱,42.34,1.53,2.42,4.74,137.0
番茄牛肉煮米粉,157.23,4.27,2.92,29.05,311.0
番茄牛肉酱,70.0,5.61,2.67,6.55,210.0
番茄牛肉炒米粉,171.61,7.29,3.06,29.16,155.0
家常番茄焖牛肉,83.54,7.12,3.93,5.55,164.0
番茄牛腩,74.12,7.31,2.64,5.92,170.0
番茄蘑菇奄列,93.26,8.26,4.44,5.44,178.0
番茄卤面,37.07,1.66,1.66,4.88,205.0
番茄鲮鱼烧土豆,185.45,10.69,10.04,13.54,165.0
番茄冷汤,58.57,1.13,2.31,8.84,140.0
番茄烤鱼,117.3,14.09,5.88,2.16,185.0
番茄烤鸡腿,93.47,9.32,4.27,4.91,245.0
番茄酱猪肉,258.87,12.65,16.24,15.89,141.0
番茄酱虾仁,209.09,19.14,3.28,25.95,110.0
番茄酱土豆饼,194.35,9.38,4.4,30.34,230.0
番茄酱排骨,274.68,14.77,19.79,9.61,158.0
番茄酱金针菇,57.27,2.41,3.1,6.23,110.0
番茄酱煎鱼,93.45,10.75,5.01,1.51,168.0
番茄酱鸡腿,100.93,10.35,4.89,4.47,215.0
番茄酱鸡肉,164.66,16.39,8.02,6.85,133.0
番茄酱鸡翅,211.82,17.5,13.19,5.77,110.0
番茄酱带鱼,141.76,14.38,8.48,2.09,91.0
番茄酱大虾,110.0,17.05,3.1,3.5,110.0
番茄酱鹌鹑蛋,170.62,12.03,12.29,2.84,160.0
番茄煎豆腐,63.11,3.64,4.13,3.73,206.0
番茄鸡肉面,92.18,6.51,0.8,15.35,243.0
番茄鸡蛋卷,204.29,7.51,4.28,34.48,163.0
番茄鸡蛋蛊,86.84,5.64,4.49,6.75,190.0
番茄鸡蛋打卤面,218.1,12.05,4.53,34.65,210.0
番茄红烩牛肉,77.06,6.89,2.63,6.95,170.0
番茄烘蛋,95.2,6.72,6.62,2.74,125.0
鸡蛋西红柿疙瘩汤,197.7,9.4,6.63,25.88,174.0
番茄炖猪蹄,151.38,11.08,10.1,4.33,218.0
番茄炖土豆片,68.1,1.67,1.62,12.41,210.0
番茄炖肉片,152.94,5.88,12.51,4.78,170.0
番茄炖排骨,170.62,8.4,13.62,4.01,211.0
番茄炖牛肉,62.3,6.49,2.39,4.28,191.0
番茄煨牛腩,68.78,6.15,2.21,6.49,205.0
番茄炖牛腱,137.82,8.84,9.48,4.63,193.0
番茄炖金针菇,36.1,1.61,1.76,4.54,205.0
番茄炖肥肠,87.57,2.69,6.83,4.31,185.0
番茄炖豆腐,85.62,4.44,5.5,5.45,160.0
番茄豆角炒蛋,73.39,4.5,3.64,6.42,233.0
番茄豆腐煮鲫鱼,88.57,10.04,4.03,3.4,210.0
番茄豆腐烧,68.72,3.64,4.04,5.36,211.0
番茄豆腐炒冬瓜,77.91,2.69,5.49,5.16,163.0
番茄鸡蛋滑牛肉,97.16,7.64,3.34,9.45,211.0
番茄炒猪肝,67.74,6.77,3.58,2.71,155.0
番茄炒鸭肉,56.13,5.42,2.55,3.42,155.0
番茄炒杏鲍菇,45.16,1.13,2.06,6.42,155.0
番茄炒虾,92.17,11.71,2.36,6.09,166.0
番茄炒西芹,41.67,0.98,2.67,4.6,120.0
番茄炒西兰花,50.0,1.6,2.16,6.94,160.0
番茄炒土豆丝,73.46,2.1,2.06,12.21,162.0
番茄炒土豆片,84.15,1.84,1.83,15.8,183.0
番茄炒西葫芦,38.5,0.83,1.6,5.73,213.0
番茄炒肉片,170.77,6.62,14.02,4.96,130.0
番茄炒土豆,74.84,1.97,2.13,12.55,155.0
番茄炒年糕,106.36,2.14,3.1,18.05,110.0
番茄炒丝瓜,128.0,4.85,9.65,6.39,125.0
番茄炒苦瓜,62.16,1.23,2.84,8.4,111.0
番茄炒面,194.88,8.0,4.12,31.95,215.0
番茄烧尖椒,165.71,6.0,13.05,6.62,140.0
番茄炒秋葵,59.7,1.52,2.64,8.57,134.0
番茄炒芹菜,50.38,0.82,2.8,6.47,131.0
番茄炒牛肉,99.13,9.9,3.79,6.75,115.0
番茄炒金针菇,48.57,1.57,3.14,4.43,105.0
番茄炒尖椒,46.99,1.87,2.16,6.07,166.0
番茄炒鸡肉,151.55,5.94,13.01,3.2,161.0
番茄炒鸡蛋,88.29,6.83,5.76,2.78,205.0
番茄炒饭,83.78,1.79,1.87,15.43,185.0
番茄炒豆角,100.48,6.98,5.62,6.05,210.0
番茄炒豆腐,92.86,4.26,5.0,8.56,168.0
番茄炒冻豆腐,62.14,3.7,4.15,3.41,206.0
番茄炒菜花,35.48,1.39,2.13,3.77,155.0
番茄烧菠菜,42.86,1.67,1.67,6.07,210.0
番茄炒白菜蘑菇,108.33,10.85,3.78,7.99,180.0
番茄炒白菜,75.61,4.32,4.2,5.78,205.0
家常番茄菜花,41.36,1.4,1.55,6.45,220.0
番茄扁豆疙瘩汤,44.4,1.26,1.35,7.96,268.0
番茄白菜汤,23.0,0.81,1.12,3.05,313.0
番茄白菜炖,44.88,3.17,2.15,4.17,205.0
发面饼,355.24,16.31,2.43,68.83,105.0
二婶蒸虾酱,122.6,9.84,8.23,2.79,208.0
二米山药粥,191.0,4.97,1.07,40.7,200.0
补血汤烧饭,118.97,1.09,0.23,29.63,195.0
鹅肝炒饭,134.19,6.58,3.23,19.71,155.0
牛肉烧蘑菇,105.37,11.46,5.9,2.1,205.0
剁辣椒蒸鲫鱼,116.67,14.42,4.82,4.52,120.0
剁辣椒鸡蛋炒肉,208.89,11.62,17.26,2.67,135.0
剁辣椒,49.07,1.2,0.37,8.24,108.0
剁椒紫苏汆鱼片,125.79,13.46,5.74,5.65,190.0
剁椒蒸鱼头,104.42,15.04,4.15,2.3,181.0
剁椒蒸鱼,132.12,15.55,6.62,2.64,165.0
剁椒蒸金针菇,81.75,2.61,4.85,8.64,137.0
剁椒蒸鸡翅蒸,151.83,11.36,7.81,10.08,191.0
剁椒蒸春笋,61.48,3.92,2.66,7.21,135.0
剁椒芋头仔,71.2,1.26,2.63,11.89,125.0
剁椒芋头烧带鱼,107.89,9.96,3.9,8.99,190.0
剁椒芋头,66.43,1.4,2.39,11.39,140.0
剁椒鱼头豆腐,103.39,12.14,5.29,2.62,177.0
剁椒鸦片鱼头,117.04,16.45,4.13,4.54,135.0
剁椒酸辣包菜,38.76,1.43,1.9,5.14,178.0
剁椒烧芋头,72.5,1.4,2.72,11.48,120.0
剁椒烧酸冬瓜,36.67,0.68,2.84,2.75,120.0
剁椒皮蛋,169.59,12.64,11.18,5.13,171.0
剁椒胖鱼头,97.79,10.62,5.38,2.59,181.0
剁椒胖头鱼头,125.64,14.49,7.1,1.48,117.0
剁椒牛蛙,70.29,9.35,2.11,3.9,175.0
剁椒鲈鱼,115.38,14.45,5.34,3.19,130.0
剁椒鲤鱼,117.32,14.23,5.7,3.31,127.0
剁椒韭黄炒年糕,213.33,6.66,11.33,21.68,165.0
剁椒金针菇,52.31,2.28,2.69,6.68,130.0
剁椒鲫鱼,131.25,13.58,6.88,4.66,128.0
剁椒鸡块,141.67,17.14,7.73,1.48,180.0
剁椒鸡丁,138.93,15.9,7.89,1.9,131.0
剁椒豆腐,58.65,2.27,2.95,6.27,133.0
剁椒拌黑木耳,263.5,9.64,6.29,53.35,137.0
朵朵秘制炒饭,117.07,5.31,4.17,15.0,205.0
大拌菜,79.25,1.65,5.71,6.26,214.5
玫瑰馒头,222.71,8.83,1.3,44.89,207.0
多彩饭团,99.15,4.82,4.21,12.03,118.0
多彩蛋卷,113.51,8.84,7.3,3.47,185.0
多彩蛋炒饭,109.78,4.96,3.8,14.33,225.0
炖鱼汤,93.33,10.78,3.54,5.13,165.0
炖鱼,71.96,7.97,3.92,1.36,214.0
炖羊肉,103.95,9.59,3.3,9.66,152.0
炖鸭翅根,105.45,8.25,4.24,9.35,220.0
炖土豆块,98.29,1.67,1.46,20.52,234.0
炖土豆豆角,198.51,4.43,7.57,28.79,202.0
炖酥肉,281.0,12.03,20.7,11.81,100.0
炖全鸡,184.17,17.17,8.12,10.67,120.0
炖牛肉萝卜,75.71,10.61,2.67,2.77,210.0
炖牛腩,151.22,17.99,4.52,9.7,123.0
炖柠檬鸭,94.37,10.64,4.19,3.48,231.0
炖吊子,134.71,13.12,8.44,1.65,170.0
炖地三鲜,110.18,4.57,7.35,7.42,167.0
炖带鱼,160.65,15.92,6.63,9.61,155.0
炖草鱼,54.71,6.3,2.69,1.32,276.0
炖白菜五花肉,218.06,7.34,13.43,17.61,155.0
对虾什锦煲,94.21,12.58,3.6,3.26,190.0
对虾烧豆腐,83.41,8.37,4.35,3.46,205.0
肚片汤,55.7,5.41,1.51,5.81,149.0
猪肚包鸡,155.68,16.96,5.27,10.33,176.0
肚包蛋,129.37,13.49,7.46,2.1,143.0
豆芽煎饼,229.86,11.18,4.72,36.61,211.0
豆芽炒饭,104.63,5.03,5.38,9.38,216.0
豆沙酥饼,327.56,11.51,3.55,63.75,156.0
香甜豆沙包,323.03,12.43,1.7,66.03,152.0
豆皮肉卷,212.31,15.51,14.1,7.08,195.0
豆皮炒肉末,314.19,23.12,21.51,9.02,148.0
私房豆腐蛋,126.19,9.62,8.11,4.17,210.0
豆角蒸面,233.66,7.93,7.7,33.95,205.0
豆角小炒肉,147.44,6.32,11.71,4.96,156.0
豆角五花肉蒸面,237.37,7.86,6.71,37.1,190.0
豆角烧茄子,52.5,2.33,1.75,8.23,200.0
豆角焖排骨,152.26,7.26,10.26,8.0,155.0
豆角烧鸡块,145.69,6.57,6.99,14.73,116.0
豆角烧地瓜,73.76,1.24,2.34,13.02,141.0
豆角肉馅水饺,268.72,11.72,9.31,35.6,211.0
豆角茄子煲,57.21,1.91,3.07,6.89,215.0
豆角泡菜,48.55,2.37,0.8,10.69,173.0
豆角焖面（家常版）,238.57,7.75,7.5,35.71,210.0
豆角烩面,249.77,8.35,8.73,35.09,215.0
豆角卤面,256.13,8.16,2.58,50.61,155.0
豆角韭菜酱,50.96,2.68,2.17,6.48,157.0
豆角煎土豆,68.15,2.36,2.14,10.8,157.0
豆角煎蛋,86.06,6.1,5.13,5.3,165.0
豆角炖猪头肉,190.05,8.44,15.81,4.23,211.0
豆角炖猪蹄,153.99,11.88,10.35,3.85,213.0
豆角炖猪肉,148.08,6.51,11.69,4.92,156.0
豆角炖土豆,63.69,2.29,2.17,10.32,157.0
豆角炖鸡腿,100.48,10.8,4.96,3.77,210.0
豆角炖粉条,235.35,9.97,13.53,20.21,215.0
豆角炒猪心,91.25,5.77,3.33,10.26,160.0
扁豆烧猪肉,144.17,6.3,11.2,5.29,163.0
豆角炒猪肝,80.65,7.61,3.58,5.35,155.0
豆角炒鱿鱼,70.87,9.67,2.33,3.33,206.0
豆角炒羊肉,85.2,6.16,3.33,8.35,196.0
豆角炒香肠,182.88,8.18,13.36,8.36,146.0
豆角炒咸肉,147.1,6.29,11.77,4.77,155.0
豆角炒西葫芦,72.8,3.52,4.26,5.58,125.0
豆角炒土豆,214.57,7.68,14.94,12.95,151.0
豆角炒肉松,147.44,7.57,10.93,5.57,215.0
豆角炒肉丝,157.56,6.44,10.68,9.78,172.0
豆角炒肉片,147.1,6.29,11.77,4.77,155.0
豆角炒肉沫,141.67,6.47,10.67,5.87,180.0
豆角炒秋葵,43.24,1.92,1.82,6.55,185.0
豆角炒青椒,51.06,2.05,2.34,6.65,141.0
豆角炒排骨,174.15,9.27,13.9,3.61,205.0
豆角炒牛肉,84.85,7.93,2.7,7.91,165.0
豆角炒木耳,168.57,6.81,3.67,34.76,105.0
豆角炒面,156.06,8.39,11.97,4.41,198.0
豆角炒腊肉,148.11,4.22,12.35,5.9,185.0
豆角炒腊肠,204.14,7.59,15.53,9.32,145.0
豆角炒鸡肉,95.29,8.85,2.45,10.28,170.0
豆角炒火腿肠,125.58,5.0,6.53,12.58,86.0
豆角炒火腿,83.75,5.6,4.74,5.69,80.0
豆角炒胡萝卜,56.6,1.7,3.02,6.98,106.0
豆角炒饭,86.5,6.68,4.58,5.32,200.0
豆酱鱿鱼,94.71,10.89,2.79,6.7,170.0
豆浆打卤面,156.83,7.19,9.35,11.94,139.0
豆花牛肉,114.75,8.8,4.08,11.09,183.0
豆花鸡,144.76,11.9,9.02,4.42,210.0
秘酱烤鱿鱼,136.0,14.1,5.59,7.3,125.0
豆鼓蒸排骨,187.01,11.44,13.9,4.05,177.0
豆鼓鱼煲,160.8,14.48,6.71,10.79,125.0
豆腐煮虾仁,194.71,12.82,7.67,19.01,208.0
蒸豆腐鱿鱼,97.5,13.11,4.54,1.38,160.0
豆腐蒸虾仁,109.68,13.87,4.55,3.61,155.0
豆腐蒸虾,98.57,12.13,4.34,3.2,210.0
鸡蛋蒸豆腐,112.4,9.48,6.6,4.34,129.0
蒸豆腐丸子,200.43,12.38,8.91,17.81,231.0
豆腐鱼汤,70.57,7.72,4.14,0.81,265.0
豆腐虾仁,172.9,15.55,4.03,18.97,155.0
豆腐丸,158.33,8.48,10.75,7.43,180.0
豆腐丝炒韭菜,290.0,33.1,14.81,8.62,180.0
豆腐烧鱼,100.54,10.82,5.9,1.42,185.0
豆腐烧香菇,176.88,7.53,12.13,10.15,173.0
豆腐烧虾,116.27,13.44,4.29,6.37,166.0
豆腐烧牛肉,105.43,12.84,4.97,2.85,221.0
豆腐烧牛腩,108.84,13.4,5.19,2.59,215.0
豆腐烧鲫鱼,118.14,10.45,4.12,10.17,215.0
豆腐烧黄辣丁,131.88,13.49,5.29,7.91,160.0
豆腐烧胡萝卜,112.07,4.79,6.61,9.41,174.0
豆腐烧菜心,79.36,3.79,5.37,5.0,218.0
豆腐肉松蒸,151.28,12.59,7.25,9.26,195.0
豆腐肉沫炒火腿,172.09,9.31,11.96,7.48,172.0
豆腐脑,61.31,1.79,4.11,4.65,168.0
豆腐蘑菇炖鲫鱼,105.7,10.27,4.96,5.46,193.0
豆腐焖鱼,95.14,8.22,5.92,2.78,185.0
豆腐辣椒酱,106.09,6.39,7.53,4.1,115.0
豆腐卷烧鸡腿,296.79,33.19,15.24,8.55,218.0
豆腐鸡蛋,109.8,9.71,6.81,2.94,204.0
豆腐花,390.32,33.88,15.48,36.29,155.0
豆腐红烧猪血,94.67,8.11,5.84,3.08,150.0
豆腐炖海带汤,80.66,4.48,5.44,4.14,212.0
豆腐干烧鹅肉,244.24,15.61,17.32,6.63,165.0
豆干炒肉丝,219.65,11.47,16.16,7.94,173.0
豆腐干炒青椒,146.39,9.86,8.73,7.77,166.0
豆腐干炒韭菜,151.27,10.3,9.18,7.69,158.0
豆腐干炒肥肠,158.23,7.4,12.27,5.21,237.0
豆腐炖猪蹄,214.01,16.82,15.58,1.75,157.0
豆腐炖鱼头,133.65,12.39,7.92,3.65,208.0
家常豆腐炖鱼,107.14,11.16,6.43,1.62,210.0
豆腐炖羊肉,109.64,11.68,6.14,2.32,197.0
豆腐炖鸭血,129.34,8.32,8.1,6.46,167.0
豆腐炖香肠,220.67,10.92,16.39,7.95,150.0
豆腐炖肉丝,150.0,7.75,12.33,2.66,190.0
豆腐炖草鱼,121.43,12.03,6.47,4.05,168.0
豆腐炖菜心,93.65,8.24,5.41,3.42,189.0
豆腐炖白菜,76.92,4.76,5.45,3.15,156.0
豆腐炒猪血,92.99,7.92,5.47,3.69,157.0
豆腐炒西红柿,61.46,3.66,4.15,3.27,205.0
豆腐炒莴苣,57.07,3.27,3.62,3.47,205.0
豆腐炒牛肉,142.13,10.16,7.11,9.95,178.0
豆腐炒萝卜,78.65,4.64,4.52,5.73,192.0
豆腐炒韭菜,82.17,5.48,5.41,3.94,157.0
豆腐炒鸡腿,124.77,12.79,7.25,1.81,214.0
豆腐炒鸡肉,250.0,10.74,22.2,2.26,220.0
豆腐炒鸡蛋,123.44,9.68,8.1,3.27,209.0
豆腐炒花生,208.82,10.78,15.78,7.0,170.0
豆腐炒粉丝,160.0,4.34,4.85,25.6,175.0
豆腐炒饭,161.14,5.08,7.88,17.8,211.0
豆腐炒葱,84.14,4.99,5.81,3.94,145.0
豆腐炒菠菜,68.45,4.52,4.19,4.0,206.0
豆腐炒白菜,74.53,4.15,5.47,2.99,106.0
豆腐包子,238.91,12.96,5.14,36.25,221.0
豆腐拌皮蛋,121.2,8.68,8.02,4.06,184.0
豆豉蒸鱼,131.82,17.28,6.14,1.81,110.0
豆豉蒸鸡翅,226.59,17.31,13.53,8.82,173.0
豆豉鱼炒生菜,65.82,6.82,3.84,1.37,158.0
豆豉鱼,170.63,17.77,8.21,6.52,126.0
豆豉生蚝,86.5,10.06,5.13,0.1,163.0
豆豉肉,316.22,15.51,27.25,2.45,111.0
豆豉青椒,67.48,2.11,2.75,9.43,123.0
豆豉茄子炒豆角,55.83,2.27,2.18,7.88,163.0
豆豉排骨,261.29,16.1,19.15,6.21,124.0
豆豉焖翅中,213.29,17.45,11.8,9.2,173.0
豆豉焖草鱼,137.17,15.88,7.39,1.76,113.0
豆豉鲮鱼油麦菜,55.0,6.59,2.79,1.53,160.0
豆豉鲮鱼炒黄瓜,93.64,8.74,3.77,6.14,110.0
豆豉辣椒蒸排骨,254.5,16.69,16.51,9.97,189.0
豆豉辣椒火焙鱼,108.39,12.77,4.61,4.06,143.0
豆豉苦瓜,57.27,2.01,2.95,6.26,110.0
豆豉烤鱼,125.74,12.61,4.69,10.68,237.0
豆豉酱炒花蛤,81.3,6.9,4.63,3.16,123.0
豆豉粉蒸凤爪,215.32,15.25,13.57,8.82,222.0
豆豉剁辣椒,84.8,2.14,2.83,12.71,125.0
豆豉剁椒蒸芋头,68.18,3.77,0.25,13.92,110.0
豆豉炒苦瓜,48.12,1.88,2.12,6.12,160.0
豆豉炒番薯叶,61.26,3.88,2.84,6.39,111.0
豆瓣鱼,141.86,14.46,3.9,12.27,129.0
豆瓣小黄瓜,86.67,1.9,5.44,7.75,120.0
豆瓣全鱼,136.9,11.42,4.1,13.68,168.0
豆瓣酱烧肥鱼,101.28,9.37,2.45,10.8,235.0
洞庭小炒肉,261.27,11.15,23.39,2.02,142.0
洞庭串烧虾,118.82,11.53,4.48,8.26,170.0
冻豆腐蒸腊肉,225.62,7.96,20.44,3.03,160.0
冻豆腐烧土豆,80.09,4.22,4.05,7.45,211.0
冻豆腐烧鲫鱼,106.83,11.56,5.37,3.51,205.0
冻豆腐炖羊蝎子,116.77,10.23,7.45,2.71,155.0
冻豆腐炖鸭,161.76,9.92,12.73,2.36,204.0
冻豆腐炖白菜,140.0,3.68,4.15,22.78,205.0
冻豆腐炒肉片,178.71,9.13,15.06,2.19,155.0
冻豆腐炒木耳,184.93,9.02,4.57,34.12,219.0
冬枣凤尾虾,171.67,13.46,6.07,16.11,180.0
冬阴功炒饭,119.13,5.6,3.91,15.46,230.0
冬笋焖鱼,84.29,9.54,4.0,3.03,210.0
冬笋腊肉,199.37,5.86,18.1,3.87,158.0
冬笋干烧肉,157.23,7.43,10.93,7.4,166.0
冬笋炖肉,155.15,6.15,11.05,8.2,165.0
冬笋炒肉片,151.1,7.4,11.66,4.42,182.0
冬笋炒腊肉,192.9,5.48,17.81,3.26,155.0
冬笋爆炒鱿鱼圈,66.25,7.3,2.48,4.35,160.0
鸡腿煲饭,291.25,11.26,4.68,51.35,160.0
冬瓜煮田鸡,88.21,7.72,3.01,7.97,229.0
冬瓜蒸咸肉蒸,157.65,5.24,12.48,6.41,170.0
冬瓜薏米糖水,132.58,4.23,1.13,26.91,310.0
冬瓜薏米排骨汤,149.34,7.31,8.75,10.51,302.0
冬瓜薏米煲鸭子,59.15,4.38,0.68,9.25,284.0
冬瓜瑶柱薏米汤,86.4,4.84,0.82,15.22,250.0
冬瓜小炒肉,66.29,8.23,2.39,3.33,175.0
冬瓜烧鸭,75.45,7.26,2.15,7.04,220.0
冬瓜烧虾仁,120.47,9.94,1.77,16.56,215.0
冬瓜烧肉丸,136.63,6.17,10.11,5.6,202.0
冬瓜烧肉片,226.67,6.33,6.76,35.99,285.0
冬瓜烧排骨,169.7,8.84,14.4,1.56,198.0
冬瓜烧火腿,47.62,3.02,3.08,2.39,126.0
冬瓜肉丝汤,77.05,3.05,6.8,1.18,305.0
冬瓜排骨炖,172.5,7.66,13.15,6.13,120.0
冬瓜绿豆汤,47.39,2.95,0.19,9.13,230.0
冬瓜鸡方,57.98,6.28,2.35,3.21,257.0
冬瓜骨头汤,85.43,5.56,5.36,3.91,302.0
冬瓜炖肘子,198.47,8.32,17.04,3.24,196.0
冬瓜炖羊肉,67.26,6.38,3.29,3.51,168.0
冬瓜炖香菇,48.29,2.88,2.9,3.68,205.0
冬瓜炖虾,56.59,8.34,1.85,1.9,205.0
冬瓜炖肉丸子,180.65,7.19,12.07,11.49,155.0
冬瓜排骨,162.32,8.36,13.8,1.47,207.0
冬瓜炖牛肉,74.88,10.82,2.75,2.04,207.0
冬瓜炖蘑菇,166.96,17.17,4.14,19.09,115.0
冬瓜炖鸡肉,218.98,7.97,19.44,3.37,216.0
冬瓜炖饭,107.8,6.29,3.29,13.44,205.0
冬瓜蛋饺扇贝汤,107.47,7.65,8.01,1.28,308.0
冬瓜炒猪肚,67.27,4.86,3.57,4.36,165.0
冬瓜炒香菇,33.51,1.29,1.79,4.03,191.0
冬瓜炒虾仁,91.03,4.61,2.33,13.3,145.0
冬瓜炒肉丝,137.65,5.81,11.56,3.59,162.0
冬瓜炒肉片,122.51,4.5,9.8,4.59,191.0
冬瓜炒毛豆,63.27,3.91,3.58,4.93,147.0
冬瓜炒腊肠,210.91,7.02,16.82,8.32,165.0
冬瓜炒鸡翅,94.3,6.39,5.71,4.72,158.0
冬瓜炒火腿,63.23,7.15,3.01,2.2,155.0
冬瓜炒蛤蜊,58.02,5.09,2.98,3.01,212.0
冬瓜炒饭,114.74,3.87,3.44,17.35,190.0
冬瓜炒番茄,25.37,0.59,1.66,2.78,205.0
冬菇笋炖老豆腐,59.15,5.41,3.43,2.06,284.0
冬菇藕夹,119.68,4.79,5.3,14.18,188.0
冬菇炖鸡汤,74.91,8.73,3.72,1.96,267.0
飘香东坡肘子,287.08,14.73,21.57,8.41,178.0
东坡肉,324.79,12.82,27.36,6.81,121.0
特色东江鱼丸,136.94,14.64,3.27,12.31,157.0
东北熏肉卷,329.32,30.08,15.92,18.22,133.0
熏干豆腐肉卷,353.49,29.92,20.65,13.93,215.0
东北小炒肉,131.88,5.17,11.44,2.47,160.0
东北泡菜烤肉,150.38,7.21,11.92,4.6,131.0
干辣椒炒鸡丁,221.76,8.52,17.98,7.22,216.0
东北乱炖,74.66,3.13,4.0,7.16,221.0
东北辣白菜,71.01,1.55,0.46,16.51,169.0
东北拉皮,210.14,3.64,10.6,25.45,138.0
东北酱土豆,172.05,6.48,11.34,11.37,161.0
东北酱焖脊骨,187.5,10.14,10.9,12.6,176.0
东北酱拌小菜,78.57,5.35,4.4,5.16,196.0
鸡蛋辣椒蒸酱,120.0,9.1,7.35,4.74,175.0
东北鸡蛋肠,143.33,12.71,8.36,4.74,210.0
东北红烧鲫鱼,175.68,11.89,3.89,23.43,148.0
东北锅包肉,163.16,13.99,6.43,12.27,171.0
干豆腐青菜卷,145.96,14.37,8.3,4.49,285.0
干豆腐炖土豆,225.58,21.21,10.29,14.17,258.0
东北炖菜,154.94,6.72,11.29,7.24,162.0
东北大拉皮,229.72,6.89,12.01,23.9,212.0
东北汆白肉,166.51,5.34,10.16,14.01,209.0
东北菜团子,245.11,10.99,3.09,44.87,184.0
东安仔鸡,138.17,11.62,6.96,7.56,186.0
三杯煲鸭,171.0,8.33,11.44,8.92,200.0
山药南瓜炖火腿,75.48,5.84,3.13,6.26,155.0
下饭菜瑞士鸡翅,219.2,16.1,11.71,12.41,125.0
五红汤烧饭,352.0,13.14,11.05,52.74,125.0
牛肉烧胡萝卜,90.27,11.99,3.09,4.34,185.0
可乐煲鸡翅,130.0,9.21,6.91,7.76,210.0
黑胡椒鸡翅,133.33,9.8,7.12,7.75,207.0
盐焗鸡,164.81,19.09,9.06,1.74,108.0
焦香鸡蛋饼,222.16,13.59,8.63,22.99,185.0
香煎华子鱼,137.39,15.34,7.56,2.96,115.0
煎烤鲜虾,119.47,17.13,3.8,5.9,113.0
地瓜饼,178.71,5.52,2.87,34.03,155.0
牛肉卤白菜,57.14,6.7,2.6,2.26,175.0
特色地三鲜,80.59,1.66,2.01,14.76,170.0
地皮菜炒鸡蛋,88.02,6.89,5.35,3.5,217.0
地锅黑鱼,144.85,16.1,3.46,12.68,136.0
香甜地瓜粥,136.0,2.87,0.37,30.83,150.0
热干面,377.21,10.74,11.21,58.93,136.0
地菜花煮鸡蛋,92.86,6.26,3.11,10.82,182.0
素鸡腿炒油菜,120.0,8.41,7.45,5.42,215.0
特色灯影牛肉,160.23,19.07,6.03,7.95,176.0
德州扒鸡,199.39,24.52,7.12,11.91,163.0
土豆南瓜炖牛腩,108.11,12.49,3.08,7.86,185.0
道口烧鸡,177.39,17.69,8.6,7.36,115.0
捣椒茄子,55.06,1.53,3.58,5.03,178.0
带鱼扒白菜,100.68,10.23,4.44,5.47,147.0
刀拍黄瓜,71.43,0.97,4.71,6.48,133.0
党参北芪蒸老鸭,185.52,8.02,10.59,15.26,221.0
鲜虾仁西兰花,174.86,13.18,2.29,25.85,175.0
豆腐焖田鸡,108.52,11.09,3.28,9.27,223.0
当归红枣煲鸡脚,171.74,12.46,9.5,10.3,276.0
当归炖羊肉,174.27,14.91,4.39,20.92,171.0
蛋芯徽州丸子,242.73,10.09,9.64,29.09,220.0
蛋烧麦,155.17,13.12,3.18,18.95,232.0
蛋皮蔬菜卷,86.25,4.69,4.69,6.84,160.0
蛋饺蒸,236.0,12.9,18.66,4.23,125.0
蛋黄蒸肉饼,162.58,9.76,12.46,3.37,163.0
蛋黄鱼片,179.43,18.26,11.12,1.74,141.0
蛋黄豌豆烩豆腐,228.42,11.92,7.25,30.44,183.0
蛋黄卷,252.82,10.31,10.22,30.0,142.0
蛋黄豆腐糊,89.29,7.32,5.02,4.39,140.0
蛋黄蒸豆腐,212.2,10.78,16.93,4.68,205.0
什锦火腿蛋炒饭,125.37,6.98,4.27,14.98,205.0
什蔬蛋包饭,161.82,6.3,7.84,16.48,220.0
蛋爱辣白菜,110.32,8.68,7.55,2.39,155.0
担担面,213.87,6.67,6.97,31.55,173.0
带鱼炖土豆,111.16,9.53,3.45,10.82,215.0
带鱼炖豆腐,111.47,11.26,5.74,4.13,218.0
带皮叉烧,313.79,13.3,26.12,6.52,116.0
带把肘子,223.73,14.69,13.6,10.62,177.0
大煮干丝,121.99,10.43,4.58,11.61,191.0
大虾蒸粉丝,207.02,11.19,4.97,29.39,171.0
大虾鱿鱼干锅,87.03,13.09,2.34,3.63,185.0
大虾烧娃娃菜,77.71,11.98,2.14,2.92,166.0
大虾烧白菜,79.01,11.35,2.16,3.83,162.0
对虾烧白菜,80.0,12.39,2.29,2.71,155.0
大虾烤花蛤,75.91,8.16,1.9,6.81,220.0
大虾炖萝卜,78.21,7.42,3.92,3.42,280.0
大虾炖冬瓜,50.0,5.58,2.13,2.41,164.0
大虾炖白菜,81.94,12.45,2.55,2.58,155.0
火龙果大虾,76.92,9.3,1.94,6.03,195.0
大虾炒秋葵,69.27,9.9,1.75,4.49,205.0
大虾炒青椒,90.0,12.87,2.38,4.71,150.0
大虾炒白菜,87.79,11.4,2.12,6.06,172.0
酱香卤牛肉,188.02,12.21,3.16,27.97,192.0
大头菜小炒,145.96,9.29,8.88,8.08,161.0
大头菜烤年糕,130.43,3.46,3.66,21.49,92.0
大头菜炖土豆,160.25,6.14,11.96,7.27,161.0
大头菜炖排骨,215.48,11.32,18.32,1.48,155.0
莲花白炒西红柿,45.61,1.44,2.95,3.84,114.0
大头菜炒肉沫,110.95,4.75,8.74,3.96,210.0
莲花白炒粉条,171.94,4.93,9.33,17.44,196.0
大蒜烧鸡肫,168.42,16.22,5.11,14.43,152.0
秘制大盘鸡,123.5,7.1,6.56,9.58,183.0
大米饼烧烤味,132.41,5.22,3.03,22.41,145.0
米饼汉堡,109.3,5.75,2.13,17.0,215.0
柠香烤鸡,179.43,9.79,12.22,7.78,175.0
大酱汤,48.85,5.29,2.15,2.42,305.0
大酱炒鸡蛋,118.12,9.11,7.56,3.85,160.0
大骨棒,261.9,15.71,18.1,8.95,105.0
大丰收,89.71,7.46,3.9,7.05,175.0
大鹅焖土豆,204.91,11.95,14.12,7.61,163.0
大鹅炖酸菜,171.18,11.21,13.58,1.38,170.0
大炖鱼,196.3,15.79,14.32,0.96,162.0
大葱煎鸡蛋,94.63,7.17,5.8,4.0,205.0
大葱火腿炒豆腐,88.06,7.65,5.05,3.69,201.0
大葱炒蘑菇松蘑,46.39,1.49,2.11,6.75,166.0
大肠炖豆腐,93.58,3.63,8.13,1.88,265.0
大菜烧芋头,44.52,1.32,2.19,5.65,155.0
什蔬大拌菜,135.74,2.51,6.73,17.56,152.5
大白咖喱饭咖喱,151.8,4.7,7.19,17.39,305.0
大白菜拌猪头肉,89.0,8.86,3.28,6.29,200.0
褡裢火烧,277.51,11.41,10.13,36.4,169.0
翠竹报春,101.06,11.2,5.52,1.87,188.0
脆炸鸡蛋辣椒,136.52,6.83,5.39,16.3,115.0
脆皮银鱼,180.3,16.23,7.23,12.89,132.0
脆皮鳕鱼,136.81,14.96,2.44,14.25,163.0
脆皮烤鸭,243.28,12.04,17.12,10.39,134.0
脆皮华子鱼,172.18,12.68,6.18,16.61,133.0
脆皮干锅土豆,148.28,4.66,2.91,27.43,145.0
脆皮豆腐,110.56,5.82,6.11,8.93,180.0
脆皮蛋筒,292.86,12.89,10.25,38.05,112.0
香脆凉拌黄瓜,54.84,2.62,2.12,6.45,155.0
脆炒莲藕,128.77,5.8,7.37,10.95,212.0
汆牛肉丸子,172.28,11.55,9.0,13.66,202.0
醋酥鲫鱼,76.89,8.74,2.76,4.57,212.0
醋熘木须,257.33,13.49,22.16,1.2,150.0
醋熘鳜鱼,123.27,9.42,3.84,13.1,245.0
醋溜藕片,65.22,1.06,3.91,7.52,161.0
醋溜南瓜丝,58.33,0.9,4.26,4.58,132.0
醋溜卷心菜丝,68.03,1.5,2.61,10.07,122.0
醋溜豆芽菜,37.78,1.61,2.39,3.01,135.0
醋溜白菜酸辣,48.72,1.55,2.86,5.0,117.0
醋淋鱼,150.8,13.75,4.68,13.73,187.0
特色醋椒鱼,140.48,16.27,6.94,3.44,252.0
醋椒活鱼,112.77,12.3,6.23,2.14,141.0
醋椒黑木耳,212.65,7.77,4.6,44.14,166.0
醋黄瓜,41.67,2.18,0.19,7.86,72.0
玉米窝窝头,377.27,14.33,5.95,69.23,110.0
香炒窝头,100.0,6.75,6.76,3.75,169.0
粗粮糕,83.75,1.81,0.7,17.74,160.0
五谷香米饭,356.5,10.81,2.93,73.11,200.0
葱炸小黄鱼,176.92,13.23,5.31,19.82,195.0
葱油蒸大黄鱼,86.59,12.12,3.43,2.11,164.0
葱油烧鱼,139.88,15.4,8.02,1.82,173.0
葱油手抓饼,260.0,10.65,3.67,47.32,155.0
葱油烧芋头,193.29,6.18,12.97,13.24,149.0
葱油清蒸鲈鱼,119.64,16.85,5.73,0.12,112.0
葱油南瓜,42.76,0.9,2.23,5.3,145.0
葱油面,242.14,6.9,2.64,48.46,140.0
葱油萝卜丝,43.64,0.85,2.87,4.35,110.0
葱油鲤鱼,113.87,11.65,5.97,3.8,173.0
葱油开洋拌面,221.18,7.86,2.23,43.09,170.0
葱油金针菇,44.66,1.99,1.77,6.42,206.0
葱油煎面,246.15,12.33,5.53,37.85,195.0
葱油鸡,117.1,11.23,6.69,3.37,193.0
蒸葱油花卷,292.75,12.07,3.35,54.93,138.0
葱油海瓜子,62.2,5.57,2.29,5.09,164.0
葱油煎饼,278.67,11.21,3.82,51.38,150.0
葱香油泼面,186.34,5.06,1.89,37.81,205.0
葱油拌面,155.93,4.76,1.53,31.0,270.0
葱油白切鸡,120.0,13.61,6.35,2.45,155.0
葱香鸭胗,111.25,11.69,5.9,3.13,160.0
葱香雪菜肉馅饼,234.87,9.45,7.44,34.38,195.0
葱香鲜虾粥,160.99,6.66,0.47,32.81,282.0
葱香焖烧虾焖烧,81.29,9.16,3.19,4.32,155.0
葱香口蘑,162.96,18.88,3.08,19.34,216.0
葱香鸡蛋小饼,183.59,11.07,6.65,20.6,195.0
葱香黄金炒饭,115.61,5.41,4.19,14.47,205.0
葱香番茄火腿蛋,91.58,6.22,5.22,5.29,190.0
葱头排骨,203.66,10.65,12.95,11.25,191.0
葱烧猪肉,176.47,6.89,13.78,6.78,153.0
葱烧猪肚,74.29,5.55,3.39,6.1,175.0
葱烧芋头,94.17,1.76,5.42,10.15,120.0
葱烧鱿鱼,80.0,11.55,2.97,2.13,160.0
葱烧鸭肉,85.71,5.8,2.26,11.36,196.0
葱烧鸭,194.29,9.78,13.38,8.94,175.0
葱烧杏鲍菇,56.19,1.38,3.05,6.71,105.0
葱烧乌参,75.88,6.12,2.05,8.88,170.0
葱烧土豆,78.71,2.19,2.16,13.35,155.0
葱烧牛舌,152.9,11.48,10.61,3.16,155.0
葱烧牛肉,108.75,13.81,3.53,5.73,160.0
葱烧木耳,162.05,6.53,9.62,15.31,195.0
葱烧鲫鱼,110.92,10.58,3.62,9.37,174.0
葱烧鸡块,152.73,12.73,9.33,4.49,165.0
葱烧鸡翅,152.5,12.53,9.16,5.25,160.0
葱烧黄辣丁,108.75,12.05,3.87,6.79,160.0
葱烧黄花鱼,90.0,11.87,3.57,2.59,160.0
葱香烧黄鱼,87.88,11.65,3.44,2.79,165.0
葱烧海参蒸豆腐,88.37,7.47,3.99,6.37,215.0
葱烧海参,81.28,9.58,2.05,6.52,187.0
葱烧蛤蜊,73.26,5.32,2.24,8.33,172.0
葱烧豆腐,120.22,5.36,5.85,12.43,183.0
葱烧带鱼,102.98,11.16,4.39,5.07,168.0
葱烧刺参,113.33,8.14,7.38,4.27,195.0
葱烧板栗,96.92,2.38,1.88,18.37,195.0
葱烤鱼,120.96,11.67,5.7,5.81,167.0
葱烤羊肉,117.78,8.32,5.25,10.17,135.0
葱烤小黄鱼,96.97,11.41,3.43,5.48,165.0
葱烤鲫鱼,130.53,10.65,3.15,15.46,190.0
葱烤鸡心,121.82,8.51,8.28,3.88,110.0
葱烤鸡腿,128.14,12.86,6.2,5.47,167.0
葱焗带鱼,104.05,10.72,5.39,3.42,173.0
葱姜辣炒蛤蜊,57.05,5.71,2.4,3.44,156.0
葱煎豆腐,84.14,4.99,5.81,3.94,145.0
葱花土豆饼,235.79,7.69,2.65,46.1,190.0
葱花水泼蛋,129.85,10.13,8.72,3.09,134.0
葱花鸡蛋面,213.37,8.8,6.0,31.39,202.0
葱花鸡蛋饼,246.67,12.33,5.51,37.99,195.0
葱炒羊肉,157.04,7.56,4.76,21.45,135.0
葱炒土豆片,66.82,2.18,1.68,11.58,211.0
葱炒山药,54.63,1.71,1.71,8.88,205.0
葱炒牛肉,115.18,10.61,6.71,3.74,112.0
葱炒鸡蛋,108.62,7.56,7.19,4.03,116.0
葱炒红肠,115.17,4.36,8.68,5.66,145.0
葱炒海带,46.25,1.26,2.03,6.22,160.0
葱炒豆腐,67.14,4.01,4.05,4.63,213.0
葱爆羊肉面,144.88,6.84,3.03,23.17,205.0
葱爆羊肉丁,127.93,9.51,8.46,3.76,111.0
葱爆羊肉丝,124.32,9.89,6.11,7.79,148.0
家常葱爆羊肉,96.61,8.77,5.44,3.63,118.0
爆炒鸭心,95.1,6.08,6.06,4.73,143.0
葱爆鸭块,198.81,12.0,12.86,9.07,168.0
葱爆兔肉片,108.7,12.18,3.08,8.38,207.0
葱爆牛肉,82.25,7.51,2.67,7.75,169.0
葱爆尖椒羊肉,105.0,7.79,4.81,8.35,140.0
葱爆鲫鱼,127.37,10.65,4.98,10.01,179.0
葱爆肥羊卷,140.91,9.1,5.84,13.35,110.0
葱爆豆腐鱼,109.44,11.02,4.75,6.18,180.0
葱爆八带,133.73,12.42,3.93,12.55,166.0
白切羊杂,122.47,11.85,4.95,7.82,227.0
葱扒整鸡,134.16,11.22,5.14,11.02,202.0
葱扒鸭子,113.97,11.99,4.07,7.49,136.0
葱扒牛舌,182.58,10.69,12.06,8.16,178.0
糍粑鱼,171.09,14.71,9.5,7.07,128.0
慈禧赛螃蟹,109.8,12.2,4.46,5.51,204.0
莼菜鱼丸,114.79,12.37,6.65,1.39,169.0
莼菜塘鱼片,96.69,12.48,4.42,1.71,181.0
春笋烧五花肉,177.94,6.99,14.07,6.65,136.0
春笋炖肉,144.12,6.23,10.69,6.62,170.0
春笋炒肉丝,143.21,6.46,11.3,4.48,162.0
春笋炒腊肠,174.48,8.44,13.43,5.57,145.0
春色满园,58.33,0.77,0.16,13.86,132.0
春卷,321.28,12.81,10.96,43.74,188.0
橄榄菜炒芦笋,53.3,1.89,1.79,8.99,182.0
捶鸡,167.74,15.54,6.27,12.26,155.0
洋葱烤,76.52,1.17,2.79,12.13,115.0
闯王山珍煲,45.57,1.75,2.39,4.64,237.0
船拐子肉,189.93,8.32,14.63,6.86,139.0
乡巴佬鸡蛋,142.07,12.21,7.87,5.66,164.0
川汁烧虾球,142.86,12.94,2.74,16.7,140.0
川汁烧豆腐,101.67,4.89,4.93,10.23,180.0
川香茄子,43.03,1.56,2.21,4.98,165.0
川香牛柳,167.5,18.9,10.04,0.47,160.0
川香辣子鸡,404.92,15.37,34.77,7.95,122.0
川香口水鸡,241.5,19.29,13.62,11.69,147.0
川香钵钵鸡,222.89,16.48,12.13,12.33,83.0
川味臊子面,264.65,9.63,9.02,36.58,215.0
川味牛肉,94.19,7.74,2.91,9.79,172.0
萝卜烧肥肠,97.5,2.84,6.84,6.89,160.0
川味凉面,279.89,9.8,7.02,45.49,174.0
川味辣子鸡,392.8,15.44,33.98,6.73,125.0
川味腊肠炒山药,219.31,7.38,15.53,12.77,145.0
川味麻辣口水鸡,283.72,16.01,19.39,11.85,172.0
家常回锅肉,132.68,4.98,9.1,8.43,205.0
川味红烧牛肉,101.5,11.73,3.21,7.03,200.0
川味粉蒸排骨,243.06,12.42,19.93,3.78,144.0
川味豆瓣鱼,156.1,15.65,7.85,5.77,123.0
川派鱼香茄子,106.02,1.5,4.83,14.7,133.0
川府回锅腊肉,163.9,4.17,13.61,6.8,205.0
川爆鸡杂,161.71,15.6,7.52,7.93,175.0
楚乡扣鸭,250.54,12.98,17.56,10.6,186.0
虫草猪肉炒木耳,312.5,15.2,16.3,31.95,152.0
虫草鸭子,190.22,13.08,11.36,10.33,184.0
虫草花猪蹄汤,150.17,13.26,6.63,10.96,287.0
虫草花排骨汤,175.0,10.46,9.08,13.89,292.0
虫草花鲍鱼汤,92.46,8.36,0.06,15.85,252.0
虫草炖鸡汤,101.72,11.81,2.89,8.26,232.0
冲菜,43.45,1.76,2.2,4.82,168.0
翅中炖土豆,151.22,10.54,7.17,11.37,205.0
翅根炖土豆,153.33,10.47,7.49,11.3,165.0
豉汁蒸武昌鱼,118.36,12.11,6.04,3.78,207.0
豉汁蒸排骨,320.0,11.69,25.57,10.81,130.0
豉汁蒸凤爪,394.54,21.37,26.87,17.98,238.0
豉汁清蒸武昌鱼,150.0,16.89,8.45,1.55,110.0
豉汁排骨饭,274.04,10.99,13.97,26.37,208.0
豉汁鲮鱼炒豆角,76.59,10.05,2.59,3.95,205.0
豉汁烤鱼,90.05,9.59,4.19,3.85,211.0
豉汁凤爪,271.65,19.61,17.76,8.51,127.0
油辣炒,65.64,5.23,2.28,6.26,163.0
豉油鸡,169.57,17.9,8.44,5.57,115.0
豉油皇蒸生鱼,118.42,17.17,3.69,4.02,114.0
豉油皇鸡,162.87,18.89,7.92,4.1,167.0
豉香阳干大刁,103.95,10.95,3.76,6.71,177.0
豉香南瓜,46.88,1.41,2.06,6.21,160.0
豉香鸡翅,151.63,11.72,8.15,8.07,184.0
豉椒蒸排骨,260.16,15.45,20.08,4.62,128.0
豉椒烧白鳝,163.01,14.7,7.75,8.84,146.0
豉椒鳝鱼,122.49,11.93,2.84,12.59,169.0
豉椒凉瓜牛肉,93.51,5.36,3.89,9.84,231.0
豉椒苦瓜炒鸡肉,106.83,9.56,4.45,7.76,205.0
豉椒黄鳝片,85.89,12.18,2.85,3.12,163.0
鱼香豆腐,114.49,5.27,4.16,16.73,214.0
家常蛋包饭,160.48,7.62,8.01,14.97,210.0
烤鸡翅,187.16,17.75,10.56,5.23,109.0
橙汁鸡排,131.87,17.07,4.71,5.48,182.0
陈皮兔,167.77,17.02,8.44,5.85,121.0
陈皮牛肉丸,117.65,11.88,2.6,11.83,221.0
陈皮牛肉,159.03,15.69,7.51,7.53,144.0
陈醋鸡脚,244.25,21.35,14.53,7.14,113.0
蒜仔小龙虾,114.53,16.76,3.61,3.77,117.0
炒猪腰,69.35,8.92,2.66,2.88,186.0
炒蒸菜,106.15,4.02,2.95,16.63,130.0
炒玉米粒,108.18,2.27,3.36,18.56,110.0
炒腰花,123.53,13.66,4.03,8.18,119.0
小炒鸭肠,114.72,6.68,8.5,3.21,163.0
炒血鸭,122.89,14.47,4.98,4.81,166.0
炒土豆丝芹菜,146.91,6.22,9.66,9.23,162.0
炒田螺,133.64,19.1,3.77,5.9,110.0
炒素什锦,72.29,2.01,1.72,13.26,231.0
炒丝瓜杏鲍菇,107.22,4.22,2.19,22.17,180.0
炒双冬,55.96,2.68,2.52,6.84,218.0
炒薯粿,239.29,6.69,8.13,35.56,196.0
炒鳝鱼,114.2,11.06,3.19,10.6,176.0
炒三丝,78.38,5.35,4.61,4.86,185.0
香炒肉末,318.8,14.14,27.47,4.0,117.0
炒肉拉皮,163.72,5.12,12.57,8.03,113.0
炒秋葵土豆丝,83.96,2.08,3.96,11.32,106.0
炒青椒土豆丝,63.81,1.83,1.64,11.09,210.0
炒青椒鸡肉,68.32,8.68,2.58,3.03,161.0
炒芹菜豆腐干,124.19,7.53,6.74,9.08,215.0
炒牛杂,108.16,11.72,4.32,6.04,196.0
炒牛肉面,184.62,9.2,4.9,26.27,182.0
炒牛肉粉丝,174.73,7.17,3.01,30.48,186.0
炒牛肉,163.49,17.76,5.21,11.56,126.0
辣炒粘糕,105.5,2.25,1.95,20.45,200.0
炒奶白菜,59.12,2.09,2.47,8.04,137.0
炒面筋,103.55,12.55,1.74,10.44,197.0
炒面饭,226.19,10.49,8.32,29.75,210.0
鲜蔬炒面,215.12,6.98,4.66,37.01,205.0
炒米苋,51.28,2.69,2.3,5.67,156.0
蔬菜炒米粉,204.02,6.15,8.8,25.45,224.0
炒毛蟹,150.0,14.71,5.52,10.3,150.0
炒毛豆,101.0,10.12,4.22,7.19,200.0
烩耳朵,205.29,7.9,4.23,35.48,208.0
炒麻豆腐,415.95,18.25,34.35,11.88,163.0
炒螺蛳,95.65,9.82,2.79,7.88,115.0
炒凉粉,72.17,0.85,2.99,10.76,115.0
炒苦瓜肉丝,138.91,5.53,11.68,3.25,155.5
炒蕨菜粉条,198.33,1.21,3.09,42.17,120.0
炒鸡肉饭,173.02,5.46,9.8,15.87,215.0
炒鸡蛋辣椒,94.82,6.6,4.69,7.54,193.0
炒鸡,112.31,13.77,2.58,8.81,195.0
炒黄豆芽,66.05,4.54,3.38,5.01,162.0
炒花蛤,69.91,7.31,3.27,2.81,113.0
炒胡萝卜土豆片,69.71,1.82,1.64,12.89,208.0
炒河蚌,48.29,5.8,1.95,2.2,205.0
爆炒合菜,133.64,4.87,3.9,20.29,220.0
炒海螺片,105.7,9.64,1.89,13.15,228.0
炒海带面,269.76,9.54,9.27,37.15,205.0
炒蛤蜊,60.0,4.49,2.1,6.17,200.0
炒疙瘩,223.53,10.04,3.92,38.47,170.0
炒肝,193.5,10.99,11.98,10.58,123.0
炒饭紫菜虾汤,121.86,6.69,4.06,15.25,215.0
炒饭鸡蛋寿司,105.45,6.96,4.35,9.85,220.0
炒豆角火腿,70.0,5.79,3.05,5.73,150.0
炒豆干,207.05,14.33,12.79,9.23,156.0
炒醋鱼块,156.69,13.7,6.49,11.0,127.0
炒菜花,123.65,5.37,10.34,3.28,148.0
炒扁豆,37.34,1.63,1.5,5.9,158.0
炒包心菜,88.62,2.33,5.05,9.1,123.0
小土豆酱牛肉,91.71,7.17,2.52,10.55,181.0
爽口白萝卜,24.76,0.68,0.19,5.84,210.0
萝卜鸡蛋煎饼,217.44,12.22,5.35,31.19,195.0
米饭煎鸡蛋,137.56,7.66,5.8,13.8,205.0
香煎韭菜盒子,206.13,10.43,5.12,30.75,212.0
意面,259.09,7.9,6.6,42.22,198.0
鸡蛋西红柿面,95.71,6.67,5.62,5.07,210.0
醋溜手撕包菜,40.49,1.6,2.03,4.47,163.0
茄汁鲳鱼,164.8,13.58,7.7,10.3,125.0
茄汁油焖大虾,108.8,14.02,2.9,6.55,125.0
腐乳蒸鸡,196.21,16.09,10.33,9.52,132.0
常德土鸡钵,160.53,19.11,8.52,1.94,114.0
柴鱼萝卜煮,39.61,5.86,1.31,1.33,207.0
茶叶鹌鹑蛋粥汤,87.56,6.21,5.32,3.6,209.0
茶叶鹌鹑蛋,173.98,13.39,9.22,9.82,123.0
茶熏鸡,159.09,18.71,8.83,1.28,110.0
茶香墨鱼仔,159.12,13.93,6.33,11.78,137.0
茶香基围虾,156.0,16.82,3.61,14.72,125.0
茶树菇五花肉,323.85,16.45,17.28,28.74,130.0
茶树菇肉片,133.33,5.69,11.26,2.76,180.0
茶焖大虾,211.85,18.74,12.01,7.77,135.0
茶干鸡丁,257.84,17.54,17.19,9.24,185.0
叉烧野鸡片,140.31,16.22,6.77,3.71,129.0
叉烧鳜鱼,158.99,13.74,9.17,5.61,217.0
草鱼煮香菜,132.76,14.63,7.96,0.71,116.0
炒鱼豆腐（家常版）,111.41,11.69,6.6,1.66,188.5
草莓地瓜饼,251.72,3.55,0.43,58.9,145.0
草菇烧丝瓜,98.33,2.8,5.24,10.69,120.0
草菇烧卤水豆腐,73.71,4.66,4.82,3.61,175.0
草菇烩豆腐,123.3,4.76,8.18,8.32,176.0
草菇炖豆腐,94.12,4.87,6.14,5.81,187.0
草菇炒油菜,62.73,2.22,3.0,7.65,220.0
草菇炒生菜,50.0,2.11,2.48,5.73,140.0
草菇炒肉丝,128.57,6.01,10.45,3.19,175.0
草菇炒肉片,128.38,5.55,8.29,8.49,148.0
草菇炒牛肉,92.31,6.79,2.31,11.6,195.0
草菇炒芦笋,115.0,5.59,2.44,22.88,160.0
草菇炒鸡腿肉,128.31,9.57,5.57,10.47,219.0
草菇炒鸡蛋,95.9,7.67,5.69,3.84,207.5
草菇炒白瓜,44.76,1.71,2.95,3.29,105.0
糙米瘦肉粥,194.29,5.29,5.12,32.53,210.0
蚕豆吐司虾,190.18,13.73,3.14,27.1,224.0
蚕豆烧鸡肉,183.26,12.62,11.5,8.43,215.0
蚕豆米炒蛋,257.3,9.24,4.5,45.54,185.0
啤酒烤鳕鱼,95.93,12.06,2.48,4.41,172.0
参鸡汤烧饭,135.0,6.96,3.18,19.93,220.0
菜粥,177.42,4.12,1.91,36.54,217.0
菜远牛肉,92.31,9.87,3.43,6.52,130.0
菜心炒肉片,145.83,5.85,11.01,6.53,168.0
菜心炒牛肉粒,89.14,7.45,2.69,9.47,175.0
菜心炒饭,125.12,6.96,5.53,12.25,211.0
菜蟒,222.75,11.66,7.65,27.42,211.0
菜卷子,257.59,11.28,3.6,46.5,158.0
菜花土豆炖牛肉,78.46,6.97,2.32,8.09,195.0
菜花烧猪腩,142.41,5.85,11.55,4.56,158.0
菜花烧豆腐,71.43,3.25,3.72,7.47,161.0
菜花炖豆腐,63.9,4.05,4.15,3.71,205.0
菜花炒猪肝,103.9,8.02,4.3,10.52,205.0
菜花炒鱿鱼,69.63,10.18,2.5,2.17,191.0
菜花炒杏鲍菇,45.81,1.29,2.1,6.65,155.0
菜花炒虾,74.84,11.39,2.39,2.32,155.0
菜花炒西红柿,38.4,1.25,2.59,3.6,125.0
菜花炒五花肉,140.7,5.77,10.66,6.06,172.0
菜花炒肉片,137.42,5.97,11.77,2.71,155.0
菜花焖肉,133.75,5.93,11.41,2.63,160.0
菜花炒青椒,35.88,1.52,1.96,4.11,170.0
菜花炒牛肉,67.1,7.97,2.87,3.13,155.0
菜花炒木耳,96.62,4.09,1.98,20.14,207.0
菜花炒腊肉,168.67,4.21,15.15,4.87,150.0
菜花炒腊肠,190.54,7.11,15.27,7.04,148.0
菜花炒鸡肉,153.12,6.46,13.07,3.23,160.0
菜花炒鸡蛋,80.7,5.89,4.92,4.19,171.0
菜花炒腐竹,245.93,20.26,12.64,13.28,135.0
菜花炒饭,170.14,5.85,10.58,13.35,211.0
菜花炒大虾,81.53,12.34,2.23,3.25,157.0
菜盒子,188.78,11.67,4.57,26.19,205.0
菜干猪骨汤,114.12,7.37,7.86,3.69,262.0
菜豆腐,138.0,6.6,10.27,5.61,200.0
水饺,198.57,10.21,4.92,29.24,210.0
彩塘滑豆腐,94.06,11.34,3.27,5.31,202.0
彩色蔬菜面,194.06,8.66,1.36,38.22,202.0
彩椒玉米粒,124.83,5.69,5.42,14.37,145.0
彩椒煎杏鲍菇,59.39,1.36,1.95,10.28,165.0
彩椒烤鸡肉串,74.76,5.95,3.35,6.08,210.0
彩椒炒猪心,139.6,7.67,3.86,21.89,149.0
彩椒炒肝片,91.25,6.11,3.24,10.31,160.0
彩椒炒鱿鱼,88.1,10.95,2.81,5.24,168.0
彩椒炒羊肉,122.54,11.44,6.01,6.31,142.0
彩椒炒杏鲍菇,56.52,1.28,2.05,9.22,161.0
彩椒炒香肠,254.0,19.85,14.03,15.13,150.0
彩椒炒虾仁,114.82,9.7,1.99,15.48,185.5
彩椒炒五花肉,141.03,5.71,11.69,4.17,156.0
彩椒炒土豆丝,69.63,2.19,1.79,11.95,191.0
彩椒炒肉丝,172.59,6.62,13.49,7.38,135.0
彩椒炒肉片,77.3,6.3,3.81,5.14,163.0
彩椒炒秋葵,49.37,1.68,2.76,6.36,158.0
彩椒炒平菇,98.05,3.98,2.0,20.66,205.0
彩椒炒培根,251.54,5.33,21.18,10.18,130.0
彩椒炒牛肉,145.29,14.38,8.36,3.67,170.0
彩椒炒面,140.0,5.74,11.59,4.04,160.0
彩椒炒里脊丝,186.75,8.37,12.09,11.71,151.0
彩椒炒腊肉,200.0,4.53,17.5,7.2,160.0
彩椒炒腊肠,294.79,10.26,23.46,11.29,96.0
彩椒炒苦瓜,40.38,1.08,2.05,5.29,156.0
彩椒炒口蘑,142.4,15.85,3.83,14.9,125.0
彩椒炒鸡心,117.73,7.95,6.82,6.72,220.0
彩椒炒鸡排,134.69,17.24,3.4,8.69,147.0
彩椒炒鸡胸,150.5,13.51,4.05,15.61,101.0
彩椒炒鸡蛋,97.93,8.34,5.77,3.92,145.0
财鱼片,121.17,16.66,5.66,0.73,137.0
胡萝卜咖喱鸡,127.46,11.06,5.53,9.14,335.0
布袋鸡,84.14,10.3,3.3,3.83,227.0
甜椒烧茄子,46.51,1.12,1.59,7.56,215.0
西红柿鸡蛋卷,153.5,9.44,6.29,15.32,200.0
可乐卤蛋,149.37,8.75,7.61,11.65,158.0
红豆补血粥,194.21,4.98,0.45,43.85,190.0
补血养颜粥,251.87,15.02,4.64,39.7,160.0
甜鸡汤,106.35,8.9,2.82,11.75,252.0
补肾祛湿汤,199.57,10.51,3.66,33.28,235.0
甜汤,112.0,7.08,3.44,14.35,275.0
乌鸡山药萝卜汤,69.2,4.0,0.51,12.67,263.0
菠萝蒸饭,292.13,5.43,2.34,62.65,178.0
菠萝鱼,174.83,12.36,5.8,18.29,143.0
菠萝油条虾,183.08,6.67,7.62,22.17,195.0
菠萝虾球,121.0,8.02,1.84,18.48,200.0
菠萝烧排骨,222.42,10.51,17.19,6.58,165.0
菠萝烧鸡块,124.65,6.34,4.31,15.7,215.0
菠萝茄汁刀鱼,111.25,6.47,3.4,14.25,160.0
菠萝酱冬瓜,57.5,0.25,0.25,14.05,200.0
菠萝咕老肉,145.27,9.34,6.08,13.36,201.0
菠萝饭,97.44,3.18,2.09,16.88,195.0
菠萝炒鸭肉,151.66,7.92,10.85,5.88,211.0
菠萝炒鸭片,96.91,9.9,2.89,7.94,194.0
菠萝炒虾,89.77,9.02,2.11,9.0,215.0
菠萝炒山药,60.65,1.1,2.1,10.1,155.0
菠萝炒肉片,111.8,5.86,5.79,9.12,161.0
菠萝炒牛肉,97.16,7.09,2.53,11.86,176.0
菠萝炒年糕,105.62,1.35,2.12,20.69,160.0
菠萝炒苦瓜,63.58,0.97,2.08,10.74,151.0
菠萝炒鸡腿,106.32,6.74,3.93,11.4,174.0
菠萝炒鸡肉,219.52,8.3,18.34,5.57,210.0
菠萝炒鸡块,112.86,9.86,4.9,7.5,210.0
菠萝炒鸡丁,91.87,6.79,2.0,12.18,209.0
菠萝炒鸡翅,157.07,9.66,7.12,13.71,205.0
菠萝炒饭,129.0,5.41,5.63,14.49,300.0
菠萝草鱼片,115.18,11.45,5.7,4.69,191.0
菠菜鲜猪肝汤,45.71,3.59,0.73,6.5,245.0
菠菜虾,123.9,11.41,1.9,15.71,205.0
菠菜拖叶子,107.75,6.07,4.18,12.46,129.0
鲜菠菜汤,55.3,5.2,2.95,2.28,302.0
菠菜烧豆腐,86.55,5.05,4.96,6.23,171.0
菠菜培根沙拉,169.55,6.7,12.1,9.17,220.0
菠菜牛肉卷,210.0,11.17,3.06,35.59,210.0
菠菜木耳炒蛋,155.38,9.18,4.97,23.53,186.0
菠菜酱鸡蛋,96.67,7.8,5.83,3.7,210.0
菠菜煎鸡蛋,89.74,6.49,5.38,4.38,156.0
鲜菠菜鸡蛋汤,72.02,4.16,4.69,3.6,243.0
菠菜鸡蛋盒,245.07,10.15,4.94,40.83,213.0
菠菜鸡蛋炒米饭,124.57,5.53,4.38,16.0,175.0
菠菜炖猪蹄,145.5,11.47,9.72,3.48,189.0
菠菜炖粉条,217.11,6.48,12.08,21.06,152.0
菠菜炖豆腐,81.37,5.33,5.25,3.99,161.0
菠菜炖冻豆腐,74.78,4.23,5.07,3.83,115.0
菠菜炒肝片,97.58,9.38,4.53,5.55,165.0
菠菜炒香菇,41.94,2.4,1.92,4.83,186.0
菠菜炒平菇,153.94,6.28,11.18,7.69,165.0
菠菜炒培根,175.17,5.05,15.74,3.9,145.0
菠菜炒年糕,113.33,2.81,3.29,18.67,105.0
菠菜炒木耳,169.83,7.09,3.49,34.26,116.0
菠菜炒面,208.38,6.36,2.27,41.19,167.0
菠菜炒萝卜,43.69,1.94,1.7,6.25,206.0
小菠菜炒鸡蛋,117.3,7.22,4.78,14.19,185.0
菠菜烩腐竹,214.66,17.07,10.6,13.47,116.0
菠菜炒粉条,151.55,1.86,3.31,29.08,97.0
菠菜炒粉丝,152.63,1.89,3.41,29.27,95.0
菠菜炒饭,136.41,6.88,7.43,10.89,195.0
冰镇芥末秋葵,27.42,2.34,0.18,5.87,62.0
冰糖肘子,299.39,15.99,23.53,5.84,163.0
冰糖排骨,276.57,16.05,19.21,9.72,175.0
绿豆银耳汤,164.78,7.11,0.53,36.94,230.0
缤纷牛肉粒,89.19,12.04,3.06,3.89,185.0
缤纷蛋炒饭,108.84,5.3,4.05,13.35,215.0
扁鱼白菜卤,75.76,7.17,4.05,2.69,264.0
扁豆焖面,245.6,7.63,7.63,37.46,193.0
避风塘炒虾,149.61,16.1,3.83,12.65,127.0
必胜客鸡茸菌菇浓汤,165.3,15.15,3.41,22.09,268.0
荸荠明虾炒毛豆,163.73,9.52,10.42,8.39,193.0
本帮红烧肉炖肉,344.14,13.61,29.82,5.34,111.0
煎芝麻鸡蛋沙拉,118.72,5.87,6.07,11.13,187.0
北京辣白菜,62.28,1.23,4.66,4.75,114.0
北极虾烧白菜,81.94,12.45,2.55,2.58,155.0
北菇烧豆腐,101.23,4.83,5.23,9.72,162.0
北菇扒双蔬,66.26,2.04,2.45,9.75,163.0
北非蛋,101.5,7.3,5.96,5.22,200.0
爆糟排骨,247.02,14.52,16.17,10.74,151.0
爆鱼面,193.91,9.96,4.68,28.23,197.0
爆羊三样,123.4,10.8,6.24,6.22,188.0
爆双鲜,105.41,13.36,2.17,8.15,222.0
爆墨鱼花,116.3,9.35,3.98,10.92,184.0
爆炒猪肝,114.88,12.54,4.95,5.61,168.0
煲肝片,135.16,11.83,4.39,12.49,182.0
爆炒鱿鱼卷鱿鱼,112.64,10.37,2.66,12.01,182.0
爆炒鱿鱼卷,85.96,6.9,3.41,7.59,178.0
爆炒腰花,122.37,9.78,6.16,7.09,185.5
爆炒洋葱牛肉,96.57,7.33,2.74,10.91,175.0
爆炒洋葱里脊,209.85,7.26,13.76,14.45,132.0
爆炒蟹,190.77,17.49,11.13,5.5,130.0
爆炒小龙虾,126.05,16.7,3.59,6.73,119.0
爆炒小河虾,104.91,15.24,4.06,1.82,163.0
黄瓜胡萝卜炒香肠,156.97,6.5,11.83,6.72,165.0
爆炒虾尾,90.45,12.01,2.88,4.25,157.0
爆炒虾仁,130.04,10.64,4.2,12.44,243.0
爆炒西兰花火腿,65.22,5.37,3.2,4.99,138.0
爆炒千叶豆腐,156.59,8.29,5.71,22.2,205.0
爆炒麻辣兔,129.6,16.73,4.45,5.78,125.0
爆炒卷心菜,40.48,1.51,1.61,5.48,210.0
爆炒鸡胗,120.0,12.73,3.54,9.74,170.0
爆炒花甲,63.7,6.17,2.77,3.77,146.0
爆炒肚丝,111.64,11.46,5.62,4.05,146.0
炝炒蛏子,63.72,6.79,2.93,2.4,113.0
鱿鱼卷螺蛳粉螺,218.09,4.57,4.01,42.6,199.0
鲍汁猴头菇,41.06,1.84,1.64,6.54,207.0
鲍汁豆腐,97.6,7.42,4.82,6.1,125.0
炒草菇肉片,165.71,7.24,13.02,5.41,140.0
鲍鱼烧五花肉,177.93,13.15,12.57,2.96,145.0
鲍鱼火腿炖排骨,211.67,14.91,16.14,1.68,180.0
蛋馄饨,249.67,14.74,15.48,14.78,153.0
彩色面条,112.5,5.45,0.83,21.65,200.0
煲仔饭烧饭,257.08,10.31,9.24,33.76,219.0
苞米碴粥,264.0,10.4,0.92,57.72,250.0
包菜猪肉馅饼,234.08,7.52,8.22,33.15,223.0
包菜虾仁饭,200.95,9.01,4.52,31.54,210.0
包菜炒西红柿,42.86,1.81,1.62,6.05,217.0
拌饭辣炒章鱼,140.37,3.38,1.3,29.26,327.0
拌芹菜花生米,227.16,8.4,18.11,8.94,162.0
拌茄子土豆泥,82.49,2.15,1.9,14.75,177.0
拌牛蹄筋,75.22,5.65,5.36,1.02,113.0
拌面蘑菇酱,167.5,7.79,8.15,19.81,160.0
拌冷面,147.25,7.8,3.69,21.91,182.0
拌黄瓜,28.49,1.0,1.37,3.27,172.0
拌海蜇皮,68.78,7.49,1.87,5.84,189.0
拌粉丝凉菜,126.67,0.98,1.86,27.21,180.0
拌豆腐干丝,211.74,14.12,13.43,9.26,213.0
板栗鸭,155.06,9.96,2.75,22.92,178.0
板栗煨鸡,146.04,13.89,2.97,16.08,202.0
板栗烧鸭肉,170.45,7.36,2.81,30.03,176.0
板栗烧五花肉,287.88,10.59,20.28,16.11,165.0
板栗烧山药,136.05,3.08,2.72,25.44,172.0
板栗烧排骨,257.67,11.8,17.59,13.35,163.0
板栗烧牛蛙,146.15,9.85,2.17,22.1,195.0
板栗煲牛肉,164.55,11.85,4.19,20.24,110.0
板栗烧鸡腿,179.38,13.94,6.59,16.29,160.0
板栗烧鸡块,170.97,14.52,6.77,13.35,155.0
板栗烧鸡翅,205.0,12.31,8.31,20.54,180.0
板栗烧菜心,155.93,2.9,4.81,26.21,118.0
板栗烧白菜,103.51,2.53,2.18,19.26,171.0
板栗卤排骨,247.98,11.37,16.62,13.44,173.0
板栗鸡肉炒饭,136.84,7.05,3.71,19.19,190.0
板栗鸡块煲,208.98,12.93,8.9,19.63,167.0
板栗红烧肉,267.56,8.93,16.38,20.93,149.5
板栗炖猪蹄,237.33,13.94,12.28,17.98,150.0
板栗炖羊肉,147.5,10.79,5.17,14.99,200.0
板栗炒鸡腿,161.48,9.54,5.23,19.7,135.0
板栗炒鸡肉,351.54,13.71,29.65,7.58,130.0
板栗炒鸡块,189.38,11.06,4.85,25.68,226.0
板栗炒鸡翅,204.71,13.07,8.82,18.61,170.0
百叶结烧肉,381.89,30.64,25.09,10.2,127.0
百合蒸南瓜,294.15,1.47,0.15,72.2,171.0
百合莲子薏仁粥,192.4,5.6,0.96,40.88,250.0
百合莲子汤,112.73,2.04,0.25,27.54,220.0
百合红枣蒸南瓜,92.67,1.53,0.18,22.27,150.0
百合炒木耳,117.92,2.25,2.97,21.27,106.0
白灼蟹,101.87,16.5,2.43,2.39,107.0
白灼对虾,115.38,16.45,3.41,4.62,117.0
白灼秋葵,60.14,1.84,2.43,10.12,138.0
白灼鲈鱼,84.46,12.32,3.46,1.27,193.0
白灼芦笋,44.55,2.62,2.83,3.46,110.0
白灼芥蓝菜,34.13,2.53,1.91,3.24,208.0
白灼花螺,107.69,11.67,2.41,9.92,169.0
白灼花蛤,67.57,7.16,3.24,2.33,111.0
白灼螺肉,139.34,18.77,2.93,9.54,122.0
白灼肥牛,96.43,7.74,5.95,3.18,168.0
白灼菜心,40.91,1.44,3.1,2.92,110.0
白煮肉,296.12,12.56,26.8,1.31,129.0
白汁鮰鱼,126.99,10.37,4.66,11.1,163.0
白斩文昌鸡,181.6,17.01,10.28,5.4,125.0
白云豆肘子汤,147.68,12.68,9.4,3.23,302.0
白玉菇蛋炒饭,140.98,8.99,4.47,17.3,205.0
白玉菇炒瘦肉,307.18,23.75,18.35,15.17,195.0
白玉菇炒腊肠,219.58,23.3,7.6,19.28,189.0
白鲞扣鸡,153.8,19.78,6.97,2.77,158.0
白汤跳跳鱼,69.9,8.11,3.99,0.37,206.0
白汤鲫鱼,54.39,6.69,2.07,2.51,285.0
白切猪脚,235.59,19.33,16.03,3.49,177.0
白切羊肉,145.93,13.81,7.16,6.77,135.0
白切鸭,287.58,13.37,23.39,6.77,161.0
白切肉,308.18,14.45,27.37,1.04,110.0
白切鸡,182.76,17.71,10.95,3.37,116.0
白葡萄酒炖牛腩,107.33,8.48,4.11,4.18,300.0
白木耳炒毛豆,96.34,5.02,3.54,12.78,164.0
白萝卜素丸子,180.38,6.09,2.93,33.32,158.0
白萝卜煲排骨,110.92,6.33,8.98,1.52,284.0
萝卜小排汤,63.82,4.85,4.29,1.74,304.0
白萝卜炖猪脚,158.88,12.03,11.16,3.02,197.0
白萝卜炖排骨,149.76,9.27,11.46,2.78,205.0
白萝卜炒肉,130.24,5.35,9.03,8.91,205.0
白萝卜煲牛肉,65.77,5.99,2.14,6.28,222.0
白辣椒煎蛋,138.62,11.02,9.24,3.21,145.0
白辣椒炒腊鸭,90.34,10.74,3.21,5.03,145.0
白果炖老鸭,191.03,14.1,3.3,26.01,156.0
白瓜炒肉片,154.93,6.19,12.73,4.38,142.0
白瓜炒鸡蛋,86.83,6.83,5.66,2.44,205.0
白炒鱿鱼丝,81.53,12.32,2.99,1.58,157.0
白炒墨鱼卷,84.24,9.83,2.22,6.67,184.0
白菜蒸肉沫,152.07,5.56,12.89,4.09,169.0
白菜蒸金针菇,100.99,5.95,4.3,10.63,202.0
白菜蒸火腿,73.2,4.84,3.03,7.01,153.0
白菜蛰头,47.06,1.97,2.05,5.66,170.0
白菜鲜虾烩粉条,117.44,10.05,2.06,15.13,195.0
白菜土豆丝炒面,168.78,5.69,2.83,30.94,205.0
白菜烧香肠,147.41,6.54,11.41,5.01,135.0
白菜烧豆腐,53.55,3.03,3.84,2.65,155.0
白菜肉沫炒粉丝,164.36,4.96,9.79,14.63,188.0
白菜木耳,112.94,5.29,2.59,22.12,170.0
白菜粉条肉,172.0,3.93,7.7,22.43,200.0
白菜粉丝烧素鸡,132.51,5.24,4.75,17.94,203.0
白菜炖虾,89.09,11.81,2.16,5.85,165.0
白菜炖土豆,154.38,1.58,2.07,32.94,160.0
白菜烧土豆,169.5,6.89,12.94,6.89,141.0
白菜炖鲫鱼,75.24,9.04,2.81,3.67,210.0
白菜炖粉条,155.25,5.38,10.15,11.06,181.0
白菜炖豆腐,65.17,4.07,4.22,3.55,201.0
白菜豆腐砂锅,104.83,6.23,7.06,4.9,207.0
白菜豆腐汤,46.67,2.76,2.86,3.08,315.0
白菜大包子,295.81,12.38,8.29,44.2,167.0
白菜炒猪血,48.39,4.97,2.15,2.48,155.0
白菜炒猪肉,130.91,5.84,11.14,2.48,165.0
白菜炒鱼丸,81.5,5.36,2.19,10.57,200.0
白菜炒鱿鱼,111.0,10.6,2.51,13.92,209.0
白菜炒鸭片,170.11,5.58,13.9,6.38,184.0
白菜炒虾仁,139.88,12.8,2.2,17.76,173.0
白菜炒西红柿,35.48,1.32,2.13,3.26,155.0
白菜炒土豆片,71.43,1.9,3.1,9.62,105.0
白菜炒肉丝,140.65,6.39,11.85,2.74,155.0
家常白菜炒肉丝,117.16,5.2,9.13,4.31,169.0
白菜炒年糕,179.49,8.99,10.65,12.23,195.0
白菜炒木耳,95.0,3.66,2.67,17.91,140.0
白菜烧木耳,136.03,7.47,2.85,23.93,136.0
白菜炒鸡蛋,87.8,7.07,5.8,2.34,205.0
白菜炒火腿肠,83.23,4.5,4.81,6.09,155.0
白菜炒火腿,59.01,6.08,3.11,2.19,161.0
白菜炒胡萝卜,48.18,1.35,2.96,5.24,110.0
白菜炒海带,36.25,1.41,2.04,3.49,160.0
白菜炒粉条,107.41,1.06,2.39,21.41,135.0
白菜炒粉丝,135.62,1.4,2.07,28.28,160.0
白菜炒饭,96.77,2.13,2.23,17.48,155.0
白菜炒豆腐,66.49,4.09,4.6,3.02,185.0
白菜炒大虾,82.39,12.43,2.21,3.22,159.0
白菜拌虾干,224.1,9.64,17.17,8.79,166.0
银耳猪骨汤,148.47,10.37,4.47,18.12,392.0
拔丝芋头,127.12,1.89,4.38,20.49,118.0
拔丝红薯,133.33,0.62,2.55,27.96,126.0
扒猪脸,474.31,11.66,40.92,15.07,109.0
扒羊蹄,117.88,13.08,4.68,6.25,179.0
扒羊肉条,176.92,16.74,10.77,3.21,117.0
扒胸口,135.15,13.96,5.61,7.4,165.0
扒烧全鸡,207.58,22.77,11.73,2.76,198.0
扒牛肉条,158.47,18.36,7.2,5.18,118.0
扒龙须菜,69.49,5.31,4.53,2.94,177.0
扒鸡,177.87,17.59,7.96,9.2,122.0
巴浪鱼炒丝瓜,96.77,11.13,5.35,1.29,155.0
八宝芋泥,231.29,6.69,12.57,23.95,163.0
八宝蜜枣粽,310.53,9.57,0.74,67.54,190.0
八宝卤鸡,93.07,6.99,2.09,11.88,361.0
八宝辣酱拌面,213.64,7.45,3.26,39.6,110.0
奥尔良烤鸡全翅,211.59,15.36,13.41,7.57,138.0
鹌鹑肉圆,231.25,12.77,18.22,3.99,160.0
鹌鹑蛋蒸香菇,86.79,5.75,5.18,5.24,212.0
鹌鹑蛋烧五花肉,229.27,12.57,17.78,4.59,164.0
鹌鹑蛋烧排骨,231.36,13.75,17.92,3.75,220.0
鹌鹑蛋烧牛腩,172.26,14.71,11.9,1.52,155.0
鹌鹑蛋烧鸡翅,197.35,16.23,12.57,4.75,151.0
鹌鹑蛋烧豆腐,166.52,9.71,12.4,4.58,221.0
鹌鹑蛋煎虫草花,218.06,15.9,9.1,21.0,155.0
鹌鹑蛋红烧肉,230.67,12.66,17.88,4.65,163.0
鹌鹑蛋炖猪蹄,250.62,15.34,15.12,13.53,201.5
鹌鹑蛋炖兔肉,127.6,11.0,6.97,5.6,221.0
栗子小米粥,186.45,4.77,1.57,39.07,155.0
湘味麻婆豆腐,106.25,10.81,6.06,2.63,160.0
牛柳秘制,81.0,6.86,2.35,9.14,200.0
三文鱼山药饼,101.46,7.64,5.2,6.4,205.0
番茄面条,216.77,6.03,2.39,43.39,155.0
鱼头肉丸米粉,191.42,12.98,4.28,25.36,233.0
香辣重庆小面,245.95,8.04,4.66,43.89,185.0
玫瑰煎饺,174.15,12.38,6.11,17.77,205.0
酱蒸基围虾,122.81,16.71,3.93,5.04,114.0
口蘑酱炒芦笋,167.61,19.68,4.44,16.89,213.0
酱粉丝蒸丝瓜,135.76,1.55,2.04,28.44,165.0
土豆鸡蛋炒饭,111.95,4.97,3.8,14.83,226.0
洋葱烤鸡翅,148.48,11.99,8.86,5.64,165.0
鸡肉饭,250.0,10.31,4.09,43.36,180.0
蜜汁烤鸡翅,215.25,16.36,10.01,14.94,177.0
家常炖牛肉,100.47,10.9,4.07,5.56,213.0
醋卤鸡,190.96,11.98,12.42,9.63,177.0
自制凉皮,362.77,14.93,9.42,56.24,137.0
原味鸡肉松鸡汁,207.75,21.92,9.94,8.42,129.0
鱼籽三角饭团,136.49,6.95,0.68,27.17,148.0
牛肉拌饭玉米片,221.4,6.94,4.55,39.29,215.0
银耳炒鸭蛋燕窝,196.57,10.22,9.6,22.23,175.0
养生粥五豆粥,249.41,16.56,4.34,38.94,170.0
枸杞黑米饭,313.53,7.92,4.29,62.41,133.0
麻辣虾,175.57,16.37,6.29,13.91,131.0
瑶柱丝瓜汤,41.43,2.96,1.62,3.93,210.0
鲜美葫芦瓜,71.52,7.12,2.22,5.95,165.0
苦瓜玉米南瓜汤,39.58,0.68,0.16,9.14,192.0
手撕鸡（家常版）,201.47,17.15,12.62,5.82,136.0
蓑衣黄瓜凉拌,35.65,0.96,1.59,4.58,216.0
蒜鸡,168.57,15.38,6.96,11.19,140.0
蒜香金针菇,71.77,2.49,2.77,10.26,124.0
酸辣酸辣,75.18,1.38,4.52,7.65,141.0
寿喜烧,120.0,8.34,3.53,22.46,215.0
鲜香上汤娃娃菜,78.95,6.07,5.11,3.09,190.0
砂锅黄焖鸡,162.16,18.75,8.78,2.18,111.0
家常酸辣土豆丝,98.1,1.75,3.13,16.58,105.0
泡菜鸡蛋饼,191.67,9.76,5.96,25.57,180.0
凉瓜炒豆腐,85.95,5.83,5.24,4.0,185.0
辣椒芝麻团,413.64,10.61,13.69,63.95,176.0
癞瓜炒蛋,99.31,6.11,5.72,6.13,144.0
早餐饼,322.44,15.37,10.51,42.49,205.0
黑胡椒炸带鱼,148.7,15.77,6.7,6.54,115.0
西葫芦炒鸡,94.71,10.16,5.01,2.2,208.0
水地瓜,97.5,3.38,2.41,19.02,160.0
蒜黄炒鸡肉,79.38,9.15,2.73,5.19,160.0
西红柿洋葱炒西芹,89.23,4.84,4.35,8.34,195.0
胡萝卜焖土豆,84.21,1.79,3.35,12.78,95.0
红枣乌鸡汤,83.26,10.01,1.06,8.88,233.0
海带丝拌豆皮,336.32,30.58,20.16,10.98,190.0
锅塌豆腐鸡汁,132.73,9.52,7.71,6.94,220.0
早餐肠粉,248.29,6.32,4.17,47.24,205.0
风味烤玉米,164.71,4.19,4.35,29.3,119.0
肥牛乌冬汤面,137.55,6.54,1.73,24.22,277.0
五香卤鸡腿鸡蛋,156.48,15.73,8.71,3.77,216.0
咖喱浓汤,71.6,2.8,3.11,8.41,250.0
豆沙圆子,302.99,5.39,3.39,62.99,67.0
豆沙盘香饼,306.11,10.87,3.49,59.06,180.0
南瓜银耳甜汤,85.0,2.69,0.39,21.22,220.0
蛋花酒酿圆子,170.0,5.27,1.69,33.59,320.0
山药莲藕鸡汤,204.1,8.19,15.37,9.05,195.0
煲仔烧鸭饭,291.79,11.54,10.0,39.25,207.0
广式肠粉,175.85,7.68,4.02,29.13,207.0
蛋黄焗南瓜,134.09,6.16,7.18,11.42,220.0
沙朗牛排,117.84,15.41,5.36,2.01,185.0
香辣茄子,125.0,3.02,8.06,11.68,132.0
秘制香辣蟹,201.94,15.26,11.81,9.31,155.0
牛排盖饭,109.09,9.27,2.31,13.03,165.0
肉冻鸡蛋松盖饭,158.96,9.76,8.45,10.96,251.0
脆皮烤肉,146.94,4.07,9.49,12.13,196.0
酱油烤鸡,208.0,15.52,9.71,15.33,150.0
炝拌黄瓜,63.96,0.77,5.59,2.75,111.0
腊肠火腿炒饭,168.5,6.51,7.03,20.19,200.0
糖醋鸡肉杏鲍菇,126.14,16.63,3.24,7.73,153.0
素鸡炒年糕,100.0,4.45,4.36,11.38,165.0
橄榄菜鸡蛋蒸面,217.03,9.3,3.19,38.49,182.0
香肠卷馒头,394.74,18.32,11.1,56.86,133.0
葱香烤带鱼,91.88,9.79,3.79,5.11,197.0
香煎小土豆,111.01,2.9,3.22,18.62,109.0
糖醋鹌鹑蛋,168.58,11.56,11.17,5.41,226.0
焖烧小米红枣粥,189.23,3.31,0.91,43.41,130.0
鲜香鸡腿饭,275.66,11.84,2.96,50.79,152.0
蒸鳊鱼,156.76,16.74,9.29,1.54,111.0
小金瓜蒸蛋,63.0,4.45,3.1,4.47,200.0
鱼蛋饼,175.64,11.33,3.71,25.21,234.0
鲜虾粥,109.89,8.08,0.79,17.96,182.0
什蔬炒米粉,208.59,5.38,2.18,42.61,198.0
金瓜蒸鸡肉,102.31,9.87,4.78,5.19,216.0
奶茶虾,143.65,16.54,4.25,10.31,126.0
家常红烧鱼,114.19,11.66,5.6,4.56,148.0
秘制烤鸡翅,144.21,10.65,9.33,4.68,95.0
红焖姜康鸡,155.2,17.54,7.33,4.94,125.0
腐竹焖五花肉,282.53,18.66,17.51,13.2,166.0
番茄焖饭,254.71,7.05,2.51,51.99,170.0
蒜香武昌鱼,172.97,13.43,6.37,15.51,148.0
川香麻婆豆腐,209.55,9.05,16.97,6.34,178.0
家常辣炒藕丁,55.0,1.83,1.92,9.25,220.0
砂锅鱼头,110.53,11.42,4.01,7.51,171.0
草帽饼,370.48,14.95,5.24,67.52,105.0
香菜根呛双耳,258.18,10.11,1.33,65.05,110.0
川味【麻婆豆腐】江湖,167.05,13.93,9.94,6.43,176.0
福寿粥--腊八粥,278.14,9.18,6.38,47.7,398.0
拌面,186.84,5.3,1.98,37.94,190.0
秘制奥尔良烤鸡翅,221.67,15.9,9.9,17.18,120.0
什蔬凉面,254.5,8.13,7.29,39.64,189.0
虾仁烧冬瓜,127.43,9.81,3.08,15.36,113.0
五彩火腿炒粒粒,60.54,3.99,2.46,6.67,185.0
剑花排骨汤,160.99,8.48,12.78,3.26,223.0
生拌苦菊,69.91,2.75,3.19,8.37,113.0
蒜香蒸鲍鱼,304.13,45.64,7.13,14.25,121.0
雨花石汤圆,237.1,7.28,9.43,31.63,310.0
鸭肉冬瓜汤,95.59,5.6,7.77,1.18,295.0
腐乳汁排骨,302.5,14.61,24.52,5.74,120.0
紫菜鲜虾玉子烧,108.51,14.99,4.43,2.16,141.0
辣炒毛豆鸡丁,125.29,11.77,3.93,11.66,170.0
广式萝卜糕,209.73,4.53,3.93,39.63,185.0
蜜汁香烤乳鸽,360.68,9.81,31.72,8.87,117.0
清爽豆腐丝,202.61,18.85,11.77,5.93,115.0
黑椒薯片,101.25,2.68,2.12,18.61,160.0
花涧香展,220.0,13.37,4.58,31.64,115.0
芋头扣肉,188.71,6.36,12.69,12.7,124.0
板栗香菇烧茭白,66.67,1.96,2.73,9.74,120.0
全麦煎饺,325.13,13.75,10.69,48.03,195.0
新奥尔良烤鲳鱼,175.65,16.1,9.0,7.48,115.0
桂花糖醋排骨,276.56,13.79,22.13,5.49,128.0
韩式蜂蜜烤巴沙鱼,159.92,9.1,5.7,19.16,257.0
叉烧肉,326.15,13.01,26.0,10.26,130.0
茭白蛋饼,227.19,10.82,4.68,36.53,217.0
栗子烧鸡,150.32,11.97,5.6,13.61,155.0
香酥鸡块,161.29,16.39,6.77,8.88,155.0
葱烧大排,183.21,10.65,12.12,8.21,280.0
蒜蓉烤生蚝,77.18,8.36,2.54,5.46,149.0
老鸭汤,79.77,5.16,0.76,13.25,262.0
辣椒酱,451.43,18.0,33.86,20.96,140.0
蒜香蒸茄子,77.6,1.34,2.9,12.33,125.0
蜜汁烤翅,171.11,11.43,8.29,12.91,180.0
香烤五花肉,324.17,14.02,28.11,4.79,120.0
牛奶银耳红枣汤,106.22,3.24,1.16,24.28,225.0
韩式煎鸡块拌饭,123.74,10.21,4.44,11.2,278.0
手抓羊排,160.34,16.42,8.58,4.91,116.0
番茄海鲜意面,194.22,11.39,2.22,33.53,173.0
香糟肉,339.06,12.17,28.23,8.97,64.0
印度风味酸奶烤鸡胸,124.86,14.38,3.59,8.86,185.0
蜜烤鸡翅,170.3,11.87,8.96,10.64,165.0
西葫芦鸡蛋饼,220.0,11.21,5.54,32.26,185.0
什锦蛋炒饭,122.44,6.47,5.17,12.87,205.0
陕西面,258.7,10.06,4.96,47.91,184.0
孜然烤薯角,103.7,2.98,1.69,19.9,162.0
家常白切鸡,183.74,17.03,10.34,5.73,123.0
什蔬小炒,53.51,1.94,1.89,8.29,185.0
原味烤口蘑,288.12,36.58,5.04,32.03,160.0
冬笋鸭汤,87.7,6.06,6.28,1.87,252.0
花胶猪骨汤,168.64,11.29,12.96,1.75,220.0
家常韭菜炒海肠,42.65,4.18,1.74,3.44,211.0
蟹粉豆腐,145.85,10.74,4.32,16.46,205.0
莲子红枣炖鸡蛋,203.07,10.78,5.61,28.12,163.0
番茄烩牛腩,80.69,8.01,3.05,5.7,145.0
黑椒牛小排,125.23,10.04,7.0,5.88,107.0
群英荟萃,54.76,1.51,1.67,8.93,210.0
糯香南瓜饼,248.13,5.84,0.66,54.96,160.0
香煎萝卜丝饼,281.33,10.65,5.69,48.33,75.0
特色宫保虾球,112.15,11.19,2.24,12.16,181.0
螃蟹粥,129.23,10.97,1.57,17.81,195.0
扇贝鲜菌汤,105.76,9.35,1.92,17.95,295.0
茭白海米粥,169.78,6.23,5.33,24.69,182.0
咖喱鸡腿焖饭,196.0,9.01,4.82,29.94,175.0
金针菇烤鱼,90.85,11.03,4.51,2.01,164.0
什锦疙瘩汤,116.43,5.85,3.63,15.32,280.0
虾仁蒸酿豆角,133.17,12.66,7.79,3.53,205.0
山楂五花肉,246.23,7.8,17.3,15.58,106.0
肉末海带丝,82.5,7.85,2.48,8.17,160.0
小虾油菜粥配牛奶鸡蛋饼,227.31,11.57,4.03,36.64,260.0
红蘑蔬菜鸡蛋饼,171.71,9.15,4.56,25.23,205.0
酱油鸡腿,160.0,18.62,9.28,0.46,110.0
鸡蛋蒸丸子,156.28,9.52,11.07,5.2,215.0
南瓜枸杞甜汤,36.28,0.65,0.08,8.58,215.0
纸包酱烤排骨,339.26,14.34,27.97,8.08,135.0
法式鸡蛋三明治,216.0,8.95,8.39,26.83,175.0
什锦火腿炒饭,126.83,6.49,3.57,18.16,205.0
鲜肉柳叶包,303.79,14.65,11.21,37.05,211.0
韩式烤里脊,180.0,6.82,11.71,12.93,160.0
鲫鱼猪骨淮山枸杞汤,164.2,10.25,5.11,19.66,352.0
双椒拌豇豆,46.67,2.07,1.85,7.48,195.0
秘制本帮熏鱼,141.04,16.87,6.19,7.02,134.0
鸭肉粉丝煲,255.56,10.39,12.72,24.92,180.0
泡椒藕丁,21.78,0.61,0.13,5.26,303.0
鲜香油焖大虾,105.31,15.08,3.19,3.96,113.0
手撕圆白菜,59.21,1.51,2.28,9.05,152.0
红焖羊排,80.0,6.41,3.83,5.94,170.0
冬菇酿肉,130.27,6.72,9.74,4.72,185.0
干锅香辣蟹,76.19,8.47,3.0,4.21,210.0
葱香焗带鱼,95.29,10.91,4.31,3.48,170.0
西芹腰果炒香干,153.41,7.53,10.78,8.23,176.0
清炖黑豆牛腩,227.97,23.43,9.3,14.53,118.0
三文鱼菜花饭,87.03,5.09,3.5,9.38,185.0
酥炸藕丸,108.7,1.28,5.42,15.08,115.0
醋溜木须,99.55,7.06,5.43,6.32,222.0
蒜蓉烤扇贝,88.97,8.94,2.54,7.86,145.0
蒜蓉炒三宝,47.24,2.07,1.74,6.68,199.0
羊肉白菜水煎包,216.59,11.58,3.55,35.76,205.0
蒜蓉丝瓜炒木耳,151.39,6.47,2.21,33.65,216.0
特色担担面,172.38,5.59,6.33,23.67,286.0
莲藕蹄花汤,96.36,7.88,6.27,2.25,302.0
荷塘三宝,100.0,2.99,2.09,18.11,160.0
香肠菜饭,410.91,13.55,17.16,50.86,165.0
奶香咖喱,91.98,6.5,4.68,6.45,237.0
龙抄手,191.76,9.29,6.14,25.32,170.0
香脆小鸡柳,139.6,19.5,3.66,7.2,149.0
咸蛋虾仁炒饭,140.0,10.13,5.81,11.93,205.0
肉末香菇豆腐泡,194.29,10.31,14.76,5.81,175.0
香脆烤鸡翅,251.11,15.63,10.92,23.19,135.0
丝瓜木耳炒毛豆,120.39,6.8,3.15,20.57,206.0
丸子粉丝汤,113.8,3.49,5.67,12.54,326.0
花涧香展（简版）,213.47,11.79,3.14,35.15,193.0
黄金馒头片,196.63,9.67,6.11,26.13,208.0
虾仁鱼饼蔬菜汤面,213.66,9.83,1.95,39.78,205.0
奥尔良蜜柠烤翅,199.5,14.34,10.29,12.31,200.0
苦瓜枸杞排骨汤,63.42,3.41,4.06,3.58,257.0
火山积雪,33.33,0.87,0.19,7.86,105.0
素炒莲花白,123.03,5.16,10.05,3.34,152.0
凉拌辣椒,56.19,1.62,2.29,8.73,105.0
灯影土豆丝,80.0,2.12,2.28,13.49,145.0
酱拌八爪鱼,63.87,7.19,2.25,3.81,155.0
蒜蓉粉丝蒸虾,187.22,10.98,2.19,30.99,180.0
蒸土豆泥,173.81,2.97,8.88,21.0,210.0
椰汁南瓜汤,72.58,1.15,3.65,9.27,248.0
鲜香海米包菜,61.48,4.81,2.46,5.48,135.0
香菇炖牛腩,150.26,14.47,6.31,11.7,195.0
菠萝咕噜虾,128.29,14.95,4.24,7.57,152.0
香浓鲫鱼汤,65.85,8.34,2.78,1.85,205.0
麻辣水煮肉片,108.57,6.53,8.73,1.9,175.0
酪鸡蛋饼,221.74,12.04,6.28,29.94,253.0
家常葱油拌面,263.07,9.53,6.06,43.83,176.0
飘香红烧肉,333.91,13.49,28.8,5.34,115.0
益母草鸡蛋汤,127.87,7.19,3.87,25.88,305.0
酥皮糖火烧,408.0,14.29,10.49,65.77,150.0
红枣燕麦双米糊,336.88,8.76,2.32,72.01,160.0
虾仁洋葱圈,122.12,10.58,1.83,16.37,208.0
秋葵摊鸡蛋,92.72,7.23,5.73,4.17,206.0
白灼明虾,104.55,12.44,4.37,3.92,110.0
麻辣素干锅,94.66,4.67,5.07,8.35,206.0
酸辣脆爽萝卜,15.45,0.68,0.13,3.88,110.0
香菇腊肉烧麦,253.51,7.86,12.96,26.92,185.0
角瓜炒肉片,122.76,4.72,10.51,2.62,145.0
椰汁香芋南瓜煲,156.19,2.39,7.26,21.55,210.0
荷叶饼,377.36,16.16,5.24,68.18,106.0
鲜虾蔬菜粥,156.92,6.76,0.54,31.59,253.0
黄金玉米烙,148.81,3.64,2.86,28.39,168.0
西红柿蛋花汤,65.0,4.68,3.73,3.51,320.0
金瓜鲜虾豆腐盅,97.92,7.48,3.71,9.37,240.0
鸭肉菜脯白玉汤,31.17,3.19,0.33,4.21,247.0
莜麦粒葱油海鲜饭,196.63,8.07,1.76,39.18,208.0
蜜汁烤豆腐,101.8,6.03,7.5,3.46,111.0
无花果山药排骨汤,93.51,6.16,5.45,5.22,262.0
蒜蓉粉丝蒸娃娃菜,175.56,1.63,1.53,39.72,225.0
四神汤,93.25,2.85,0.54,22.6,252.0
长寿萝卜糕,108.33,5.62,7.48,5.64,168.0
鹌鹑蛋桂圆银耳羹,112.38,6.38,5.31,9.68,210.0
上海菜饭,227.11,6.07,6.63,36.2,225.0
清汤牛腩,46.94,4.29,2.65,1.84,245.0
盐焗鸡翅,217.39,18.08,12.68,7.71,161.0
酥脆薯块,153.91,2.11,5.59,24.98,128.0
香辣牛肉酱,242.48,15.01,15.46,12.16,113.0
意大利面斜管面,153.67,7.9,4.6,20.55,218.0
橄榄菜小米粥,261.7,4.48,18.57,19.94,235.0
栗子鸡块,181.98,11.48,4.74,23.92,222.0
五彩培根卷,134.76,3.5,10.87,6.4,210.0
炸鸡排,156.52,21.41,4.3,8.0,115.0
红焖刀鱼,135.59,15.78,6.21,4.27,118.0
板栗烧乳鸽,294.12,7.19,17.11,28.73,221.0
蒜蓉粉丝大虾,220.69,9.96,3.46,37.62,203.0
啤酒酱鸭,155.91,7.38,10.32,4.93,220.0
栗子烧排骨,271.76,11.35,16.86,18.95,170.0
凉拌青笋,83.48,2.47,6.14,5.17,115.0
养胃粥,234.87,4.65,0.72,54.42,195.0
香煎腊味萝卜糕,252.35,6.67,19.02,14.03,170.0
法式焖酥土豆,178.54,6.07,12.22,11.36,233.0
糖醋樱桃萝卜,21.8,0.91,0.09,5.4,211.0
椒盐焗小龙虾,115.89,17.84,3.87,2.37,107.0
粗粮饭,256.5,5.3,1.02,58.13,200.0
马兰三文鱼,129.27,10.36,7.36,6.02,205.0
蒜仔西兰花,62.6,3.5,2.96,7.05,123.0
黄金南瓜饼,138.71,3.38,0.39,30.83,155.0
美容养颜粥,211.5,7.4,1.2,44.2,200.0
香酥炸鸡,177.88,17.42,8.03,8.99,208.0
蜜汁叉烧包,232.62,10.52,4.5,38.16,282.0
糖醋藕片,78.57,1.19,3.76,11.29,224.0
葱香鸡蛋饼,283.23,14.13,6.39,43.4,167.0
浇汁嫩豆腐,100.57,6.02,6.56,5.24,176.0
青椒南瓜丝,33.98,0.88,1.62,4.58,206.0
杂菜焖饭,233.98,5.45,2.16,49.14,206.0
莲子炒豆角,73.33,3.13,1.77,12.0,210.0
南乳蜜汁叉烧肉,326.02,12.72,27.53,6.93,123.0
猴头鸽子玉米汤,60.07,3.94,2.74,5.65,283.0
黑胡椒土豆饼,103.73,2.72,2.12,18.98,161.0
家常胡萝卜炒肉,186.76,7.89,15.82,3.98,204.0
彩椒西兰花,52.24,2.34,1.89,7.85,201.0
红烧排骨腊味双拼煲仔饭,179.51,6.61,10.87,13.96,205.0
酸甜素排,208.9,18.52,9.12,14.98,191.0
苋菜灶烧饭,294.87,14.68,9.25,40.24,195.0
酥脆家常烙饼,367.83,14.33,5.64,67.26,115.0
盐焗南瓜,43.33,0.9,1.58,6.88,210.0
皮蛋瘦肉香米粥,238.43,8.81,8.77,31.33,255.0
韩式辣炒墨斗鱼年糕,135.76,5.36,4.72,18.62,165.0
绝味黄焖鸡,147.37,21.82,4.31,5.29,114.0
腊味土豆蒸饭,235.71,5.42,8.82,34.28,210.0
松茸田园煲,260.0,13.73,9.54,34.81,110.0
蒜香蚂蚁上树,334.3,1.31,3.63,74.62,172.0
黄豆排骨汤,198.58,15.78,10.21,13.04,282.0
蒸螃蟹,138.6,16.33,7.07,2.33,215.0
彩椒火腿三明治,185.15,9.52,6.38,23.04,303.0
啤酒卤蛋,92.49,6.53,4.05,4.01,213.0
海带排骨羹,63.92,3.33,5.23,1.0,255.0
萝卜泡菜,28.57,0.68,0.35,6.35,168.0
伞花茄子,191.74,1.25,1.72,43.31,218.0
手工捞面筋,234.18,11.29,7.23,31.97,237.0
肠仔包,320.89,14.67,6.78,51.35,158.0
清炒金瓜,39.13,0.69,2.04,5.0,161.0
家常糖醋里脊,174.6,21.4,5.28,10.63,189.0
莴苣胡萝卜炒肉片,140.0,5.52,11.74,3.52,155.0
口蘑酿虾,199.03,27.58,3.74,17.89,207.0
孜然洋葱土豆片,78.18,2.88,2.5,13.52,165.0
咖喱蘑菇,76.33,3.89,3.95,7.38,169.0
毛豆蟹糊,138.14,14.96,5.05,9.25,215.0
西芹炒鸡杂,61.35,3.16,3.29,5.73,207.0
家常麻婆豆腐,101.25,6.61,7.06,3.72,160.0
超下饭！麻婆豆腐,188.82,8.81,13.94,7.55,170.0
虾皮麻婆豆腐,171.11,10.61,13.38,2.78,180.0
大千圆子汤,116.96,4.3,2.81,20.76,342.0
无花果杏仁瘦肉汤,157.79,5.46,9.97,12.42,244.0
蚝油杂菌饭,94.68,2.66,1.89,17.52,188.0
鲍鱼老鸭汤,85.11,7.57,5.15,2.17,262.0
炒秋葵,57.14,2.57,2.06,8.87,161.0
盐烤大虾,116.25,17.44,2.63,5.72,160.0
香辣彩椒肉丝,144.17,5.02,11.4,6.29,163.0
土豆炖牛肉块,84.97,6.54,2.46,10.01,173.0
蛤蜊鲜虾面,269.19,10.5,11.73,30.46,211.0
加铁米糊,95.0,1.75,0.43,21.5,40.0
山药小米糊,210.0,5.45,1.65,43.75,20.0
鱼菜米糊,214.29,6.29,1.51,44.54,35.0
蛋黄西蓝花米糊,149.33,10.37,6.08,13.81,75.0
黄瓜牛肉米糊,200.0,9.31,1.51,38.06,35.0
鲜肉营养米糊,158.18,10.47,1.53,26.07,55.0
西蓝花米糊,180.0,5.0,1.09,38.97,35.0
蛋黄豆腐米糊,171.0,9.93,6.23,19.42,100.0
白菜米糊,236.0,4.76,1.14,52.56,50.0
金枪鱼米糊,270.0,13.6,1.26,51.6,50.0
红薯蛋黄米糊,147.5,6.92,3.95,21.71,120.0
番茄土豆泥,130.91,1.75,9.27,10.91,55.0
奶香红薯泥,130.0,3.23,3.73,22.1,60.0
牛油果土豆泥,142.86,2.95,8.4,14.68,105.0
土豆南瓜泥,46.0,1.46,0.14,10.3,50.0
玉米泥,112.0,4.0,1.2,22.8,50.0
南瓜蛋黄羹,147.5,8.4,7.19,12.56,120.0
豌豆泥,107.0,8.9,0.3,19.2,50.0
西蓝花汁,27.0,3.5,0.6,3.7,50.0
草莓泥,32.0,1.0,0.2,7.1,50.0
火龙果泥,55.0,1.1,0.2,13.3,50.0
三文鱼肉泥,139.0,17.2,7.8,0.0,30.0
番茄鸡肝泥,121.0,6.83,1.88,19.69,100.0
枣肝泥,126.15,9.88,2.35,17.49,65.0
虾泥,73.33,15.07,0.67,2.02,45.0
蛋黄鱼肉泥,243.33,12.65,15.3,13.95,60.0
茄汁鳕鱼泥,143.33,9.88,0.64,25.18,90.0
鸡肝泥,121.0,16.6,4.8,2.8,50.0
菠菜虾肉泥,47.5,7.92,0.41,3.38,80.0
三文鱼胡萝卜山药泥,110.98,9.1,6.34,5.0,82.0
鸡丝粥,161.54,12.2,1.08,26.48,65.0
胡萝卜角瓜豆腐粥,120.0,4.07,1.65,23.12,80.0
四宝米粥,98.82,2.34,0.31,22.44,85.0
香蕉火龙果米粥,158.0,3.28,0.42,35.96,50.0
西蓝花鸡肉粥,131.43,11.5,1.5,19.16,70.0
山药南瓜粥,141.67,3.5,0.4,31.63,60.0
三文鱼豆腐菜心粥,181.54,11.31,4.37,24.63,65.0
猪肝丝瓜粥,158.57,10.86,2.33,23.97,70.0
鲜虾蛋黄粥,73.33,6.1,3.49,4.81,135.0
红薯粥,190.91,3.98,0.53,43.44,55.0
南瓜泥鸡蛋粥,175.0,7.95,14.15,4.35,60.0
蔬菜字母面,162.69,8.55,3.18,25.22,67.0
鸡蛋菠菜碎碎面,170.83,9.38,6.36,19.38,96.0
小白菜虾皮颗粒面,205.26,6.21,4.45,35.82,38.0
番茄蝴蝶面,120.99,3.01,2.12,23.51,81.0
猪肝泥蔬菜面,145.83,8.08,3.62,20.78,72.0
土豆泥,133.8,9.96,7.52,6.7,71.0
麦片苹果泥配土豆块,156.67,4.37,0.2,36.3,60.0
豌豆土豆鸡肉丸配香蕉块,120.93,10.7,3.16,13.21,86.0
鸡蛋鱼泥米粥配火龙果块,146.67,12.06,3.89,16.21,120.0
香蕉饼,226.92,6.85,4.92,39.96,52.0
小米土豆饼,165.79,6.91,4.81,24.22,190.0
蔬菜丸子,71.58,1.81,0.17,16.71,95.0
山药豆腐蔬菜条,101.49,2.9,4.69,12.58,67.0
香蕉磨牙棒,247.5,10.15,11.27,27.25,80.0
牛奶溶豆,206.06,6.95,5.52,32.49,99.0
奶香蛋黄小饼干,338.46,12.44,16.78,34.74,78.0
肉末油菜面条,180.49,8.07,5.65,24.88,82.0
鲜虾香菇小云吞,226.95,13.32,8.91,24.34,167.0
三文鱼菜心豆腐粥,166.67,9.87,4.12,22.87,90.0
鸡蓉口蘑麦片粥,206.36,20.22,1.51,31.53,110.0
菌类疙瘩汤,231.71,14.5,3.96,36.4,82.0
鱼丸鲜虾面,152.94,12.25,3.76,17.84,102.0
虾仁粥,200.0,12.76,0.75,35.91,55.0
排骨小白菜面,165.0,7.11,8.77,14.49,140.0
香菇猪肉小水饺,356.16,12.44,18.44,37.73,73.0
冬瓜时蔬卷,48.39,0.85,3.44,4.31,62.0
什锦炖菜,32.18,0.97,1.19,4.98,202.0
特色罗宋汤,52.78,4.86,0.63,7.41,180.0
番茄鸡蛋,116.19,6.67,8.95,2.71,105.0
豆腐蔬菜羹,45.0,3.22,1.92,5.1,60.0
宝宝牛肉汤,74.48,8.72,1.68,7.39,145.0
虾皮圆白菜,44.94,3.24,1.44,5.21,89.0
土豆胡萝卜鳕鱼丸,90.43,8.15,2.64,9.3,94.0
蔬菜鱼卷,63.75,11.07,1.3,2.8,80.0
虾蔬鸡蛋卷,97.89,9.17,5.37,3.29,142.0
红薯海虾山药卷,91.72,7.03,2.7,10.23,145.0
爱心豆腐,61.7,5.37,3.37,3.31,94.0
豆腐肉丸汤,107.37,11.24,3.59,9.65,95.0
鲜菇肉丸汤,152.94,12.13,9.35,6.64,85.0
菜心猪肉丸子汤,209.89,3.35,12.95,20.33,91.0
蒸香甜鸡蛋羹,157.58,11.24,9.67,6.88,66.0
香煎三文鱼意面,172.22,10.87,2.83,26.5,90.0
南瓜小馒头,251.32,11.2,1.71,49.0,76.0
七星瓢虫花卷,273.56,12.24,1.82,53.77,87.0
小乌龟馒头,238.27,11.25,1.68,46.0,81.0
鸡蛋土豆奶酪饼,157.69,10.18,5.58,17.45,130.0
鳕鱼菜心冬菇烩饭,162.22,11.98,1.86,24.97,90.0
虾仁牛油果面,189.38,7.71,5.04,28.74,160.0
菠萝豌豆炒饭,103.75,6.18,2.85,13.77,160.0
番茄洋葱牛肉饭,164.44,7.06,0.86,32.66,180.0
彩椒蔬菜炒蛋,125.54,7.73,8.17,6.2,115.5
五彩杂蔬,87.5,2.92,3.26,12.54,72.0
蔬菜肉末蛋,73.3,7.24,3.36,4.17,95.5
蔬菜小米浓汤,106.0,3.68,0.9,22.21,100.0
西蓝花虾肉汤,115.71,9.71,4.89,9.16,70.0
秋葵炒鲜虾,94.74,6.95,6.18,4.15,85.5
爆炒番茄菜花,70.18,1.31,6.04,3.61,85.5
鱼肉黄瓜酸奶沙拉,113.91,5.68,5.59,10.27,230.0
土豆鸡蛋奶酪饼,106.98,5.93,5.45,9.01,172.0
鸡肉蔬菜饼,92.0,8.62,2.28,9.71,250.0
鸡蛋香蕉卷,150.8,6.98,3.02,24.44,250.0
酸奶红薯泥,64.8,1.2,0.68,14.42,250.0
宝宝鲜虾肠,124.21,14.03,4.79,6.37,95.0
肉松,150.0,19.6,7.9,0.0,50.0
三文鱼松,139.0,17.2,7.8,0.0,50.0
香姑肉饼,210.0,9.94,18.18,2.08,50.0
奶溶豆,210.1,6.41,6.17,32.57,99.0
奶香蛋黄饼干,342.31,11.9,17.45,34.82,78.0
小白菜汆丸子,129.1,5.75,11.27,1.79,149.5
淹酸豆角,71.37,1.99,4.37,7.25,120.5
家常黄焖鸡块,129.45,13.55,6.76,3.35,154.5
土豆豆角焖面,158.24,5.08,0.36,34.42,170.0
紫甘蓝卷,154.21,8.96,3.46,22.58,190.0
紫菜虾皮鸡蛋汤,62.16,6.75,2.96,2.54,185.0
紫菜蛋花汤,54.91,5.0,2.89,2.61,224.0
子姜鸭块,214.79,12.26,17.77,1.63,128.5
姜香肉丝,269.8,10.93,23.73,3.36,127.5
子姜炒鸭,77.75,8.63,2.48,5.56,195.5
孜香鱿鱼,84.07,11.21,3.19,3.17,147.5
孜然洋葱炒鸡片,110.22,16.1,3.21,4.51,161.5
孜香羊肉,154.44,15.74,7.92,6.66,129.5
孜然煎羊排,189.26,17.26,10.91,8.9,74.5
孜然牙签肉,176.52,16.32,9.04,11.05,123.5
孜然煎豆腐,120.97,6.32,8.96,5.65,124.0
孜香牛肉条,131.69,18.66,4.61,4.82,142.0
孜香牛肉,116.38,14.13,3.84,8.21,204.5
孜香馒头片,245.13,7.15,4.2,46.13,113.0
孜然豆腐,162.56,9.14,12.85,5.4,101.5
豆腐丝煮肉,262.05,16.77,19.44,5.39,151.5
笋蒸鸡翅,171.24,14.31,9.85,6.52,149.5
排骨烧竹笋,198.1,10.51,16.44,2.29,157.5
笋烧牛腩,70.1,7.92,2.89,3.7,145.5
笋烧鸡块,66.17,6.57,3.41,2.84,202.5
竹笋五花肉,131.79,5.98,9.72,5.66,173.0
竹笋烤五花,132.46,6.28,10.99,2.65,152.5
猪肝竹笋汤,37.83,4.84,1.3,1.81,341.0
竹笋炖鸭,66.86,6.25,2.31,5.87,173.5
竹笋香肠,193.08,9.29,14.83,6.17,159.0
竹笋肉丝,95.97,4.45,7.2,4.2,235.5
竹笋青椒炒肉片,118.48,5.19,9.87,2.92,170.5
竹笋炒牛肉片,85.05,11.95,2.62,3.35,237.5
火腿炒竹笋,64.76,6.64,3.12,3.0,157.5
猪肉葱香炒饭,150.59,5.47,8.16,14.08,170.0
猪肉小白菜丸子汤,100.97,3.79,9.09,1.38,207.0
土豆猪肉炖粉条,153.98,5.15,8.17,15.75,226.0
韭菜猪肉蒸饺,254.71,11.64,9.19,32.61,170.0
猪肉炖粉条冬瓜,152.07,4.11,9.26,13.49,181.5
猪肉焖烧土豆,172.46,6.22,10.98,12.39,152.5
猪肉粉条,328.14,8.63,20.07,29.49,83.5
猪肉焖豆角,164.44,5.21,9.41,15.96,180.0
猪肉烧豆腐,216.75,10.05,18.93,1.87,101.5
肉片炒西芹,185.65,7.76,15.94,3.58,104.5
肉片炒西葫芦,141.53,5.05,12.46,2.52,150.5
肉片炒尖椒,147.86,5.91,13.0,2.37,128.5
肉粒炒毛豆,266.29,13.07,20.91,7.21,87.5
猪肉炒黄瓜片,139.53,5.05,12.46,1.93,150.5
爆香猪肉胡萝卜,145.93,5.69,12.32,2.73,135.0
猪肉炒长豆角,141.81,6.04,11.2,5.05,149.5
白菜猪肉饼,197.27,9.31,7.1,25.26,220.0
猪肉小白菜包子,220.77,10.06,8.02,28.19,130.0
猪肝香米粥,203.08,13.5,2.91,31.04,130.0
猪肝瘦肉汤,51.76,7.91,1.94,0.74,170.0
猪肝爆炒洋葱,86.46,8.54,3.77,4.91,173.5
猪肝山药片,108.67,9.95,4.3,7.81,150.0
猪肝炒杂椒,99.04,10.56,4.03,5.48,208.0
韭香猪肝,77.53,8.36,3.35,4.29,202.5
猪肝饭,112.73,6.06,1.24,19.57,165.0
猪肝炒油菜心,74.65,10.14,2.51,3.4,213.0
甜椒烩猪肝,95.5,10.81,4.07,4.45,200.0
酸菜黑鱼片,104.64,15.83,3.37,2.38,118.5
川香水煮鱼,191.96,21.5,10.04,5.05,186.5
口水鸡,164.53,17.74,7.65,6.38,132.5
酱烧豆花鱼,118.96,12.37,7.29,1.34,134.5
家常烧地三鲜,92.08,2.19,3.38,13.98,170.5
千层酥饼,382.35,16.02,6.87,66.27,85.0
白菜豆腐烩粉条,128.94,2.57,3.77,21.98,212.5
芝香烧饼,377.68,16.51,5.79,66.93,112.0
芝香鸡肉松,187.86,20.51,9.19,6.41,140.0
芝麻酥带鱼,216.11,17.21,13.54,7.18,105.5
腐竹香菇烧鸡煲,170.13,20.93,7.24,5.74,187.5
蒸豆角,142.77,6.7,1.03,27.9,155.5
家常蒸芋头,80.38,1.3,3.06,12.25,104.5
鸡腿蒸香菇,86.62,11.0,3.67,3.11,205.5
蒸虾仁丝瓜,134.34,11.47,2.56,16.73,231.5
肉沫蒸鸡蛋,218.78,13.82,17.57,1.45,106.5
南瓜蒸鸡蛋,75.66,6.31,3.93,3.93,133.5
南瓜蒸饭,202.0,4.89,1.82,42.13,150.0
蒜茸粉丝娃娃菜,115.58,1.77,0.21,27.42,176.5
春饼,241.33,10.47,1.67,47.27,75.0
清蒸鲳鱼,93.89,9.19,4.49,5.02,204.5
芹菜叶蒸饭,84.44,4.23,0.74,16.27,180.0
蒸萝卜丝,127.55,3.74,4.41,19.57,132.5
枣香发糕,338.24,11.5,1.75,71.48,102.0
枣香馒头,164.71,7.01,3.06,28.02,357.0
软糯南瓜饼,162.5,6.12,0.92,33.19,120.0
葱花鸡蛋煎饼,207.69,12.33,4.98,29.27,130.0
黄金小馒头,394.81,15.3,8.87,65.41,135.0
什菌煲,40.78,2.05,2.14,4.33,154.5
韭黄摊鸡蛋,82.07,6.21,5.08,3.31,164.5
圆白菜炒鸡蛋,86.65,5.75,6.21,2.5,168.5
大头菜炒羊肉,90.31,9.16,4.62,3.34,196.0
包菜炒香肠,157.81,7.27,11.79,6.1,192.0
大头菜炒虾,80.88,10.51,2.71,3.74,227.5
莲白炒西红柿,39.32,1.04,2.63,3.6,206.0
卷心菜炒胡萝卜,38.79,1.27,2.01,4.69,165.0
包菜炒青椒,38.79,1.27,2.01,4.69,165.0
包菜炒面,190.71,8.02,5.83,26.92,183.0
大头菜炒干豆腐,184.95,17.18,10.48,6.97,159.5
圆白菜烩粉条,128.24,1.29,2.73,25.16,196.5
甘蓝粉丝,145.29,1.54,3.15,28.04,170.0
笋菇烧鲍鱼,75.99,10.21,1.94,4.55,164.5
香菇芋头煮鱿鱼,74.42,8.91,2.41,4.55,193.5
芋头焖牛肉,113.65,14.65,3.4,5.93,179.5
芋艿蒸鸭,168.42,8.1,12.39,6.27,104.5
五花肉蒸芋头,201.91,7.27,15.94,7.63,104.5
芋头烧鸭块,169.08,8.12,12.51,6.23,103.5
芋头炖五花肉,200.0,7.22,15.94,7.1,104.5
芋头烧牛腩,98.77,13.1,3.05,4.89,203.5
芋艿煲萝卜,60.66,1.07,2.99,8.14,105.5
芋艿焖鸡,130.32,13.59,6.33,4.85,155.0
香菇芋头炖豆腐,76.51,3.96,4.14,6.61,206.5
茄汁芋头焖鱼,81.6,7.91,2.86,6.42,187.5
豆腐滑虾仁,91.97,12.92,2.85,4.17,230.5
贴饼子,367.0,11.43,4.58,72.86,100.0
甜香发糕,359.65,11.66,1.73,76.41,114.0
香煎玉米火腿饼,164.62,10.57,3.58,23.29,130.0
玉米炖鸡,115.51,9.35,4.13,10.9,267.5
玉米烧豆腐,133.94,5.38,6.28,15.35,163.5
香肠玉米粒,168.75,6.06,9.37,16.35,176.0
甜玉米牛肉粒,107.36,7.04,2.88,14.47,183.5
玉米粒炒鸡丁,122.53,7.37,5.0,12.87,197.5
玉米炒鸡肉片,105.88,6.93,4.93,9.25,187.0
甜玉米炒鸡丁,113.49,7.49,3.89,13.22,196.5
玉米炒火腿,168.89,7.04,7.24,19.78,157.5
鲜玉米炒黄瓜,87.02,2.36,3.08,13.21,208.0
黄金玉米炒饭,116.67,4.9,1.81,20.96,186.0
玉米白菜粉丝,149.62,2.34,4.38,25.98,133.0
鲷鱼烧豆腐,125.27,10.83,7.77,3.37,231.5
草鱼蒸粉丝,212.64,10.21,5.4,31.12,134.5
草鱼烧土豆,96.34,8.5,4.14,6.54,177.5
鱿鱼煮芋艿,82.62,9.58,2.63,5.45,175.5
清蒸鱿鱼豆腐,104.83,11.36,5.97,1.78,196.5
鱿鱼萝卜烧,66.28,9.35,2.61,1.84,173.5
葱香鱿鱼,84.64,11.1,3.11,3.19,146.5
西芹炒鱿鱼花,66.14,8.64,2.41,3.09,190.5
鱿鱼炒花菜,74.78,10.62,2.85,2.21,168.5
爆炒鱿鱼丝,153.47,14.41,10.1,1.14,165.5
鱿鱼炒尖椒,77.05,9.34,3.74,1.81,176.5
鱿鱼花炒芹菜,76.09,10.79,3.06,1.53,148.5
鱿鱼炒毛豆,112.84,13.91,4.22,5.18,148.0
凉瓜鱿鱼丝,65.81,8.77,2.33,2.66,194.5
韭菜鱿鱼花,66.15,9.33,2.5,2.33,193.5
鱿鱼花炒茭白,70.36,9.32,2.55,2.93,180.5
鱿鱼瓜片,62.68,7.59,1.99,3.7,242.5
葱香鱿鱼炒饭,82.22,5.83,0.6,13.62,180.0
爆炒鱿鱼菜花,96.5,9.91,2.6,8.98,185.5
咸香油酥饼,365.09,15.71,4.25,67.75,106.0
特色油泼面,172.66,5.45,0.64,36.9,128.0
油焖鲜香菇,46.42,2.19,2.33,5.81,146.5
油焖竹笋,52.13,2.52,3.03,4.45,105.5
家常油焖海虾,111.65,17.97,3.18,2.7,124.5
家常油焖青虾,95.56,14.91,3.73,0.58,191.5
油焖茭白笋,46.59,1.2,2.6,5.69,124.5
肉片焖青椒,141.71,4.72,10.2,8.58,187.0
油焖鲜虾,119.84,17.68,3.79,3.79,123.5
油焖黄鱼,105.51,15.79,3.95,1.69,172.5
蒜香烧冬笋,67.18,2.2,1.74,11.66,193.5
油豆角烧土豆,164.46,6.3,11.52,9.69,166.0
油菜木耳炒鸡蛋,105.44,6.53,5.04,10.83,174.5
素炒油菜豆腐,53.06,2.73,3.68,2.83,294.0
杏鲍菇炒青菜,52.51,1.26,3.01,6.21,179.0
油菜烧香菇,29.77,1.9,0.59,5.67,215.0
虾仁油菜,128.75,11.19,2.6,15.59,240.0
油菜木耳炒肉,157.84,6.41,9.46,14.54,185.0
鸡蛋炒小油菜,85.12,5.52,6.35,2.17,168.0
粉丝小油菜,144.51,1.46,3.43,27.84,173.0
家常油菜炒豆腐,75.75,3.91,3.53,9.48,183.5
家常西红柿蛋炒饭,92.82,5.34,2.84,11.8,195.0
蒜蓉芦笋炒鸭胸,80.84,8.97,2.43,6.12,190.5
银芽煸鸡丝,85.97,12.23,3.14,2.63,224.5
松茸煲鸡汤,81.36,7.94,2.02,11.18,220.0
一品猪肉锅,344.19,10.67,25.67,17.21,64.5
一品汽锅蒸鸡,119.73,17.1,5.24,1.26,147.0
清蒸一品鲳鱼,191.26,14.86,8.98,12.67,91.5
滋补一品鲍鱼,78.96,6.34,3.67,5.34,230.5
小豆薏米百合粥,209.17,7.62,2.49,40.42,120.0
蘑菇汤,14.46,1.2,0.16,2.7,200.5
爆炒鱿鱼洋葱头,79.01,8.23,2.22,6.7,221.5
洋葱炝乌贼,73.9,8.83,2.42,4.57,193.5
葱香羊肉炒面,165.29,8.33,1.27,30.59,170.0
葱香土豆烤鸡,121.88,10.47,4.66,9.57,212.5
葱香土豆饭,136.0,4.53,5.38,17.66,175.0
洋葱焖牛肉,99.75,13.51,3.19,4.58,198.5
葱香番茄牛肉,83.2,8.62,3.6,4.46,250.0
葱香烧豆角,64.31,1.77,3.41,7.65,155.5
葱香烤鱼,114.29,11.16,5.97,4.12,136.5
洋葱煎鸡胸肉,112.93,16.11,3.27,5.31,158.5
葱香煎蛋,128.44,9.88,8.2,3.96,163.5
葱香煎豆腐,97.12,4.82,6.65,5.22,156.5
葱香鸡蛋炒面,174.86,7.37,1.95,32.42,175.0
洋葱腐皮炒肉,270.36,16.8,17.82,10.96,153.5
洋葱番茄炒蛋,88.3,4.96,5.55,5.03,188.0
洋葱炖牛腩,105.68,13.02,3.04,6.81,202.5
洋葱焖鸡腿,110.34,11.28,5.5,4.03,188.5
洋葱胡萝卜炒猪肉,194.58,7.91,16.41,4.25,184.5
洋葱爆猪肝,98.31,10.27,3.94,5.85,206.5
洋葱烧芋头,57.43,1.19,2.23,8.65,148.0
葱香煸鱿鱼,66.51,8.15,2.25,3.81,207.5
爆炒羊肉,93.6,5.72,4.59,7.6,148.5
爆炒鸭肉葱头,89.1,7.72,3.65,6.4,105.5
葱香杏鲍菇,65.67,1.23,3.16,8.66,167.5
香肠洋葱头,219.81,8.41,15.83,11.11,161.5
洋葱炒虾仁,163.99,14.24,2.12,22.24,180.5
葱香西兰花,65.42,2.59,3.55,7.04,160.5
西红柿炒洋葱头,50.89,1.02,2.74,6.19,196.5
爆炒五花肉,125.49,4.35,9.25,6.67,204.0
洋葱头炒土豆,80.39,1.82,2.62,12.98,206.5
葱香肉丝,189.12,7.67,13.95,8.38,119.5
洋葱炒尖椒,53.76,1.05,2.89,6.56,186.0
爆炒洋葱芹菜,40.0,0.81,1.63,6.17,210.0
洋葱炝炒牛肉,105.84,11.7,3.42,8.42,248.5
葱香炒口蘑,143.85,13.22,4.32,15.88,158.5
洋葱煸鸡丝,122.45,14.79,2.93,9.16,171.5
胡萝卜洋葱炒肉,161.13,5.52,13.24,5.54,141.5
洋葱头炒番茄,48.8,1.02,2.59,6.01,209.0
洋葱煸豆腐,80.51,4.05,5.31,4.91,197.5
洋葱爆大虾,89.64,13.04,2.01,4.92,178.5
葱香彩椒炒鸡丝,108.86,9.06,3.99,9.61,158.0
羊肉焖土豆,100.65,6.26,3.15,12.49,229.5
羊肉煮白菜,103.89,10.17,5.13,4.37,180.0
清炖胡萝卜羊肉汤,44.23,4.65,1.58,3.48,260.0
羊肉炝卷心菜,72.63,7.17,3.44,3.68,179.0
羊肉片炒葱头,151.1,12.58,8.5,7.51,159.5
羊肉烧山药,134.88,12.53,6.05,8.23,150.5
羊肉烧萝卜,75.59,9.2,3.14,3.04,190.5
羊肉烧胡萝卜,194.46,8.09,16.79,3.37,180.5
羊肉烧豆角,97.59,9.02,4.06,7.29,228.5
羊肉焖白萝卜,76.55,9.4,3.23,2.89,185.5
杏鲍菇煸羊肉,96.41,9.26,4.59,5.08,195.0
爆炒羊肉番茄,99.76,9.02,4.43,6.3,205.5
韭菜炒羊肉片,99.74,9.74,5.75,3.04,195.5
红萝卜炒羊肉,115.51,11.52,6.05,4.51,151.5
麦片南瓜粥,98.5,3.11,0.99,19.87,200.0
鸭胸肉炒口蘑,154.21,18.53,3.75,14.8,148.5
鸭肉炒茭白笋,71.59,6.28,2.89,5.7,135.5
雪菜炖豆腐,70.45,4.19,5.07,2.79,211.5
雪里蕻烧鱼,83.25,7.96,3.96,4.29,191.0
雪菜肉末炖豆腐,99.01,5.25,7.86,2.51,251.5
雪菜炒鱿鱼,65.9,8.14,2.25,3.63,218.5
雪菜焖黄鱼,70.74,10.15,2.8,1.52,229.0
雪里红毛豆炒肉丝,187.99,8.73,14.49,6.52,141.5
杏鲍菇烧鲫鱼,111.3,10.84,4.17,8.28,172.5
杏鲍菇烧肉,136.94,5.29,10.62,5.61,157.0
杏鲍菇焖排骨,169.51,8.49,13.37,4.29,193.5
杏鲍菇焖火腿,74.45,5.82,3.03,6.61,158.5
杏鲍菇炖豆腐,81.84,5.19,4.82,5.33,228.5
杏鲍菇萝卜玉米粒,87.47,2.65,2.21,15.57,195.5
杏鲍菇煸鱿鱼,70.95,8.75,2.33,4.27,194.5
杏鲍菇扒油菜,50.0,1.34,3.47,4.19,160.0
爆炒葱头杏鲍菇,55.52,1.16,1.86,9.12,176.5
杏鲍菇煸香肠,190.12,6.49,13.44,11.34,162.0
素炒鲍菇苋菜,63.46,2.24,3.5,6.54,156.0
杏鲍菇熘虾仁,134.82,11.75,1.71,18.62,224.0
炝炒鲍菇西兰花,50.0,2.75,2.28,5.91,162.0
炝炒鲍菇西葫芦,42.04,0.99,2.08,5.27,157.0
家常杏鲍菇炒肉片,139.1,5.4,10.77,6.01,156.0
杏鲍菇胡萝卜炒丝瓜,41.31,1.41,1.68,5.91,198.5
杏鲍菇煸肉丝,123.23,4.41,8.46,7.93,198.0
芦笋杏鲍菇,41.13,2.08,1.66,5.63,194.5
韭香杏鲍菇,46.84,1.94,1.65,7.29,213.5
杏鲍菇炒茭白笋,48.69,1.31,1.58,8.25,209.5
杏鲍菇炒鸡肉片,97.24,12.91,2.52,6.23,199.5
杏鲍菇甜椒炒胡萝卜,48.33,1.12,2.39,6.7,134.5
炝炒杏鲍菇菜花,46.46,1.55,2.2,6.04,148.5
辣根小白菜,16.94,1.39,0.3,3.06,153.5
辣根白菜,73.36,1.3,4.64,7.42,114.5
特色韩式泡菜,75.26,1.12,2.22,13.85,143.5
东北特色辣白菜,80.36,0.88,1.99,15.56,165.5
醋溜白菜片,46.34,1.44,3.34,3.41,164.0
炝炒奶白菜,42.95,1.38,3.5,2.41,156.0
特色辣白菜,45.77,1.41,3.5,3.24,159.5
鱼香白菜,58.24,1.74,2.11,8.76,170.0
香菇烧白菜,49.84,2.0,3.53,3.54,158.5
清汤白菜炖粉条,95.0,1.18,0.25,22.85,200.0
香菇扒小白菜,48.1,1.67,3.46,3.61,158.0
家常白菜烧豆腐,63.55,2.97,4.97,2.7,160.5
白菜炒番茄,46.69,1.32,3.35,3.29,158.5
白菜烧土豆片,88.15,1.9,4.98,9.57,105.5
白菜烧胡萝卜,53.92,1.13,3.36,6.0,159.5
白菜烧海带,45.37,1.22,3.35,2.88,156.5
白菜炒粉,149.52,1.31,3.39,28.91,156.5
家常白菜炒豆腐,70.73,3.77,5.01,3.56,213.5
菇上明月,90.58,6.04,6.05,3.93,164.5
香菇焖鹌鹑蛋,92.45,6.25,6.02,4.13,165.5
香菇炖元宝,94.33,6.82,6.13,3.77,273.5
五香卤鹌鹑蛋,176.71,12.39,13.11,2.1,124.5
蒸鹌鹑蛋,176.71,12.39,13.11,2.1,124.5
啤酒卤鹌鹑蛋,101.82,7.16,6.05,1.15,220.0
鹌鹑蛋蒸蘑菇,121.21,7.96,8.42,3.62,115.5
苦瓜炒鹌鹑蛋,98.49,5.24,7.11,3.72,165.5
口蘑蒸元宝,224.8,24.71,7.1,20.01,189.5
烤冬菇鹌鹑蛋,90.58,6.17,6.15,3.93,164.5
咖喱元宝蛋,203.65,12.16,14.26,6.46,137.0
番茄酱烧鹌鹑蛋,170.15,11.83,12.19,3.14,134.0
鹌鹑肉丸,252.14,12.6,19.85,5.94,117.0
糖醋烧鹌鹑蛋,177.25,12.36,12.81,2.96,127.5
酸辣圆白菜,67.53,1.56,4.63,5.64,115.5
炝炒手撕包菜,105.22,4.5,8.38,3.43,134.0
蒸原壳鲍鱼,77.26,7.78,1.94,7.09,226.5
金银蒜蒸鲍鱼,96.45,12.46,2.23,6.6,141.0
金钩鲍鱼,58.41,6.19,1.5,5.38,270.5
酱烧小鲍鱼,96.13,9.19,2.43,9.31,181.0
红焖鲍鱼,128.52,11.13,3.71,12.85,138.5
蚝汁鲍鱼仔,106.22,12.74,2.59,8.02,120.5
酱香烧扁豆,69.5,2.41,4.15,7.54,129.5
爆香干煸扁豆,68.2,2.31,4.11,7.72,130.5
烧扁豆,65.1,2.17,4.12,7.02,127.5
芝麻酱菠菜,65.62,3.64,3.57,5.64,160.0
炝拌小菠菜,59.93,2.21,3.82,5.33,148.5
鲜拌菠菜,64.81,2.52,3.99,5.28,162.0
花生酱拌菠菜,39.22,2.69,1.33,4.91,153.0
豆腐皮卷菠菜,262.1,25.1,15.24,8.4,109.5
家常菠菜拖叶子,95.2,5.22,0.74,17.78,125.0
菠菜炒豆腐,93.33,5.31,6.63,3.82,157.5
菠菜烧冻豆腐,96.74,4.36,7.26,4.19,107.5
菠菜烧香菇,48.54,2.35,2.72,4.79,206.0
菠菜烧萝卜,52.3,1.94,2.66,6.23,206.5
菠菜烧腐竹,186.9,12.49,11.33,9.25,84.0
菠菜烧粉条,167.6,1.87,5.81,27.2,89.5
菠菜炒粉,173.1,1.92,6.09,27.95,85.5
彩椒烧苦瓜,52.84,1.07,3.47,5.2,149.5
彩椒烧口蘑,139.25,13.97,4.66,13.77,146.5
铁板菜花,48.93,1.7,3.27,4.41,163.5
干锅烧有机菜花,84.97,3.4,6.34,4.81,229.5
家常干锅菜花,50.16,1.65,3.37,4.63,157.5
菜花烩豆腐,65.8,2.76,4.12,5.61,193.0
菜花豆腐,82.45,4.44,5.82,3.98,179.5
菜花烧杏鲍菇,51.75,1.32,2.86,6.44,185.5
菜花炒番茄,53.39,1.31,4.18,3.66,125.5
菜花炒尖椒,47.28,1.31,3.39,3.88,156.5
蚝油草菇菜心,40.57,2.02,1.67,5.25,209.5
草菇焖豆腐,75.95,4.23,5.31,3.62,197.5
草菇烩鲜豆腐,97.26,4.96,5.11,8.65,164.5
草菇炖北豆腐,60.98,4.4,2.71,5.57,205.0
草菇烧油菜,61.99,2.0,2.99,7.16,221.0
草菇烧鸡腿肉,108.97,10.93,4.7,6.17,223.0
草菇煎鸡蛋,100.22,8.2,6.02,3.64,224.5
茄汁草鱼,82.33,7.54,4.31,3.69,291.5
五香熏草鱼,169.06,14.83,11.25,2.06,90.5
土豆叉烧肉,124.58,8.29,5.44,11.03,148.5
家常油焖笋,56.34,2.3,2.91,6.66,106.5
烧春笋,54.03,2.33,2.94,5.88,105.5
葱烧豆腐鱼,139.13,13.47,6.43,7.17,115.0
香炸酥带鱼,144.57,17.0,6.21,5.31,133.5
秘制香辣带鱼,140.35,16.94,7.44,1.47,85.5
茄汁带鱼,85.35,7.84,4.83,3.07,198.0
火腿蒸刀鱼,95.79,12.22,4.62,1.56,154.5
青椒烩刀鱼,109.61,10.58,4.67,7.0,140.5
鲜蘑烩鹌鹑蛋,141.55,13.73,5.47,10.99,251.5
姜糖水煮鸡蛋,178.12,12.28,12.75,3.81,64.0
溏心鸡蛋,139.0,13.1,8.6,2.4,60.0
青椒榨菜炒鸡蛋,103.8,7.25,7.0,3.32,118.5
酒酿元宝蛋,142.35,9.8,7.89,8.07,170.0
什蔬蛋卷,111.17,8.84,7.32,2.57,183.5
蜜糖烤薯片,64.36,0.69,0.2,16.13,101.0
素烧冬瓜,62.94,0.43,3.12,8.82,170.0
酱焖冬瓜,40.37,0.41,3.3,2.78,161.0
冬瓜西兰花烧鹌鹑蛋,88.76,6.33,4.16,7.65,173.5
剁椒烩酸冬瓜,21.11,0.72,0.39,5.12,180.0
冬瓜烧香菇,64.27,3.48,4.49,3.61,208.5
冬瓜炖猪排,156.7,7.97,13.39,1.32,194.0
冬瓜烩蘑菇,172.44,17.43,6.02,16.2,112.5
冬瓜炒冬菇,41.52,1.21,2.75,4.02,197.5
冬瓜炒青豆,84.09,5.41,4.95,5.63,176.0
冬瓜炒西红柿,34.06,0.58,2.63,2.77,205.5
焖冬笋,66.67,3.96,3.0,6.28,103.5
白菜豆腐,131.57,2.6,3.86,22.4,207.5
豆腐丸子（家常）,199.26,10.38,10.75,15.74,135.0
蓑衣豆腐丸子,216.19,9.6,11.36,19.55,105.0
鱼子酿豆腐,118.64,6.96,8.11,5.38,177.0
银鱼蒸豆腐,67.87,5.93,3.83,2.98,194.5
烧雪花豆腐,106.07,7.7,5.72,6.71,189.5
杏鲍菇豆腐煲,71.83,4.02,4.36,5.22,193.5
香葱煎豆腐,104.12,5.98,7.65,3.44,170.0
小葱炒冻豆腐,104.79,6.06,7.8,3.46,167.0
家常小葱拌豆腐,84.92,6.22,5.53,3.44,162.5
麻酱豆腐,117.82,6.5,8.86,4.11,165.5
麻辣砂锅豆腐,161.12,4.9,6.14,22.37,213.5
麻辣豆腐,93.53,5.53,6.41,4.37,208.5
香菇油菜炖豆腐,59.02,4.14,2.79,5.39,205.0
香菇油菜粉丝煲,60.34,1.05,2.03,10.09,295.0
香菇豆腐煲,76.01,4.27,5.04,4.39,210.5
北姑番茄炖豆腐,69.21,3.1,5.02,3.88,157.5
香菇焖豆腐,71.79,4.27,4.42,4.98,195.0
香干炒青椒,118.12,6.21,7.94,6.04,138.0
香菜炒豆腐丝,386.01,36.6,23.15,10.62,71.5
西芹烩豆腐,62.9,3.54,4.13,4.03,203.5
西兰花熘豆腐,75.31,4.31,5.1,4.3,162.0
家常西兰花煎豆腐,77.54,4.39,5.64,3.09,211.5
西红柿烩豆腐,70.1,2.52,4.89,4.81,155.5
番茄豆腐煎,69.54,3.62,5.04,3.29,208.5
番茄烩豆腐,70.07,3.65,5.11,3.26,205.5
五香干豆腐,231.48,19.99,14.37,5.98,108.0
青笋烧豆腐,62.9,3.85,4.15,3.28,203.5
土豆煲豆腐,75.91,3.38,4.08,6.9,317.5
土豆烧酱豆腐,104.27,3.72,4.81,12.2,164.0
铁板烧豆腐,110.34,6.46,8.24,3.74,159.5
丝瓜烧豆腐泡,100.97,5.99,7.39,2.99,309.0
丝瓜烧鸡汁豆腐,102.41,9.84,5.17,4.77,290.0
麻辣水煮豆腐,89.12,4.27,5.5,6.2,193.0
青菜煎豆腐,78.2,4.31,5.41,3.93,199.5
石锅豆腐,196.41,5.88,6.31,30.29,167.0
石锅白菜豆腐,102.43,2.72,4.32,13.88,185.5
如意豆腐干,98.8,7.45,5.02,6.6,166.0
甜椒卤豆腐,53.99,4.1,3.01,3.55,181.5
青椒烩豆腐,100.33,5.09,6.91,5.31,151.5
青椒炒豆皮,289.34,26.8,16.92,10.14,98.5
辣椒拌豆腐,99.67,4.82,7.0,5.44,149.5
芹菜炖豆腐,79.16,3.33,4.92,6.25,213.5
蒸香辣豆腐,112.94,5.57,8.15,5.0,127.5
煎豆腐,92.67,4.77,6.93,3.57,150.0
平菇烩豆腐,64.24,3.29,4.24,4.29,165.0
啤酒烧豆腐,80.62,6.21,4.97,3.19,160.0
牛肉酱烧豆腐,143.33,6.34,9.21,9.79,180.0
五香卤豆腐干,242.73,15.97,16.23,8.73,110.0
烧汁卤水豆腐,108.26,6.16,7.93,3.93,163.5
鸡汁拌豆腐皮,248.67,23.73,13.0,11.46,113.0
葱香拌豆腐,91.25,6.32,6.23,3.39,160.0
老汤豆皮,447.0,51.6,23.0,12.5,100.0
彩椒煎豆腐,101.02,4.87,7.15,5.28,147.5
酸豇豆烩豆腐,78.07,4.26,5.11,5.2,207.5
胡萝卜烩豆腐丝,147.45,11.99,8.4,6.85,186.5
香烤豆腐,107.79,6.37,8.18,3.35,160.5
酱香白菜炖豆腐,90.91,4.65,6.6,4.03,159.5
椒盐煎豆腐,101.91,6.43,7.0,4.23,157.0
烧豆腐,103.24,4.38,6.15,8.37,169.5
炖家常豆腐,107.84,6.27,8.13,3.3,159.5
鸡汁豆腐煲,120.23,10.79,6.44,5.13,262.0
鸡蛋黄烧豆腐,130.75,8.93,9.24,3.51,167.5
烧紫菜豆腐,130.8,7.86,8.79,6.73,118.5
蚝油烩豆腐,93.97,5.01,6.63,4.29,157.5
糖霜豆腐,153.89,8.68,8.42,11.53,186.5
骨汤老豆腐,72.38,5.93,4.86,1.5,210.0
莴笋豆腐,71.19,3.87,5.08,3.18,206.5
腐皮炒韭菜,183.58,18.63,10.05,6.71,170.5
豆腐炖胡萝卜,101.95,4.4,6.38,7.76,179.5
豆腐烩菜心,86.36,3.92,5.83,5.49,220.0
豆腐卷炖鸡腿,288.48,33.28,14.84,6.96,217.0
豆干炒青椒,149.53,7.91,10.09,7.39,107.0
豆干炒韭菜,147.47,8.11,10.0,7.1,108.5
豆腐烧白菜,88.61,4.71,6.62,3.36,158.0
豆腐炒番茄,70.07,3.65,5.11,3.26,205.5
豆腐炒青笋,72.27,4.27,4.73,3.81,178.5
豆腐烩红萝卜,100.0,5.09,7.06,5.13,148.0
韭香炒豆腐,92.65,5.24,6.71,3.78,156.5
豆腐烧粉丝,181.34,4.31,6.16,27.97,171.5
豆腐烩菠菜,76.7,4.49,5.15,3.91,206.0
豆腐炒小白菜,92.38,4.17,7.11,3.91,111.5
冻豆腐烧白菜,121.41,4.08,5.69,14.24,184.5
浇汁脆皮豆腐,120.85,6.05,7.83,7.33,165.5
川汁淋豆腐,104.91,4.66,6.48,7.7,163.0
炒香干,229.38,14.12,15.45,9.1,105.5
蔬菜豆腐,132.6,6.36,10.04,5.09,181.0
菠菜烩豆腐,105.17,5.11,6.35,7.76,164.5
香菇清炖豆腐,105.11,4.65,6.29,8.35,166.5
鲍汁鲜豆腐,138.41,8.46,10.05,3.85,144.5
香拌豆腐丝,240.0,20.06,15.35,5.86,107.5
蜜汁豆腐,103.88,5.99,7.75,3.33,167.5
浇汁豆腐,107.32,6.19,7.91,3.69,164.0
鲜辣麻婆豆腐,111.11,6.46,8.31,3.45,157.5
酱烧麻婆豆腐,182.67,7.92,14.4,6.0,138.5
西芹炒香干,91.43,5.17,5.56,6.2,157.5
菜豆炒豆干,106.99,6.12,6.61,7.27,164.5
酱烧豆腐干,148.5,7.06,9.24,9.52,116.5
豆腐皮饭卷,167.2,12.1,4.82,19.84,250.0
干豆腐烧白菜,215.21,20.44,13.04,5.92,131.5
豆腐皮炒西芹,191.44,16.21,10.15,10.94,163.5
豆腐皮炒韭菜,269.0,24.14,14.59,12.61,114.5
凉拌豆腐丝,213.62,18.46,13.23,5.86,117.5
榨菜煸豆角,71.54,2.13,4.05,7.58,130.0
香菇烧豆角,51.87,2.17,2.58,6.33,214.0
麻酱拌豆角,120.82,3.53,8.52,8.42,122.5
酱烧豆角,84.98,2.82,4.88,8.45,116.5
红肠烧豆角,139.39,5.07,10.2,7.55,165.0
家常豆角烧茄子,67.65,2.05,3.19,8.53,170.0
豆角烧肋排,160.13,6.88,10.88,8.93,153.0
豆角烧红薯,78.4,1.22,3.29,12.04,162.0
豆角煲茄子,54.63,1.64,3.1,6.23,210.5
豆角煸土豆,78.21,2.28,3.4,10.55,156.0
豇豆煎蛋,96.68,6.08,6.32,5.28,165.5
豆角焖土豆,76.34,2.3,3.41,10.57,158.5
豆角煸肉丝,140.14,5.11,10.05,8.31,142.0
豆角炒彩椒,60.93,1.86,3.51,6.49,151.0
豆角炖胡萝卜,72.34,1.52,4.44,7.75,117.5
蒜仔炒三宝,51.48,2.08,2.02,7.1,169.0
莲子烧豆角,128.84,4.98,4.27,18.61,133.5
素炒绿豆芽,51.56,1.66,4.02,2.64,128.0
炝爆豆芽,81.71,4.3,5.39,4.75,128.5
双椒绿豆芽,42.67,1.35,2.83,3.86,187.5
炝炒绿豆芽,55.32,1.63,4.38,2.83,117.5
银芽炒粉丝,147.24,1.44,3.2,28.48,163.0
土豆炖大鹅,159.16,7.14,9.12,12.32,166.5
家常烧鹅,271.63,16.75,22.23,1.02,107.5
花椒煸鹅块,206.5,15.11,12.71,8.56,123.0
特色古法焖鹅,268.6,17.29,22.13,0.0,103.5
豆腐干炖鹅肉,230.19,15.62,15.67,6.85,106.0
大鹅烧土豆,187.68,9.77,12.37,9.48,105.5
大鹅烩酸菜,143.23,8.64,11.48,1.68,114.5
香菇烩番茄,39.87,1.54,2.15,4.6,155.5
角瓜炒西红柿,41.43,0.82,2.57,4.36,210.0
番茄烧黄豆,123.19,7.34,7.0,9.76,131.5
茄汁烧茄子,43.54,1.02,2.59,4.74,209.0
蒸番茄豆腐,59.92,4.6,3.22,4.0,128.5
西红柿虾酱,35.83,3.57,0.83,4.07,120.0
番茄焖土豆,68.42,1.72,2.59,10.25,209.0
番茄烧肉圆,69.89,7.01,3.11,4.1,134.5
番茄焖冬瓜,36.14,0.61,2.6,3.27,207.5
番茄烧有机菜花,44.93,1.25,2.93,4.36,182.5
番茄辣椒酱,59.91,1.29,4.6,4.03,113.5
茄汁煎豆腐,71.12,3.6,5.02,3.75,209.5
番茄烩土豆,71.81,1.69,2.6,11.13,207.5
茄汁炖豆腐,88.25,4.98,6.3,3.64,208.5
西红柿豆腐烧,75.46,3.56,4.87,5.27,216.0
番茄豆腐烧冬瓜,71.75,2.54,5.63,3.38,157.5
西红柿烧杏鲍菇,57.78,1.17,3.3,6.67,157.5
番茄炝炒西芹,55.79,0.84,4.45,4.15,116.5
番茄炒角瓜,37.98,0.83,2.6,3.44,208.0
番茄烩土豆丝,83.95,1.98,3.29,12.25,162.0
番茄炒洋芋,88.18,1.95,3.39,13.07,156.5
番茄烧丝瓜,124.08,4.01,9.67,6.09,122.5
番茄烩苦瓜,66.05,1.26,4.79,4.99,107.5
番茄炒青椒,55.92,1.39,3.57,5.6,152.0
西红柿炒菠菜,45.56,1.72,2.64,4.48,208.5
番茄煸菜花,44.51,1.21,3.01,4.17,177.5
番茄白菜烧火腿,53.96,4.12,2.89,3.59,246.5
大头菜炒番茄,62.1,1.47,4.79,3.88,109.5
鸡蛋西红柿拌面,66.26,5.53,3.3,4.11,81.5
糖拌西红柿,17.22,0.89,0.2,3.93,151.0
芋头蒸饭,226.67,5.33,11.94,24.85,105.0
拌拉皮,334.88,0.63,1.96,78.93,107.5
爽口拌粉条,121.17,0.86,4.58,19.04,137.0
卤腐竹,417.14,26.2,26.77,18.29,35.0
香菇烧腐竹,96.66,7.04,4.69,7.9,164.5
西芹烧腐竹,99.15,6.16,5.94,6.41,176.5
辣椒烧腐竹,216.78,13.13,14.59,8.99,71.5
烧腐竹,554.72,33.85,39.06,17.43,26.5
红油拌腐竹,122.85,7.06,7.91,6.59,133.5
腐竹烩油菜,126.32,7.92,7.51,7.65,133.0
腐竹烧青椒,209.93,13.45,13.38,9.5,70.5
腐竹炒香芹,190.79,12.07,12.43,8.12,76.0
扇贝芙蓉蛋,85.87,11.73,3.26,2.53,180.5
干贝白玉球,44.61,5.42,1.51,2.84,273.5
干贝炒鸡蛋,118.22,11.76,6.9,2.43,123.5
干贝烧白菜心,67.06,4.98,3.3,4.97,171.5
浓香牛肉羹,125.22,8.15,1.96,18.65,115.0
香甜南瓜羹,43.08,0.38,0.05,10.54,130.0
冰糖南瓜莲子羹,110.91,3.37,0.35,24.11,110.0
滑嫩鸡蛋羹,139.0,13.1,8.6,2.4,60.0
滋补海参羹,112.12,11.4,6.28,2.68,165.0
海参鸡蛋羹,102.67,15.14,3.56,2.46,150.0
鲜煮花蛤,68.27,7.42,2.99,2.92,124.5
辣炒花蛤蜊,58.57,6.09,1.85,4.31,230.5
香菜拌蛤蜊,54.99,7.39,1.65,2.55,185.5
西芹炒蛤蜊,42.06,4.31,1.75,2.57,223.5
丝瓜炒蛤蜊,45.75,4.68,1.71,3.21,229.5
芹菜炒花蛤,50.71,5.4,2.18,2.39,175.5
芦笋炒花蛤,46.65,5.2,1.66,3.3,231.5
辣椒炒花蛤,57.29,7.05,2.16,2.58,188.5
炝炒文蛤,61.87,7.23,2.24,3.23,187.5
辣炒毛蜊,66.43,6.87,2.8,3.76,138.5
香辣炒花甲,43.18,6.25,0.55,3.72,220.0
鸡汁辣炒花蛤,45.45,7.25,0.61,2.92,187.0
酒香蛤蜊,64.71,6.93,2.03,3.07,136.0
酒煎花蛤,63.24,6.94,2.03,3.07,136.0
韭菜炒花蛤,56.38,6.5,2.11,3.52,223.5
姜汁毛蛤,68.73,7.48,2.89,3.15,129.5
姜葱炝花蛤,76.03,6.24,2.78,7.2,242.0
滑炒蛤蜊荸荠,85.14,7.97,4.05,4.28,222.0
蛤蜊蒸豆腐,72.85,5.82,3.75,4.24,226.5
花甲炒丝瓜,47.55,4.05,2.19,3.32,275.5
炝炒海瓜子,88.49,7.56,4.57,5.02,139.0
花蛤蒸鸡蛋,89.43,9.3,4.81,2.27,184.5
蛤蜊烧鲫鱼,174.53,11.31,12.19,5.35,133.5
花蛤炖土豆,78.12,5.87,3.24,6.53,180.5
花蛤炖豆腐,64.71,5.53,3.97,2.01,341.5
花蛤炖蛋,57.94,6.0,3.1,1.46,286.5
蛤蜊炒辣椒,47.26,4.85,1.86,3.01,209.5
花蛤炒韭菜,55.53,5.96,2.13,3.3,185.5
冬瓜炒花蛤,58.21,5.5,2.85,2.81,228.5
葱油小蛤蜊,63.08,7.17,2.88,2.25,130.0
炒胡蛤蜊,65.65,7.23,2.85,2.61,131.0
爆炒花蛤蜊,57.22,5.49,2.29,4.07,187.0
白灼花蛤蜊,64.82,7.38,2.95,2.17,126.5
杏鲍菇冬笋烧海参,71.39,9.34,1.78,4.9,183.5
肉末烧海参,156.71,12.22,9.64,5.23,115.5
海参烩珍珠鸡,85.78,14.59,2.12,2.37,225.0
海参什蔬炒饭,71.16,5.34,0.26,12.37,215.0
大葱烧辽参,70.82,8.37,1.78,5.85,200.5
葱香海参蒸豆腐,80.82,9.73,3.06,4.13,195.5
蒜泥拌海带,80.31,2.48,4.17,9.14,127.0
凉拌昆布丝,64.08,2.13,3.97,5.5,154.5
家常拌海带丝,27.89,1.22,1.69,2.09,125.5
腐竹拌海带丝,159.18,13.02,8.68,7.5,73.5
海带拌支竹,93.73,7.65,4.78,5.37,135.5
海带烩山药,45.73,1.46,1.97,5.91,164.0
面包(X),313.0,8.31,5.11,58.6,35.0
多维面包,316.0,8.8,8.4,51.31,35.0
麦胚面包,246.0,8.51,1.0,50.91,35.0
麦维面包,270.0,8.31,4.71,48.6,35.0
维生素面包,279.0,8.8,5.6,48.6,35.0
咸面包,275.0,9.2,3.91,51.0,35.0
椰圈面包,320.0,9.51,4.8,59.91,35.0
桦榕面包,329.0,8.91,7.51,56.6,35.0
面包条(白),313.0,8.31,5.11,58.6,35.0
饼干(X),435.0,9.0,12.72,71.72,25.0
钙奶饼干,446.0,8.4,13.2,73.92,25.0
奶油饼干,431.0,8.52,13.12,70.2,25.0
牛奶饼干,408.0,8.12,6.12,80.32,25.0
苏打饼干,408.0,8.4,7.72,76.2,25.0
雪米饼,463.0,5.52,17.6,73.52,25.0
小米红枣发糕,347.17,9.92,2.21,73.55,53.0
粢饭团,351.11,7.51,0.84,78.89,45.0
糯米球,362.07,9.03,3.59,73.93,29.0
椒盐芝麻烤饼,350.0,13.93,3.73,68.43,30.0
芸豆蜜卷,156.6,8.36,0.72,31.34,53.0
松软发面饼,362.0,15.7,2.5,70.9,50.0
藕香糯米糕,365.12,3.49,0.47,86.58,43.0
小枣玉米面发糕,196.52,5.55,0.92,42.7,115.0
家常白灼娃娃菜,19.32,2.37,0.21,3.32,103.5
蒜蓉蒸娃娃菜,40.66,2.8,0.49,7.77,120.5
炝炒黄瓜娃娃菜,49.1,1.47,3.2,4.44,167.0
鲜灼小油菜,109.52,2.49,9.29,6.25,63.0
鲜灼油麦菜,28.23,1.3,1.34,3.91,209.0
紫米花生米糊,71.25,2.53,3.03,8.88,240.0
芝麻杏仁粥,101.14,2.9,3.63,14.58,263.0
芝麻麦芽糖蒸核桃,121.84,2.9,10.65,4.52,249.5
核桃芝麻薏米粥,99.62,2.78,4.07,13.47,260.0
芝麻核桃仁粳米粥,104.3,2.71,5.82,10.92,256.0
杂粮粥,143.44,5.16,5.43,19.46,320.0
杂粮蒸饭,223.23,7.59,9.17,28.94,155.0
杂粮饭团,340.0,17.4,12.41,45.28,75.0
银耳杏仁白果羹,94.4,3.63,5.56,8.46,250.0
薏米芝麻双仁羹,106.67,3.38,6.34,9.65,255.0
薏米花生糊,78.6,2.85,3.47,9.3,243.0
薏米核桃粥,123.7,3.01,6.76,13.33,270.0
腰果西蓝花,179.03,8.01,14.13,7.36,133.5
腰果莴笋炒山药,153.76,5.32,10.31,11.08,179.5
腰果葱油白菜心,104.18,4.42,7.51,5.69,131.5
腰果炒玉米粒,163.53,5.81,10.23,13.41,175.5
腰果炒空心菜,183.39,7.05,13.34,11.26,138.5
盐焗核桃仁,653.54,14.08,60.28,18.05,63.5
杏仁银耳润肺汤,97.66,3.42,5.43,10.39,128.0
杏仁松子甜粥,99.2,2.67,5.62,10.0,251.0
杏仁松子大米粥,99.2,2.67,5.62,10.0,251.0
杏仁山药玉米粥,81.37,3.13,4.16,8.57,351.5
杏仁芹菜蜜汁,178.72,5.09,14.11,9.43,70.5
杏仁芹菜拌茼蒿,156.33,6.26,11.32,8.88,201.5
杏仁苦瓜,145.79,4.6,8.84,13.38,136.5
杏仁拌茼蒿,122.91,4.87,8.65,7.56,185.5
杏仁百合白萝卜汤,41.27,1.58,1.86,5.23,378.0
小米芝麻杂粮豆浆,116.1,3.17,6.24,12.79,267.0
小米白扁豆七谷粥,97.31,3.1,3.69,13.48,260.0
小麦核桃红枣豆浆,91.76,3.76,4.5,10.22,255.0
香辣粉丝核桃仁,383.92,5.8,17.92,51.35,99.5
香菇花生,507.69,20.86,36.07,30.07,45.5
香菜干丝,200.0,7.98,15.17,8.82,101.5
香菜拌洋葱,161.77,6.1,10.63,11.47,146.5
香拌藕片,150.16,5.49,9.94,10.89,156.5
西芹百合炒腰果,159.64,5.19,10.93,12.01,168.5
西红柿拌核桃仁,146.92,3.02,11.55,9.34,186.5
五子杂粮粥,462.86,12.13,23.27,53.39,70.0
五香盐水花生,584.25,23.43,46.58,20.5,63.5
五仁大米饭,226.67,6.67,11.6,24.78,195.0
五红汤,67.2,3.05,2.76,8.0,250.0
莴笋黄瓜小炒菜,96.17,3.48,4.97,10.2,209.0
甜杏仁绿豆海带汤,86.23,4.18,4.55,7.78,305.0
甜橙核桃仁沙拉,100.9,2.29,6.7,8.67,167.5
糖霜花生,576.7,21.67,44.54,24.8,51.5
笋片花生,228.95,10.69,15.92,11.83,186.5
酸辣米粉,375.71,5.73,10.1,66.39,70.0
松仁甜玉米粥,100.19,1.99,4.19,15.1,265.5
松子银耳稀饭,244.76,5.36,13.8,27.24,105.0
松子豌豆炒干丁,194.46,7.13,13.28,12.94,144.5
松子胡萝卜丝,216.97,3.65,19.04,9.65,82.5
松子炒丝瓜,138.64,2.83,11.45,7.37,169.5
松仁玉米炒黄瓜丁,142.09,4.51,8.67,12.53,205.5
松仁豌豆炒玉米,174.94,4.84,9.71,18.68,211.5
松仁丝瓜,115.45,2.7,9.45,6.27,184.5
松仁山药炒玉米,125.5,3.37,6.83,13.86,272.5
松仁荷兰豆,141.82,3.51,11.56,7.13,137.5
松仁豆腐,161.48,5.47,13.75,5.76,215.5
松仁菠菜,86.48,2.09,7.87,2.51,336.5
爽口花生,121.21,5.15,8.07,7.8,181.5
什锦蔬菜稀饭,69.02,2.2,2.73,9.62,255.0
山药杏仁银耳羹,116.5,4.45,6.94,10.67,200.0
山药杏仁糊,80.55,2.7,3.83,9.33,365.0
三色菜花,156.18,6.26,11.67,7.57,141.5
芹菜拌木耳,213.97,9.01,11.41,23.41,200.5
芹菜拌花生,194.72,7.7,14.61,9.29,151.5
芹菜拌核桃仁,170.79,3.95,14.85,6.82,133.5
葡萄干松仁粥,76.03,1.43,3.02,11.02,242.0
泡椒花生,491.5,19.74,38.73,18.31,76.5
嫩南瓜沙拉,100.63,2.48,7.44,7.03,160.0
南瓜核桃沙拉,160.56,3.1,13.72,7.42,177.5
木耳百合红枣汤,103.47,4.04,3.05,17.85,288.0
猕猴桃杏仁沙拉,123.37,4.17,7.89,10.36,207.5
马蹄玉米炒核桃,183.66,4.37,12.01,16.24,177.5
麻辣花生豆,494.02,19.3,39.28,18.22,58.5
绿豆杏仁百合甜汤,77.69,3.62,2.7,10.33,260.0
萝卜缨拌豆腐,134.63,6.84,10.04,5.13,180.5
萝卜羹,273.85,7.66,1.25,59.4,65.0
凉薯花生露,78.86,2.66,4.23,7.99,317.0
凉拌三丁,125.33,4.95,8.31,8.2,187.5
凉拌腐竹花生米,211.8,14.75,12.48,10.74,178.0
老干妈拌黄瓜,150.53,5.95,10.96,7.65,141.5
老醋木耳拌花生仁,256.83,10.39,11.91,33.14,135.5
老醋黄瓜拌花生,109.72,5.02,6.92,7.66,247.0
老醋花生,253.62,10.35,16.2,20.08,186.5
辣炒花生毛豆,381.9,17.86,28.39,16.14,110.5
口水香干,213.9,11.21,14.53,10.42,201.5
烤蜜汁核桃,635.48,14.44,56.97,20.92,62.0
菊花核桃粥,59.3,1.47,2.19,8.89,285.0
芥蓝腰果炒香菇,233.02,8.72,17.9,11.7,157.5
椒盐花生,510.2,20.42,40.3,18.93,73.5
酱爆藕丁,227.07,9.62,14.42,16.31,114.5
坚果糯米粥,106.27,3.06,6.33,9.93,255.0
坚果萝卜丝,245.16,7.76,18.65,13.45,139.5
茴香花生米,236.97,10.6,17.58,10.64,165.0
黄瓜丁拌豆干,206.87,10.68,14.48,9.24,145.5
黄瓜拌花生,196.7,7.96,14.61,9.16,151.5
花生芝麻蒸茄子,137.34,4.7,10.0,8.19,191.5
花生蒸韭菜,112.03,5.32,6.69,9.28,120.5
花生土豆片,259.89,9.52,17.56,17.1,93.5
花生仁凉拌面,253.33,9.67,11.25,29.22,120.0
花生米菜粥,81.3,2.47,2.98,11.49,307.5
花生米拌苦菊,165.93,7.89,11.79,8.4,135.0
花生凉拌黄瓜卷,123.92,4.67,8.69,7.15,127.5
花生凉拌胡萝卜菠菜,146.96,6.61,9.99,8.84,156.5
花生凉拌海带,116.27,5.19,8.23,5.88,187.5
花生莲藕绿豆羹,61.02,2.97,2.35,7.65,295.0
花生夹丝豆腐干,187.37,8.3,13.48,9.34,142.5
花生红小豆浆,69.58,3.65,2.83,7.96,240.0
花生黑芝麻糖包,438.55,18.06,17.24,54.65,83.0
花生核桃糖酥饼,475.51,17.4,24.58,48.57,98.0
花生豆浆,93.39,4.26,3.61,11.55,257.0
花生菠菜粥,64.48,2.41,2.42,8.56,290.0
花生拌芹菜,228.66,9.41,17.18,10.44,167.5
花生拌芦笋,154.43,7.63,11.18,7.45,197.5
花生拌菠菜（辣味）,190.27,8.76,13.55,9.65,164.5
花生拌白萝卜,138.11,5.65,10.03,7.54,153.5
琥珀花生,565.08,23.62,42.19,25.43,63.0
胡萝卜大杏仁沙拉,173.49,6.39,12.8,10.02,124.5
红枣杏仁小米粥,109.81,3.52,5.45,12.35,265.0
红豆腰果燕麦粥,83.2,3.66,3.12,10.94,250.0
红豆松仁双米饭,249.09,8.53,10.3,32.78,110.0
红豆花生饭,181.18,7.32,8.01,20.78,170.0
红豆黑米粥,78.8,2.99,2.86,10.88,250.0
黑芝麻杏仁粥,100.39,3.26,5.2,10.68,255.0
黑米黑豆黑木耳粥,108.44,4.54,4.24,15.24,320.0
黑米核桃浆,75.83,1.91,3.94,8.72,240.0
黑米核桃黄豆浆,105.66,5.03,5.08,11.12,265.0
黑米核桃豆浆,101.15,4.31,4.86,10.92,260.0
黑豆三仁豆浆,125.56,7.33,8.01,7.49,270.0
核桃芝麻山药浆,238.04,6.67,16.17,18.51,92.0
核桃黑豆牛奶,82.08,4.68,5.33,4.7,240.0
核桃芝麻粥,127.19,4.01,7.04,12.83,320.0
核桃芝麻米浆,103.53,2.74,5.88,10.55,255.0
核桃芝麻百合汤,70.91,2.07,4.55,6.22,330.0
核桃杏仁燕麦糊,110.2,3.52,7.05,9.0,255.0
核桃杏仁甜汤,142.75,4.28,11.94,5.6,262.0
核桃仁粥,92.16,2.12,3.6,13.24,255.0
核桃仁芹菜炒香干,220.53,9.64,16.27,10.18,209.5
核桃仁炒饭,121.18,2.97,5.42,16.22,170.0
核桃苹果拌菠菜,114.08,2.95,7.4,10.18,273.5
核桃木耳沙拉,157.18,6.18,6.95,22.72,170.5
核桃木耳八谷粥,122.78,4.3,4.08,20.06,316.0
核桃蜜豆浆,83.54,4.53,5.3,5.63,243.0
核桃花生糖三角,254.3,9.47,11.12,30.66,151.0
红枣核桃豆浆,70.62,1.88,2.9,10.05,320.0
核桃枸杞粥,90.87,2.22,3.52,12.97,263.0
核桃大米粥,105.34,2.34,4.63,14.0,262.0
核桃炒豆角,149.83,3.78,11.23,10.26,151.5
核桃百合玉米粥,76.43,1.96,2.34,12.28,280.0
荷兰豆炒腰果,183.28,6.62,13.75,9.99,149.5
果仁凉拌西葫芦,208.03,8.14,16.13,9.0,149.5
枸杞核桃粥,421.25,10.14,22.49,46.42,80.0
枸杞核桃豆浆,85.31,4.77,5.27,5.97,245.0
宫保杏鲍菇（快手版）,131.58,4.39,8.59,10.34,114.0
宫保豆腐,182.24,9.06,13.26,7.78,129.5
高粱小米七谷粥,108.08,3.15,5.82,11.43,260.0
腐竹花生拌木耳,216.82,12.04,8.65,27.84,160.5
粉丝拌菠菜,212.53,5.89,8.51,29.56,191.5
番茄松仁沙拉,103.33,1.59,5.77,12.46,270.0
大枣花生玉米面(黄)发糕,373.85,10.23,11.02,61.25,65.0
大杏仁炒西芹,185.33,5.92,14.49,9.85,129.5
醋花生木耳,250.18,10.16,12.31,31.23,139.5
菠菜坚果沙拉,211.8,7.5,15.91,11.43,161.0
菠菜核桃仁沙拉,117.31,3.06,8.42,8.3,193.5
香浓八宝粥,114.34,4.82,2.97,17.73,286.0
八宝饭,389.57,12.18,19.36,44.11,115.0
八宝菠菜,212.53,7.48,16.63,9.95,207.5
核桃仁拌菠菜,140.98,4.06,11.58,6.25,122.0
小米燕麦片甘薯粥,82.46,2.74,2.53,12.95,325.0
花生小米粥,72.4,2.61,3.02,9.0,250.0
核桃仁炒西蓝花,123.51,4.69,9.91,5.86,125.5
西芹炒腰果,118.67,3.82,8.91,7.58,120.5
腰果炒蔬菜丁,243.22,8.12,18.49,12.65,99.5
腰果四宝蔬,248.13,9.05,19.78,11.12,93.5
红椒腰果炒西蓝花,232.16,8.64,18.59,10.1,99.5
百合鲜豆炒腰果,254.55,9.47,19.23,13.45,104.5
鲜豆炒腰果,263.49,10.14,21.26,10.77,94.5
腰果炒胡萝卜,175.8,5.35,13.71,10.09,78.5
腰果胡萝卜炒扁豆,159.56,5.88,11.79,9.56,91.5
芝麻拌菠菜,101.27,4.9,6.11,8.02,118.5
芝麻拌莴笋,95.36,3.22,6.78,6.35,118.5
杞子芝麻拌菠菜,104.82,4.4,6.5,8.48,176.5
芝麻空心菜,179.59,6.2,12.41,13.52,73.5
蒜泥芝麻海带,82.23,3.12,4.94,7.23,143.5
蒜泥芝麻生菜,118.03,4.36,7.86,9.05,91.5
蒜泥芝麻油麦菜,94.35,3.31,6.73,6.66,124.0
花生胡萝卜拌芹菜,137.38,5.2,9.92,7.94,156.5
花生碎凉拌白菜,105.93,4.55,7.5,5.78,118.0
花生碎凉拌黄瓜,155.64,6.23,11.65,7.2,133.0
花生碎胡萝卜凉拌黄瓜,139.22,5.55,10.15,7.31,153.0
花生碎拌菠菜,112.71,5.4,7.58,6.71,118.0
花生碎胡萝卜拌菠菜,100.72,4.76,6.51,6.91,138.0
花生碎拌莴笋,154.89,6.38,11.57,7.12,133.0
花生碎拌莴笋海带丝,116.39,4.97,8.44,5.75,183.0
花生碎拌莴笋黄瓜丝,95.28,3.99,6.69,5.31,233.0
花生碎拌莴笋胡萝卜丝,126.59,5.14,8.94,7.35,173.0
花生碎拌蔬菜丝,108.37,4.53,7.65,6.0,203.0
花生碎拌胡萝卜,167.67,6.38,11.65,11.11,133.0
花生碎拌苋菜,169.92,7.74,11.8,9.45,133.0
花生碎拌海带,153.38,6.53,11.57,6.59,133.0
花生碎胡萝卜拌海带,125.43,5.25,8.94,6.94,173.0
花生碎拌油菜,154.14,6.61,11.87,6.52,133.0
腐竹花生拌黄瓜,194.57,12.02,11.88,10.76,110.5
腐竹花生拌芹菜,137.07,8.27,8.24,8.44,160.5
腐竹花生拌海带丝,138.32,8.65,8.21,8.06,160.5
腐竹花生拌胡萝卜,231.09,13.95,9.41,27.52,170.5
腐竹花生拌菠菜,161.29,11.17,9.06,9.6,170.5
腐竹花生拌莴笋,157.77,10.7,9.0,9.1,170.5
豆干花生拌黄瓜,151.04,7.33,10.11,8.56,120.5
豆干花生拌芹菜,109.68,5.18,7.2,7.01,170.5
豆干花生拌海带丝,110.85,5.53,7.17,6.66,170.5
豆干花生拌胡萝卜,185.6,9.07,7.79,24.42,180.5
豆干花生拌菠菜,114.96,5.94,7.23,7.37,170.5
豆干花生拌莴笋,120.73,6.46,7.61,7.15,190.5
豆腐皮花生拌黄瓜,213.28,16.46,13.02,9.28,120.5
豆腐皮花生拌芹菜,153.67,11.64,9.26,7.52,170.5
豆腐皮花生拌海带丝,154.84,11.99,9.23,7.17,170.5
豆腐皮花生拌胡萝卜,241.0,17.2,10.38,25.06,180.5
豆腐皮花生拌菠菜,158.94,12.4,9.29,7.88,170.5
豆腐皮花生拌莴笋,186.35,16.09,10.68,7.92,190.5
白菜烧芋头,55.95,1.32,3.47,5.63,155.5
白菜粥,42.86,1.16,0.16,9.45,343.0
白萝卜拌甘蓝,34.78,1.07,0.28,7.8,138.0
白萝卜炒鸡蛋,96.49,5.78,6.68,3.86,156.5
白萝卜排骨扇贝汤,39.15,2.85,2.76,0.9,470.0
白灼娃娃菜,22.97,2.44,0.23,4.03,104.5
本帮红烧炖肉,355.75,12.11,29.29,10.53,56.5
扁鱼卤白菜,53.66,5.66,2.36,2.64,287.0
菠菜蛋花汤,28.39,2.34,1.6,1.34,465.0
菠菜平菇炒肉,110.96,5.55,7.62,5.56,223.5
菠菜猪肉炖粉条,161.6,4.58,8.32,17.48,174.5
彩椒玉米粒炒火腿,109.09,4.07,4.97,13.31,170.5
菜花炒猪肉,116.67,4.84,9.81,3.2,192.0
菜花腐竹炒火腿,169.8,11.49,9.86,9.53,122.5
菜心猪骨粥,93.18,4.55,3.45,11.17,220.0
草菇彩椒炒肉丝,113.0,5.32,8.93,3.64,188.5
炒苋菜,54.31,3.0,2.3,6.18,156.5
炒有机花菜,167.33,6.45,14.9,2.48,125.5
赤小豆薏米百合粥,174.74,5.83,2.64,33.03,95.0
葱香焖烧虾,81.59,9.59,3.01,4.32,176.5
大米南瓜粥,59.38,1.39,0.17,13.23,160.0
大小米粥,118.0,2.82,0.67,25.39,150.0
蛋花牛肉粥,45.47,3.87,1.35,4.48,475.0
蛋饺,242.42,13.5,18.89,4.81,115.5
冬笋烧肉,137.54,6.77,9.55,6.25,174.5
豆瓣酱烧鲫鱼,89.67,8.93,3.21,6.7,198.5
豆腐粉丝炖排骨,225.55,8.85,13.25,18.16,250.5
豆腐皮炒香肠,463.6,44.49,27.72,12.05,130.5
豆腐香菇烧肉,158.78,7.21,11.31,7.95,213.5
豆角五花肉焖面,172.5,6.48,4.83,26.66,200.0
豆角西葫芦炒火腿,58.91,3.99,2.22,6.14,129.0
炖鲫鱼汤,24.22,3.21,0.52,1.89,450.0
番茄白菜炒火腿,62.06,3.19,3.48,5.17,311.0
番茄炒花菜,44.19,1.18,3.03,4.1,176.5
番茄炒山药,54.22,1.27,2.75,6.76,195.5
番茄豆腐,62.44,2.87,4.4,3.77,213.0
番茄骨汤,38.53,2.55,2.68,1.28,353.0
番茄酱烧大虾,104.91,16.85,2.27,4.21,193.5
番茄酱娃娃菜,60.43,2.42,4.44,3.86,117.5
番茄焖牛肉,51.58,4.95,2.11,3.72,205.5
番茄蘑菇炖鲳鱼,72.76,5.85,2.8,6.59,306.5
番茄牛肉拉面,57.17,3.3,0.33,10.45,460.0
番茄烧矮瓜,38.28,0.96,2.58,3.64,209.0
蕃茄排骨粥,45.32,2.27,2.02,4.62,470.0
粉丝炒火腿肠,268.12,6.63,7.28,44.23,114.5
家常粉丝娃娃菜,115.01,1.76,0.21,27.38,176.5
粉丝蒸豆腐,197.13,5.9,8.04,25.81,209.0
粉丝蒸鱿鱼,169.23,12.96,5.26,17.47,123.5
甘蓝虾仁拌粉丝,138.96,5.35,2.49,24.19,231.0
干煸基围虾,92.76,12.1,2.59,5.49,186.5
干煎草鱼,157.22,15.49,8.77,5.99,93.5
干烧鲤鱼,94.06,8.86,3.36,7.65,193.5
菇蒸鸡蒸菜,165.69,18.52,5.21,13.34,221.5
骨菇汤,61.2,4.12,4.41,1.42,451.0
海参粥,30.81,2.23,0.08,5.31,422.0
海带炖豆腐,98.64,4.92,8.05,2.07,183.5
海米焖冬瓜,62.45,2.54,4.51,3.38,118.5
海米粥,39.3,1.41,0.17,8.2,402.0
蚝油大虾,105.69,16.93,0.94,7.54,123.0
蚝油烧茭白,46.15,0.81,2.39,5.42,221.0
蚝油烧茄子,50.0,0.92,2.38,6.5,226.0
蚝油茼蒿,22.5,1.43,0.21,4.0,160.0
红椒毛豆炒肉,140.2,6.75,10.59,5.85,150.5
红烧牛腩炖粉条,198.33,14.38,3.37,27.63,179.5
香甜甘薯粥,33.89,0.72,0.09,7.71,360.0
红枣糕,330.88,9.38,1.51,72.0,68.0
胡萝卜炒饭,98.42,2.26,0.28,22.15,190.0
胡萝卜炒土豆片,77.43,1.81,2.58,12.75,210.5
胡萝卜炖土豆块,97.76,1.7,2.43,18.17,223.0
胡萝卜香菇鸡肉丁,78.01,7.64,2.29,7.81,191.0
淮杞炖鸡肉汤,37.56,3.83,0.36,5.11,418.0
黄瓜炒蛋,87.01,5.23,6.26,2.62,165.5
黄瓜鸡蛋炒火腿,90.02,7.61,5.6,2.41,215.5
黄瓜鸡蛋炒虾仁,97.65,13.16,3.73,2.88,234.5
黄金蛋炒饭,123.89,6.1,3.07,18.07,180.0
火腿肠青椒炒腐竹,178.14,14.69,9.46,9.48,155.5
火腿豆腐炖鱼,131.49,10.45,6.48,8.81,252.5
火腿青椒炒胡萝卜,69.33,4.67,3.55,5.61,200.5
火腿丝瓜炒鸡蛋,84.92,7.89,4.67,3.17,215.5
火腿香菇炖白萝卜,49.21,3.5,2.57,3.93,158.5
鸡蛋韭菜炒彩椒,86.17,6.18,5.43,4.02,155.5
鸡蛋粥,41.1,2.27,1.46,4.78,438.0
鸡肉青菜粥,27.56,1.95,0.21,4.54,450.0
鸡肉沙拉,54.59,6.76,2.09,2.3,207.0
鸡肉粥,31.89,1.97,0.42,5.0,461.0
鲫鱼炖豆腐皮,305.18,35.57,15.35,8.47,183.5
鲫鱼番茄汤,41.4,3.75,2.11,2.01,401.0
鲫鱼汤枸杞浸苋菜,32.31,4.37,0.68,2.41,390.0
家常土豆白菜炖猪肉,150.81,6.17,11.09,7.16,154.5
尖椒酱炒鸡蛋,188.31,10.14,13.7,6.7,162.5
煎豆腐炒油麦菜,84.8,3.65,6.54,3.88,204.0
豇豆炒茄子,48.75,1.61,2.53,6.25,219.5
金不换烤海虾,87.03,12.31,2.25,4.86,173.5
韭菜鸡蛋馅饼,173.12,10.57,4.13,24.46,160.0
韭黄炒鱿鱼丝,81.23,11.77,3.1,1.52,146.5
菊花草鱼,152.07,13.06,6.63,10.25,108.5
菌菇焖饭,190.2,4.95,0.59,42.33,102.0
咖喱土豆鸡肉饭,92.54,7.58,0.75,14.29,228.0
咖喱浓汁土豆牛肉,113.0,10.31,1.47,14.87,100.0
咖喱猪肉,93.18,6.28,2.91,11.05,256.5
开水娃娃菜,32.94,2.0,1.28,3.43,212.5
烤草鱼,122.58,10.39,5.3,8.67,139.5
苦瓜大米粥,32.42,0.76,0.09,7.26,327.0
苦瓜芹菜炒虾,78.51,10.16,2.68,3.54,228.0
懒人版黄焖鸡,165.99,18.27,7.97,6.56,123.5
老母鸡汤,38.89,5.04,1.68,1.02,414.0
凉拌蓑衣黄瓜,42.2,1.19,1.11,6.76,109.0
凉拌燕麦面,204.52,5.07,4.71,36.98,110.5
芦笋百合炒火腿,70.03,4.79,2.67,7.74,148.5
芦笋牛肉炒饭,98.33,7.03,1.66,14.15,240.0
萝卜猪肉丸子,155.94,6.69,11.14,7.61,172.5
毛豆烧黄鱼,118.47,14.91,3.5,7.61,157.0
家常猪肉饺子,347.37,15.42,15.58,37.32,95.0
焖淡菜,99.6,11.08,4.08,4.57,123.5
蜜汁辣酱鱿鱼,97.46,10.23,2.82,7.99,177.5
蘑菇油菜,46.63,1.8,3.42,3.1,163.0
奶香麦片粥,55.34,2.09,1.48,8.61,580.0
南瓜清炖土豆,48.8,1.54,0.14,10.66,125.0
南瓜小米糊,37.69,0.96,0.32,7.94,260.0
南瓜蒸发糕,182.87,8.01,2.25,33.8,181.0
牛腩炖口蘑,241.08,32.26,5.14,22.21,148.5
牛肉炒小白菜,56.32,5.66,0.85,7.48,190.0
拍青黄瓜,75.5,1.12,4.22,8.27,124.5
排骨大虾粥,40.69,3.01,1.06,4.77,435.0
排骨炖豆腐皮,359.58,28.52,25.97,4.36,143.5
皮蛋火腿粥,77.3,3.79,1.95,11.21,370.0
皮蛋苦瓜粥,32.83,1.53,0.77,5.07,460.0
皮蛋上汤苋菜,50.54,3.1,3.2,2.55,370.0
皮蛋瘦肉蔬菜粥,40.9,2.8,1.2,4.8,445.0
平菇青椒炒肉,127.73,5.23,10.48,4.01,160.5
茄子炖鱼,74.66,8.27,3.53,2.89,183.5
芹菜羊肉丝,83.29,7.18,4.22,4.44,176.5
芹菜叶鸡蛋汤,17.02,1.42,0.77,1.25,382.0
青椒炒蘑菇,122.72,4.92,9.93,4.47,191.5
青椒茭白,43.53,1.2,1.53,7.66,243.5
清炒洋葱青椒丝,53.33,1.03,2.86,6.47,187.5
清炖羊肉,112.0,10.65,6.21,3.5,112.5
清蒸河蟹,117.07,16.09,2.35,7.7,123.0
清蒸梭子蟹,84.06,12.96,2.54,2.49,138.0
肉片炒腐竹豆角,209.55,14.24,13.49,8.66,188.5
沙拉汁拌三丝,129.57,0.95,6.13,18.34,150.5
砂锅豆腐白菜炖肉,134.34,7.11,11.03,2.43,199.5
山药白粥,29.52,0.71,0.08,6.57,437.0
山药炒彩椒,65.2,1.68,2.4,10.1,136.5
山药炒口蘑,115.56,11.16,2.42,14.72,202.5
山药排骨汤,77.87,3.69,4.91,4.89,470.0
山楂枸杞米粥,59.03,1.38,0.17,13.11,310.0
烧鱼块,90.97,9.76,5.34,1.23,138.5
烧汁茄子,94.69,2.9,6.59,6.37,235.5
生滚皮蛋瘦肉粥,34.19,2.7,1.22,3.17,430.0
生滚鱼片粥,95.0,4.68,1.11,16.95,240.0
生炸鸡中翅,218.24,17.03,9.43,16.85,159.0
手撕杏鲍菇,50.76,1.27,1.95,8.16,163.5
蔬菜粥,30.72,0.95,0.12,6.82,345.0
爽口酸辣瓜条,65.49,1.13,4.62,4.88,113.0
丝瓜鸡蛋汤,24.34,2.42,1.29,0.86,415.0
酥鱼,121.32,9.28,7.69,4.15,227.5
素炒香菇芹菜,47.86,1.47,1.73,7.95,198.5
素炒油菜鸡蛋,85.12,5.52,6.35,2.17,168.0
素什锦,75.82,3.1,4.46,6.52,182.0
酸辣黄瓜娃娃菜,55.81,1.85,3.45,5.78,172.0
蒜苗炒鸡肉,92.06,9.16,4.03,5.27,157.5
蒜蓉娃娃菜,71.37,2.66,4.63,6.51,120.5
糖渍西红柿,29.81,0.87,0.19,6.98,104.0
糖醋大鲤鱼,148.57,16.09,7.18,4.98,87.5
甜面酱肉沫茄子,113.45,4.21,8.9,4.71,137.5
土豆炒尖椒,104.43,2.26,5.2,12.99,101.5
土豆炒辣椒,111.59,2.39,4.5,15.96,116.5
土豆豆角炒里脊,153.89,6.25,10.66,8.88,160.5
土豆片炒干豆腐,167.62,15.13,6.19,14.47,191.5
土豆片炒牛肉,97.96,5.97,3.21,11.72,196.0
土豆茄子炖猪肉,132.81,4.77,9.81,6.84,192.0
土豆烧豆角,157.94,5.07,9.78,12.86,214.0
土豆烧南瓜,79.7,1.48,3.84,10.17,135.5
土豆烧芹菜,70.36,1.36,3.45,9.33,153.5
土豆丝芹菜炒肉,124.47,3.95,7.63,10.4,188.0
土豆小饼,117.06,6.24,3.15,16.36,170.0
土豆蒸面,143.08,4.7,0.37,31.04,195.0
土豆粥,29.88,0.77,0.08,6.64,425.0
瓦罐牛肉,83.37,12.31,2.86,2.5,213.5
乌江鱼,110.29,11.53,6.03,3.02,189.5
乌云托月,29.26,2.83,1.41,1.57,372.5
五彩火腿炒玉米粒,74.3,3.56,2.98,9.29,231.5
五花肉炖山药,151.89,5.79,11.47,6.76,145.5
西红柿冬瓜烧虾仁,109.43,8.92,2.08,14.1,291.5
西红柿鸡蛋热汤面,75.28,3.81,1.71,11.37,360.0
西红柿莴笋,31.33,1.1,1.62,3.72,207.5
西葫芦饼,53.14,3.05,1.68,7.07,175.0
西葫芦炒豆腐,71.46,3.62,5.04,3.43,208.5
西兰花胡萝卜炒山药,68.47,2.14,3.72,7.77,147.5
西兰花鸡蛋炒饭,99.46,6.25,3.08,12.28,185.0
西兰花虾仁炒饭,80.0,7.45,0.48,11.99,185.0
虾仁烩山药,142.79,12.56,1.84,19.44,218.5
虾仁烩丝瓜,127.96,11.75,1.75,16.66,223.5
香菜牛肉粥,31.9,2.52,0.3,4.79,420.0
香葱猪肝粥,36.16,2.41,0.52,5.53,365.0
香菇炒韭菜,54.02,2.19,3.54,4.79,155.5
香菇豆角卤肉面,157.41,6.33,5.86,20.71,270.0
香菇虾米粥,33.33,1.6,0.15,6.64,330.0
香芹皮蛋粥,35.8,1.59,0.87,5.48,405.0
小白菜蒸鸡腿,79.61,10.71,3.65,1.41,206.0
小葱拌土豆丝,111.3,2.72,4.39,15.62,119.5
小米百合粥,53.9,1.31,0.27,11.73,295.0
大米小米粥,70.8,1.69,0.4,15.23,250.0
小米枸杞粥,41.75,1.28,0.33,8.84,285.0
小米麦片粥,61.0,1.96,0.75,11.91,300.0
香浓小米粥,40.0,1.0,0.35,8.35,225.0
滋养小米粥,32.73,0.82,0.28,6.83,275.0
蟹肉粥,59.18,6.35,0.93,6.49,365.0
雪菜炖鲳鱼,63.14,5.15,3.29,3.46,340.5
鸭肉粥,37.81,2.02,0.26,6.89,365.0
燕麦粥,57.0,1.5,0.09,12.88,300.0
羊肉鲜包,273.33,17.33,3.3,44.46,90.0
洋葱爆炒鱿鱼卷,110.43,10.5,2.82,10.96,163.0
洋葱爆炒猪里脊,228.94,6.82,15.87,14.83,117.5
洋葱胡萝卜炒肉,162.81,5.49,13.2,6.01,142.5
洋葱黄瓜炒鸡蛋,81.76,4.34,4.83,5.56,216.5
洋葱鸡蛋烧排骨,168.89,9.8,12.62,4.51,247.5
洋葱焗带鱼,98.17,10.75,4.74,3.42,136.5
洋葱蒸排骨,173.56,8.5,11.1,10.26,208.0
薏仁小米枣粥,67.1,1.86,0.54,13.98,310.0
鱿鱼炒番茄,52.44,6.87,1.93,2.26,246.0
鱿鱼瘦肉粥,42.22,4.14,0.71,4.88,405.0
鱼片豆腐汤,26.15,4.32,0.56,1.12,455.0
玉米炖猪排,204.89,11.65,13.53,9.68,163.5
玉米粒炒胡萝卜,114.97,2.47,4.1,18.39,147.0
玉米面馒头,386.54,13.95,6.35,70.0,104.0
玉米面蒸鸡蛋,232.5,9.95,4.81,39.4,120.0
玉米山药粥,32.68,0.75,0.12,7.35,358.0
芋头焖鱼,91.29,7.8,2.83,8.96,189.5
榨菜青椒炒肉丝,165.32,6.02,14.09,3.7,86.5
芝士焗虾,149.32,19.43,6.65,2.86,148.0
猪肝炖粥,34.06,2.13,0.46,5.37,414.0
猪肝生菜粥,29.78,2.07,0.45,4.45,460.0
滋补猪肝枸杞叶汤,40.89,5.94,1.61,0.68,225.0
猪肉白菜炖粉条,165.27,4.72,10.58,13.25,178.5
竹笋炒鸡肉,72.98,7.6,1.96,6.71,216.5
孜然炒鱿鱼,105.68,14.42,4.33,2.7,114.5
元宝蛋卤红烧肉,252.36,12.51,19.92,5.43,116.5
鹌鹑蛋豆腐,174.76,9.42,12.6,6.38,206.0
鹌鹑蛋煲鸡翅,187.8,14.2,12.55,4.24,123.0
鹌鹑蛋煲牛腩,162.32,15.65,10.3,1.72,103.5
鹌鹑蛋煲排骨,257.23,14.11,19.96,5.21,162.5
元宝蛋烧五花肉,247.7,12.32,19.43,5.92,119.5
奥尔良鸡翅,219.91,18.09,13.74,5.73,105.5
奥尔良烤全翅,207.62,18.11,11.05,8.84,105.0
奥尔良蜜汁烤翅,213.17,15.75,12.12,10.17,121.5
八珍卤鸡,175.1,16.88,7.81,9.12,124.5
香甜拔丝红薯,118.42,0.66,4.57,19.59,114.0
香甜拔丝芋头,117.03,1.95,4.52,17.66,114.5
白菜烧大虾,70.2,10.7,1.63,3.25,226.5
白菜炒香米饭,75.2,2.12,0.3,16.5,125.0
白菜烩粉条,73.02,1.36,2.45,12.54,220.5
白菜煸火腿,71.11,6.1,4.44,2.23,157.5
白菜煎鸡蛋,85.8,5.6,6.32,2.32,165.5
白菜肉丝,126.65,5.21,10.86,2.69,174.5
白菜烩虾仁,154.32,14.42,2.16,19.59,179.5
白菜烧猪肉,127.57,5.54,11.2,1.82,150.5
酱香白菜豆腐汤,23.53,1.71,1.18,1.9,510.0
白菜烧鲫鱼,72.63,8.31,2.91,3.54,184.5
白菜烧虾,100.81,12.47,3.05,5.88,184.5
白菜猪肉烩粉条,188.18,6.73,13.33,10.7,228.5
白菜青椒炒火腿肠,88.04,4.51,5.38,6.02,196.5
肉末粉丝炒白菜,141.07,3.87,7.76,14.63,159.5
白菜炒香肠,147.13,5.85,11.79,4.75,130.5
白菜土豆炒面,134.15,5.29,1.59,25.54,205.0
白菜鲜虾炒粉条,115.71,11.56,2.06,12.77,200.5
火腿蒸白菜,77.81,5.44,3.55,6.71,155.5
肉沫白菜卷,84.33,4.43,6.97,1.84,134.0
白瓜煎鸡蛋,84.59,5.29,6.14,2.44,165.5
白萝卜烩牛肉,72.07,5.76,3.53,4.83,179.0
白萝卜煨排骨,166.2,9.6,13.21,2.7,177.5
家常白切鸭,220.08,12.78,18.3,1.16,124.5
清炖鲫鱼,28.54,3.33,1.12,1.54,483.5
白雪菇炒腊肠,220.54,22.77,8.02,18.61,204.5
白雪菇炒瘦肉,309.62,25.22,16.54,19.32,104.0
白雪菇蛋炒饭,164.35,13.63,5.13,18.02,216.0
焖烧鮰鱼,124.19,9.78,4.84,10.59,138.5
蒜汁白肉,289.43,11.9,25.47,3.24,123.0
白灼油菜心,58.18,1.36,4.91,3.14,110.0
白灼芥蓝,51.74,2.97,3.44,3.99,158.5
家常白灼芦笋,44.98,2.55,2.97,3.25,104.5
白灼鲜鲈鱼,165.22,9.13,12.66,4.29,184.0
家常白灼明虾,104.42,12.96,4.14,3.74,124.5
白灼鲜虾,112.45,17.98,3.18,2.78,124.5
百合红枣蒸金瓜,122.18,1.67,2.69,23.87,119.5
百合莲子薏米粥,53.56,1.69,0.23,11.29,295.0
爽口拌黄瓜,24.62,0.94,0.81,3.44,166.5
西红柿炒莲花白,45.35,1.52,2.47,4.88,220.5
爆炒大头菜,52.26,1.45,2.57,6.32,210.5
炝炒西兰花火腿,74.39,4.69,4.4,5.27,142.5
炝炒虾仁,97.69,11.54,2.99,6.07,238.5
炝爆小河虾,107.0,15.65,3.97,2.22,178.5
炝爆小龙虾,125.56,17.5,3.34,6.25,133.0
炝爆洋葱牛肉,110.66,6.31,3.86,13.05,173.5
炝炒鱿鱼卷,79.38,6.69,2.45,8.22,162.5
溜肝片,133.9,12.52,4.7,10.68,175.5
马蹄明虾炒毛豆,121.96,7.49,6.05,10.02,193.5
扁豆烩面,184.65,6.29,6.07,27.49,208.5
五彩鲜蔬蛋炒饭,94.0,5.06,2.44,13.77,250.0
五彩牛肉粒,96.42,12.8,2.99,5.25,209.5
冰糖烧排骨,289.59,15.08,19.34,13.74,110.5
菠菜烩面,140.59,5.19,0.42,29.66,170.0
菠菜炒猪肝,98.69,10.18,4.43,5.12,190.5
菠菜鸡蛋煎饼,173.75,10.63,4.1,24.46,160.0
菠菜鸡蛋汤,27.71,2.31,1.29,1.89,415.0
翡翠鲜虾,138.36,12.22,2.67,16.74,225.5
菠菜猪肝鲜汤,22.11,2.41,0.5,2.2,389.0
彩椒煎鸡蛋,90.55,6.93,5.45,4.4,153.5
彩椒炒鸡丁,92.06,7.81,2.25,11.3,189.0
彩椒烩鸡排,88.7,10.91,2.15,6.65,239.0
彩椒煸里脊丝,145.61,6.91,9.81,8.25,171.0
彩椒烧肉片,87.63,5.73,4.64,6.49,149.5
彩椒煸肉丝,159.41,5.93,12.33,7.23,135.5
彩椒烩土豆丝,77.24,2.14,2.75,11.79,195.5
彩椒烧五花肉,122.71,4.97,9.91,4.59,169.5
青椒爆炒虾仁,144.65,12.2,2.75,18.28,215.0
彩椒煸香肠,302.37,21.63,18.36,15.61,147.5
彩椒煸杏鲍菇,61.54,1.4,2.13,10.09,149.5
彩椒烩羊肉,126.0,11.99,6.07,6.27,150.0
彩椒煸鱿鱼,81.64,9.21,2.53,6.17,182.5
彩椒烩猪肝,85.5,6.3,3.67,7.67,134.5
彩椒烧鲍菇,64.45,1.26,2.11,11.23,150.5
彩椒炒西兰花,63.7,2.46,2.85,8.38,202.5
菜花烧对虾,84.94,11.63,2.78,3.59,202.5
菜花煎鸡蛋,90.53,5.78,6.14,3.82,169.0
炝炒菜花鸡肉,134.0,5.38,11.41,3.31,201.5
菜花煸腊肠,277.47,9.64,23.18,8.4,126.5
菜花煲牛肉,88.61,8.24,5.19,3.06,118.5
菜花炒肉,163.22,6.3,14.34,2.86,130.5
菜花烧猪肉,187.0,7.44,16.76,2.25,138.5
菜花烧肉,174.05,6.27,14.28,5.54,131.0
菜花炒海虾,78.77,10.92,3.0,2.42,195.5
菜花煸鱿鱼,73.11,10.46,2.77,2.0,165.5
菜花烧五花肉,112.79,4.79,8.79,4.64,191.5
菜花土豆烧牛肉,78.19,6.26,2.42,8.47,176.5
油菜心烧牛肉粒,74.84,6.88,0.94,10.61,155.0
油菜心炒肉片,154.6,5.45,11.02,9.3,174.0
飘香糙米瘦肉粥,68.53,2.05,2.6,9.57,375.0
草菇烩牛肉,85.78,5.55,2.1,11.6,204.0
草菇烩肉片,119.27,5.48,8.91,4.93,137.5
草菇烩丝瓜,82.67,2.29,4.64,8.43,112.5
草鱼炖豆腐,113.15,11.35,6.97,1.66,163.5
草鱼烧香菜,158.92,14.52,10.99,0.44,92.5
炝炒包心菜,51.43,1.43,2.1,7.24,105.0
家常炒合菜,105.11,4.53,4.49,12.21,235.0
爆炒黄豆芽,81.71,4.54,5.39,4.49,128.5
炝炒鸡肉饭,136.7,4.1,4.92,19.21,188.0
爆炒牛肉,156.58,18.85,4.31,10.66,140.5
尖椒炒鸡肉,76.75,10.01,3.03,2.74,135.5
炒肉末,320.33,12.49,27.01,6.91,61.5
炝炒三丝,89.75,5.39,5.82,4.87,180.5
家常蒸菜,102.81,3.65,3.0,15.94,124.5
豉椒苦瓜炒鸡腿肉,116.67,8.13,5.51,9.43,162.0
豆豉烧鸡翅,137.83,10.49,7.25,7.9,207.5
豉香金瓜,62.95,1.75,3.51,6.69,152.5
豉汁皇鸡,175.34,18.97,8.93,4.55,109.5
豉油焖鸡,166.26,16.95,8.0,5.59,121.5
翅根焖土豆,170.98,12.85,9.22,9.24,158.5
翅中烧土豆,171.87,12.88,9.02,9.87,163.5
川香豆瓣鱼,163.45,15.66,8.52,6.06,98.5
腊肠炒山药,281.71,9.67,21.25,13.19,128.5
川汁虾球,130.84,13.5,2.47,13.5,160.5
特色船拐子肉,113.73,5.65,8.15,5.23,207.5
春笋烧腊肠,198.05,9.54,15.34,5.99,153.5
鲜笋炒肉丝,142.31,6.1,10.74,5.97,156.0
红烧肉焖春笋,139.41,6.08,10.85,5.42,153.5
春笋五花肉,140.84,5.97,10.71,5.9,155.5
葱扒鸭胸,108.61,11.92,3.42,7.48,133.5
葱香烧鲫鱼,132.49,12.28,4.42,10.81,118.5
葱爆青椒羊肉,109.57,7.51,5.5,8.33,172.5
葱爆牛肉条,100.37,7.12,4.57,8.14,135.5
葱爆鸭,190.07,10.76,12.04,9.97,141.0
葱香羊肉丁,127.01,10.01,7.23,5.13,137.0
葱香炒红肠,214.29,7.1,18.36,5.53,91.0
葱香烩山药,75.6,1.73,3.66,9.66,145.5
炝炒土豆片,91.43,2.45,3.4,13.38,157.5
葱香羊肉,170.89,8.07,6.06,22.07,158.0
葱花泼蛋,155.81,9.51,11.88,3.02,86.0
葱香烤鸡腿,115.0,13.28,4.6,5.45,160.0
葱香烤鲫鱼,123.89,13.13,2.01,13.66,113.0
葱香烤小黄鱼,126.32,12.82,6.19,4.3,114.0
葱香烤羊肉,114.17,10.72,3.92,10.07,120.0
香葱烤鱼,160.16,12.62,8.37,8.65,123.0
葱烧刀鱼,99.06,13.64,3.24,4.04,106.0
大葱烧黄鱼,84.0,8.7,4.22,3.19,175.0
葱烧黄嘎鱼,145.99,11.52,5.69,12.13,137.0
葱香烧鸡翅,163.86,12.19,10.1,6.23,166.0
大葱烧鸡块,140.19,13.09,7.69,4.89,160.5
大葱烧鲫鱼,141.03,12.2,6.27,8.98,117.0
葱香烧牛肉,69.88,7.85,2.46,4.35,342.0
葱香烧土豆,90.03,2.19,3.44,13.31,155.5
大葱烧鲍菇,54.88,1.02,3.17,5.96,164.0
葱香烧鸭,220.71,10.76,15.09,10.8,154.5
葱烧鸭胸肉,75.12,5.26,2.06,9.72,205.0
大葱烧鱿鱼,98.06,10.83,4.33,2.9,155.0
葱香烧芋头,39.62,0.64,2.43,4.12,265.0
大葱烧猪肉,145.17,5.62,11.25,5.94,160.5
洋葱烧猪排,142.69,7.45,9.21,7.39,256.5
葱香烤刀鱼,133.9,12.56,7.24,4.89,118.0
葱香油淋鸡,131.88,13.32,7.48,3.25,160.0
葱油饼（懒人版）,314.29,13.69,2.19,61.6,70.0
油淋鸡,60.14,5.13,3.27,2.97,439.0
葱香烧鲤鱼,137.84,13.68,7.63,3.54,111.0
葱油拌萝卜丝,33.02,0.69,1.99,3.9,106.0
葱烧南瓜,66.35,0.89,4.92,5.29,105.5
葱油蒸鲈鱼,133.33,14.65,7.5,1.9,105.0
小葱烧芋头,178.8,5.75,11.86,12.57,141.5
葱油鱼,133.15,14.62,7.3,2.27,178.0
葱油蒸黄鱼,94.41,10.13,4.52,3.09,161.0
葱香炸小黄鱼,166.1,13.69,7.1,12.41,177.0
爽口醋黄瓜,30.04,1.54,0.21,5.63,116.5
特色醋淋鱼,155.03,14.08,4.21,15.49,189.0
醋溜绿豆芽,62.01,2.09,4.59,3.7,114.5
醋溜甘蓝丝,84.08,1.47,4.26,10.29,122.5
醋溜金瓜丝,68.22,1.0,5.34,4.55,107.0
家常醋溜藕片,71.04,1.28,4.02,8.52,183.0
醋溜卷心菜,35.85,1.53,1.45,4.75,159.0
熘鳜鱼,87.94,9.48,1.8,8.73,199.0
秘制醋酥鲫鱼,59.49,7.73,1.2,4.92,195.0
脆烧藕,118.71,5.76,6.78,9.77,155.0
老北京脆皮烤鸭,233.33,14.14,17.81,4.23,111.0
酱烧脆皮烧鸭,214.84,12.47,15.67,6.05,128.0
烧脆皮鳕鱼,113.29,13.16,0.57,14.59,143.0
焦香银鱼,166.67,12.98,6.55,14.08,153.0
葱香火腿烧豆腐,104.42,8.21,6.67,3.31,181.0
正宗大盘鸡,100.37,8.79,3.5,8.91,270.0
卷心菜炒粉条,151.53,3.78,7.52,17.56,163.0
圆白菜炒肉沫,101.42,3.75,8.11,4.11,176.5
卷心菜炒肉丝,128.19,5.57,10.57,3.09,149.0
包菜炖排骨,151.72,8.36,11.32,4.0,203.0
大头菜烩土豆,126.39,4.71,9.14,6.7,206.5
对虾炒辣椒,87.38,11.01,2.72,5.33,214.0
鲜虾烧白菜,93.85,12.94,3.42,3.01,179.0
海虾烧冬瓜,60.64,6.12,3.25,2.12,171.5
对虾烧白萝卜,59.63,9.02,1.13,3.47,270.0
大虾烤蛤蜊,62.7,6.97,0.58,8.01,185.0
对虾炒娃娃菜,75.61,10.11,2.41,3.95,246.0
干锅烧鱿鱼大虾,60.0,7.64,0.6,6.43,270.0
鲜虾蒸粉丝,167.42,12.74,0.33,28.4,178.0
带鱼烧白菜,86.13,10.85,2.56,5.45,137.0
带鱼烧豆腐,87.59,7.16,4.5,4.82,266.0
刀鱼炖豆腐,94.75,9.47,4.81,3.55,362.0
带鱼焖土豆,119.4,10.97,4.71,8.55,268.0
美味什锦蛋炒饭,112.69,6.33,2.63,16.37,260.0
香菜拌黄瓜,63.75,0.93,4.19,5.75,125.5
地瓜粥,36.0,0.72,0.1,8.29,325.0
地锅炖鱼,154.05,16.89,1.43,18.73,111.0
炝炒地三鲜,62.47,1.64,2.71,8.4,198.5
特色汆白肉,139.47,5.05,7.76,12.92,190.0
特色大炖菜,130.6,5.04,9.11,7.82,207.5
特色锅包肉,159.59,14.8,6.97,9.36,146.0
特色红烧鲫鱼,110.71,6.44,3.41,13.96,224.0
秘制酱拌菜,79.49,4.63,5.3,3.99,197.5
猪肉酱烧土豆,153.51,5.24,9.14,13.09,206.5
特色小炒肉,116.9,3.67,10.27,2.82,213.0
香菇炖鸡汤,34.95,4.86,1.44,0.8,455.0
二冬炖豆腐,86.65,7.26,5.25,3.26,258.5
冬瓜火腿焖饭,96.67,3.73,1.95,16.35,150.0
冬瓜煨火腿,64.94,4.22,4.55,2.18,135.5
冬瓜烧鸡翅,102.22,6.3,6.97,3.85,157.5
肉丝炒冬瓜,109.81,4.05,9.09,3.92,214.0
冬瓜滑虾仁,118.31,7.3,3.13,15.55,177.5
冬瓜焖饭,100.8,5.68,1.56,16.2,250.0
冬瓜烧鸡肉,216.39,8.23,19.6,1.99,207.5
冬瓜煨小排,59.17,2.34,4.68,2.19,360.0
冬瓜烧虾,65.51,8.9,2.58,1.93,230.5
冬瓜烧羊肉,82.83,6.66,5.01,3.29,183.5
冬瓜焖肘子,231.01,9.22,20.47,2.5,158.0
清热冬瓜绿豆汤,21.65,1.34,0.09,4.21,425.0
冬瓜瘦肉汤,64.75,2.9,5.51,1.22,295.0
白玉火腿,63.12,3.48,4.6,2.36,131.5
冬瓜烧肋排,155.71,7.35,12.93,2.95,219.0
冬瓜烧肉,61.54,2.71,5.1,1.59,273.0
白玉烩肉丸,115.14,6.17,7.48,6.27,185.0
家常冬瓜烧虾仁,135.32,10.83,2.52,17.61,235.0
冬瓜烧鸭胸,78.13,4.91,3.5,7.17,171.5
冬瓜炒鸡胸肉,73.19,7.99,3.89,1.86,158.5
冬瓜扇贝薏米汤,30.11,2.3,0.3,4.72,435.0
冬笋烧鱿鱼圈,88.57,7.49,4.3,5.68,140.0
冬笋烧肉片,129.65,7.24,9.18,4.86,199.0
竹笋烧肉,149.67,6.14,12.25,4.3,153.0
冬笋烧鱼,74.18,9.06,2.49,4.12,182.0
冬笋老鸭汤,36.99,2.58,2.29,1.54,438.0
豆瓣酱烧全鱼,110.4,11.92,2.58,9.98,125.0
豆瓣酱小黄瓜,81.39,1.63,5.66,6.09,115.5
家常豆瓣鱼,137.01,14.44,4.93,8.92,154.0
豆豉烧凉瓜,68.63,2.26,3.97,6.65,135.5
豉椒蒸芋头,65.45,2.35,0.34,13.76,110.0
豆豉炒花蛤,51.6,4.14,2.78,2.51,250.0
豆豉辣椒蒸小排,252.17,15.62,16.13,11.3,115.0
豆豉烧草鱼,57.46,4.82,3.02,1.67,315.0
豆豉煲翅中,235.07,15.59,12.65,12.14,134.0
豆豉煲肋排,158.82,8.55,10.87,6.9,221.0
豆豉茄子烧豆角,70.87,2.57,3.39,8.65,166.5
豆豉辣椒,107.91,2.77,5.95,11.34,107.5
豆豉蒸肉,310.23,15.07,25.97,4.39,88.0
豆豉烧鱼,134.07,19.12,3.86,5.91,91.0
豉香蒸鸡翅,231.75,16.38,13.32,11.6,126.0
豉香蒸鱼,148.08,15.27,7.91,4.2,104.0
豆腐拌松花蛋,133.7,8.79,9.34,3.93,179.5
豆腐什蔬炒饭,152.88,5.76,6.11,19.15,208.0
豆腐煎鸡蛋,129.79,8.84,9.13,3.47,169.5
豆腐滑鸡片,204.88,9.21,17.77,2.57,164.0
豆腐焖牛肉,137.14,9.75,7.19,8.94,157.5
小白菜炒豆腐,79.81,8.01,3.96,3.52,210.5
豆腐烧草鱼,72.43,5.9,4.32,2.89,399.0
豆腐甜椒炒猪肉,146.06,7.08,12.19,2.68,196.5
豆腐烧香肠,252.73,11.7,19.39,8.33,155.5
豆腐干炒肉丝,187.06,11.06,12.64,8.4,170.0
鸡蛋豆腐,98.82,8.42,6.2,3.09,211.5
豆腐平菇烧鲫鱼,57.18,5.28,2.93,2.88,348.0
豆腐肉沫煸火腿,176.3,9.11,12.44,7.65,173.0
豆腐烧黄嘎鱼,72.52,6.12,3.4,4.58,313.0
豆腐烩牛腩,78.68,6.1,4.43,4.22,272.0
豆腐炖牛肉,112.76,13.42,5.54,2.63,243.0
豆腐烧大虾,127.89,13.69,5.01,7.46,190.0
家常豆腐烧鱼,63.28,5.13,3.69,2.75,403.0
烧豆腐丸子,156.2,8.79,11.17,5.63,173.5
虾仁烩豆腐,118.12,10.24,3.03,12.66,276.0
鲜鱼豆腐汤,31.14,3.9,1.57,0.49,440.0
豆腐丸子,173.39,10.28,6.88,17.96,233.0
鲜豆腐蒸蛋,142.74,9.34,10.64,2.75,120.5
家常豆腐蒸虾,103.78,12.35,4.74,3.21,238.0
鲜蒸豆腐,120.22,14.22,5.3,4.3,178.0
豆腐蒸鱿鱼圈,107.45,12.05,5.73,2.4,161.0
豆腐烧虾仁,173.63,13.06,4.93,19.59,246.5
豉香鱼煲,149.47,15.38,4.58,11.78,95.0
豉香蒸排骨,178.77,10.37,13.18,4.8,179.0
豆角什蔬炒饭,75.86,5.8,2.43,8.63,290.0
豆角烧火腿,107.98,6.18,7.3,5.19,81.5
豆角烩火腿肠,102.9,4.31,5.72,9.36,138.0
豆角炒鸡胸,65.13,5.26,2.06,6.89,304.0
豆角烧腊肉,236.94,8.41,18.69,9.59,157.0
家常豆角炒面,149.43,8.13,11.1,4.97,219.5
豆角烧牛肉,95.15,7.01,4.01,8.46,154.5
豆角炖排骨,174.56,8.7,13.96,4.07,200.5
肉末烧豆角,132.33,5.64,9.9,6.25,199.5
豆角煲肉片,152.16,5.98,12.46,4.92,150.5
家常豆角烧土豆,136.28,4.78,9.39,8.76,317.0
豆角煸香肠,214.74,9.17,16.38,8.44,156.0
豆角焖羊肉,74.63,6.75,2.08,8.23,205.0
豆角烧鱿鱼,83.08,9.05,3.39,4.78,201.0
豆角熘猪肝,102.72,8.58,4.62,7.39,184.0
猪肉炒扁豆,151.82,5.98,12.38,4.95,151.5
豆角烧鸡腿,95.52,9.19,4.87,4.37,256.5
豆角煲猪肉,78.25,3.1,6.14,3.07,308.0
家常豆角焖面,198.69,6.7,8.36,24.68,229.5
豆角炖鸡块,101.86,4.6,4.72,11.22,215.0
扁豆小炒肉,105.88,3.87,8.53,3.96,238.0
豆腐皮炒肉,295.8,23.38,19.13,9.71,143.0
什蔬豆腐烧对虾,75.5,7.43,3.77,3.76,226.5
对虾什锦锅,61.76,8.0,1.86,4.0,170.0
家常烧草鱼,57.74,5.28,3.52,1.24,265.0
炖仔鸡,70.25,6.53,3.72,2.63,316.0
家常炖酥肉,230.09,13.3,16.62,7.12,113.0
剁椒鸡腿丁,164.84,16.33,9.8,3.41,128.0
剁椒鸡腿肉,140.61,18.52,7.18,0.78,165.0
清蒸剁椒鲫鱼,128.21,12.36,6.31,6.37,117.0
剁椒蒸鲤鱼,140.0,12.32,7.1,4.4,120.0
剁椒蒸鲈鱼,130.51,13.21,7.07,4.85,118.0
剁椒煲芋头,48.64,0.74,2.39,6.51,220.0
剁椒包菜,34.55,1.46,1.42,4.89,165.0
剁椒鱼头蒸豆腐（家常版）,115.48,10.92,6.52,4.48,168.0
蒸剁椒芋头,83.08,1.32,4.08,11.52,130.0
剁椒芋头烧刀鱼,96.88,9.47,2.23,10.68,160.0
豉椒鲜笋,69.05,3.19,4.31,5.72,126.0
剁椒蒸草鱼,132.81,13.65,6.85,4.65,192.0
剁辣椒鲫鱼,136.19,13.43,7.01,5.77,105.0
小米山药粥,50.0,1.35,0.27,10.72,350.0
家常发面饼,362.26,17.51,2.45,69.47,53.0
西红柿白菜汤,8.15,0.46,0.1,1.73,503.0
番茄烩白菜蘑菇,57.29,6.29,1.13,6.28,295.0
番茄烩菜花,22.76,1.54,0.21,4.75,145.0
番茄炒四季豆,20.67,1.37,0.2,4.67,150.0
番茄炒米饭,75.6,1.92,0.26,16.86,250.0
鸡蛋爆炒番茄,50.48,4.39,2.6,3.04,210.0
番茄滑鸡肉,81.03,3.59,6.27,3.28,290.0
番茄烩青椒,112.1,4.99,8.78,3.93,157.0
番茄烩里脊,96.5,4.07,6.92,4.87,200.0
西红柿炒面,112.86,5.51,2.1,18.68,280.0
番茄滑牛肉,45.13,5.07,0.67,5.34,195.0
番茄滑肉片,87.69,4.18,7.1,2.54,195.0
西红柿炒西芹,16.88,0.86,0.18,3.95,160.0
番茄烧虾,56.0,8.61,0.46,4.82,275.0
番茄烩杏鲍菇,23.2,1.06,0.16,5.3,250.0
西红柿炒鸭肉,40.0,5.6,0.63,3.53,150.0
番茄烩猪肝,71.71,10.27,2.51,2.53,205.0
西红柿豆腐煮鲫鱼,62.17,7.77,2.18,3.5,230.0
西红柿豆角炒蛋,77.58,5.71,3.25,7.12,165.0
五香番茄炖豆腐,49.67,3.75,2.75,3.35,300.0
番茄炖牛腩,53.33,5.35,0.71,7.2,195.0
家常番茄炖牛肉,41.67,5.52,0.76,4.1,180.0
番茄炖小排,151.81,8.3,11.9,3.25,193.0
西红柿炖肉片,109.39,4.9,8.62,3.69,213.0
番茄玉米饭,73.33,2.37,0.5,15.84,225.0
西红柿烘蛋,116.1,7.07,8.7,2.72,118.0
红烩番茄牛肉,49.05,4.81,0.63,6.79,210.0
西红柿鸡蛋蛊,97.32,5.76,5.15,7.79,205.5
番茄酱烧元宝蛋,190.91,11.67,14.64,2.97,132.0
番茄酱烩大虾,76.28,10.54,2.61,2.72,215.0
番茄酱刀鱼,110.63,10.86,6.59,2.05,207.0
番茄酱烧鸡翅,120.0,9.05,7.73,3.55,215.0
番茄酱炖鸡肉,172.44,16.39,9.25,5.94,127.0
番茄酱烧鸡腿,90.48,10.6,3.58,4.57,210.0
番茄汁煎鱼,103.25,9.69,6.17,2.49,154.0
茄汁虾球,220.0,18.7,4.25,26.79,135.0
番茄酱龙利鱼,67.21,7.49,3.21,2.66,245.5
西红柿牛肉炒米粉,186.94,6.3,4.47,30.98,145.5
番茄烧肉片,124.68,6.27,8.94,5.46,154.0
番茄烧老豆腐,61.5,2.91,4.53,3.17,206.5
番茄炖鲫鱼,55.03,5.11,2.52,3.33,298.0
番茄烩腩煲,35.43,2.85,1.83,2.32,350.0
番茄煲牛肉,64.14,6.57,0.83,8.01,145.0
番茄烧肋排,204.73,10.84,15.53,5.73,148.0
西红柿水煮牛肉,69.36,5.39,3.31,5.19,272.5
番茄土豆烩牛腩,62.05,5.5,0.67,9.06,195.0
番茄土豆烩牛肉,52.27,5.11,0.62,7.19,220.0
番茄虾仁面,70.91,4.31,0.51,12.44,385.0
西红柿香肠蒸蛋,58.67,3.72,3.76,2.81,346.0
茄汁鱼柳,68.84,5.73,2.07,7.38,276.0
清香番茄豆腐,40.0,2.98,1.91,3.64,227.5
番茄煲饭,131.92,5.75,2.15,23.42,260.0
西红柿蒸鲫鱼,80.93,7.69,3.86,4.27,194.0
西红柿蒸鲈鱼,86.7,8.27,3.98,4.81,203.0
西红柿蒸鱼,60.96,8.14,1.87,3.49,187.0
煮番茄鱼,56.2,4.22,2.73,2.99,347.0
糖霜芋头,116.11,1.09,2.96,21.68,180.0
爆炒粉丝娃娃菜,107.87,1.64,3.94,17.55,133.5
粉丝烩虾仁,248.65,13.97,3.15,41.27,185.0
粉丝烩苋菜,130.62,2.44,2.73,24.65,209.0
粉丝烧虾,186.34,12.24,3.72,26.19,183.0
粉丝煲对虾,145.0,9.54,2.33,21.34,240.0
剁椒粉丝蒸菠菜,161.75,1.86,5.74,26.62,91.5
蒜蓉粉丝蒸大虾,164.53,14.22,3.6,18.99,172.0
豉香粉丝蒸蛤蜊,157.29,5.88,3.17,26.39,192.0
粉丝蒸花甲,93.51,3.61,0.33,19.27,185.0
姜汁粉丝蒸丝瓜,152.65,1.38,3.34,30.22,160.5
骨汤粉丝蒸娃娃菜,110.0,1.51,0.46,26.03,170.0
松茸粉丝蒸虾,126.51,11.11,2.94,14.7,215.0
家常粉蒸肉,180.0,5.57,9.77,17.94,145.0
粉蒸土豆小排,208.81,11.11,14.9,7.54,159.0
风味烤鲜玉米,138.94,4.38,1.98,28.2,113.0
蜂蜜烤翅,205.88,16.34,9.92,12.78,119.0
烤凤尾虾排,116.42,15.77,4.31,3.83,134.0
烤凤尾虾球,113.49,13.05,1.52,11.93,215.0
芙蓉鸡片,143.94,14.73,4.62,10.64,132.0
芙蓉煎鲫鱼,98.16,11.03,4.25,3.4,217.0
腐乳通心菜,87.31,2.95,5.48,8.57,134.0
腐乳冬瓜,136.16,4.76,12.27,1.97,153.5
腐乳蒜香小排,248.82,14.41,19.07,4.8,127.0
腐乳烤鸡,169.49,17.71,6.45,9.99,118.0
腐乳汁小排,153.21,6.29,10.95,3.13,265.0
腐竹煎鸡蛋,296.68,24.36,17.86,9.82,105.5
腐竹烧肉片,203.89,14.12,12.46,9.6,180.0
腐竹炒肉,305.32,17.85,22.89,7.37,178.5
支竹炒五花肉,217.53,13.86,15.02,7.17,182.5
腐竹焖肉,277.34,19.66,17.43,11.29,128.0
支竹烧鲫鱼,141.15,13.15,6.57,7.05,243.0
支竹烧牛腩,104.38,11.71,3.49,7.17,160.0
支竹烧五花肉,251.22,19.08,14.52,11.78,123.0
支竹蒸虾,201.19,23.85,8.43,7.52,168.0
黄嘎鱼炖萝卜,51.99,4.53,3.0,2.13,327.0
干煸有机菜花,148.37,5.84,12.38,4.4,153.0
麻辣干煸鸡块,143.23,13.65,8.17,4.51,155.0
爆香干煸藕条,158.02,3.28,7.82,20.18,131.0
干煸肉末豆角,129.96,4.71,10.27,6.48,138.5
家常干煸杏鲍菇,84.97,2.1,4.69,9.85,173.0
家常干煸鱿鱼,81.76,11.76,1.6,6.12,148.0
干锅煎脆皮豆腐,198.53,9.39,16.95,2.7,136.5
干锅豆腐烧鱼,85.58,6.77,4.7,4.49,312.0
干锅烧粉丝,131.18,6.24,2.67,21.26,216.5
干锅烧黄骨鱼,146.24,15.76,5.61,8.1,93.0
干锅手撕大头菜,147.37,5.23,11.62,5.81,161.5
干锅腊鱼,81.55,9.42,2.96,4.89,168.0
干锅烧土豆片,152.41,5.24,9.67,11.63,197.5
干锅烧土豆虾,119.5,11.96,0.56,16.75,200.0
香辣干锅虾,93.83,10.06,2.12,8.95,243.0
干锅烧杏鲍菇,116.0,5.18,8.02,6.52,175.0
干锅烧菜花,164.71,6.35,14.79,2.45,127.5
干锅烧鱼,88.89,8.06,2.46,9.24,180.0
干锅鸡,123.62,16.6,5.81,1.46,127.0
香烤大虾,121.62,17.17,3.44,5.38,185.0
干煎红三鱼,151.92,15.01,7.45,5.04,104.0
干煎小黄鱼,179.89,14.37,8.38,11.85,179.0
干煎三文鱼排,198.97,14.45,11.62,9.19,97.0
烧臭桂鱼,81.04,8.25,4.38,2.6,211.0
家常干烧对虾,127.7,15.61,3.8,7.73,148.0
家常干烧桂鱼,168.03,18.1,9.28,3.05,122.0
干烧黄花鱼,124.21,15.65,4.4,4.65,95.0
干锅鸡翅,187.86,16.09,9.87,8.71,173.0
家常干烧虾,98.47,13.21,1.82,7.37,131.0
干烧大虾,115.86,16.54,0.99,10.14,145.0
干炸小黄鱼,186.92,13.07,8.75,10.7,107.0
宫爆虾球,101.6,12.57,0.63,11.65,188.0
枸杞羊肉汤,23.68,3.09,1.07,0.47,380.0
挂霜红薯条,117.12,0.63,4.68,19.18,111.0
怪味鸡,194.17,17.47,11.5,5.11,120.0
粤式烤鸭,282.35,13.66,23.34,4.37,119.0
花蛤炒鸡蛋,70.67,6.2,4.02,2.79,216.5
海参烧小排,144.83,10.26,9.47,5.21,203.0
海参烩猪肝,107.18,16.72,1.49,6.69,181.0
滋补海参小米粥,44.0,4.71,0.29,5.73,375.0
家常海带炒土豆片,86.98,2.13,3.35,12.46,157.5
海带烧牛肉,42.68,3.04,2.05,3.35,328.0
海带结焖肉,122.67,6.09,9.43,3.94,150.0
浓香昆布排骨汤,35.56,2.15,2.85,0.37,405.0
海带烩粉条,63.71,0.44,1.43,12.39,361.0
海带烧肋排,113.74,5.19,9.01,2.98,313.0
海带焖土豆,51.03,1.59,0.16,11.32,145.0
肉末烧海带,170.87,5.56,13.86,5.92,103.0
海带炒肉沫,106.42,3.88,8.66,3.47,218.0
海蛎子煲豆腐汤,34.51,3.47,1.99,0.8,481.0
油菜炒虾米,69.87,9.69,2.62,2.28,229.0
虾米圆白菜,89.54,9.38,4.47,3.09,119.5
蚝油草菇烧菜心,30.48,2.06,0.24,5.87,210.0
蚝油扒芥兰,51.15,3.01,2.59,5.62,217.0
蚝油牛肉扒芥蓝,100.75,10.69,2.8,8.96,133.0
蚝油烧嫩南瓜,85.09,1.84,5.65,7.4,161.0
蚝油煲豆腐,44.26,2.21,2.86,2.71,366.0
家常蚝油杏鲍菇,91.07,8.33,3.68,6.95,168.0
蚝油煲甜豆牛肉,74.17,8.74,1.01,7.98,120.0
蚝油香菇烧油菜,37.21,1.82,0.38,7.73,215.0
蚝油香菇焖青菜,31.25,1.64,0.41,6.39,160.0
河虾煎鸡蛋,124.87,14.38,6.85,1.52,193.0
荷包蛋煲鲫鱼,38.37,4.86,1.65,1.01,443.0
荷包蛋烧黄骨鱼,102.97,11.42,4.26,4.73,202.0
荷兰豆煸腊肠,236.01,8.68,18.94,8.07,155.5
家常什蔬小炒,77.22,3.91,0.5,15.45,180.0
烤荷叶鸡,176.98,16.79,9.46,6.26,126.0
黑胡椒炸刀鱼,167.74,15.68,9.28,5.72,93.0
黑椒对虾,119.13,17.54,3.11,5.19,183.0
黑椒鸡腿,190.16,17.22,7.98,12.7,122.0
红扒牛柳,155.63,18.25,5.73,7.56,142.0
红烧牛肉条,44.51,3.35,1.95,3.95,337.0
红肠鲜蔬炒饭,107.6,4.57,3.74,14.45,250.0
韭菜炒红肠,138.36,5.29,10.71,6.17,159.0
红豆薏米水,39.12,1.26,0.18,8.42,340.0
红豆薏米杂粮粥,52.9,2.1,0.45,10.4,310.0
红豆薏米汤,50.0,2.07,0.27,10.12,350.0
红豆芋艿汤,43.56,1.49,1.43,6.47,365.0
红烩牛腩,75.6,5.06,0.92,12.36,250.0
红椒炒肉,162.08,5.9,13.92,4.27,134.5
红萝卜炒鸡腿,100.0,7.24,5.47,6.26,163.0
家常红焖肉,326.87,13.6,29.94,0.0,67.0
烧白条鱼,53.57,4.61,2.58,2.5,308.0
家常红烧鳊鱼,71.03,6.03,4.06,2.55,252.0
红焖剥皮鱼,54.02,5.8,2.22,2.62,261.0
红焖鲳鱼,115.22,10.14,4.03,10.02,138.0
红烧带鱼,62.8,5.86,3.43,2.28,250.0
红烧带鱼块,135.03,14.01,6.55,5.1,157.0
家常烧白玉面,154.06,4.05,3.15,27.8,178.5
红焖豆腐,133.53,9.04,8.65,5.58,170.0
红焖鳜鱼,68.11,6.55,3.49,3.03,254.0
红焖海鳗,64.13,5.69,3.33,2.68,276.0
红焖黑鱼,48.03,5.11,2.05,2.39,304.0
家常红烧鲷鱼,69.65,5.75,2.81,5.3,257.0
家常红烧黄花鱼,128.57,14.69,2.06,12.79,98.0
家常红烧鸡,161.21,18.13,7.78,4.78,116.0
红烧鸡翅中,210.62,17.41,12.2,8.25,113.0
红烧鸡块,177.42,6.24,14.58,5.49,279.0
家常红烧鲤鱼,62.75,5.08,2.95,4.28,298.0
家常红焖鲢鱼,155.0,14.69,8.01,5.98,100.0
红烧萝卜小排,177.6,9.32,12.72,6.91,183.0
毛豆烧鱼段,82.01,6.35,4.88,3.48,289.0
家常红烧明太鱼,58.33,6.91,2.33,2.53,252.0
家常红烧明虾,134.33,16.93,4.57,6.57,134.0
红烧牛肉胡萝卜,59.72,6.53,2.07,4.2,422.0
家常红烧牛肉,51.9,5.87,1.88,2.44,447.0
红烧牛腩土豆,124.0,10.31,1.21,18.22,100.0
红烧排骨,108.39,5.05,9.01,1.76,310.0
红烧排骨冬瓜煲,97.25,4.43,7.8,2.63,363.0
排骨烧毛豆,244.36,14.87,18.45,5.35,133.0
红烧茄子,60.41,1.5,3.16,7.2,170.5
红烧青鱼,82.86,8.08,4.06,3.77,210.0
红烧肉煲饭,340.21,11.08,14.43,41.84,97.0
家常红烧土豆鸡块,136.73,10.36,5.58,11.42,226.0
家常土豆红烧肉,46.07,1.55,2.84,3.77,675.0
家常红烧五花肉,200.85,6.78,17.09,5.34,117.0
家常红烧对虾,111.46,15.16,3.23,5.39,192.0
家常红烧香菇排骨,97.22,4.72,7.79,2.08,360.0
家常烧杏鲍菇,70.32,1.54,3.41,9.3,155.0
家常烧鸭腿,99.69,5.02,7.77,2.59,322.0
洋葱煲鸡翅,138.8,9.7,8.05,7.04,207.5
洋葱烧鸡肉,89.38,7.18,4.26,5.94,160.0
甜椒烧鲤鱼,106.25,11.8,4.01,5.94,128.0
草鱼烧粉丝,164.06,10.75,3.43,22.53,128.0
家常焖鱼块,61.59,4.56,3.11,3.8,315.0
烧鱼腩,124.18,15.58,4.81,4.85,91.0
芋儿烧牛肉,104.71,5.96,0.73,18.95,170.0
小米地瓜粥,37.23,0.8,0.27,8.13,325.0
麻辣藕片,51.79,1.2,0.34,12.24,112.0
红油对虾,54.46,6.71,1.81,2.89,336.0
红糟烧笋,48.15,1.43,2.87,3.42,216.0
枣香核桃米糊,80.32,1.59,2.91,12.42,315.0
枣香黑米糊,59.67,1.25,0.8,12.25,305.0
红枣山药炖南瓜,89.66,1.51,0.2,21.43,145.0
滋补红枣乌鸡汤,42.53,5.44,0.58,4.07,435.0
小米红枣燕麦粥,76.31,1.86,0.56,16.51,325.0
胡萝卜卷心菜拌面,131.63,3.99,1.37,26.34,196.0
素烧草菇胡萝卜,50.61,1.8,2.63,6.03,205.5
胡萝卜煎蛋,101.5,5.32,6.82,5.73,166.5
胡萝卜烧冬瓜,42.34,0.63,2.63,5.11,205.5
胡萝卜烩粉丝,123.95,0.9,3.98,22.24,131.5
胡萝卜烧腐竹,185.42,10.26,9.89,14.84,96.0
胡萝卜丝炒海带,52.03,1.13,2.88,6.4,184.5
胡萝卜烩黄瓜,46.12,1.09,2.55,5.46,212.5
胡萝卜烧火腿肠,145.9,6.73,8.48,11.32,122.0
红萝卜烧鸡,105.0,9.05,3.1,11.2,120.0
胡萝卜菠菜炒鸡蛋,125.89,7.03,9.25,4.32,210.5
胡萝卜烧鸡肉,181.58,6.2,15.12,5.89,152.0
胡萝卜炒鸡胸,103.98,8.28,3.59,10.58,176.0
素烧口蘑胡萝卜,144.14,12.63,4.13,17.38,166.5
胡萝卜烧腊肠,307.76,10.04,25.24,10.92,116.0
红萝卜炒金瓜,54.08,0.89,2.97,6.96,177.5
红萝卜炒牛肉,36.93,2.71,1.75,3.03,371.0
胡萝卜炒甜椒,56.48,0.97,3.52,6.55,150.5
家常胡萝卜炒土豆丝,91.91,2.0,4.44,11.94,117.5
红萝卜炒西葫芦,57.06,0.97,3.2,6.82,166.5
胡萝卜炒西蓝花,59.68,1.8,3.49,6.67,157.5
香肠炒胡萝卜,123.75,4.36,9.07,7.28,170.5
胡萝卜烧香菇,32.88,0.79,1.89,3.89,292.0
胡萝卜煸杏鲍菇,131.25,1.17,4.05,23.34,128.0
胡萝卜熘肝片,110.58,11.24,5.4,4.88,189.0
胡萝卜洋葱炒饭,158.62,5.83,7.24,18.0,145.0
胡萝卜烧豆腐,83.51,3.07,5.55,6.52,142.5
胡萝卜炖西红柿汤,15.2,0.41,1.03,1.38,763.0
胡萝卜炖鸡块,43.38,3.04,2.27,3.26,385.0
胡萝卜烧鲫鱼,50.44,4.49,2.18,3.73,343.0
胡萝卜煲牛腱,59.4,5.86,1.81,5.32,463.0
胡萝卜炖牛肉,48.04,2.64,1.66,6.16,383.0
胡萝卜炖肋排,158.42,9.07,12.06,3.89,190.0
胡萝卜煲土豆,73.65,1.49,3.37,10.33,157.5
胡萝卜烩羊肉,49.27,4.37,2.7,2.18,410.0
鸡蛋香煎胡萝卜苦瓜,79.04,4.48,4.98,4.62,207.5
家常胡萝卜卤牛肉,41.73,4.48,1.79,2.08,405.0
胡萝卜煲翅根,105.59,6.09,6.15,7.42,179.0
胡萝卜煲鸡翅,69.97,3.63,3.29,6.92,353.0
胡萝卜煲鸡腿,57.23,3.62,2.86,4.86,325.0
胡萝卜烩白蘑,140.32,12.96,4.35,15.87,157.5
胡萝卜炒毛豆,79.48,4.0,4.54,6.93,153.5
胡萝卜烧牛腩,32.34,2.4,1.57,2.55,402.0
胡萝卜烧肋排,85.14,4.04,7.05,1.52,397.0
胡萝卜烧猪五花,68.89,2.41,5.33,3.03,360.0
胡萝卜煲羊肉,83.53,7.48,2.45,8.88,170.0
素炒胡萝卜丝,44.82,0.87,2.61,5.33,207.5
胡萝卜丝摊鸡蛋,96.99,5.37,6.25,5.84,166.0
爆炒胡萝卜牛肉,37.14,2.53,1.54,3.7,412.0
胡萝卜炒芹菜,44.93,0.87,2.61,5.54,207.0
胡萝卜丝烧肉,125.51,4.34,9.66,6.4,196.0
胡萝卜丝炒肉丝,175.18,5.93,13.7,7.99,137.0
胡萝卜烧冬菇,68.73,1.81,3.33,9.36,161.5
湘味小炒肉,215.46,7.73,19.28,3.3,97.0
特色豆腐炖鱼,56.2,4.95,3.57,1.57,411.0
花菜烧肉,65.64,2.52,5.74,1.17,326.0
花菜煎香肠,249.62,10.17,19.47,8.93,131.0
蛤蜊苦瓜汤,24.27,2.07,1.22,1.37,482.0
花蛤焖饭,120.0,7.75,0.68,20.95,160.0
花蛤蜊冬瓜汤,23.49,2.02,1.24,1.16,481.0
香麻花椒鸡,153.04,22.34,5.17,5.71,115.0
甜椒鸡丁,89.22,7.52,4.93,3.92,306.0
家常花生酱菠菜,55.24,2.81,2.81,5.5,105.0
花式煎杏鲍菇,47.3,1.39,1.45,8.16,148.0
滑里脊丝,104.65,5.5,6.7,5.73,215.0
滑溜里脊,75.71,8.03,2.66,4.95,280.0
滑溜鱼片,110.4,14.37,2.34,7.86,125.0
豆芽炒粉条,175.51,5.56,9.38,17.87,171.5
鲜香豆芽汤,28.39,1.52,1.6,2.19,465.0
青瓜拌鸡蛋,87.32,5.19,6.12,2.94,169.5
黄瓜炒对虾,74.94,10.2,2.52,2.88,225.5
黄瓜烩豆腐,85.91,5.45,5.83,3.15,223.5
青瓜炒红肠,109.96,3.08,8.14,6.3,135.5
青瓜炒火腿肠,88.39,3.33,5.84,5.58,133.5
黄瓜炒鸡丁,101.19,10.31,5.68,2.31,210.5
黄瓜烩口蘑,168.25,18.79,4.03,18.27,211.0
青瓜炒蘑菇,133.94,5.38,11.47,2.56,163.5
青瓜炒肉丝,149.07,5.11,11.72,5.95,161.0
青瓜炒五花肉,145.06,4.84,11.58,5.42,162.0
番茄炒青瓜,44.79,0.85,3.35,3.0,158.5
青瓜炒香肠,143.64,4.84,10.87,6.78,145.5
青瓜炒洋葱,53.33,1.14,3.37,4.87,157.5
青瓜炒鱿鱼,85.53,10.72,3.08,3.67,155.5
黄瓜炒猪肝,97.7,9.75,4.69,4.34,217.0
青瓜炒猪肉,139.22,5.06,12.26,2.16,153.0
青瓜蛋炒饭,107.86,4.67,4.36,12.8,280.0
黄瓜烩粉条,108.49,0.73,3.87,17.85,135.5
黄瓜炖黄姑鱼,98.05,8.51,4.11,7.04,179.5
青瓜煎鸡蛋,100.34,5.86,7.01,3.72,147.5
青瓜酱肉丝,129.03,5.26,8.94,7.12,155.0
青瓜拌腐竹,132.37,7.81,8.32,6.94,139.0
青瓜皮蛋汤,39.14,2.2,2.78,1.37,419.0
青瓜炒火腿,66.67,3.58,4.44,3.04,136.5
瓜片炒鸡蛋,119.66,7.07,8.84,3.09,117.0
黄瓜烧刀鱼,110.64,10.33,6.0,4.07,141.0
青瓜炒鸡蛋,117.09,7.09,8.77,2.6,117.0
黄花鱼烧豆腐（家常版）,114.29,13.02,4.37,5.88,168.0
香甜玉米烙,150.6,3.52,1.02,33.08,83.0
鲜玉米蒸鸡块,146.0,13.08,5.38,11.85,250.0
黄辣丁煲豆腐,105.41,9.23,1.92,13.49,185.0
黄辣丁炒丝瓜,53.89,4.87,2.2,3.9,347.0
黄焖鸡（快手版）,103.5,11.15,3.77,6.99,200.0
家常黄焖鸡,109.93,6.97,6.11,6.96,282.0
黄鳝炒韭芽,76.06,8.93,3.36,2.88,188.0
爆炒韭菜黄蚬子,58.33,4.92,3.14,3.31,228.0
黄鱼煲豆腐,61.7,5.67,3.0,2.7,329.0
烧茄子,62.13,1.28,2.91,8.25,220.5
扒双菇,52.53,1.92,3.46,4.63,158.0
特色火焙鱼,153.47,15.21,7.43,6.98,101.0
特色火锅鸡,113.48,10.04,6.47,4.15,230.0
火腿肠炖冬瓜,47.66,2.12,2.91,3.45,363.0
火腿肠炖豆角,123.17,5.76,6.41,11.37,164.0
家常火腿炒饭,140.0,5.45,2.83,23.33,100.0
火腿肠炒青瓜,87.02,3.28,5.95,5.19,131.0
家常火腿肠炒鸡蛋,200.0,11.99,13.44,7.83,95.0
爆炒韭菜火腿肠,112.03,5.97,6.72,7.9,158.0
香肠青菜炒面,142.56,5.71,1.7,26.78,195.0
火腿肠炒辣椒,242.8,9.66,18.94,9.39,135.5
火腿肠烩丝瓜,77.54,3.09,4.33,7.49,187.0
火腿肠炒青笋,54.04,1.99,3.32,4.24,235.0
火腿肠炒鲜玉米,134.19,7.76,5.05,15.28,156.5
玉米粒炒火腿粒,180.33,6.5,9.09,19.21,91.5
火腿肠煎蛋,198.9,12.48,14.02,5.87,91.0
火腿煸豆角,101.9,4.36,5.93,8.71,131.5
剁椒火腿蛋炒饭,118.33,6.55,2.7,17.19,240.0
火腿烩粉丝,116.58,5.2,4.62,13.87,187.0
火腿炒支竹,282.41,25.83,15.47,10.09,99.5
火腿炒青瓜,107.32,4.97,6.42,7.61,164.0
火腿炒蛋,154.7,13.68,10.14,2.19,117.0
爆炒火腿辣椒,85.0,4.05,5.11,6.48,120.0
苦瓜煎火腿,64.61,3.06,3.43,5.83,178.0
辣椒爆火腿,182.72,9.9,14.54,3.26,40.5
芦笋炒火腿,75.0,6.49,4.27,3.65,164.0
葱香火腿炒面,157.3,5.77,1.73,30.18,185.0
爆炒火腿芹菜,47.89,3.15,2.64,3.16,261.0
火腿炝青椒,80.15,6.29,5.04,2.86,136.0
火腿烧四季豆,76.68,6.27,4.41,4.44,156.5
火腿炒青笋,51.54,3.97,3.01,2.37,227.0
西蓝花炒火腿,103.7,7.01,7.6,3.01,81.0
火腿烩虾仁,86.45,9.39,1.03,10.61,155.0
火腿煸鲍菇,85.98,5.78,4.28,6.96,164.0
火腿炒小油菜,68.31,5.44,4.26,2.47,183.0
火腿丁炒鲜玉米,131.8,4.83,6.44,14.64,130.5
嫰豆腐火腿羹,48.72,3.22,2.37,3.87,390.0
火腿烧白菜,145.69,6.33,12.28,2.7,156.5
火腿胡萝卜炒饭,109.13,5.45,1.85,18.19,230.0
香煎火腿黄瓜饼,129.79,8.68,3.17,17.11,235.0
火腿摊鸡蛋,162.5,12.48,11.51,2.42,96.0
火腿凉瓜炒鸡蛋,136.65,8.44,9.12,5.54,140.5
生菜火腿粥,39.0,2.22,0.43,6.76,300.0
蔬菜火腿炒饭,86.5,5.53,1.93,12.4,200.0
蒸苦瓜火腿,95.48,6.46,6.5,3.54,155.0
火腿肠鸭卷,312.5,15.81,24.34,7.61,80.0
鲈鱼蒸火腿,132.19,15.92,6.58,1.87,146.0
蒸火腿娃娃菜,30.28,4.61,0.84,2.25,125.5
鸡翅焖豆角,117.44,7.23,6.57,8.33,172.0
鸡翅炒甜椒,137.7,10.39,8.8,4.55,191.0
鸡翅煲土豆,80.32,5.54,4.45,4.54,376.0
香烤鸡翅土豆,164.95,10.2,7.81,13.65,214.0
鸡翅煲胡萝卜,133.02,9.53,7.94,6.57,210.5
鸡翅焖土豆,153.99,12.82,7.26,9.53,163.0
鸡蛋炒菠菜,94.26,6.32,6.32,3.59,165.5
家常鸡蛋烧豆腐,126.41,8.61,9.18,2.97,168.5
胡萝卜摊鸡蛋,141.28,7.62,9.4,7.19,109.0
黄瓜摊鸡蛋,118.49,7.11,8.65,3.17,119.0
火腿肠摊鸡蛋,192.68,12.14,12.61,7.74,123.0
鲜蘑煎鸡蛋,131.45,7.55,8.27,7.17,124.0
南瓜煎鸡蛋,117.44,5.95,7.28,7.19,140.5
香芹炒鸡蛋,110.77,6.42,8.01,3.78,130.0
青椒摊鸡蛋,126.85,7.68,9.49,2.85,108.0
鸡蛋辣椒炒黄瓜,73.33,4.34,4.98,2.85,210.0
鸡蛋烧丝瓜,120.85,7.29,8.73,3.78,117.5
蒜黄摊鸡蛋,130.12,7.41,8.25,6.88,124.5
土豆炒鸡蛋,126.28,6.32,6.26,11.63,165.5
鸡蛋炒西红柿,64.94,3.94,4.51,2.54,231.0
鸡蛋炒西葫芦,71.3,4.48,4.67,3.17,223.0
鸡蛋烩香肠,329.31,17.16,26.3,6.07,116.0
油菜摊鸡蛋,73.99,4.15,4.78,4.01,223.0
鸡蛋炒包心菜,68.78,4.76,4.12,3.69,205.0
肉末蒸鸡蛋豆腐,105.42,7.44,7.33,3.17,240.0
鸡蛋炒粉丝菠菜,161.57,6.66,7.37,17.52,140.5
鸡蛋什蔬面,63.19,3.71,1.63,8.62,345.0
鸡蛋火腿烩豌豆,152.99,11.42,8.86,7.4,125.5
四季豆炒鸡蛋,94.01,5.94,6.26,4.99,167.0
鸡蛋煎对虾,154.98,16.11,5.34,10.79,211.0
鸡蛋韭菜煎饼,173.12,10.57,4.13,24.46,160.0
鸡蛋烩面,278.12,14.72,4.79,45.21,160.0
丝瓜鸡蛋炒火腿,105.51,6.65,6.8,4.9,190.5
蛋花汤,35.33,2.17,2.77,0.5,368.0
榨菜鸡蛋炒面,212.14,10.22,4.01,34.29,140.0
西葫芦蒸鸡蛋,88.82,5.23,6.26,3.17,165.5
蛋蒸鱼,146.15,13.78,9.21,1.71,156.0
鸡蛋面条,90.18,3.84,2.79,12.67,387.0
鸡丁什蔬炒饭,129.09,5.81,5.27,15.03,275.0
鸡丁煎鸡蛋,159.32,17.11,9.42,1.58,118.0
毛豆炒鸡胸肉,82.22,10.26,1.63,7.84,180.0
鸡丁炒莴笋,100.0,10.34,5.71,1.95,207.0
鸡腿烧豆角,65.1,6.29,3.48,2.53,361.0
鸡块烧蘑菇,56.32,5.61,3.02,2.03,419.0
鸡块煲土豆,83.73,3.68,3.5,9.63,418.0
焖土豆鸡块,80.22,6.36,3.49,6.25,369.0
香炸鸡米花,149.66,19.07,4.68,7.82,149.0
鸡胸肉炒菜花,102.86,10.01,4.47,5.99,140.0
浓香鸡肉炒饭,132.85,6.84,3.29,19.08,207.0
鸡肉炒青瓜,80.62,8.7,2.63,5.98,160.0
鸡肉炒白蘑,83.77,9.38,4.05,3.15,154.0
鸡肉炒凉瓜,88.89,11.98,3.26,3.07,216.0
鸡肉鲜蔬炒面,63.85,7.87,0.71,7.56,106.5
鸡肉炒鲜蘑,129.3,13.73,7.8,1.31,157.0
鸡肉炒辣椒,298.67,11.59,27.06,2.6,150.0
土豆甜椒烧鸡块,150.4,5.76,8.94,12.52,250.0
鸡块烧香菇,74.44,2.95,6.39,1.65,360.0
鸡肉煸杏鲍菇,64.64,5.65,3.24,3.38,263.0
酱烧鸡肉豆角,105.63,4.11,8.2,4.32,284.0
鸡肉烩粉条,168.63,4.75,10.97,12.95,373.0
小鸡炖蘑菇（家常版）,68.56,2.76,5.66,1.86,722.0
鸡块焖山药,99.59,3.79,8.35,2.42,487.0
鸡肉烧土豆,73.09,2.57,4.97,4.62,472.0
鸡块烧豆角（家常版）,104.23,3.98,8.67,2.78,473.0
鸡肉鲜蔬饭,78.28,5.93,0.54,12.94,290.0
冬瓜烧鸡肉丸,68.37,6.7,0.62,9.77,215.0
鸡丝清炒凉瓜,92.88,8.24,3.75,6.9,161.5
鸡丝炒葱头,92.01,8.59,3.93,5.94,156.5
干拌鸡丝凉面,147.87,9.93,1.86,23.83,188.0
鸡丝炒蘑菇,106.77,13.82,2.61,7.21,192.0
鸡腿烧豆腐,55.41,5.27,3.41,1.09,518.0
鸡腿炖鲜蘑,42.16,2.76,1.95,3.64,472.0
鸡腿肉烧土豆,129.67,9.75,5.82,9.78,182.0
香菇烧鸡腿,47.62,4.51,2.48,2.17,525.0
鸡腿烧青豆,59.4,5.49,3.04,2.46,463.0
酱烧土豆鸡腿,48.0,2.95,1.99,4.84,475.0
鸡腿焖香菇,71.43,7.15,2.25,6.73,175.0
鸡腿蒸鲜蘑,115.14,10.62,5.64,5.91,218.0
鸡胸炒甜椒,115.54,16.97,4.72,1.57,148.0
鸡胸炒酸豆角,102.55,8.93,2.67,11.77,157.0
炝炒鸡胸西葫芦,127.38,15.45,4.25,6.94,168.0
鸡胸炒花菜,85.35,10.32,4.17,2.72,157.0
基围虾炒西蓝花,89.29,10.9,3.17,4.91,224.0
鲫鱼煲豆腐,41.91,3.87,2.24,1.67,439.0
鲫鱼烩粉条,51.17,3.17,1.56,6.24,469.0
鲫鱼煲土豆,41.4,3.47,1.67,3.18,442.0
鲫鱼炖莴笋,52.42,4.97,1.63,4.8,538.0
鲫鱼煲粉丝豆腐汤,46.81,3.78,1.07,5.64,455.0
鲫鱼鹌鹑蛋,142.58,14.05,4.72,11.19,155.0
鲫鱼红豆汤,27.46,2.37,1.06,2.06,710.0
鲫鱼萝卜鲜汤,30.8,3.32,0.52,3.4,435.0
鲫鱼焖豆腐,70.0,8.44,2.5,4.16,220.0
鲫鱼烧白萝卜,44.04,4.87,1.7,2.45,545.0
鲫鱼烧焖豆,53.26,5.01,2.28,3.45,475.0
鲫鱼焖土豆,48.01,3.39,1.55,5.08,502.0
鲫鱼烧明虾,48.16,5.13,1.81,2.78,490.0
煲鲫鱼萝卜汤,32.33,3.26,0.51,3.75,433.0
鲫鱼蒸鸡蛋,39.21,4.69,1.62,1.46,454.0
鲫鱼淮山枸杞汤,28.82,3.37,0.52,2.75,465.0
家常什蔬炒饼,206.49,7.11,6.24,31.27,185.0
家常酱炒茄子,77.12,1.57,4.47,8.19,118.0
葱油香酥饼,250.67,11.0,1.8,48.9,150.0
家常豆腐,165.05,7.94,11.97,7.04,186.0
风味红烧鱼,77.4,9.51,2.95,3.51,146.0
回锅肉（家庭版）,123.35,5.43,8.46,7.32,167.0
家常炸软鱼,183.93,15.39,11.01,5.71,168.0
家常烧黄鱼,44.69,5.0,1.93,1.48,452.0
烧带鱼,38.89,3.7,2.12,1.32,414.0
烧鲫鱼,42.17,3.66,1.85,2.78,415.0
烧武昌鱼,151.11,17.23,6.02,7.03,90.0
水煮毛豆,167.96,11.29,5.47,23.8,90.5
家常酥油饼,363.89,15.87,2.36,71.5,108.0
家焖黄花鱼,50.0,4.93,2.34,2.25,306.0
尖椒烧白菜,49.33,1.52,3.01,5.25,186.5
尖椒烧冬瓜,47.18,0.93,2.96,5.25,186.5
辣椒炒豆腐丝,220.66,19.81,12.41,9.87,135.5
尖椒炒豆腐皮,131.64,6.47,8.04,9.4,137.5
尖椒煸火腿,93.71,6.41,5.06,6.82,143.0
尖椒爆鸡丁,152.53,7.04,7.44,15.12,198.0
辣椒炒鸡胗,101.24,9.07,3.62,9.39,241.0
尖椒烧鲫鱼,98.38,8.44,4.66,6.26,185.0
尖椒炝韭菜,52.54,1.92,2.6,6.82,226.5
尖椒炒白蘑,190.98,21.16,4.58,21.48,188.5
尖椒炒凉瓜,52.29,1.1,2.92,6.48,185.5
尖椒煸腊肠,260.14,8.14,19.93,12.66,148.0
尖椒炒牛柳,107.09,7.11,4.08,11.19,141.0
尖椒烧茄子,74.63,1.3,3.77,9.53,167.5
尖椒烧肉片,235.9,7.64,19.19,9.07,97.5
尖椒爆肉丝,156.39,5.95,10.43,10.81,133.0
尖椒烧丝瓜,52.55,1.47,2.96,6.11,186.5
家常尖椒炒土豆,85.12,2.18,2.89,13.53,191.5
家常尖椒土豆片,88.13,2.22,2.97,14.08,189.5
辣炒胡萝卜土豆丝,74.73,1.79,2.47,12.42,227.5
辣椒炒蚬子,71.12,4.68,3.53,6.25,232.0
尖椒炒冬菇,54.79,1.73,3.71,4.99,146.0
尖椒爆羊肉,103.97,7.98,6.14,4.75,151.0
尖椒煸鱿鱼,83.87,8.95,3.58,4.39,186.0
尖椒炒肝片,102.47,8.86,5.33,4.48,162.0
尖椒炒竹笋,50.0,1.89,2.89,5.1,192.0
尖椒烧鱼,64.75,7.51,0.89,7.68,261.0
辣椒火腿炒蛋,99.42,7.24,6.58,3.53,171.0
青椒酿肉,215.85,8.62,16.07,9.53,132.5
尖椒烧牛柳,93.91,8.48,1.08,13.41,115.0
尖椒松花蛋,126.32,6.05,8.99,5.89,152.0
尖椒炖豆腐,76.14,2.79,4.63,7.12,176.0
尖椒烧支竹,158.88,9.41,9.04,11.07,107.0
尖椒烩牛肉,61.75,5.16,3.43,2.91,183.0
尖椒烧鸭肉,101.92,5.65,4.03,11.55,156.0
尖椒洋葱炒皮蛋,131.12,6.53,7.15,10.69,165.5
酱香煎大虾,114.29,17.15,3.41,3.53,189.0
煎火腿鸡蛋,153.45,13.46,10.22,1.97,116.0
煎烤大虾,137.41,16.85,4.86,7.88,139.0
煎焖凉瓜,64.8,1.52,3.92,6.54,160.5
煎烹对虾,85.96,10.13,3.4,3.64,235.0
煎青椒鸡胸,102.27,13.51,2.18,7.74,220.0
香煎三文鱼排,167.65,13.86,11.45,2.38,102.0
香煎玉米饼,181.58,7.61,1.37,35.97,190.0
快手红烧虾,118.67,15.29,4.07,5.32,150.0
特色卤鸭,74.64,3.78,5.88,1.65,422.0
姜爆鸡块,135.38,16.62,5.59,4.88,130.0
姜爆鸭,33.01,3.61,1.57,1.05,418.0
姜爆鸭丝,215.38,13.41,16.91,2.44,117.0
姜葱炒猪肝,145.11,15.45,6.02,7.63,133.0
姜葱爆花蟹,87.14,14.01,2.14,3.12,140.0
姜葱爆龙虾,116.03,14.85,4.14,4.64,156.0
姜葱炒河蟹,145.26,14.54,5.12,10.36,137.0
姜汁鲜虾,67.74,13.24,0.54,2.65,155.0
姜汁什蔬牛肉饭,81.4,5.25,0.67,14.24,258.0
姜汁焖藕片,52.0,1.16,0.22,12.81,100.0
姜汁烧鸡块,137.06,12.64,7.7,4.43,170.0
姜汁仔鸡,117.62,9.92,6.29,5.33,227.0
姜汁皮皮虾,49.15,5.16,2.11,1.46,352.0
秘制酱板鸭,241.18,12.22,14.66,14.99,68.0
酱香回锅肉,143.33,7.4,10.93,4.63,150.0
酱香甜椒烧茄子,46.35,1.09,2.71,5.02,198.5
酱香肉丝尖椒,175.82,5.87,13.84,8.04,136.5
酱黄瓜炒豆干,85.42,4.42,5.59,4.72,195.5
酱烧鲫鱼,37.68,3.58,1.86,1.68,414.0
酱口蘑炒芦笋,131.99,15.44,3.49,13.36,272.0
酱汁熬萝卜,84.38,0.89,5.3,9.02,96.0
酱焖黄嘎鱼,41.91,3.78,1.87,2.68,408.0
酱烧鲫鱼豆腐,94.76,11.03,4.09,4.02,191.0
酱牛肉,153.57,18.6,5.87,6.97,140.0
酱烧茄子,51.69,1.34,3.27,4.9,162.5
酱茄子焖土豆,74.11,2.05,2.59,11.29,210.5
酱香比目鱼,49.27,4.28,2.46,2.61,412.0
酱香大黄鱼,55.28,4.47,1.81,5.19,436.0
酱香胡萝卜,87.34,0.99,4.6,11.79,114.5
酱烧土豆,166.01,5.99,10.9,11.37,176.5
秘制酱鸭,234.25,10.71,13.58,17.6,73.0
酱油蒸鸡腿,170.25,17.29,10.19,2.2,121.0
酱油焖鸡,125.71,14.98,5.31,4.58,140.0
酱香基围虾,133.33,16.57,4.98,5.65,138.0
酱汁鱼头,200.0,13.56,10.73,12.36,105.0
茭笋炒胡萝卜,64.82,1.39,4.14,6.51,126.5
茭白炒火腿,58.93,3.06,3.6,3.83,168.0
茭笋炒鸡肉,70.23,4.92,3.45,5.84,262.0
茭白炒鸡胸,94.3,9.06,4.23,5.91,158.0
茭白笋炒腊肠,254.55,8.51,20.5,9.36,143.0
茭笋炒青椒,66.41,1.49,4.11,6.79,131.0
茭笋炒五花肉,136.59,5.44,11.67,3.11,143.5
茭白炒鲜虾,87.44,11.22,2.96,4.4,207.0
茭白笋炒香肠,170.16,7.08,13.46,5.67,191.0
茭笋炒杏鲍菇,68.75,1.38,3.7,8.62,144.0
茭白煸鱿鱼,64.1,8.59,0.84,6.24,195.0
茭笋炒猪肝,102.14,9.14,3.96,8.15,163.5
茭白虾米粥,52.0,3.31,1.73,5.99,375.0
茭白青椒炒肉,160.0,5.59,13.01,5.66,145.0
茭笋肉丁,97.02,3.67,5.92,8.1,168.0
茭白烧肉片,149.62,5.89,10.31,9.01,133.0
茭白笋烧排骨,49.56,2.39,4.11,0.91,682.0
浇汁皖鱼,163.11,13.54,9.08,6.95,103.0
椒麻鸡块,149.51,19.9,6.77,2.82,103.0
椒麻鸡胸肉,116.57,15.42,3.43,6.31,175.0
椒丝腐乳空心菜,37.95,1.81,2.19,4.37,166.0
椒盐炸凤尾虾,122.92,14.85,2.84,9.96,240.0
椒盐炸海虾,83.2,16.29,0.79,3.04,125.0
椒盐香炸河蟹,125.6,15.68,2.5,10.49,125.0
盐焗小龙虾,100.0,17.73,1.94,2.85,130.0
椒盐香菜河虾,82.0,13.51,2.17,2.64,150.0
椒盐洋芋,123.46,3.0,4.4,18.44,121.5
椒盐大虾,70.86,11.95,0.62,4.74,175.0
椒盐玉米粒炒虾仁,180.13,12.83,3.17,25.93,231.5
童子鸡,179.46,12.59,9.91,4.17,185.0
芥兰炒香肠,198.2,9.42,15.43,6.52,166.5
芥蓝扒牛肉,80.0,7.59,0.84,11.74,155.0
南瓜鲜虾豆腐盅,84.62,7.97,2.03,9.22,260.0
粉丝炒鱿鱼,125.99,9.64,3.22,14.49,177.0
特色宫爆鸡丁,78.71,8.73,0.75,9.68,155.0
酥脆椒盐虾,84.67,13.97,0.69,6.29,150.0
韭菜煸菜花,129.86,5.59,10.95,3.17,172.5
韭菜大虾,80.43,10.22,2.68,4.23,235.0
韭菜炖豆腐,90.56,5.57,6.37,3.69,206.5
韭菜炒豆干,109.84,6.35,7.03,6.39,157.5
韭菜炒豆皮,255.2,24.49,15.13,7.91,110.5
韭菜烩粉条,155.27,1.7,3.53,30.24,156.5
韭菜煸腊肠,231.31,8.59,18.88,7.76,156.5
呛炒韭菜银芽,49.84,2.11,3.48,3.71,156.5
韭菜炒鲜蘑,142.49,6.15,10.81,5.88,156.5
韭菜烧平菇,60.74,2.85,3.5,5.73,163.0
韭菜炒肉,137.68,5.44,10.76,5.82,176.5
韭菜烩山药,82.76,2.09,5.21,7.81,101.5
韭菜烧土豆,71.38,2.38,3.54,8.62,155.5
家常韭菜炒土豆片,71.38,2.38,3.54,8.62,155.5
韭菜炒对虾,79.41,10.6,1.86,5.65,235.5
韭香虾仁,178.44,14.17,3.2,23.71,185.5
韭菜煸香肠,163.59,7.06,12.84,5.62,200.5
韭菜烧杏鲍菇,48.54,2.1,2.22,6.25,257.5
韭菜烧鱿鱼,76.0,11.79,1.33,4.77,150.0
韭菜炒猪肝,94.88,8.86,3.67,7.55,185.5
韭菜炒鲜笋,44.81,2.51,2.16,5.0,270.0
韭菜烧鸡蛋,92.45,6.2,6.38,3.59,165.5
香煎韭菜鸡蛋盒子,147.73,8.95,3.21,22.04,220.0
鸡蛋韭菜汤,34.29,2.2,2.49,0.96,417.0
韭菜鸡蛋饼,173.12,10.57,4.13,24.46,160.0
韭香煎豆腐,74.94,4.38,5.21,3.84,205.5
家常韭菜炒鸡蛋,97.3,6.16,6.94,3.57,166.5
韭菜青椒炒鲜虾,68.16,9.9,1.75,3.79,223.0
韭菜烧刀鱼,47.06,4.49,2.44,1.82,357.0
韭菜煲豆腐,80.76,4.3,5.08,5.63,210.5
韭菜烧支竹,194.84,13.11,12.32,8.79,77.5
韭菜焖鲫鱼,89.29,11.17,1.93,7.46,140.0
韭菜炒虾,135.06,11.97,2.65,16.56,231.0
韭菜清蒸鲫鱼,108.07,10.07,4.73,6.78,161.0
韭黄炒蛋,92.17,6.15,6.25,3.31,166.0
炝炒韭黄鸡丝,73.36,7.73,2.97,4.53,214.0
韭黄煸腊肠,204.13,9.72,15.83,5.96,218.0
炝炒韭黄牛肉,83.33,7.2,3.03,7.61,240.0
韭黄炒猪肉,151.25,5.92,11.79,6.04,160.0
炝炒韭黄肉丝,82.64,7.78,2.73,7.26,227.5
韭黄炒大虾,78.88,9.64,3.57,2.63,232.0
杏鲍菇炒韭黄,51.07,1.77,2.53,6.12,209.5
韭黄熘猪肝,76.67,9.17,2.13,5.73,180.0
韭黄煎鸡蛋,87.82,5.88,5.89,3.3,176.5
烧菊花鲈鱼,99.32,11.37,1.95,9.78,148.0
鲜菇炒肉片,138.18,6.01,11.36,3.55,165.0
菌菇煲鸡,83.87,9.35,2.32,7.85,155.0
咖喱焖鹌鹑蛋,199.25,11.84,14.05,6.31,133.0
咖喱鲜虾,68.15,8.23,2.18,4.29,292.0
咖喱蟹粉煲,152.63,11.83,3.46,18.68,171.0
洋葱咖喱鸡肉饭,92.69,5.23,0.56,17.15,383.0
咖喱炖牛腩,81.21,6.8,1.12,11.34,165.0
牛肉咖喱汤,36.78,6.07,0.84,1.23,435.0
土豆咖喱牛肉,92.73,7.25,1.12,14.01,165.0
咖喱对虾,66.67,9.53,0.75,5.97,255.0
香烤串串虾,85.0,11.54,0.68,8.29,180.0
烤对虾,103.57,12.11,3.72,5.35,196.0
烤炖鸭子,65.5,5.4,4.02,2.4,200.0
烤地瓜,84.55,0.67,0.35,20.78,110.0
蜂蜜烤翅中,254.68,13.96,13.22,20.42,139.0
香烤鸡腿,159.05,19.38,8.86,0.55,105.0
烤鸡胸,122.86,23.78,2.91,0.9,105.0
芦笋烤土豆,161.04,6.23,12.1,7.47,154.0
烤金瓜排骨,191.28,8.93,15.25,4.76,183.5
烤土豆猪排,227.59,11.7,16.59,8.16,145.0
烤土豆鸡翅,161.93,10.41,8.09,12.06,207.5
烤五花肉片,214.41,7.46,16.84,8.58,111.0
特色盐焗鸡,133.33,9.67,7.2,7.95,240.0
秘制烤羊肉串,186.24,17.16,10.94,7.5,109.0
蒜香烤鱼,139.47,14.01,7.83,3.96,152.0
白蘑炒鸡蛋,243.02,27.31,7.92,20.66,172.0
白蘑炒鸡肉,238.24,30.26,5.46,21.88,170.0
白蘑炒茭白,225.33,26.45,5.59,23.25,150.0
白蘑炒肉,319.82,24.6,16.77,21.62,108.5
口蘑煎鸡蛋,241.67,27.73,8.02,19.74,168.0
口蘑烩豆腐,198.56,21.95,6.52,17.44,208.5
白蘑酿虾仁,196.14,26.15,4.3,16.77,233.0
白蘑烧鸡腿,157.56,19.83,4.37,11.93,205.0
白蘑烧土豆,146.04,15.18,3.19,17.52,265.0
口蘑浓汤,87.84,8.45,3.18,7.59,370.0
口蘑鲜虾,163.83,22.68,3.02,13.71,188.0
苦瓜烧豆角,54.66,1.35,3.34,5.53,155.5
苦瓜鸡蛋炒饭,128.67,5.75,5.01,15.46,293.0
凉瓜炒海带,54.26,1.29,3.88,3.92,158.5
凉瓜炒尖椒,67.75,1.06,3.43,8.87,153.5
苦瓜炒茭白笋,44.27,1.26,2.66,4.37,196.5
苦瓜煸腊肠,230.87,7.72,18.81,8.07,155.5
凉瓜炒辣椒,61.47,0.98,4.45,5.01,115.5
苦瓜炖牛肉,84.97,6.56,4.01,6.25,153.0
凉瓜炒猪肉,112.59,4.12,9.24,3.68,202.5
凉瓜炒山药,55.39,1.53,2.27,7.99,236.5
凉瓜炒土豆,76.96,1.95,3.0,11.01,210.5
苦瓜素烧香菇,54.59,1.55,2.54,7.34,212.5
凉瓜炒鱼,107.75,10.17,6.8,1.81,135.5
凉瓜炒榨菜,78.6,1.56,4.26,9.0,128.5
凉瓜炒猪肝,100.91,10.08,4.63,4.98,219.0
苦瓜焖排骨,204.73,11.37,15.52,5.01,148.0
凉瓜枸杞排骨汤,35.16,2.0,2.55,1.18,455.0
苦瓜酿肉,111.44,3.81,7.15,8.72,201.0
苦瓜炖豆腐,80.65,3.74,4.93,6.09,214.5
苦瓜烧肋排,80.54,4.51,5.78,2.75,411.0
凉瓜烧五花肉,144.44,5.49,11.75,4.69,162.0
凉瓜烧鸭,138.28,8.16,9.6,5.13,209.0
苦瓜炖鱿鱼,70.36,5.84,3.79,3.55,153.5
凉瓜玉米南瓜汤,27.69,0.69,0.18,6.14,455.0
苦瓜蒸草鱼,108.9,10.24,6.6,2.51,140.5
垮炖鲤鱼,48.73,4.25,2.39,2.47,353.0
家常炒三丝,68.44,1.59,3.45,8.61,150.5
炝炒腊肠菠菜,325.93,11.43,27.14,9.26,108.0
腊肠烧菜花,278.26,9.68,23.15,8.45,126.5
腊肠烧冬瓜,310.41,10.14,26.49,8.23,110.5
腊味炒荷兰豆,203.41,7.24,16.68,6.3,176.0
腊味炒胡萝卜,298.36,9.77,24.09,11.57,122.0
广式腊肠炒柿子椒,319.3,10.39,25.78,11.96,114.0
腊肠扒芦笋,321.3,11.48,27.04,8.61,108.0
腊肠炒青豆,294.34,12.08,23.39,9.75,132.5
腊肠炒香芹,320.18,10.39,26.91,9.29,109.0
腊肠炒彩椒,268.12,8.79,21.36,11.1,138.0
腊肠炒青笋,317.27,10.56,26.55,8.73,110.0
腊肠炒花椰菜,329.3,11.94,27.4,9.35,107.5
腊肠炒洋葱头,337.74,10.94,27.6,11.61,106.0
腊肠炖白萝卜,251.96,8.33,20.81,8.23,140.5
腊肠焖腐竹,392.43,24.13,26.66,14.29,158.5
腊味蒸冬瓜,207.07,7.27,15.66,9.65,155.5
腊肠蒸洋芋,247.84,9.04,16.18,16.91,150.5
腊肠蒸黄鱼,263.16,16.68,18.07,7.95,133.0
腊排骨烧土豆,99.27,4.41,6.92,5.02,411.0
腊味娃娃菜,209.43,5.47,20.06,2.36,212.0
腊肠荷兰豆,285.79,10.45,22.27,11.23,186.5
炝炒蚬子,65.61,4.58,3.2,4.95,221.0
香辣鸭脯肉,99.17,13.78,2.06,7.11,120.0
辣炒羊肉,144.63,10.64,7.79,8.79,121.0
辣椒洋葱炒鱿鱼,76.77,8.54,3.39,3.58,198.0
香辣鱿鱼,140.0,15.56,6.65,5.71,110.0
香辣豆瓣鱼,159.15,15.13,6.55,10.13,142.0
辣尖椒炒鸡肉,90.06,11.14,3.14,5.19,236.5
白菜辣椒炒肉,191.15,7.32,16.67,3.42,113.0
辣椒炒鲜虾,108.9,15.34,3.82,3.33,146.0
辣椒炒香干,278.67,13.57,22.96,4.98,105.5
辣椒煸红肠,286.96,9.23,24.36,8.35,69.0
辣椒烧鸡翅,182.4,15.79,9.35,8.9,125.0
爆炒青椒鸡块,76.0,7.58,4.38,1.89,275.0
鲜椒炒鸡肉,215.9,8.04,16.29,10.07,239.0
辣椒烧牛肉,47.86,6.69,0.87,3.94,140.0
辣椒烧排骨,201.21,9.64,16.99,2.76,165.0
青椒炒肉,150.69,5.35,13.69,2.11,144.0
青辣椒炒肉,147.96,5.96,12.45,3.84,134.5
鲜椒炒丝瓜,47.73,1.26,3.23,4.16,165.5
青椒炒土豆,96.91,2.14,3.68,14.68,145.5
家常辣椒炒土豆片,94.46,2.16,3.5,14.43,153.5
家常辣椒炒土豆丝,85.25,2.17,2.96,13.51,186.5
家常辣椒炒肉,186.11,7.72,12.78,10.7,108.0
鲜椒炒虾,110.07,15.22,4.06,3.38,149.0
尖椒炒香肠,181.2,5.75,13.59,9.71,117.0
辣椒烧鱿鱼,77.44,8.91,3.44,3.17,195.0
辣椒炒鱼片,80.41,7.46,4.84,2.03,194.0
甜椒炒猪肝,94.7,9.23,4.04,5.97,160.5
辣椒火腿煎鸡蛋,132.93,9.3,7.63,7.22,164.0
鲜椒炒鸡蛋,98.39,5.81,6.66,4.79,155.5
辣椒凉瓜炒肉,138.17,5.01,11.79,3.48,158.5
辣烧鸡块,90.21,4.85,6.91,2.32,337.0
辣烧鸡腿,73.63,3.51,3.81,6.35,383.0
麻辣鸡胸条,149.69,23.22,5.13,3.27,163.0
香煸辣子鸡,269.48,14.59,19.4,10.51,154.0
川香辣子鸡丁,166.67,14.68,8.74,7.45,144.0
川香杏鲍菇炒鸡块,121.66,12.52,6.11,4.31,168.5
炸兰花蟹,157.59,14.56,7.44,8.1,191.0
快手盐水虾,146.38,16.14,5.09,9.33,138.0
烧青鱼,95.71,10.29,3.87,5.13,210.0
滋补老鸭汤,45.58,3.09,0.43,7.46,430.0
鲤鱼煲豆腐,101.27,11.92,4.15,4.49,158.0
鲜炖鲤鱼汤,37.1,3.7,2.09,0.86,407.0
莲藕炒肉,165.73,5.53,13.1,7.33,143.0
莲藕炖肋排,215.6,12.06,16.63,4.76,141.0
莲藕排骨汤,41.69,3.08,2.64,1.53,415.0
莲藕排骨鲜玉米汤,46.28,2.26,2.78,3.33,430.0
莲藕煲排骨,83.17,3.98,5.53,4.75,208.0
鲜拌白萝卜丝,25.12,0.71,1.07,3.96,103.5
凉拌东北大拉皮,142.14,8.01,7.79,10.81,140.0
家常凉拌胡萝卜粉丝,117.53,1.17,4.32,19.04,145.5
家常胡萝卜拌黄瓜,28.85,1.1,0.29,6.49,152.5
爽脆胡萝卜丝,79.68,0.96,4.2,10.89,125.5
黄瓜拌肉片,130.26,6.03,9.79,4.6,195.0
爽口黄瓜丝,44.2,0.88,2.89,3.89,185.5
鸡丝凉拌面,255.97,14.05,6.33,35.86,134.0
凉拌苦瓜,55.79,1.08,1.82,9.2,116.5
爽口拌藕片,56.88,1.8,0.32,12.83,109.0
凉拌马齿菜,62.1,2.87,2.2,8.59,109.5
凉拌菜豆,190.16,10.56,11.51,12.77,91.5
凉拌牛肉片,102.81,15.1,2.85,4.26,178.0
皮蛋拌豆腐,164.89,10.6,12.36,3.51,159.5
凉拌莴苣,106.67,2.48,7.7,7.72,120.0
鲜脆拍黄瓜,70.59,0.95,4.91,5.73,127.5
凉拌手撕鸡凉菜,204.26,16.84,12.33,7.32,141.0
蒜茸拌茄泥,78.37,1.49,5.09,7.38,122.5
炝拌土豆片,86.7,2.81,1.07,16.99,116.5
家常凉拌土豆丝,88.45,2.65,1.01,17.75,125.5
凉拌小菜拍黄瓜,20.95,1.09,0.2,3.63,157.5
凉瓜炒鸡蛋,90.63,5.35,6.2,3.83,165.5
特色琉璃山药,194.83,1.47,13.06,18.19,116.0
龙虾鸡蛋炒饭,114.87,10.85,3.1,11.01,195.0
清香龙须芙蓉,113.09,12.35,5.99,3.62,191.0
鲜芦笋炒大虾,85.39,12.11,3.24,2.25,178.0
芦笋炒蛋,92.9,6.22,6.07,4.33,169.0
茄汁芦笋炒鸡柳,62.44,7.28,0.54,7.89,213.0
芦笋炒鸡胸,93.79,7.49,5.02,5.42,177.0
芦笋煸鸡丝,55.9,8.06,0.59,5.63,195.0
芦笋炒鲜菇,137.93,16.28,3.68,13.6,261.0
芦笋炒鲜蘑,163.94,19.9,4.04,16.78,208.0
芦笋炒牛柳,67.88,6.48,0.72,9.81,165.0
芦笋烩肉片,149.7,6.11,11.18,6.7,169.0
芦笋煸肉丝,124.56,5.5,10.91,1.93,171.0
芦笋烧大虾,78.33,13.22,0.3,5.95,180.0
芦笋煸香肠,203.85,9.39,16.31,5.71,156.0
芦笋烧香菇,48.64,2.46,2.56,5.48,220.0
芦笋熘鱼片,85.78,8.21,4.71,3.5,204.0
芦笋炒肝尖,94.76,10.45,3.67,5.72,219.5
芦笋段炒虾仁,64.34,8.84,2.1,3.08,272.0
芦笋焖饭,77.2,2.6,0.22,16.86,250.0
芦笋烧鸭,33.48,1.68,2.34,1.66,672.0
香煎芦笋土豆饼,148.75,9.45,3.13,21.55,240.0
芦笋炒鸡翅,94.44,7.84,5.49,4.26,306.0
鲜蘑芦笋炒鸡蛋,72.94,5.46,4.73,3.11,218.0
芦笋杏鲍菇炒鸡腿,47.31,5.37,1.49,4.07,260.0
鲈鱼烧豆腐,48.33,4.52,2.69,1.78,509.0
鲈鱼鸭蛋煎饼,113.89,12.69,5.89,2.83,180.0
葱油鲈鱼蒸豆腐,101.13,11.84,5.37,1.84,177.0
卤鸡腿,52.84,4.89,2.95,1.51,422.0
卤猪排饭,122.92,5.03,4.98,14.97,240.0
五香卤冬菇,29.71,1.53,0.65,5.46,175.0
秘制卤鸭,32.97,2.15,1.6,2.49,370.0
卤鸭肉饭,94.05,3.93,0.44,19.09,185.0
罗非鱼炖鹌鹑蛋,49.24,4.94,2.81,0.86,459.0
罗非鱼炖豆腐,69.63,4.59,2.33,4.29,507.0
罗汉斋煮,136.97,6.85,2.85,21.93,165.0
鲜香罗宋汤,36.72,3.6,1.79,1.8,335.0
萝卜焖大虾,82.24,11.13,2.94,3.19,205.5
萝卜炒鸡片,83.83,8.14,2.51,8.08,167.0
萝卜炒牛柳,66.0,6.7,0.82,8.49,150.0
白萝卜烩山药,68.4,1.21,4.05,7.45,153.5
白萝卜烧鲜虾,79.63,10.52,2.52,3.91,218.5
萝卜烧香菇,63.32,1.37,3.35,8.37,159.5
萝卜烧大虾,39.02,5.1,1.44,1.56,410.0
萝卜炖牛肉,81.04,7.16,4.54,3.22,134.5
白萝卜烧肉,175.95,5.49,12.8,10.1,145.5
萝卜烧五花肉,42.62,1.44,3.42,1.63,549.0
白萝卜炖虾,88.22,10.61,2.8,5.5,216.5
白萝卜炒虾仁,141.07,11.96,2.67,17.75,215.5
白萝卜焖鸭,22.95,1.59,1.09,1.92,549.0
萝卜烧鱿鱼,67.04,9.41,1.06,5.84,179.0
白萝卜煲牛腩,66.92,7.51,1.09,7.37,130.0
萝卜排骨汤,44.7,1.9,3.8,0.84,434.0
萝卜烧刀鱼,43.47,3.65,2.04,2.82,421.0
萝卜焖鲫鱼,67.88,8.88,1.48,5.29,165.0
萝卜煲牛肋排,36.11,4.69,1.47,1.18,565.0
白萝卜烩牛腩,84.29,12.77,1.63,5.03,210.0
白萝卜焖排骨,131.19,7.98,8.48,6.25,218.0
萝卜焖羊肉,25.04,1.87,1.4,1.45,655.0
萝卜丝烩豆腐,90.34,3.98,5.46,7.3,191.5
白萝卜炒粉条,161.84,0.78,3.67,32.18,141.5
牛肉萝卜丝,105.7,11.75,3.6,7.02,228.0
萝卜丝炒基围虾,95.33,10.85,3.34,6.18,214.0
萝卜丝烧香肠,228.37,9.25,17.75,8.71,144.5
萝卜丝焖大虾,75.1,10.35,1.46,5.68,253.0
萝卜丝烩粉条,161.94,0.98,3.56,32.08,144.5
萝卜丝烧大虾,81.63,10.61,2.59,4.53,220.5
萝卜丝烧刀鱼,42.13,4.1,2.28,1.45,375.0
萝卜丝烧河虾,93.73,11.93,4.73,1.01,167.5
萝卜丝肉丸汤,42.62,1.79,3.25,1.65,420.0
萝卜丝煮鲫鱼,35.93,3.4,1.68,1.82,437.0
萝卜条炒毛豆,124.21,6.88,6.05,12.04,142.5
萝卜洋葱烧羊肉,56.96,5.53,1.84,5.31,230.0
萝卜炖鲫鱼,37.53,3.36,1.7,2.26,437.0
香甜绿豆饼,349.23,17.97,1.85,67.48,65.0
绿豆汤,61.64,1.62,0.19,13.61,365.0
豆芽炒火腿肠,201.89,8.71,16.07,5.78,159.0
绿豆芽炒鸡丝,91.89,8.77,3.65,6.13,166.5
银芽炒牛肉,59.31,6.6,2.62,2.78,158.5
豆芽炒对虾,97.79,12.99,3.43,3.96,181.0
银芽炒香肠,106.58,5.52,6.46,6.91,159.5
银芽炒猪肉,145.0,5.65,11.68,4.67,160.0
银芽豆腐炖肉,140.48,6.92,11.44,3.18,210.0
麻酱拌马齿苋,113.3,3.28,6.9,10.29,116.5
特色大盘鸡,82.67,7.99,2.38,7.84,150.0
麻辣花生怪味鸡,215.22,17.74,12.48,9.68,138.0
麻辣煸鸡条,168.15,15.76,8.8,6.61,135.0
麻辣炒鸡腿,183.24,18.18,9.13,6.99,173.0
什蔬麻辣香锅,70.53,3.68,2.51,8.87,190.0
特色麻辣香水鱼,41.46,3.62,2.35,1.62,410.0
干煸麻辣鲍菇,82.5,1.54,4.53,10.42,120.0
蒜香麻辣仔鸡,123.75,13.26,4.31,8.54,160.0
麻婆豆腐末,156.33,9.27,12.23,2.98,158.0
酱香菇,86.63,3.12,6.1,5.84,172.0
洋芋炖五花肉,65.45,2.15,4.08,5.27,466.0
荸荠香菇肉饼,141.1,6.41,9.49,8.25,146.0
肉糜粉条,331.0,7.61,13.85,44.36,100.0
青豆草菇炒肉丁,148.81,7.65,10.82,5.92,189.5
青豆炒冬瓜,72.98,3.75,4.88,4.46,142.5
青豆炒火腿,124.17,8.52,7.36,7.27,105.5
青豆炒鸡蛋,161.9,12.5,10.01,6.55,136.5
青豆炒鸡肉,263.28,13.83,20.55,7.09,128.0
毛豆炒茭白笋,122.82,8.06,7.14,8.26,120.5
青豆炒韭菜,96.88,6.56,5.6,6.71,176.5
青豆炒牛肉,49.73,4.83,2.6,2.15,366.0
青豆炒肉片,107.82,5.02,8.45,3.58,243.0
青豆炒肉丝,237.34,13.25,18.3,6.1,120.5
青豆烧丝瓜,80.55,4.39,4.75,5.92,146.5
青豆炒虾仁,184.05,16.39,4.21,20.32,219.5
毛豆烧仔鸭,83.62,6.1,3.22,4.23,293.0
青豆炒葱头,94.03,5.7,4.54,8.85,192.5
毛豆烧鱼,144.2,14.14,7.94,5.0,159.5
青豆茭白炒肉丝,160.59,7.35,12.04,6.9,170.0
毛豆煲鸡翅,94.16,7.29,5.12,5.0,394.0
毛豆煲鸡块,194.9,12.14,9.97,14.87,176.5
毛豆烧鸭块,103.07,5.75,7.45,3.54,358.0
青豆烧鲻鱼,128.83,15.34,4.8,6.98,163.0
青豆蒸香肠,386.89,18.19,30.71,10.14,91.5
豉油玫瑰鸡,173.39,16.99,9.53,5.15,124.0
美极鲜虾,90.29,12.86,1.22,7.17,175.0
糟香鸡,176.74,16.0,9.26,6.19,129.0
焖大虾,69.67,8.81,2.92,2.11,244.0
焖刀鱼,149.1,7.41,3.82,11.89,222.0
烧海鲈鱼,51.45,5.03,2.61,2.3,311.0
烧牛腩,131.11,19.27,4.58,3.33,90.0
焖肋排,101.68,5.66,7.96,1.91,358.0
焖炖茄子,73.56,1.4,3.23,10.23,164.5
糟羊肉,41.67,2.52,3.13,0.82,864.0
米粉蒸小排,266.29,10.39,14.06,25.03,175.0
家常米粉蒸肉,343.18,8.51,21.47,29.38,88.0
秘制烤鱿鱼,112.38,15.11,3.56,5.1,105.0
特色扒羊肉,107.1,11.52,3.94,6.72,155.0
秘制熏鱼,61.44,5.64,2.99,3.34,306.0
橙香鸡翅,135.24,9.76,5.66,11.68,210.0
秘制脆皮烤鸭,177.64,9.78,12.51,6.66,161.0
蜜汁烤鸡,116.5,11.08,3.58,10.46,200.0
蜜糖地瓜片,77.14,0.68,0.19,19.29,105.0
蜜汁番茄烧鸡翅,88.12,5.83,4.88,5.19,345.0
蜜汁烧翅根,221.43,15.11,13.25,10.37,126.0
蜜汁鸡翅蜜汁,90.46,5.99,5.17,5.02,325.0
蜜汁烤小排,183.59,8.51,15.42,2.73,195.0
蜜汁烤鸭,118.75,13.59,1.46,12.74,112.0
蜜汁甜玉米,118.45,3.89,1.22,24.34,103.0
蜜汁柠檬排骨,106.56,4.92,8.78,2.02,320.0
蒜香蜜汁鸡腿,158.2,17.34,6.09,8.52,122.0
明太鱼烧豆腐,46.86,5.23,2.43,1.28,446.0
蘑菇炒青瓜,52.31,1.99,3.02,4.96,216.0
蘑菇炒鸡蛋,90.53,6.28,6.08,3.38,169.0
草菇炒鸡块,58.2,5.4,2.9,2.83,433.0
鲜蘑炒韭菜,58.43,2.67,3.33,5.73,166.0
菌菇炒腊肠,129.94,5.34,9.78,5.76,157.0
蘑菇火腿炒面,149.14,5.95,3.17,24.83,202.5
鲜蘑炒青椒,54.9,2.39,3.4,4.41,153.0
菌菇甜椒炒肉,140.35,6.32,11.85,2.86,142.5
蘑菇烧肉丸,135.58,5.9,11.47,2.91,163.0
蘑菇炒青笋,47.87,1.82,2.47,5.19,211.0
鲜蘑炒虾仁,93.53,7.7,1.75,12.51,208.5
鲜菇炒油菜,94.23,4.32,7.43,3.29,260.0
鲜菇炒鱿鱼,73.02,9.41,3.12,2.31,215.0
蘑菇烧鸡,43.44,3.47,2.06,3.17,419.0
菌菇鸡汤,46.19,4.69,1.46,3.92,485.0
蘑菇烩土豆,126.27,5.3,9.05,6.54,207.5
蘑菇鸡肉炒葱头,221.65,16.32,12.84,12.97,175.5
蘑菇煲鸡翅,110.43,7.6,6.72,4.99,163.0
蘑菇烧鸡块,104.65,10.73,3.4,8.2,215.0
蘑菇烧肋排,157.07,9.34,11.72,4.01,198.0
西红柿鸡蛋盖饭,105.32,4.64,2.17,17.09,263.0
牛奶南瓜粥,43.83,1.8,1.5,5.88,575.0
玉米小馒头,120.77,5.6,3.31,17.62,284.0
金瓜炒饭,86.36,2.0,0.24,19.35,220.0
南瓜烧粉丝,175.65,1.08,3.83,34.41,135.5
南瓜爆鸡丁,87.07,8.2,4.53,3.69,263.0
南瓜炒腊味,280.95,9.16,23.2,9.14,126.0
金瓜炒牛肉,53.79,3.28,2.1,5.43,290.0
南瓜烧肉片,66.97,2.28,5.75,1.68,327.0
南瓜烩山药,69.07,1.56,3.15,9.09,166.5
倭瓜炒虾仁,93.09,11.42,3.45,4.29,195.5
南瓜焖大虾,87.41,11.49,2.75,4.17,202.5
南瓜烧豆角,117.92,5.24,8.13,6.5,173.0
南瓜烩粉条,148.79,1.14,4.95,25.02,103.5
南瓜炖牛肉,89.1,6.44,3.94,7.28,156.0
南瓜焖土豆,82.35,1.47,4.05,10.32,127.5
南瓜烧虾,45.72,5.75,1.51,2.38,409.0
枸杞南瓜甜汤,15.64,0.27,0.05,3.61,390.0
南瓜花卷,174.6,7.75,1.09,34.52,126.0
金瓜烤排骨,195.32,9.49,16.32,2.8,171.0
金瓜焖饭,140.14,3.34,0.41,31.36,147.0
南瓜焖鸡翅,123.72,7.86,6.36,8.49,263.5
金瓜烧牛肉,82.67,11.82,1.39,5.92,225.0
金瓜烧排骨,202.9,9.22,16.15,5.31,172.5
金瓜烧土豆,83.47,1.93,3.06,12.75,178.5
南瓜糯米丸子,198.52,4.36,4.2,36.21,135.0
金瓜窝窝头,164.17,6.95,1.1,32.63,120.0
金瓜小米红枣粥,58.7,1.27,0.26,13.18,385.0
金瓜小米绵粥,43.02,0.78,1.67,6.41,351.0
南瓜杂粮米糊,40.4,1.16,0.44,8.19,354.0
香甜金瓜小米粥,33.91,0.79,0.24,7.32,348.0
南瓜小米粥,47.48,0.79,1.83,7.12,318.0
特色南煎猪肝,194.93,15.07,10.2,10.67,138.0
南乳蒸鸡蒸,162.39,18.3,7.05,6.38,117.0
鲜嫩鸡蛋羹,130.77,12.22,7.97,2.59,130.0
嫩姜炒鸭片,153.75,10.2,4.88,17.02,80.0
鲶鱼烧豆腐,69.8,8.88,2.94,2.62,202.0
宁香嫩牛肉,51.58,5.23,0.74,6.37,190.0
茄汁牛腩煲,34.02,4.64,0.56,2.85,585.0
茄汁炖牛腩,52.7,6.4,0.82,5.53,148.0
牛腩烧腐竹,91.1,8.42,4.51,4.1,427.0
牛腩萝卜烧,104.96,7.09,5.91,6.41,141.0
牛腩煲土豆,109.33,7.73,0.87,18.09,150.0
茄汁牛腩,57.33,6.32,0.81,6.78,150.0
牛腩烧白萝卜,30.07,2.13,1.41,2.39,439.0
牛腩焖土豆,41.74,2.52,1.38,5.0,460.0
炝炒牛肉菠菜,81.1,7.64,4.33,3.45,145.5
牛柳炒草菇,94.19,7.26,3.72,8.69,172.0
牛肉炒冬瓜,86.52,5.67,2.63,10.38,159.5
牛肉烧豆角,85.91,7.37,4.26,5.44,145.5
牛肉炒西红柿,55.94,4.0,2.41,4.86,261.0
牛肉炒饭,90.16,5.57,1.36,14.34,315.0
牛肉炒支竹,237.57,20.12,11.19,14.17,181.0
牛肉炒瓜片,99.29,7.39,6.27,3.24,140.0
牛柳炒尖椒,98.57,6.91,4.56,8.04,140.0
爆香牛肉韭菜,87.5,7.26,4.22,5.96,152.0
牛肉炒凉瓜,122.02,14.28,3.24,9.14,188.5
牛肉扒芦笋,96.32,7.12,3.86,9.17,163.0
炝炒牛肉萝卜丝,92.83,7.3,4.6,6.07,132.5
牛肉炒白萝卜,81.34,6.97,4.54,3.47,134.0
牛肉炒青豆,157.58,15.32,8.23,6.81,115.5
牛肉炒鲜蘑,58.86,6.41,0.75,7.72,175.0
牛肉炒香芹,74.17,6.17,4.2,3.6,151.0
甜椒炒牛肉,115.28,6.78,6.44,7.78,144.0
牛肉生菜叶,50.38,3.75,2.41,2.25,262.0
牛肉炒青笋,98.35,11.17,3.39,5.88,242.0
小炒西芹牛肉,58.97,5.69,0.66,8.83,195.0
牛肉煸杏鲍菇,79.07,5.86,3.03,7.83,215.0
牛肉炒洋葱头,99.37,7.08,4.04,9.4,159.0
牛肉炒鲜玉米,91.81,5.38,3.02,11.35,232.0
牛肉烧鹌鹑蛋,51.44,3.96,3.08,1.18,418.0
牛肉白菜炖豆腐,95.62,8.54,6.01,2.73,148.5
牛肉烧冬瓜,37.81,5.0,1.56,1.01,529.0
牛肉烩豆腐,55.72,6.04,2.51,2.46,542.0
牛肉烩粉条,83.06,2.5,2.8,12.09,425.0
牛肉炖白萝卜,26.77,2.19,1.42,1.45,437.0
牛肉炖金瓜,26.67,2.21,1.47,1.31,420.0
牛肉土豆烧萝卜,35.94,2.38,1.46,3.53,448.0
牛肉煲番茄,71.33,6.38,4.14,2.75,150.0
牛肉炖毛芋,33.18,2.22,1.39,3.04,449.0
什蔬牛肉滑,57.3,5.82,0.69,7.52,185.0
牛肉蛋炒饭,107.44,8.73,3.01,11.62,215.0
牛肉酱豆腐,132.56,6.07,8.72,8.34,173.5
牛肉酱烧杏鲍菇,149.17,2.52,10.93,11.97,120.0
牛肉萝卜汤,14.1,2.3,0.28,0.7,390.0
牛肉面,73.06,4.28,0.46,13.18,360.0
牛肉片烩土豆,84.32,6.3,0.69,13.96,185.0
牛肉片煸杏鲍菇,84.49,7.95,0.68,12.39,187.0
牛肉片炒葱头,114.58,9.45,6.34,5.23,96.0
牛肉粉丝煲,92.9,6.34,0.83,15.59,155.0
牛肉甜椒烧豆腐,97.85,8.37,6.12,3.01,186.0
牛肉焖胡萝卜,33.26,2.41,1.54,3.01,466.0
牛肉烧白萝卜,79.56,7.67,1.22,10.03,137.0
牛肉炖山药,102.36,8.09,1.33,14.79,127.0
牛肉焖土豆,47.19,2.48,1.88,5.26,462.0
牛肉丝炒茭白笋,56.0,6.15,0.77,7.18,175.0
牛肉丸子煲萝卜,15.45,2.29,0.28,1.21,440.0
牛腩番茄汤,83.9,4.07,6.7,2.0,528.0
牛肉洋葱炒辣椒,68.69,6.46,2.84,5.07,148.5
奶香牛肉蒸鸡蛋,94.48,6.52,5.8,4.06,308.0
酱香牛肉蒸面,163.03,9.79,1.02,29.13,165.0
牛肉蒸金瓜,61.58,7.73,2.08,3.58,190.0
牛肉烧番茄,74.4,6.43,4.23,3.29,146.5
牛肉烧西红柿,72.63,9.72,1.26,6.09,95.0
牛肉烧香菇,78.38,7.31,4.26,3.86,148.0
家常炖排骨,160.83,8.01,9.86,10.76,240.0
农家辣椒小炒肉片,150.31,6.14,11.67,5.86,163.0
香甜糯米粥,47.59,1.24,0.14,10.39,290.0
糯香猪排,292.86,14.98,13.47,27.99,140.0
藕片烧肉,175.32,5.34,12.83,10.17,154.0
家常香炸藕圆,117.09,1.51,4.56,18.68,117.0
排骨白菜砂锅煲,192.83,9.02,11.67,13.59,223.0
排骨炒辣椒,121.17,5.63,9.49,3.65,153.5
排骨烩丝瓜,164.53,8.5,11.34,7.52,203.0
排骨白玉汤,26.44,1.26,2.07,0.86,711.0
排骨烩冬瓜,67.58,3.11,5.5,1.56,512.0
小排炖豆角,70.58,3.64,5.58,1.66,503.0
肋排炖粉条,108.44,3.55,6.07,10.0,462.0
排骨烧海带,61.06,3.11,5.11,0.72,547.0
肋排炖胡萝卜,85.57,4.04,7.06,1.71,499.0
小排炖黄瓜,66.8,3.23,5.62,0.84,500.0
排骨炖茭白笋,144.95,7.88,10.58,5.1,218.0
肋排炖萝卜,80.63,3.32,5.54,4.78,511.0
排骨烧山药,78.62,3.56,6.05,2.55,463.0
油豆角烧排骨,71.88,3.56,5.53,2.09,512.0
排骨炖鲜玉米,219.7,9.55,14.33,13.94,203.0
肋排炖玉米土豆,189.66,9.27,11.62,12.59,203.0
排骨什蔬乱炖,77.2,4.62,3.84,6.68,250.0
排骨焖油豆角,70.63,4.11,5.18,2.03,463.0
肋排山药汤,58.57,2.75,2.93,5.5,420.0
排骨山药煲,76.01,3.48,5.68,2.88,496.0
肋排烧鹌鹑蛋,90.97,4.97,7.41,1.03,465.0
猪排烧冬瓜,66.14,3.16,5.58,1.01,505.0
肋排烧胡萝卜,221.13,11.15,17.48,5.06,142.0
排骨鸡蛋烧,89.72,5.02,7.08,1.44,467.0
肋排烧萝卜,71.46,3.32,5.79,1.82,487.0
肋排烧土豆,79.12,3.66,6.18,2.3,455.0
小排烧土豆,77.28,3.42,5.49,3.8,515.0
猪排玉米冬瓜汤,47.23,2.28,2.64,3.89,470.0
排骨玉米冬菇汤,69.17,3.59,4.38,4.25,545.0
猪排蒸豆腐,82.86,4.35,6.73,1.29,455.0
排骨蒸倭瓜,174.34,7.41,12.56,8.12,132.5
寸排蒸土豆,245.96,11.33,17.42,11.2,161.0
豉香排骨蒸毛芋,220.26,11.15,15.05,10.2,153.0
河蟹粉丝煲,176.08,11.41,4.0,23.41,209.0
炸虾段,141.03,15.03,3.99,11.37,156.0
松花蛋烩排骨,147.98,10.58,10.9,1.93,248.0
皮蛋瘦肉粥,70.75,3.21,3.72,6.16,335.0
松花蛋煨辣椒,129.05,8.51,8.61,4.81,210.0
松花蛋煮苋菜,110.84,6.85,7.13,5.28,166.0
皮皮虾烧豆腐,96.09,12.14,4.16,2.82,217.5
咸香回锅肉,217.46,8.67,18.75,4.05,126.0
香辣手撕鸡,152.5,17.71,6.02,7.8,120.0
平菇炒甜椒,46.9,1.52,2.94,4.68,185.5
平菇炒西红柿,42.18,1.41,2.62,4.19,211.0
菌菇炒饭,94.78,2.81,0.53,20.46,230.0
平菇炒火腿,90.18,3.69,4.96,8.4,163.0
平菇煎鸡蛋,91.72,5.91,6.21,3.89,169.0
鲜蘑炒鸡肉,73.73,9.32,2.83,3.48,255.0
蘑菇炒鸡胸,82.5,9.01,3.92,3.42,160.0
蘑菇炒腊肉,212.09,4.44,15.38,14.44,182.0
平菇烧牛肉,47.0,3.46,2.06,3.54,317.0
平菇烧肉片,134.19,5.97,9.01,8.22,155.0
平菇炒青菜,54.27,1.99,3.36,4.79,164.0
蘑菇炒香肠,206.25,8.81,16.06,7.28,160.0
炝拌豆芽,70.99,3.2,4.37,5.77,177.5
家常炝拌黄瓜,49.84,0.78,3.98,2.81,158.5
炝炒莴笋叶,32.08,1.35,1.55,3.95,159.0
炝炒圆白菜,73.25,1.7,4.32,7.29,121.5
炝炒黄瓜,99.59,1.09,9.17,3.31,122.5
炝炒油菜,40.0,1.35,3.04,2.76,160.0
茄汁烧鱼片,111.65,13.48,4.17,5.16,103.0
茄汁平鱼,143.88,13.88,5.44,9.91,98.0
茄汁烧鸡片,163.2,20.74,3.11,13.25,125.0
茄汁鸡肉,154.03,20.48,1.61,14.56,124.0
番茄酱基围虾,131.72,15.61,4.7,5.36,145.0
茄子鳜鱼,137.04,15.28,3.16,12.06,108.0
茄汁烧龙利鱼,95.95,10.2,2.02,9.49,148.0
西红柿炒明虾,150.86,9.67,9.9,5.7,175.0
茄汁炖牛肉,156.86,17.26,2.01,17.54,153.0
茄子烧豇豆,98.65,3.63,7.75,4.61,185.5
茄子干烧长豆角,56.51,1.45,3.37,5.81,157.5
茄子烧土豆,65.8,1.8,2.05,10.78,270.5
芹菜拌香干,101.59,5.27,6.89,5.19,157.5
芹菜辣椒炒豆腐,60.77,2.2,3.85,4.25,209.0
芹菜炒豆干,102.18,4.94,5.51,8.84,160.5
香芹炒豆干,203.16,9.61,15.56,6.93,158.0
猪肉芹菜炒粉条,236.81,4.8,11.56,28.66,163.0
芹菜炒支竹,183.33,10.7,10.74,11.74,90.0
芹菜烧胡萝卜,52.33,0.72,3.69,5.08,172.0
芹菜煎蛋,84.94,4.98,6.24,2.73,166.0
芹菜烧鸡块,38.57,3.0,2.39,1.46,363.0
芹菜炒鸡胸,61.06,6.27,3.02,2.61,208.0
芹菜炒辣椒,50.65,0.73,3.53,4.76,154.0
芹菜煸腊肠,221.74,7.16,18.3,7.72,161.0
芹菜煸腊肉,158.25,3.36,14.46,4.37,206.0
肉末炒芹菜,116.44,3.93,9.83,3.75,146.0
芹菜爆香肉片,69.41,5.83,3.68,3.71,170.0
家常芹菜炒土豆片,85.08,1.8,3.37,12.35,157.5
家常芹菜炒土豆丝,69.25,1.46,2.65,10.47,206.5
芹菜煸五花肉,106.16,3.66,9.0,2.99,211.0
芹菜煸香肠,198.11,7.92,16.09,5.79,159.0
芹菜煸杏鲍菇,55.41,0.99,3.53,5.95,148.0
芹菜小炒羊肉,74.18,5.77,4.36,3.6,213.0
芹菜炒葱头,44.95,0.73,2.48,5.55,218.0
芹菜炒甜玉米,90.05,2.09,3.03,14.62,211.0
芹菜爆炒肉片,134.36,4.85,11.59,3.28,163.0
芹菜鸡蛋煎火腿,86.46,6.33,5.84,2.61,192.0
芹菜炖鲫鱼,35.51,3.28,1.69,1.96,445.0
小白菜肉沫炒面,211.33,7.64,6.4,31.41,150.0
小白菜虾皮粥,44.35,1.57,0.18,9.34,345.0
毛豆牛肉末,156.39,13.38,5.95,13.18,160.5
毛豆肉沫,238.87,13.06,17.87,7.47,123.5
毛豆虾仁,104.1,14.31,2.39,6.76,195.0
青椒拌松花蛋,113.82,6.24,7.75,5.55,152.0
青椒煸牛肉,101.65,12.68,3.94,4.44,211.5
青椒炒圆白菜,59.26,1.46,3.61,5.93,148.5
青椒炒油菜心,41.94,1.04,3.03,3.69,186.0
辣椒炒草鱼块,88.14,6.78,4.45,5.91,236.0
辣椒炒蛏子,72.38,5.98,3.48,4.68,181.0
辣椒烧豆角,62.99,2.04,2.91,8.46,190.5
番茄炒青椒片,57.34,0.97,4.33,4.68,146.5
青椒鸡蛋炒饭,99.31,4.41,2.05,16.35,145.0
青椒烧海带,47.3,1.09,3.53,3.2,148.0
青椒炒胡萝卜,65.29,1.13,3.74,8.23,145.5
青椒炒蛤蜊,47.64,3.96,2.37,2.94,254.0
青椒炒青瓜,47.72,1.2,2.92,4.98,186.5
青椒煸火腿肠,115.7,4.13,7.1,9.97,111.5
尖椒烧鸡翅,126.96,9.08,6.14,9.67,230.0
青椒烩鸡丁,77.86,9.92,1.0,8.37,140.0
青椒烧鸡块,56.33,4.06,2.95,3.75,300.0
青椒鸡腿,100.71,8.26,2.82,11.58,140.0
尖椒炒鸡腿,42.06,3.22,2.64,1.64,340.0
青椒炒鸡片,97.92,9.12,4.3,6.24,144.0
青椒炒凉瓜,59.26,1.35,3.54,6.25,148.5
辣椒炒腊肠,270.59,8.89,21.68,10.98,136.0
农家尖椒煸腊肉,121.56,2.8,11.13,3.13,269.0
青椒炒银芽,58.02,1.52,4.27,4.2,146.5
辣椒炒青豆,133.74,6.76,8.48,9.21,81.5
甜椒炒面,127.66,1.38,10.83,7.53,47.0
青椒炒金瓜,66.11,0.93,4.38,6.6,119.5
青椒炒黄牛肉,85.71,7.27,4.95,3.71,126.0
青椒炒小排,74.38,3.61,6.33,0.9,441.0
尖椒炒平菇,53.37,1.58,3.03,6.32,185.5
青椒烧丝瓜,56.66,1.52,3.66,5.34,146.5
家常青椒炒土豆片,85.33,2.19,2.94,13.49,187.5
家常青椒炒土豆丝,84.1,1.96,2.98,13.43,185.5
柿子椒炒土豆丝,75.47,1.83,2.89,11.23,185.5
尖椒炒五花肉,175.62,5.51,12.1,11.62,160.0
西红柿炖青椒,55.59,1.24,3.69,5.33,147.5
青椒烧大虾,98.2,13.55,3.37,3.6,167.0
青椒烩虾仁,165.22,14.46,4.79,16.27,230.0
辣椒煸香肠,146.76,5.88,11.85,4.52,216.0
青椒炒冬菇,59.59,1.83,3.77,5.83,146.0
青椒煸杏鲍菇,65.57,1.32,3.46,8.31,152.5
辣椒炒鸭,110.68,8.11,6.01,7.01,103.0
辣椒炒鸭肉,108.65,8.3,5.75,6.28,104.0
辣椒炒羊肉,149.19,9.71,7.47,11.48,124.0
辣椒煸鱿鱼,87.1,9.08,3.65,5.17,186.0
青椒玉米粒,118.64,3.13,4.31,18.24,147.5
辣椒炒猪肉,171.65,6.01,14.46,5.46,130.5
辣椒胡萝卜丝,64.85,1.31,3.66,8.14,146.5
青椒火腿炒甜玉米,113.55,6.28,4.12,13.92,195.5
甜椒炒鸡蛋,98.28,5.95,7.09,3.08,145.5
辣椒酱牛肉,47.27,3.1,3.13,2.01,440.0
甜椒青豆炒肉丝,196.03,9.36,16.17,4.13,126.0
甜椒南瓜丝,50.48,1.08,3.34,4.49,156.5
柿子椒炒牛肉,99.31,7.5,4.94,7.52,145.0
青椒煎皮蛋,113.42,6.49,7.83,4.92,149.0
甜椒肉沫烧茄子,120.31,4.3,9.68,4.61,194.5
肉丝炸酱面,225.52,8.17,6.81,33.31,145.0
辣椒烧鱼块,77.88,7.01,4.56,2.62,208.0
辣椒丝炒鸡蛋,98.28,5.95,7.09,3.08,145.5
青椒土豆炖小排,53.97,2.47,4.07,2.04,693.0
甜椒鸭丁,148.15,8.73,7.38,11.95,135.0
青椒洋葱煎蛋,99.68,5.67,6.65,4.8,155.5
青椒熘鱼片,84.83,9.03,3.53,4.53,178.0
青椒炸鸡肉,211.29,14.84,11.96,11.34,186.0
青椒蒸茄泥,55.22,1.08,3.61,5.19,148.5
青萝卜烧排骨,55.83,3.06,4.08,1.92,575.0
青蒜炒肝尖,129.28,12.19,5.66,7.77,181.0
清炒萝卜丝,63.26,1.12,4.76,4.69,107.5
素炒荷兰豆,74.13,2.69,4.9,5.17,129.5
清炒鲜虾芦笋,72.17,9.99,2.58,2.83,230.0
清香金瓜,94.8,0.69,5.88,10.35,86.5
蒜茸西兰花,76.79,3.75,4.74,6.14,118.5
素炒土豆丝,90.85,2.06,3.59,13.17,147.5
素炒豌豆苗,68.2,4.8,4.57,3.07,130.5
清炒莴笋,53.97,1.0,4.11,3.63,126.0
清炒莴笋丝,34.29,1.04,2.06,3.28,105.0
清炒芋头,72.9,1.62,2.07,12.24,107.0
海带煲排骨,127.45,6.28,10.96,1.02,255.0
清炖鸡块,62.58,6.46,3.72,0.94,318.0
清炖藕汤,23.62,0.4,1.31,2.86,398.0
清凉莲藕汤,22.92,0.3,1.31,2.8,397.0
萝卜牛腩,80.99,6.73,4.39,4.28,142.0
清炖羊肉汤,36.47,2.92,2.2,1.43,414.0
清水虾,118.09,16.38,3.33,5.55,199.0
清汤煲牛腩,33.1,3.09,1.97,0.89,420.0
清真酱牛腱,52.73,7.3,1.99,1.43,476.0
蒸白姑鱼,164.86,14.48,10.6,3.23,111.0
清蒸豉油鲷鱼,128.09,16.52,4.74,4.85,89.0
清蒸偏口鱼,142.06,16.3,7.31,3.12,107.0
清蒸龙虾（家常版）,117.86,16.63,3.61,4.67,196.0
清蒸海虾,78.4,16.28,0.58,1.88,125.0
葱香大闸蟹,150.0,17.93,6.56,4.91,130.0
小葱蒸对虾,114.95,16.64,3.45,4.36,194.0
香辛桂花鱼,145.65,17.78,7.39,2.17,138.0
清蒸桂鱼,120.56,15.45,5.21,2.79,107.0
清蒸黄鱼,110.23,16.24,4.56,0.88,88.0
油淋蒸龙虾,121.64,17.19,4.84,2.43,134.0
鲜蒸鲈鱼,132.68,14.9,6.06,4.75,153.0
小葱蒸茄子,31.44,1.17,1.09,4.79,114.5
豉汁三文鱼,115.71,10.96,4.64,8.14,140.0
豉汁蒸石斑鱼,101.12,16.88,3.4,0.87,89.0
清蒸鲶鱼,150.7,14.85,6.77,4.99,142.0
清蒸花菜,54.66,3.38,3.79,3.57,155.5
虾仁蒸娃娃菜,130.64,11.64,2.57,15.98,235.0
日式香酥炸鸡,230.5,14.38,16.25,5.79,200.0
肉炒茭白笋,133.7,4.82,9.2,8.32,182.5
肉炒白萝卜,67.63,2.29,5.45,2.63,346.0
肉烧茄丝,145.63,5.39,12.14,3.99,154.5
肉丝炒茄子,142.59,5.32,11.89,4.01,158.5
肉炒青笋,142.26,5.17,11.18,5.42,168.0
肉丁青豆炒青椒,197.36,10.23,15.35,5.45,151.5
特色炸酱面,189.07,6.86,5.28,28.92,183.0
肉末蒸鸡蛋,126.9,8.6,9.8,1.17,145.0
肉末炒粉丝,244.21,4.36,10.81,32.57,142.5
肉末蒸鲜蘑,102.14,5.36,7.34,4.62,187.0
肉末烧萝卜,155.93,5.61,12.71,5.8,147.5
特色鱼香茄子,126.21,4.09,9.81,5.88,145.0
肉末榨菜煲豆腐,128.17,6.13,10.06,4.14,193.5
肉末长豇豆,149.02,6.0,12.33,5.03,153.0
肉沫烧菜心,149.7,5.49,11.31,7.32,169.0
肉沫炒鲜蘑,114.69,5.43,8.99,3.82,211.0
肉沫烧丝瓜,134.56,5.3,11.49,3.01,163.5
肉沫土豆丝,216.88,8.28,16.52,9.1,195.5
肉沫炒甜玉米,198.71,7.01,12.75,14.79,155.0
肉沫豆腐蒸水蛋,132.64,9.25,8.76,4.92,193.0
肉沫鲜蔬炒饭,146.83,5.03,6.82,16.74,205.0
肉沫烧豇豆,140.54,5.57,11.29,5.0,166.5
肉沫烧彩椒,163.57,5.9,13.92,4.62,134.5
肉沫扒油菜,101.58,4.52,7.44,5.02,190.0
肉沫四季豆,141.98,5.96,11.8,4.61,162.0
肉沫香菇烧茄子,93.77,3.51,7.19,4.41,200.5
榨菜蒸豆腐,150.3,7.34,12.15,3.09,169.0
肉馅蒸冬瓜,124.84,5.12,8.8,6.9,157.0
肉馅蒸豆腐,133.33,6.13,10.05,5.17,193.5
肉片烧白萝卜,158.17,5.64,14.17,2.51,131.5
肉片烧白菜,147.37,5.56,12.99,2.34,152.0
肉片烩草菇,150.31,6.22,11.53,5.88,163.0
肉片烧冬瓜,140.51,4.61,11.87,4.36,158.0
猪肉烩豆腐,279.23,11.76,23.09,6.5,156.5
肉片烧豆角,152.5,5.89,11.84,6.41,160.0
肉片炒凉瓜,148.22,5.09,12.07,5.16,154.5
肉片煸鲜蘑,97.47,4.6,7.05,4.56,198.0
猪肉炒芹菜,140.62,4.73,11.79,4.54,160.0
肉片炒青椒,172.39,5.46,12.67,9.66,148.5
肉片烩山药,186.92,6.42,14.45,7.99,130.0
肉片烧丝瓜,154.08,5.29,11.34,8.14,165.5
猪肉炒土豆,147.76,5.3,9.43,10.9,201.0
肉片煸杏鲍菇,132.24,5.78,9.2,7.33,152.0
猪肉煲豆腐,153.12,8.9,12.01,3.02,160.0
肉片烧冬菇,115.9,5.31,7.21,8.73,195.0
肉丝炒豆皮,386.24,30.06,27.61,6.45,109.0
肉丝烧豆角,164.78,5.59,11.21,11.12,167.5
肉丝烧海带,57.07,2.08,4.56,2.05,410.0
肉丝炒胡萝卜丝,156.83,5.31,11.97,7.94,157.5
韭香肉丝,153.89,6.34,11.79,7.0,167.0
肉丝烧苦瓜,198.17,7.07,17.17,4.22,109.0
肉丝扒芦笋,119.39,6.75,8.39,5.15,165.0
肉丝炒白萝卜,153.85,5.49,13.66,2.75,136.5
什蔬肉丝炒面,140.83,5.13,4.07,21.67,240.0
肉丝烧丝瓜,141.91,5.39,12.38,2.71,151.5
肉炒土豆丝,156.52,5.38,10.21,11.08,184.0
肉丝煸杏鲍菇,125.68,4.44,10.2,4.6,183.0
肉丝扒油菜,134.62,5.29,12.22,1.52,156.0
肉丝甜椒炒饭,135.12,7.19,7.07,10.92,205.0
肉丝扒茄子,114.93,4.25,9.93,2.44,201.0
冬瓜汆丸子,63.76,2.85,5.45,1.05,252.5
软炸虾仁,189.13,14.34,11.4,7.14,184.0
鲜香赛螃蟹,168.03,13.02,10.66,5.19,147.0
清香赛螃蟹,97.91,13.52,2.69,5.18,239.0
茄汁三文鱼汤,26.4,3.01,1.33,0.85,500.0
茄汁沙丁鱼,48.52,7.27,0.52,4.2,237.0
砂锅煲豆腐,122.85,3.68,3.95,18.95,267.0
石锅炖牛肉,119.32,20.22,2.48,4.11,88.0
石锅红烧肉,341.43,11.0,27.44,13.59,70.0
砂锅黄鱼炖豆腐,78.73,4.57,5.98,1.83,456.0
砂锅牛肉烧萝卜,39.54,4.82,1.5,1.95,564.0
砂锅排骨烧土豆,82.69,3.64,6.03,3.56,468.0
特色小烧肉,102.37,3.41,8.92,2.3,422.0
山药冰糖百合,15.19,0.29,0.02,3.52,520.0
山药烧火腿,104.35,6.84,5.0,8.21,138.0
山药煎鸡蛋,115.38,6.13,6.63,8.08,156.0
韭菜烧山药,36.26,1.24,1.58,4.83,353.0
山药炒青瓜,61.19,1.43,2.64,8.49,201.0
山药炒肉,143.53,5.18,9.88,8.98,170.0
山药烧丝瓜,34.99,0.77,1.33,5.32,403.0
山药炒肝片,135.09,12.7,5.96,7.77,171.0
山药煲鸡块,44.44,3.03,2.16,3.46,405.0
山药煲牛腩,31.9,2.32,1.41,2.66,442.0
山药金瓜炖火腿,32.54,2.16,1.63,2.41,421.0
山药焖鸡块,61.0,2.24,2.84,6.42,341.0
山药炖鸡腿,63.59,5.75,3.2,3.01,390.0
山药焖牛腩,34.78,2.42,1.46,3.15,437.0
山药烧猪肉,137.16,5.66,10.04,6.08,148.0
暖胃山药粥,33.33,1.2,0.17,7.06,375.0
甜玉米炒牛肉,100.58,6.91,3.87,10.28,172.0
素蒸山药南瓜,82.05,1.28,3.1,12.78,175.5
蒸香肠山药,237.6,10.78,16.4,11.92,125.0
扇贝蒸粉丝,155.21,7.41,3.07,24.43,192.0
特色油爆虾,127.4,13.87,5.52,5.23,146.0
上汤娃娃菜,60.93,5.95,3.13,3.11,215.0
上校鸡块,139.41,19.41,4.45,5.62,170.0
烧鸭条,108.22,5.23,8.22,3.37,377.0
烧拌甜椒,53.29,1.22,3.96,3.81,159.5
特色烧鸡,118.0,14.27,4.81,4.71,150.0
秘制绍兴鸡,58.79,5.72,3.21,1.74,364.0
家常油焖对虾,80.49,11.35,1.11,6.29,205.0
锅仔杏鲍菇,123.77,1.66,8.36,11.53,122.0
炝爆大头菜,142.15,5.25,11.55,4.54,162.5
蒜蓉手撕茄子,63.41,1.32,1.8,11.16,123.0
特色手抓羊肉,46.39,4.18,2.65,1.49,416.0
猪肉炒菜心,146.01,5.48,11.75,5.5,163.0
双菇炖鸡块,37.83,3.43,2.27,1.17,378.0
双椒拌松花蛋,156.45,9.66,10.82,5.57,186.0
双椒煸牛肉,87.27,12.18,1.47,6.92,220.0
双椒炒鸡丁,101.04,13.47,3.78,4.0,192.0
双椒炒鸡胸,97.35,13.58,3.74,2.92,189.0
烧双茄,51.28,1.19,2.52,6.56,214.5
爽口萝卜,24.94,0.68,0.1,6.26,208.5
爽口葱头,87.89,1.07,4.67,10.85,111.5
水煎鸡蛋,181.58,12.47,13.53,2.29,76.0
水烧韭菜豆腐,99.09,4.71,7.45,4.37,110.0
嫩蒸蛋,150.0,12.59,9.66,3.41,64.0
清水蒸鸡,142.16,19.9,6.57,0.88,102.0
麻辣水煮财鱼,176.0,23.82,7.36,4.93,175.0
麻辣水煮黄颡鱼,146.74,16.43,2.76,14.16,92.0
麻辣水煮鲫鱼,118.33,15.38,3.02,7.59,120.0
水煮三文鱼片,137.67,10.03,9.21,3.77,146.0
豉香水煮苋菜,85.07,3.63,5.02,7.14,110.5
丝瓜炒对虾,78.43,10.34,2.69,3.48,229.5
素烧丝瓜豆腐,77.6,3.77,4.86,5.45,216.5
丝瓜烩红肠,145.02,4.44,10.15,9.41,165.5
丝瓜炒鸡蛋,89.43,5.53,6.26,3.29,165.5
丝瓜煸鸡丁,79.62,8.71,3.92,2.89,157.0
丝瓜炒鸡胸,63.08,6.56,2.94,3.05,214.0
韭香丝瓜,44.82,1.83,2.7,4.36,207.5
丝瓜烧肉片,150.31,5.42,11.68,6.49,161.0
丝瓜炒肉,129.18,4.6,9.42,7.32,200.5
丝瓜烧土豆,71.19,1.92,2.62,10.61,206.5
丝瓜炒番茄,38.85,1.1,2.59,3.55,208.5
蒜仔丝瓜虾球,132.92,11.13,1.64,18.73,240.0
丝瓜炒虾仁鸡蛋,118.58,9.6,4.75,9.83,226.0
丝瓜烧香肠,168.5,6.8,12.26,8.33,209.5
丝瓜烧香菇,50.15,1.58,3.21,4.61,167.5
丝瓜炒葱头,55.05,1.26,3.25,5.74,163.5
丝瓜炒肝片,113.2,12.55,4.96,4.91,170.5
丝瓜烧猪肉,148.12,5.16,11.73,5.89,160.0
丝瓜烧粉条,125.43,1.19,2.75,24.81,202.5
丝瓜鸡蛋煎饼,124.0,7.72,3.18,16.9,200.0
丝瓜鸡蛋炒粉条,123.96,4.87,5.46,14.26,192.0
鸡蛋煎丝瓜,88.76,5.5,6.13,3.43,169.0
丝瓜蒸水蛋,89.43,5.53,6.26,3.29,165.5
蒜香丝瓜粉丝,138.55,1.36,2.0,29.4,166.0
家常丝瓜蒸虾仁,138.26,11.5,2.62,17.61,230.0
四喜丸子,227.83,8.43,12.17,21.74,115.0
松鼠鳜鱼,78.72,11.2,2.08,4.34,235.0
菊花黄鱼,100.69,10.32,2.21,9.81,145.0
酥脆红薯,95.45,1.55,1.98,19.25,110.0
炖酥牛肉,64.35,7.55,2.4,2.99,345.0
酥小鲫鱼,168.18,13.07,7.39,12.39,110.0
香炸虾仁,180.47,15.56,10.02,6.75,215.0
素烧平菇,35.37,1.9,1.65,4.46,147.0
蒸茄子,58.46,1.24,3.96,5.11,162.5
秘制酸辣白萝卜,34.2,1.01,0.1,8.33,134.5
酸辣脆拍黄瓜,42.19,0.9,1.9,5.56,118.5
炝炒酸辣芦笋,76.27,2.68,6.05,3.94,118.0
炝爆酸辣藕丁,87.1,1.27,0.22,21.2,93.0
酸辣大头菜,68.83,1.44,2.91,9.71,184.5
酸辣土豆丝,86.82,1.98,3.43,12.71,155.5
酸甜藕丁,54.27,1.16,0.2,13.32,164.0
蒜仔爆肉,309.35,13.36,25.35,7.19,107.0
蒜仔茼蒿,55.95,2.02,3.26,5.12,168.0
蒜黄烧豆腐,74.76,4.44,5.1,3.57,206.0
蒜黄炒鸡蛋,91.84,6.26,6.26,3.17,165.5
蒜仔鸡,162.5,17.37,5.6,10.75,120.0
青蒜炒肉,221.89,8.9,19.2,4.12,169.0
蒜苗煸香肠,193.89,8.04,14.34,8.64,180.0
青蒜炒鱿鱼,95.85,12.97,3.82,2.61,193.0
青蒜回锅肉,226.0,10.33,18.43,5.15,150.0
蒜子拌白肉,321.01,12.28,27.29,7.0,119.0
蒜香豆瓣豇豆,95.75,3.1,4.63,12.18,129.5
蒜末拌海带,85.37,2.62,5.09,8.26,123.0
蒜泥拌豇豆,77.55,2.59,4.36,8.8,122.5
蒜香龙虾,52.92,6.82,1.89,2.15,342.0
蒜仔苦瓜,74.04,1.66,4.37,7.4,117.5
蒜蓉菜心,49.7,1.68,3.33,4.25,169.0
蒜香鲳鱼,171.67,12.21,8.89,10.81,116.5
蒜仔炒丝瓜,67.53,1.52,4.52,5.85,115.5
蒜香粉丝大虾,180.1,11.94,3.05,26.26,201.0
蒜仔粉丝开背虾,167.57,12.46,0.32,28.74,185.0
蒜香粉丝烤香菇,141.57,1.99,0.38,33.55,178.0
蒜香粉丝扇贝,159.57,7.6,3.11,25.49,188.0
蒜仔粉丝娃娃菜,141.69,1.68,3.12,27.78,171.5
蒜香粉丝开背虾,169.73,12.53,0.58,28.61,185.0
蒜香粉丝蒸对虾,182.26,12.46,3.27,25.79,186.0
蒜香粉丝蒸鲈鱼,155.08,13.19,2.38,20.35,118.0
蒜蓉粉丝蒸扇贝,159.57,7.6,3.11,25.49,188.0
蒜香粉丝娃娃菜,157.69,1.7,5.67,25.94,182.0
蒜蓉粉丝蒸鲜虾,169.8,11.59,3.03,24.09,202.0
蒜蓉炒荷兰豆,92.4,2.57,6.12,7.24,85.5
蒜香鸡肉杏鲍菇,76.97,8.52,0.65,9.88,165.0
蒜香烤扇贝,87.11,8.05,3.05,6.75,194.0
蒜香莴笋,64.96,1.58,4.38,4.98,117.0
蒜蓉小瓜,51.16,1.0,3.1,5.18,172.0
蒜片西兰花,75.54,3.73,4.82,5.78,116.5
蒜香虾仁蒸丝瓜,110.31,7.98,3.11,13.12,179.5
蒜茸小龙虾,76.02,9.73,2.65,3.3,246.0
蒜香油麦菜,47.31,1.95,3.37,2.8,167.0
蚝油蒜香蒸扇贝,82.63,7.72,3.14,5.81,190.0
蒜仔烧金鲳鱼,58.7,3.93,2.9,4.36,368.0
蒜仔烧小黄鱼,105.71,14.14,1.95,7.88,105.0
家常蒜苔炒蛋,116.52,5.95,6.16,10.11,166.5
蒜汤苋菜,43.64,2.95,0.38,7.87,110.0
蒜仔鲶鱼,72.82,8.0,2.76,3.95,195.0
蒜香剁椒肉,290.43,12.33,23.62,7.69,115.0
蒜香茄泥,59.52,1.68,2.88,7.38,186.5
青蒜豆干五花肉,217.89,12.07,15.67,7.6,123.0
蒜汁瓜条,98.01,2.34,7.32,6.28,125.5
蒜香蛤蜊,86.99,6.95,4.05,5.16,146.0
凉拌彩椒鸡丝,101.9,16.19,1.28,6.88,158.0
蒜香煎三文鱼排,86.88,9.26,4.0,3.64,160.0
蒜末烤茄子,72.1,1.67,4.48,6.81,116.5
蒜子手撕杏鲍菇,73.65,1.91,3.34,10.4,167.0
蒜仔武昌鱼,181.51,13.04,8.48,13.29,119.0
蒜仔虾仁炒饭,122.22,8.08,2.92,16.14,207.0
蒜米小龙虾,113.14,17.02,3.19,4.01,137.0
蒜子蒸茄子,75.52,1.37,4.4,7.87,120.5
竹笋煲老鸭,163.16,10.16,10.68,6.8,190.0
蓑衣黄瓜,46.11,0.95,3.09,3.87,173.5
酸甜糖醋鹌鹑蛋,190.71,11.5,13.1,6.63,140.0
糖醋桂鱼,156.31,16.25,3.38,15.58,103.0
糖醋黄瓜,28.21,0.77,0.19,5.91,159.5
糖醋烧鸡翅,73.24,5.28,4.51,2.91,370.0
糖醋鸡肉烧杏鲍菇,86.5,8.44,0.64,12.36,163.0
糖醋烧鲈鱼,136.89,15.31,2.67,12.91,103.0
糖醋萝卜,31.64,0.85,0.1,7.71,88.5
酸甜糖醋藕丁,59.42,1.22,0.19,14.62,138.0
酸甜糖醋藕块,80.0,1.4,3.22,12.57,165.0
糖醋熘肉段,168.33,6.39,11.4,10.9,120.0
家常糖醋土豆丝,125.33,2.67,4.64,18.7,112.5
糖醋肉圆,233.06,12.36,15.47,11.16,121.0
糖醋大虾,128.67,16.0,4.38,6.62,143.0
糖醋猪小排,100.32,5.46,7.56,2.8,313.0
家常糖醋鱼,87.57,8.61,1.58,10.23,185.0
糖醋鱼块,127.55,14.24,4.32,8.12,98.0
冰糖百合绿豆汤,32.36,1.45,0.05,6.74,343.0
糖水煮蛋,71.47,4.78,4.63,2.74,333.0
天妇罗虾,128.0,13.18,3.86,10.46,200.0
荷兰豆炒肉丝,147.6,5.97,10.71,9.18,114.5
甜面酱黄瓜,21.9,1.03,0.22,4.12,105.0
糖醋烧排骨,286.54,16.8,19.56,10.95,104.0
黑椒铁板牛肉,61.38,9.24,0.9,4.64,145.0
铁锅烧鲤鱼,188.57,14.86,12.15,5.09,140.0
土豆炒小白菜,60.5,1.68,3.05,7.35,178.5
土豆炒鸡腿肉,115.94,6.76,4.3,12.9,207.0
土豆烧鲜菇,69.11,2.52,3.2,8.33,163.5
土豆炒牛肉丁,116.28,7.48,4.13,12.65,150.5
家常土豆炒芹菜,67.64,1.46,2.63,10.17,205.5
家常土豆炒青椒,77.21,1.88,2.88,11.59,186.5
马铃薯炒肉,181.33,5.79,12.49,11.89,150.0
马铃薯炒肉丝,180.33,6.17,12.3,11.72,152.5
土豆炒番茄,88.18,2.01,3.4,12.92,156.5
土豆烩虾仁,162.61,12.15,3.69,20.84,222.0
土豆煸香肠,244.73,9.62,16.33,15.12,156.5
土豆烧香菇,73.99,2.34,2.63,11.27,209.5
土豆炝爆羊肉,148.41,10.29,7.4,10.85,126.0
土豆炒葱头,100.47,1.79,4.88,12.68,106.5
土豆炒猪片,182.18,6.24,12.38,11.82,151.5
特色葱香土豆炒饭,110.88,5.81,2.86,15.76,193.0
土豆丁炒鸡胸,110.21,7.72,2.97,13.49,210.5
土豆长豆角炖粉条,142.97,1.97,4.02,25.63,131.5
土豆油豆角炖五花肉,168.82,5.59,8.15,18.69,170.0
土豆烧白菜,87.61,2.36,3.24,12.79,165.5
土豆煲翅根,84.04,5.03,3.67,7.99,470.0
土豆烧翅中,84.89,4.96,3.6,8.28,470.0
土豆豆腐煲,109.32,5.08,6.69,7.91,155.5
土豆炖西红柿,64.76,1.61,3.47,7.81,157.5
红烧土豆胡萝卜,76.89,1.75,2.63,12.6,205.5
土豆鸡翅煲,116.67,6.42,2.89,16.6,210.0
土豆煲鸡块,124.77,7.91,5.39,11.52,163.5
土豆炖鸡,103.11,9.93,3.4,8.73,225.0
土豆煲鸡腿,65.62,5.87,3.28,3.23,381.0
土豆烧鲫鱼,47.26,3.89,1.87,3.94,402.0
土豆炖萝卜块,79.53,1.56,3.17,12.02,168.5
土豆焖南瓜,83.14,1.76,4.05,10.18,127.5
土豆炖牛腩,81.25,7.03,0.78,12.01,160.0
酱烧土豆猪小排,185.19,10.13,14.15,4.59,162.0
土豆炖烧肉块,111.27,4.07,7.97,6.1,408.0
土豆焖冬菇,76.74,2.33,2.68,11.86,208.5
土豆烧肉块,78.03,2.69,5.28,5.07,355.0
香煎土豆鸡翅,206.18,12.73,11.63,12.85,178.0
煎土豆香肠,227.73,9.99,15.01,13.33,187.5
酱烧土豆排骨,80.78,3.6,5.51,4.28,510.0
咖喱土豆鸡块,160.0,6.22,9.57,12.81,195.0
香烤土豆鸡腿,141.61,11.2,6.19,11.3,217.5
土豆烤肠,246.73,9.58,16.29,16.31,160.5
土豆块炒肉,66.45,2.24,4.08,5.33,462.0
土豆块烧鸡腿,130.95,10.93,5.91,8.68,210.0
土豆块烧鸡,69.81,5.7,2.93,5.34,424.0
土豆蘑菇炖鸡翅,125.37,10.6,5.69,8.24,205.0
土豆牛肉饼,90.0,7.94,0.86,13.09,140.0
干锅土豆排骨,210.45,8.64,16.57,7.19,201.0
土豆排骨蒸饭,185.14,7.1,6.82,24.58,175.0
土豆片烩红肠,167.08,5.35,10.45,13.3,161.0
土豆片炒火腿,135.06,4.61,5.76,16.55,135.5
土豆片炒鸡腿肉,116.91,10.66,6.0,5.31,207.0
家常土豆片炒青椒,116.3,2.5,4.6,16.78,113.5
土豆片炒腊味,268.59,8.75,18.82,16.42,156.0
土豆片炒双椒,79.28,2.16,2.76,12.37,195.5
尖椒土豆片,97.66,2.41,3.59,14.54,149.5
炝爆土豆肉片,151.21,5.44,9.39,11.73,207.0
土豆片炒对虾,85.07,8.77,2.15,7.87,288.0
土豆片煸香肠,158.97,6.25,9.72,12.31,195.0
土豆片炒葱头,90.15,1.98,3.19,13.9,167.5
土豆片炒鱿鱼花,85.04,9.43,2.48,6.78,190.5
土豆片炒包菜,52.91,1.58,2.14,7.35,206.0
土豆片烧海带,70.73,2.11,2.5,10.19,213.5
土豆片青椒炒肉,151.44,5.21,9.87,11.15,191.5
土豆片焖鸡腿,73.63,5.52,2.98,5.81,421.0
土豆香蒸五花肉,179.87,6.14,11.91,12.58,159.0
土豆甜椒炒猪肉,169.13,6.06,12.7,8.27,149.0
土豆甜椒炖翅根,138.46,10.62,5.99,10.71,195.0
土豆焖翅根,82.94,5.39,4.07,6.27,422.0
土豆焖胡萝卜,74.71,1.73,2.52,12.34,215.5
土豆煲鸡翅,156.44,10.16,7.83,11.49,213.5
土豆烧鸡块,287.95,10.94,24.42,6.25,166.0
土豆焖鸡肉,137.74,10.76,5.85,10.73,212.0
土豆焖鸡腿,130.02,10.84,5.87,8.68,211.5
土豆烧鸡大腿,66.67,5.61,3.04,4.36,408.0
土豆烩口蘑,196.63,19.98,4.11,24.23,207.5
土豆烧里脊块,83.52,2.83,5.22,6.59,364.0
土豆炖蘑菇,74.23,2.77,2.51,10.82,211.5
土豆炖牛肉片,33.78,2.36,1.4,2.78,450.0
红烧肉块土豆,195.33,8.47,13.08,11.45,107.0
土豆片烧肉,205.77,8.05,17.01,5.55,190.5
土豆红烧五花肉,150.71,6.61,10.15,9.51,140.0
土豆焖鸭肉,49.37,3.03,1.9,5.11,318.0
土豆焖羊肉,120.1,9.77,3.2,13.6,209.0
土豆烧洋葱头,77.15,1.83,2.66,12.02,203.5
家常土豆炒饭,96.36,2.55,0.25,21.3,220.0
土豆丝炒红萝卜,103.92,3.54,4.14,13.99,191.5
土豆火腿丝,124.35,7.5,5.9,10.88,193.0
家常土豆丝炒鸡蛋,126.28,6.32,6.26,11.63,165.5
韭香土豆丝,72.56,2.61,3.47,8.62,158.5
土豆丝炒豆芽,83.92,2.16,4.13,10.05,127.5
家常土豆丝炒芹菜,68.77,1.65,2.62,10.25,206.5
干煸土豆丝,167.89,5.69,10.59,12.88,177.5
土豆胡萝卜炒肉片,124.62,4.06,6.52,13.26,260.0
土豆丝炒猪肉,149.75,5.19,9.62,11.32,197.0
土豆丝炒番茄,70.73,1.74,2.54,10.74,213.5
榨菜炒土豆丝,110.27,3.13,4.26,15.38,131.5
风琴土豆,152.49,5.3,9.07,12.97,170.5
香菇土豆烤鸡腿,107.6,9.98,4.63,7.28,250.0
土豆填玉米泥,93.92,3.2,0.64,19.91,90.5
土豆炸大虾,102.58,11.69,3.93,5.5,213.5
腊味蒸土豆,247.84,9.04,16.18,16.91,150.5
土豆蒸牛肉块,126.88,7.43,3.95,15.71,160.0
煲土鸡汤,50.34,4.98,1.6,4.21,435.0
煲鸡汤,42.38,5.04,1.63,1.94,420.0
娃娃菜炒粉,145.05,1.5,3.39,28.27,156.5
娃娃菜炒蛋,86.39,5.89,6.15,2.79,169.0
娃娃菜炒肉,135.05,5.63,10.78,4.79,155.5
娃娃菜烧豆腐,69.25,4.15,5.08,2.86,206.5
娃娃菜烧大虾,45.95,6.4,1.61,1.8,383.0
娃娃菜烩牛肉,49.47,6.04,0.79,5.82,188.0
蒜蓉娃娃菜蒸粉丝,117.58,1.87,0.19,28.27,165.0
香肠蒸娃娃菜,141.22,6.05,11.74,3.97,131.0
猪肉娃娃菜汤,59.49,2.49,5.31,0.84,353.0
青豆炒肉,209.96,9.39,12.86,15.19,130.5
豌豆烧虾仁,99.56,13.8,0.53,10.41,225.0
豌豆玉米炒虾仁,123.92,11.4,2.63,14.52,265.5
微波鸡翅,190.99,17.46,10.43,6.54,111.0
青笋炒火腿,89.47,3.54,5.83,5.86,133.0
莴笋炒鸡丁,67.19,6.77,3.73,1.74,320.0
莴笋炒鸡胸,86.41,12.43,3.4,1.65,206.0
莴笋炒腊肠,226.67,7.68,17.79,9.12,165.0
青笋炒平菇,38.36,1.2,1.7,5.28,195.5
青笋炒肉片,108.65,3.83,8.97,3.29,208.0
山药煲排骨汤,77.87,3.69,4.91,4.89,470.0
山楂枸杞香米粥,59.03,1.38,0.17,13.11,310.0
家常烧鱼块,45.28,3.92,2.7,1.56,360.0
家常烧汁茄子,94.69,2.9,6.59,6.37,235.5
咸鲜皮蛋瘦肉粥,57.63,3.09,1.19,8.74,465.0
咸鲜鱼片粥,95.0,4.68,1.11,16.95,240.0
香炸鸡翅,292.7,15.16,19.59,14.2,178.0
秘制手撕杏鲍菇,64.16,1.42,3.01,8.79,173.0
咸鲜青菜粥,30.72,0.95,0.12,6.82,345.0
爽口酸辣黄瓜,65.2,1.13,4.6,4.86,113.5
丝瓜蛋汤,24.34,2.42,1.29,0.86,415.0
香炸酥鱼,114.8,9.43,7.12,3.7,223.0
香菇煸芹菜,34.87,1.49,0.22,8.1,195.0
家常油菜炒鸡蛋,85.12,5.52,6.35,2.17,168.0
家常素什锦,75.62,3.1,4.44,6.5,182.5
炒黄瓜娃娃菜,53.64,1.86,3.46,5.22,171.5
青蒜炒鸡肉,92.21,9.08,3.96,5.51,160.5
蒜香娃娃菜,71.37,2.66,4.63,6.51,120.5
糖拌番茄,26.21,0.87,0.19,6.09,103.0
特色糖醋鲤鱼,84.8,6.56,4.8,3.84,250.0
秘制肉沫茄子,125.69,4.12,9.89,5.56,144.0
土豆烩青椒,104.43,2.26,5.2,12.99,101.5
土豆烧辣椒,111.59,2.39,4.5,15.96,116.5
豆角土豆炒里脊,158.84,6.53,11.08,8.87,155.5
土豆片炒豆腐皮,186.29,14.74,8.56,14.15,197.0
家常土豆片炒牛肉,98.24,5.94,3.17,11.85,198.5
土豆茄子烧猪肉,132.81,4.77,9.81,6.84,192.0
土豆焖豆角,153.99,4.97,9.54,12.57,219.5
土豆烩南瓜,80.75,1.47,3.92,10.27,132.5
土豆烩芹菜,68.77,1.37,3.36,9.27,158.5
土豆芹菜炒肉丝,125.07,3.95,7.73,10.43,185.5
煎土豆小饼,117.06,6.24,3.15,16.36,170.0
土豆焖面,143.08,4.7,0.37,31.04,195.0
马铃薯粥,29.88,0.77,0.08,6.64,425.0
瓦罐焖牛肉,40.5,5.17,1.58,1.71,521.0
家常鲢鱼炖豆腐,96.76,11.59,4.55,2.95,185.0
乌云托月汤,37.87,2.48,2.65,1.22,478.0
五彩火腿炒甜玉米,74.95,3.57,2.96,9.44,233.5
五花肉烩山药,55.8,1.93,4.14,2.86,457.0
番茄冬瓜烧虾仁,108.75,8.95,2.08,13.94,291.5
番茄鸡蛋汤面,75.28,3.81,1.71,11.37,360.0
西红柿炒青笋,43.72,1.16,2.55,4.73,215.0
西葫芦鸡蛋煎饼,53.14,3.05,1.68,7.07,175.0
西葫芦烩豆腐,71.0,3.58,4.89,3.75,215.5
西兰花胡萝卜烩山药,67.82,2.11,3.8,7.5,144.5
西兰花蛋炒饭,99.46,6.25,3.08,12.28,185.0
西兰花虾仁饭,80.0,7.45,0.48,11.99,185.0
山药烩虾仁,132.38,12.78,0.45,19.72,210.0
虾仁烧丝瓜,111.11,9.39,2.17,13.85,288.0
香菜鲜牛肉粥,31.9,2.52,0.3,4.79,420.0
葱香猪肝粥,36.16,2.41,0.52,5.53,365.0
香菇韭菜,54.02,2.19,3.54,4.79,155.5
香菇豆角打卤面,117.73,4.33,0.35,25.42,220.0
冬菇虾米粥,33.33,1.6,0.15,6.64,330.0
芹香皮蛋粥,35.8,1.59,0.87,5.48,405.0
小白菜蒸鸡肉,99.03,10.43,6.04,1.16,207.0
葱香拌土豆丝,110.29,2.7,4.33,15.44,121.5
小米鲜百合粥,53.9,1.31,0.27,11.73,295.0
香甜二米粥,70.8,1.69,0.4,15.23,250.0
小米枸杞养胃粥,41.75,1.28,0.33,8.84,285.0
小米麦香粥,61.0,1.96,0.75,11.91,300.0
黄金小米粥,40.0,1.0,0.35,8.35,225.0
香甜小米粥,32.73,0.82,0.28,6.83,275.0
蟹煲粥,59.18,6.35,0.93,6.49,365.0
雪菜鲳鱼,54.65,5.24,2.46,3.21,333.0
鸭肉煲粥,35.1,1.82,0.23,6.48,359.0
燕麦大米粥,57.0,1.5,0.09,12.88,300.0
蒸羊肉大包,273.33,17.33,3.3,44.46,90.0
洋葱炒鱿鱼卷,106.13,10.57,2.23,11.17,163.0
洋葱炒猪里脊,227.47,6.88,16.01,14.09,116.5
葱香胡萝卜炒肉,162.81,5.5,13.2,6.11,142.5
洋葱黄瓜煎鸡蛋,82.84,4.3,4.79,5.95,218.5
洋葱鸡蛋焖排骨,157.92,10.02,11.71,3.54,240.0
洋葱焗刀鱼,110.95,10.72,6.18,3.36,137.0
葱香蒸排骨,173.56,8.5,11.1,10.26,208.0
薏仁小米大枣粥,67.1,1.86,0.54,13.98,310.0
鱿鱼烩番茄,59.36,6.8,2.7,2.36,251.0
鱿鱼瘦肉香米粥,40.0,3.45,0.67,5.13,385.0
鱼香豆腐汤,26.15,4.32,0.56,1.12,455.0
玉米炖猪小排,78.63,3.94,4.84,5.13,510.0
甜玉米炒胡萝卜,111.03,2.5,4.16,17.27,145.0
玉米馒头,386.41,14.09,6.41,69.71,103.0
玉米蒸水蛋,205.22,9.63,4.98,31.73,115.0
香甜玉米山药粥,31.65,0.76,0.12,7.09,357.0
芋头炖鱼,76.76,7.99,1.28,8.64,185.0
榨菜青椒炒肉,156.48,5.69,12.7,5.39,96.5
芝士焗鲜虾,149.13,17.04,6.82,4.98,173.0
猪肝煲粥,34.14,2.13,0.46,5.39,413.0
鲜猪肝生菜粥,29.78,2.07,0.45,4.45,460.0
猪肝瘦肉枸杞叶汤,40.89,5.94,1.61,0.68,225.0
猪肉白菜炒粉条,167.32,4.95,10.64,13.42,177.5
鲜笋炒鸡肉,57.83,5.11,1.94,5.37,332.0
孜然烧鱿鱼,115.83,13.86,5.81,2.72,120.0
元宝蛋烧肉,99.38,4.59,7.86,2.62,323.0
鹌鹑蛋焖豆腐,170.1,9.39,12.66,5.11,204.0
鹌鹑蛋炖鸡翅,78.55,5.36,5.31,2.01,331.0
鹌鹑蛋炖牛腩,67.29,5.21,4.04,2.54,321.0
鹌鹑蛋炖排骨,92.81,4.9,7.3,1.66,473.0
元宝烧五花肉,75.53,3.52,5.96,1.98,425.0
奥尔良烤翅,210.38,18.01,12.74,5.71,106.0
秘制奥尔良烤全翅,220.87,16.63,10.78,14.44,115.0
奥尔良蜜汁鸡翅,206.4,15.38,10.02,13.78,125.0
秘制扒鸡,119.82,9.92,6.31,5.98,227.0
清香拔丝红薯,115.93,0.66,4.61,18.88,113.0
清香拔丝芋头,216.03,1.7,16.92,14.68,131.0
白菜煲虾,78.72,10.42,2.47,3.73,235.0
白菜炒米饭,75.2,2.12,0.3,16.5,125.0
白菜粉丝,73.02,1.36,2.45,12.54,220.5
白菜烩火腿,70.52,5.93,4.27,2.62,164.5
白菜煎蛋,85.8,5.6,6.32,2.32,165.5
家常白菜煸肉丝,128.21,5.19,10.8,3.25,175.5
白菜虾仁,157.5,13.12,3.04,18.68,200.0
白菜煲猪肉,68.75,2.76,6.2,0.87,304.0
豆腐白菜汤,23.53,1.71,1.18,1.9,510.0
大白菜炖鲫鱼,59.14,4.55,3.57,2.4,350.0
白菜烧对虾,103.52,12.47,3.59,5.34,184.5
白菜猪肉炖粉条,90.5,2.61,5.64,7.66,337.0
辣椒白菜炒肉片,90.36,4.57,5.32,6.46,197.0
肉末炒粉丝白菜,139.75,3.87,7.69,14.49,161.0
白菜煸香肠,147.13,5.85,11.79,4.75,130.5
白菜土豆烩面,134.15,5.29,1.59,25.54,205.0
白菜鲜虾炖粉条,115.5,11.57,2.07,12.8,200.0
白菜蒸火腿肠,104.08,5.29,6.59,6.44,159.5
肉末白菜卷,91.73,4.53,7.77,1.8,133.0
白瓜煎蛋,84.59,5.29,6.14,2.44,165.5
白萝卜焖牛肉,74.16,5.85,3.61,5.21,178.0
白萝卜炖猪排,166.2,9.6,13.21,2.7,177.5
香菜白切鸭,227.34,12.88,18.88,1.69,128.0
清炖鲜美鲫鱼,23.12,3.35,0.5,1.55,480.0
白雪菇烧腊肠,218.93,22.63,7.96,18.52,206.0
白雪菇炒肉,308.57,25.09,16.41,19.45,105.0
白雪菇炒饭,151.9,14.02,3.38,18.53,210.0
焖鮰鱼,120.73,9.7,4.87,9.85,137.5
蒜汁浇白肉,289.43,11.9,25.47,3.24,123.0
家常白灼油菜心,40.95,1.3,3.24,2.67,105.0
家常白灼芥蓝,53.67,3.23,3.48,4.1,156.5
家常灼芦笋,34.91,2.55,1.98,3.11,106.0
鲜美白灼鲈鱼,82.78,11.64,3.63,1.24,165.5
家常灼明虾,92.06,12.96,2.52,4.44,126.0
白灼虾,100.78,17.67,1.62,3.8,128.0
红枣百合蒸南瓜,102.61,1.68,0.19,24.71,115.0
薏米百合莲子粥,53.56,1.69,0.23,11.29,295.0
爽口拌脆黄瓜,24.62,0.94,0.81,3.44,166.5
番茄炒包菜,33.65,1.27,1.64,4.21,208.0
爆炒圆白菜,50.6,1.46,2.58,5.87,209.5
炒西兰花火腿,74.39,4.69,4.4,5.27,142.5
炝虾仁,87.39,11.77,1.79,6.13,230.0
爆小河虾,103.89,15.54,3.93,1.65,180.0
爆小龙虾,123.02,17.56,3.35,5.52,132.5
爆洋葱牛肉,106.27,6.35,3.91,11.69,167.5
爆炒鱿鱼圈,79.38,6.69,2.45,8.22,162.5
爆猪肝,119.05,12.83,3.03,10.49,168.0
清香马蹄明虾炒毛豆,111.89,7.77,4.7,10.42,185.0
家常扁豆烩面,174.38,6.43,4.75,27.74,203.0
鲜蔬蛋炒饭,94.0,5.06,2.44,13.77,250.0
五彩牛肉丁,92.2,12.94,3.0,3.77,205.0
冰糖烧猪排,287.16,15.43,19.61,12.34,109.0
青菜炒面,140.59,5.19,0.42,29.66,170.0
菠菜溜肝片,100.81,10.47,4.56,5.16,184.5
菠菜摊饼,173.75,10.63,4.1,24.46,160.0
小菠菜鸡蛋汤,27.71,2.31,1.29,1.89,415.0
菠菜虾仁,138.36,12.22,2.67,16.74,225.5
翡翠猪肝汤,22.11,2.41,0.5,2.2,389.0
彩椒煎蛋,89.97,6.88,5.41,4.38,154.5
彩椒烩鸡丁,78.92,7.95,0.67,11.46,185.0
鸡胸肉炒彩椒,89.03,10.99,2.17,6.71,237.0
彩椒炒里脊,132.1,7.2,8.49,7.61,162.0
彩椒番茄烧肉片,84.91,5.82,4.76,5.16,142.5
彩椒煲肉丝,159.26,5.93,12.38,7.15,135.0
彩椒土豆丝,77.24,2.15,2.75,11.86,195.5
彩椒五花肉,122.12,4.93,9.91,4.53,169.5
彩椒爆炒虾仁,145.54,12.3,2.77,18.46,213.0
彩椒口蘑煸香肠,302.37,21.63,18.36,15.61,147.5
彩椒烩杏鲍菇,59.93,1.36,2.14,10.09,148.5
彩椒煲羊肉,108.28,12.3,4.19,5.84,145.0
彩椒烧鱿鱼,79.78,9.3,2.52,5.81,183.0
彩椒炒猪肝,83.39,6.25,3.64,7.2,135.5
彩椒烧杏鲍菇,62.0,1.26,2.12,10.61,150.0
彩椒洋葱西兰花,62.03,2.47,2.87,7.93,201.5
菜花炒对虾,84.94,11.63,2.78,3.59,202.5
菜花煎蛋,90.53,5.79,6.14,3.9,169.0
菜花炝炒鸡肉,136.9,5.49,11.69,3.27,196.5
菜花炒香肠,272.03,9.45,22.45,8.67,130.5
菜花烧牛肉,90.04,8.41,5.32,3.0,115.5
菜花烩肉片,163.22,6.3,14.34,2.86,130.5
菜花烧肉片,190.41,7.56,17.12,2.17,135.5
菜花红烧肉,172.31,6.34,14.39,4.93,130.0
菜花炒鲜虾,70.28,11.03,1.99,2.45,193.5
菜花烧鱿鱼,71.9,10.34,2.77,1.92,165.5
菜花炒猪五花,112.21,4.77,8.74,4.61,192.5
菜花土豆煲牛肉,64.24,6.56,0.76,8.56,165.0
油菜心烧牛肉丁,74.84,6.88,0.94,10.61,155.0
肉片炒油菜心,141.88,5.62,10.62,6.86,160.0
糙米粥,68.53,2.05,2.6,9.57,375.0
草菇烧牛肉,73.85,5.69,0.66,11.93,195.0
草菇烧肉片,118.84,5.46,8.88,4.91,138.0
家常草菇烧丝瓜,82.67,2.29,4.64,8.43,112.5
草鱼豆腐,112.8,11.32,6.95,1.66,164.0
草鱼烩香菜,133.33,14.92,7.98,0.46,90.0
炒圆白菜,83.7,1.76,5.47,7.11,113.5
炒合菜（家常版）,105.56,4.53,4.51,12.26,234.0
小炒黄豆芽,81.71,4.54,5.39,4.49,128.5
炝炒鸡肉丁饭,136.7,4.1,4.92,19.21,188.0
呛炒牛肉,159.44,18.81,4.48,11.48,143.0
炒尖椒鸡肉,111.76,15.06,4.75,2.46,85.0
酱烧肉末,346.43,13.25,29.62,6.91,56.0
炝三丝,91.74,5.5,5.97,4.87,175.5
农家蒸菜,78.15,3.74,0.61,15.19,119.0
豉椒凉瓜炒鸡肉,116.67,8.13,5.51,9.43,162.0
豉香烧鸡翅,130.93,11.1,6.2,8.05,194.0
豆豉蒸南瓜,60.47,1.46,3.51,6.25,150.5
咸香豉油鸡,174.66,18.62,8.92,5.05,110.5
豉油蒸鸡,175.45,18.51,8.82,5.45,110.0
鸡翅根焖土豆,175.32,13.18,9.48,9.35,154.0
鸡翅中炖土豆,175.32,13.18,9.48,9.35,154.0
特色豆瓣鱼,141.76,16.86,5.91,5.36,91.0
山药炒腊肠,280.62,9.64,21.16,13.14,129.0
川汁淋虾球,116.55,14.57,0.65,13.02,145.0
秘制船拐子肉,115.44,5.82,8.08,5.66,210.5
春笋烧香肠,198.7,9.38,15.23,6.95,154.0
清炒鲜笋肉丝,138.11,6.19,10.92,4.4,153.5
春笋焖肉,138.96,6.06,10.81,5.4,154.0
春笋烧肉,139.87,6.05,10.88,5.35,153.0
葱香扒鸭,223.75,12.38,17.44,4.51,130.5
家常葱烧鲫鱼,106.67,13.33,2.11,8.74,105.0
葱爆羊肉,111.11,7.86,5.78,8.16,166.5
爆炒胡萝卜牛肉条,100.37,7.12,4.57,8.14,135.5
葱香鸭,191.27,11.03,12.33,9.49,137.5
葱香爆炒羊肉丁,109.09,10.53,6.1,3.54,115.5
葱煸红肠,198.88,7.26,16.53,5.65,89.0
葱香炒山药,77.29,2.01,3.61,9.78,147.5
葱香炒土豆片,91.43,2.45,3.4,13.38,157.5
葱香炒羊肉,150.36,8.65,5.09,17.92,139.0
葱香水泼蛋,138.1,9.74,9.79,3.1,84.0
葱香鸡腿,115.0,13.28,4.6,5.45,160.0
葱香鲫鱼,123.89,13.13,2.01,13.66,113.0
葱香小黄鱼,125.93,12.96,6.61,3.85,108.0
烤羊肉,114.17,10.72,3.92,10.07,120.0
香葱烤揙鱼,141.82,13.85,7.37,5.17,110.0
葱香烧带鱼,99.06,13.64,3.24,4.04,106.0
葱香烧黄花鱼,105.66,13.85,4.78,2.04,106.0
烧黄辣丁,129.36,13.98,5.1,7.06,109.0
葱香煲鸡翅,155.77,12.76,9.39,5.38,156.0
葱香烧鸡块,140.19,13.09,7.69,4.89,160.5
葱烧鲫鱼（家常版）,126.22,12.74,4.8,8.23,112.5
大葱烧牛肉,112.95,14.52,3.39,6.29,181.5
大葱烧土豆,89.46,2.2,3.42,13.23,156.5
大葱烧杏鲍菇,56.73,1.39,3.08,6.78,104.0
家常葱烧鸭,209.66,11.39,14.0,9.95,145.0
葱烧鸭胸,59.6,5.13,0.6,9.33,198.0
葱香烧鱿鱼,81.38,11.39,3.17,2.07,145.0
大葱烧芋头,89.29,1.54,4.91,10.54,112.0
芹菜大葱烧猪肉,131.41,5.74,9.65,6.05,156.0
洋葱煲排骨,134.14,7.48,8.29,7.47,249.0
葱香带鱼,121.1,13.33,5.89,4.01,109.0
油淋白切鸡,120.78,13.7,6.4,2.47,154.0
葱香烙饼,314.29,13.69,2.19,61.6,70.0
葱香烧鸡,100.49,10.59,4.85,4.05,205.0
葱油烧鲤鱼,124.88,14.42,6.21,2.99,102.5
葱香萝卜丝,35.24,0.8,2.04,4.25,105.0
葱油金瓜,66.35,0.89,4.92,5.29,105.5
葱蒸鲈鱼,120.0,15.88,6.05,0.61,95.0
葱油烧香芋,163.16,6.0,10.34,11.92,133.0
葱烧鲈鱼（懒人版）,117.61,17.02,4.88,1.4,167.5
竹笋蒸黄鱼,86.99,11.64,3.79,1.91,134.5
炸小黄鱼,165.08,14.28,7.22,11.13,189.0
爽口脆黄瓜,30.38,1.54,0.21,5.62,118.5
正宗醋淋鱼,155.03,14.08,4.21,15.49,189.0
醋溜豆芽,60.63,1.98,4.63,3.17,110.5
醋溜包菜丝,63.48,1.47,1.93,10.56,115.0
醋溜南瓜,68.69,0.83,5.62,4.0,99.0
醋溜胡萝卜藕片,60.5,1.1,2.99,8.61,178.5
醋溜包心菜,36.31,1.55,1.47,4.81,157.0
韭香熘鳜鱼,87.94,9.48,1.8,8.73,199.0
糖醋鲫鱼,59.49,7.73,1.2,4.92,195.0
脆炒藕,133.96,5.85,8.42,9.66,160.5
香酥脆皮烤鸭,253.1,13.84,20.15,4.16,113.0
脆皮烧鸭,214.84,12.47,15.67,6.05,128.0
干烧脆皮鳕鱼,113.29,13.16,0.57,14.59,143.0
焦香银鱼片,187.33,16.28,6.2,16.86,110.5
葱香火腿炒豆腐,105.65,8.35,6.82,3.2,177.0
风味大盘鸡,100.37,8.79,3.5,8.91,270.0
大头菜炒粉条,160.36,3.77,8.57,17.39,166.5
包菜炒肉沫,91.43,3.74,7.03,4.09,175.0
包菜炒肉片,127.92,5.54,10.23,3.88,154.0
圆白菜炖排骨,162.56,8.52,13.32,2.36,195.0
圆白菜炖土豆,129.03,4.79,9.35,6.75,201.5
大虾炒辣椒,80.0,11.2,1.81,5.35,210.0
鲜虾炖白菜,83.67,13.19,2.36,2.61,174.5
大虾烧冬瓜,61.86,6.27,3.34,2.04,166.5
大虾烧萝卜,59.63,9.02,1.13,3.47,270.0
对虾烤花蛤,62.7,6.97,0.58,8.01,185.0
对虾烧娃娃菜,65.51,10.54,1.61,2.81,230.5
干锅烧鱿鱼对虾,60.71,7.99,0.64,6.2,280.0
清香鲜虾蒸粉丝,167.42,12.74,0.33,28.4,178.0
刀鱼烧白菜,86.13,10.85,2.56,5.45,137.0
刀鱼烧豆腐,121.43,12.6,6.44,3.66,140.0
刀鱼焖豆腐,111.45,12.69,5.58,2.98,262.0
刀鱼炖土豆,109.27,11.22,3.67,8.06,259.0
家常蛋炒饭,112.69,6.33,2.63,16.37,260.0
快手刀拍黄瓜,63.37,0.88,4.32,5.42,121.5
清香地瓜粥,36.0,0.72,0.1,8.29,325.0
地锅鱼,154.05,16.89,1.43,18.73,111.0
农家地三鲜,62.47,1.64,2.71,8.4,198.5
清汆白肉,139.47,5.05,7.76,12.92,190.0
东北大炖菜,130.6,5.04,9.11,7.82,207.5
正宗锅包肉,169.59,14.6,8.22,9.24,148.0
红烧鲫鱼粉条,185.22,12.23,4.52,23.93,115.0
东北酱拌菜,88.16,4.88,6.07,4.26,198.5
东北酱烧土豆,156.82,5.34,9.35,13.3,201.5
东北特色小炒肉,98.51,3.77,8.4,2.53,201.0
滋补香菇鸡汤,36.09,5.03,1.5,0.8,460.0
冬菇笋炖豆腐,86.65,7.26,5.25,3.26,258.5
冬瓜烩饭,96.67,3.73,1.95,16.35,150.0
冬瓜焖火腿,64.94,4.22,4.55,2.18,135.5
冬瓜煲鸡翅,103.43,6.27,6.85,4.26,160.5
肉丝烧冬瓜,101.95,4.1,8.45,3.3,205.0
冬瓜虾仁,118.31,7.3,3.13,15.55,177.5
冬瓜鸡肉烩饭,100.8,5.68,1.56,16.2,250.0
冬瓜焖鸡肉,216.39,8.23,19.6,1.99,207.5
冬瓜炖排骨,88.5,4.06,7.36,1.97,200.0
冬瓜烧海虾,66.52,9.07,2.63,1.86,225.5
冬瓜煲羊肉,84.59,6.82,5.14,3.24,178.5
冬瓜烧肘子,217.82,10.51,18.72,2.1,151.5
清凉冬瓜绿豆汤,21.65,1.34,0.09,4.21,425.0
冬瓜肉丝鲜汤,64.75,2.9,5.51,1.22,295.0
冬瓜炖火腿,63.12,3.48,4.6,2.36,131.5
冬瓜烧小排,148.79,7.63,12.57,1.63,207.0
冬瓜炖肉片,110.91,4.22,9.91,1.7,169.5
冬瓜烩肉丸,115.14,6.17,7.48,6.27,185.0
冬瓜烩虾仁,128.85,10.98,1.7,17.67,230.5
冬瓜煲鸭,79.03,5.03,3.64,7.0,164.5
冬瓜炒肉,73.31,8.1,3.95,1.74,155.5
冬瓜瑶柱薏仁汤,30.11,2.3,0.3,4.72,435.0
笋烧鱿鱼圈,71.54,7.73,2.95,4.05,130.0
冬笋炒肉,140.8,7.11,10.57,4.65,201.0
冬笋焖肉,138.36,6.16,10.98,4.31,152.5
冬笋香菇烧鱼,84.57,9.19,4.2,3.03,175.0
冬笋煲老鸭,35.69,2.56,2.3,1.23,431.5
酱烧全鱼,110.4,11.92,2.58,9.98,125.0
豆酱小黄瓜,81.39,1.63,5.66,6.09,115.5
风味豆瓣鱼,137.01,14.44,4.93,8.92,154.0
五香豆豉烧苦瓜,66.67,1.94,4.07,6.17,130.5
豉香剁椒蒸芋头,65.74,2.36,0.34,13.9,108.0
豆豉炒蛤蜊,70.5,7.65,2.81,3.78,139.0
五香豆豉蒸排骨,267.91,16.69,17.23,11.5,107.5
豉香草鱼,145.56,16.16,8.12,2.21,90.0
豉香煲鸡翅,227.59,17.53,12.63,10.95,116.0
豆豉煲排骨,268.49,16.33,19.78,6.34,109.5
豉香茄子烧豆角,66.67,2.26,3.41,7.86,163.5
豆豉炒辣椒,104.35,2.33,6.13,10.48,103.5
豉香蒸肉,320.0,15.52,27.55,2.69,82.5
豆豉烧青鱼,134.07,19.12,3.86,5.91,91.0
五香豆豉蒸鸡翅,228.7,17.62,12.74,10.86,115.0
五香豆豉蒸鱼,139.33,17.36,6.78,2.24,89.0
皮蛋豆腐（家常版）,133.7,8.79,9.34,3.93,179.5
豆腐鲜蔬炒饭,152.88,5.76,6.11,19.15,208.0
豆腐煎蛋,128.78,8.66,9.19,3.33,168.5
豆腐滑鸡肉,199.37,9.45,17.03,2.55,159.0
豆腐煲牛肉,138.17,9.94,7.14,9.05,158.5
豆腐炒菜心,81.27,8.18,4.05,3.49,205.5
家常草鱼烧豆腐,108.61,9.63,6.2,4.27,244.0
豆腐炒肉丝,149.35,7.24,12.5,2.62,191.5
豆腐烩香肠,260.47,12.05,20.02,8.45,150.5
豆干煸肉丝,187.06,11.06,12.64,8.4,170.0
豆腐鸡蛋蒸,98.82,8.42,6.2,3.09,211.5
豆腐蘑菇烧鲫鱼,92.06,9.59,4.24,4.54,189.0
豆腐肉沫炝火腿,178.36,9.21,12.58,7.7,171.0
豆腐烧黄颡鱼,130.87,12.54,5.67,7.77,149.0
豆腐炖牛腩,168.67,9.45,13.57,2.84,150.0
家常豆腐炖牛肉,112.76,13.42,5.54,2.63,243.0
豆腐烧鲜虾,113.4,13.98,4.04,5.55,160.5
家常豆腐烧鱼块,88.51,8.54,5.34,2.11,235.0
肉沫烧豆腐丸子,156.2,8.79,11.17,5.63,173.5
豆腐烩虾仁,176.5,16.19,3.65,20.02,174.5
滋补鲜鱼豆腐汤,31.14,3.9,1.57,0.49,440.0
豆腐圆子,167.23,10.45,6.32,17.58,238.0
豆腐蒸鸡蛋,113.12,10.1,7.07,2.84,110.5
酱香豆腐蒸虾,98.48,12.69,4.02,3.2,230.5
鲜香豆腐,104.85,14.17,4.17,2.91,154.5
豆腐蒸鱿鱼,100.69,13.12,4.89,1.24,145.0
虾仁滑豆腐,169.36,13.32,4.62,19.01,241.5
豆豉鱼煲,149.47,15.38,4.58,11.78,95.0
豆豉蒸排骨,173.1,10.69,12.62,4.29,171.0
豆角时蔬炒饭,75.86,5.8,2.43,8.63,290.0
豆角煸火腿,107.98,6.18,7.3,5.19,81.5
豆角煸火腿肠,103.76,4.37,5.93,9.17,133.0
豆角烩鸡胸,81.94,7.37,1.97,9.47,216.0
豆角烧腊肠,239.23,8.49,18.87,9.68,155.5
肉沫豆角炒面,148.73,8.13,11.2,4.53,216.5
豆角焖牛肉,95.11,7.04,4.04,8.42,153.5
豆角炖小排,176.98,8.86,14.31,3.79,195.5
彩椒豆角炒肉沫,133.5,5.71,10.1,6.06,195.5
豆角烧肉片,152.16,5.98,12.46,4.92,150.5
家常豆角烧土豆块,193.19,7.11,13.36,11.78,205.5
炒豆角香肠,214.74,9.17,16.38,8.44,156.0
豆角烧羊肉,74.63,6.75,2.08,8.23,205.0
豆角烧鱿鱼圈,70.77,9.16,2.38,3.79,195.0
四季豆炒猪肝,83.67,8.85,3.83,3.99,174.5
豆角炒猪肉,151.48,5.99,12.3,5.08,152.5
四季豆烧鸡腿,95.52,9.19,4.87,4.37,256.5
豆角烧猪肉,141.81,6.15,11.2,5.04,149.5
菜豆焖面,201.78,6.82,8.54,25.18,224.5
豆角焖鸡块,92.31,4.62,3.88,10.72,208.0
小炒肉烩扁豆,141.81,6.05,11.21,5.06,149.5
豆腐皮炒肉末,295.8,23.38,19.13,9.71,143.0
大虾烧豆腐,75.39,7.45,3.79,3.71,225.5
什蔬煲对虾,61.76,8.0,1.86,4.0,170.0
红烧草鱼,123.71,13.88,7.41,0.69,97.0
焖仔鸡,176.99,18.2,8.62,6.81,113.0
家常烧酥肉,230.09,13.3,16.62,7.12,113.0
剁椒鸡腿,153.25,17.7,8.88,1.07,115.5
剁椒鸡肉,140.61,18.52,7.18,0.78,165.0
蒸剁椒鲫鱼,114.42,13.42,5.06,5.0,104.0
鲜香剁椒鲤鱼,118.1,13.77,6.1,3.17,105.0
鲜香剁椒鲈鱼,118.35,14.06,5.7,3.81,109.0
剁椒焖芋头,74.78,1.3,2.83,11.98,115.0
剁椒圆白菜,49.85,1.43,3.18,4.79,168.5
剁椒鱼头蒸豆腐,104.18,11.52,5.56,2.98,155.5
清蒸剁椒芋头,71.2,1.3,2.64,11.89,125.0
剁椒烧带鱼,96.88,9.47,2.23,10.68,160.0
剁椒鲜笋,55.65,3.24,2.77,5.81,124.0
家常剁椒蒸鱼,123.33,14.29,6.12,3.39,180.0
剁椒蒸鲫鱼,119.19,14.03,5.29,4.71,99.0
山药小米粥,50.0,1.35,0.27,10.72,350.0
松软发面小饼,362.26,17.51,2.45,69.47,53.0
清香西红柿白菜汤,8.15,0.46,0.1,1.73,503.0
番茄烩白菜鲜蘑,57.29,6.29,1.13,6.28,295.0
西红柿烧花菜,22.76,1.54,0.21,4.75,145.0
番茄炒扁豆,20.67,1.37,0.2,4.67,150.0
西红柿炒饭,75.6,1.92,0.26,16.86,250.0
番茄煎蛋,50.48,4.39,2.6,3.04,210.0
番茄滑鸡,81.03,3.59,6.27,3.28,290.0
番茄炒辣椒,112.1,4.99,8.78,3.93,157.0
西葫芦番茄烩里脊,96.5,4.07,6.92,4.87,200.0
西红柿鸡蛋炒面,112.86,5.51,2.1,18.68,280.0
茄汁滑牛肉,45.13,5.07,0.67,5.34,195.0
茄汁滑肉片,87.69,4.18,7.1,2.54,195.0
西红柿炝炒西芹,16.88,0.86,0.18,3.95,160.0
番茄炒对虾,56.0,8.61,0.46,4.82,275.0
番茄烧杏鲍菇,23.2,1.06,0.16,5.3,250.0
番茄炒鸭胸肉,40.0,5.6,0.63,3.53,150.0
番茄爆猪肝,71.71,10.27,2.51,2.53,205.0
番茄豆腐炖鲫鱼,62.17,7.77,2.18,3.5,230.0
西红柿豆角炒鸡蛋,77.58,5.71,3.25,7.12,165.0
茄汁焖豆腐,49.67,3.75,2.75,3.35,300.0
西红柿煨牛腩,53.33,5.35,0.71,7.2,195.0
番汁炖牛肉,41.67,5.52,0.76,4.1,180.0
茄汁小排,151.81,8.3,11.9,3.25,193.0
糖炒番茄肉片,109.39,4.9,8.62,3.69,213.0
番茄饭,73.33,2.37,0.5,15.84,225.0
清香番茄烘蛋,103.51,7.29,7.25,2.71,114.0
茄汁红烩牛肉,49.05,4.81,0.63,6.79,210.0
清香西红柿鸡蛋蛊,97.32,5.76,5.15,7.79,205.5
番茄汁烧鹌鹑蛋,174.42,11.95,12.66,3.04,129.0
番茄汁烩大虾,107.75,17.4,2.71,3.45,129.0
茄汁刀鱼,135.12,14.88,7.72,1.64,149.5
番茄汁烧鸡翅,213.76,17.66,13.31,5.83,109.0
番茄汁炖鸡肉,172.44,16.39,9.25,5.94,127.0
茄汁烧鸡腿,90.48,10.6,3.58,4.57,210.0
茄汁煎鱼,91.72,10.09,5.09,1.61,145.0
清香茄汁虾球,209.3,19.54,2.89,26.43,129.0
番茄龙利鱼,66.8,7.53,3.25,2.39,242.5
茄香牛肉炒米粉,186.94,6.3,4.47,30.98,145.5
茄汁烧肉片,124.68,6.27,8.94,5.46,154.0
番茄烧豆腐,61.5,2.92,4.53,3.24,206.5
茄子鲫鱼,69.47,7.81,2.83,3.78,190.0
番茄煲腩煲,128.77,5.46,10.22,4.38,146.0
番茄烧牛肉,64.14,6.57,0.83,8.01,145.0
番茄烧小排,204.73,10.84,15.53,5.73,148.0
茄汁水煮牛肉,69.22,5.36,3.29,5.15,274.5
番茄土豆煲牛腩,62.05,5.5,0.67,9.06,195.0
番茄土豆煲牛肉,52.27,5.11,0.62,7.19,220.0
番茄鲜虾面,70.91,4.31,0.51,12.44,385.0
香肠西红柿蒸蛋,123.28,7.02,9.36,3.35,189.0
茄汁焖鱼柳,68.84,5.73,2.07,7.38,276.0
番茄蒸豆腐,40.0,2.98,1.91,3.64,227.5
什蔬番茄饭,131.92,5.75,2.15,23.42,260.0
西红柿清蒸鲫鱼,69.19,7.88,2.9,3.43,185.0
西红柿清蒸鲈鱼,69.13,8.49,3.13,2.27,189.5
茄香蒸鱼,60.96,8.14,1.87,3.49,187.0
溜番茄鱼,63.87,6.15,3.13,3.33,238.0
农家糖霜芋头,107.3,1.1,1.87,21.93,178.0
炝炒粉丝娃娃菜,109.58,1.61,4.02,17.88,130.5
粉丝煲虾仁,244.69,14.32,2.14,42.23,179.0
苋菜炒粉丝,122.25,2.35,1.81,24.86,204.5
鲜虾粉丝煲,190.5,12.5,3.79,26.72,179.0
粉丝煲大虾,180.0,12.59,1.99,28.0,180.0
酸辣粉丝菠菜,161.75,1.86,5.74,26.62,91.5
蒜蓉粉丝清蒸大虾,164.53,14.22,3.6,18.99,172.0
葱香粉丝蒸蛤蜊,134.46,6.15,0.55,26.33,177.0
粉丝花甲,93.51,3.61,0.33,19.27,185.0
姜汁粉丝素蒸丝瓜,154.57,1.39,3.38,30.56,158.5
浓汤粉丝蒸娃娃菜,110.0,1.51,0.46,26.03,170.0
松茸粉丝清蒸虾,161.05,16.13,2.78,22.93,190.0
家常粉蒸肉片,180.0,5.57,9.77,17.94,145.0
粉蒸土豆寸排,209.8,11.58,15.48,6.35,153.0
烤甜玉米,138.94,4.38,1.98,28.2,113.0
蜂蜜烤鸡翅（快手版）,210.81,17.15,10.53,11.77,111.0
烤凤尾虾仁,98.44,16.26,2.72,1.88,128.0
烤凤尾虾,113.49,13.05,1.52,11.93,215.0
特色芙蓉鸡片,130.16,15.42,3.31,9.69,126.0
特色芙蓉鲫鱼,108.04,14.71,3.8,3.75,155.5
腐乳汁炒蕹菜,52.63,2.89,3.53,3.93,114.0
乳香冬瓜,135.97,4.77,12.43,1.64,151.5
蒜香猪大排,255.26,15.8,19.47,4.18,114.0
腐乳蒸鸡块,169.49,17.71,6.45,9.99,118.0
乳香小排,305.5,14.54,24.68,6.32,109.0
支竹炒鸡蛋,296.68,24.36,17.86,9.82,105.5
腐竹芹菜烧肉,203.89,14.12,12.46,9.6,180.0
腐竹胡萝卜炒肉,305.32,17.85,22.89,7.37,178.5
支竹炒五花肉片,217.53,13.86,15.02,7.17,182.5
腐竹彩椒炒肉,289.89,18.97,18.97,11.48,133.5
腐竹炖鲫鱼,242.97,24.67,10.81,11.74,128.0
腐竹煨牛腩,104.38,11.71,3.49,7.17,160.0
腐竹烧肉丁,251.22,19.08,14.52,11.78,123.0
腐竹对虾,193.92,24.34,7.39,7.61,164.5
黄嘎鱼烧萝卜,87.57,9.16,3.3,5.76,169.0
干煸有机花菜,138.36,5.96,11.53,3.6,146.0
麻辣干煸鸡,130.56,14.39,7.19,2.47,144.0
家常干煸藕条,136.48,2.81,6.14,19.06,116.5
干煸四季豆,131.9,4.68,10.2,7.14,139.5
家常煸杏鲍菇,66.88,1.83,3.21,8.83,160.0
辣爆鱿鱼,81.76,11.76,1.6,6.12,148.0
特色干锅脆皮豆腐,198.53,9.39,16.95,2.7,136.5
干锅草鱼烧豆腐,133.33,10.46,7.83,5.89,198.0
干锅粉丝煲,131.03,6.25,2.66,21.27,217.5
干锅黄辣丁,141.76,15.87,5.69,6.69,91.0
干锅手撕卷心菜,138.56,5.42,10.95,4.97,153.0
干锅手撕腊鱼,81.55,9.42,2.96,4.89,168.0
咸香干锅土豆片,152.41,5.24,9.67,11.63,197.5
干锅土豆烧大虾,119.5,11.96,0.56,16.75,200.0
干锅虾,93.83,10.06,2.12,8.95,243.0
干锅烧鲍菇,116.0,5.18,8.02,6.52,175.0
干锅有机菜花（快手版）,164.2,6.31,14.65,2.41,128.5
干锅草鱼,88.89,8.06,2.46,9.24,180.0
干锅子鸡,123.62,16.6,5.81,1.46,127.0
烧烤大虾,113.81,17.53,2.41,5.5,181.0
香煎红三鱼,141.04,16.55,7.32,2.43,86.5
香煎黄鱼,164.6,15.31,6.37,11.69,169.5
香煎三文鱼（家庭版）,184.21,14.78,9.78,9.37,95.0
红烧臭桂鱼,140.98,18.17,7.41,0.55,91.5
风味干锅虾,115.83,16.37,2.52,6.76,139.0
风味干烧鱼,168.03,18.1,9.28,3.05,122.0
干烧小黄鱼,123.4,15.96,4.41,4.37,94.0
干锅烧鸡翅,187.86,16.09,9.87,8.71,173.0
家常干锅虾,98.47,13.21,1.82,7.37,131.0
干烧鲜虾,115.86,16.54,0.99,10.14,145.0
家常干炸小黄鱼,162.77,14.63,7.53,9.13,94.0
家常宫保虾球,101.6,12.57,0.63,11.65,188.0
滋补枸杞羊肉汤,23.68,3.09,1.07,0.47,380.0
挂霜甘薯条,119.64,0.62,4.64,19.9,112.0
怪味飘香鸡,200.0,18.22,11.55,5.77,115.0
粤式烤鸭肉,168.37,7.64,12.91,1.88,215.0
花蛤煎鸡蛋,59.52,6.35,2.71,2.82,210.0
海参煲小排,144.83,10.26,9.47,5.21,203.0
海参煲猪肝,107.18,16.72,1.49,6.69,181.0
滋补小米粥,44.0,4.71,0.29,5.73,375.0
家常海带炒土豆,86.98,2.13,3.35,12.46,157.5
海带焖牛肉,86.84,8.09,3.66,5.78,114.0
海带结炖肉,122.67,6.09,9.43,3.94,150.0
海带排骨汤,35.56,2.15,2.85,0.37,405.0
海带煲粉条,130.52,0.99,1.4,28.86,154.0
海带煲小排,213.38,10.52,17.32,3.85,149.5
土豆烧海带,51.03,1.59,0.16,11.32,145.0
海带炒肉末,161.8,6.06,13.58,3.92,89.0
家常炒海带丝,191.43,7.56,15.91,4.76,105.0
牡蛎煲豆腐汤,33.05,2.03,1.72,2.43,475.0
虾米炒油菜,61.33,9.8,1.77,1.96,225.0
虾米包菜,68.7,9.7,2.03,3.12,115.0
蚝油草菇烧小白菜,30.48,2.06,0.24,5.87,210.0
蚝油扒芥兰,38.76,3.03,1.72,4.56,209.0
蚝汁牛肉芥蓝,100.75,10.69,2.8,8.96,133.0
蚝油烧南瓜,74.84,1.86,4.47,7.49,159.0
蚝油焖豆腐,84.18,5.04,5.35,4.77,158.0
蚝油烧手撕杏鲍菇,79.87,8.64,2.55,6.25,159.0
蚝油荷兰豆牛肉,74.17,8.74,1.01,7.98,120.0
蚝汁香菇油菜,37.21,1.82,0.38,7.73,215.0
蚝油香菇青菜,31.25,1.64,0.41,6.39,160.0
河虾摊鸡蛋,116.85,14.97,6.0,0.78,184.0
鲫鱼荷包汤,39.86,4.89,1.66,1.36,444.0
荷包蛋焖黄骨鱼,102.97,11.42,4.26,4.73,202.0
荷兰豆炝腊肠,235.14,8.65,18.82,8.12,156.5
家常荷塘小炒,77.22,3.91,0.5,15.45,180.0
番茄烤荷叶鸡,158.77,18.24,8.53,2.27,114.0
椒香炸刀鱼,150.0,16.19,7.28,5.09,90.0
黑糊椒大虾,97.71,18.25,0.45,5.11,175.0
黑糊椒烧鸡腿,190.16,17.22,7.98,12.7,122.0
红扒牛柳（家庭版）,135.38,20.54,3.14,6.14,130.0
红烩牛肉条,79.13,8.98,3.64,3.73,115.0
红肠什蔬炒饭,107.6,4.57,3.74,14.45,250.0
红肠炝韭菜,127.8,5.3,9.58,6.06,156.5
五谷糯香粥,52.9,2.1,0.45,10.4,310.0
红豆薏米甜汤,50.0,2.07,0.27,10.12,350.0
红豆芋圆羹,27.61,1.53,0.06,5.54,355.0
红烩牛腩（家庭版）,75.6,5.06,0.92,12.36,250.0
红椒炒肉丝,164.75,6.01,14.34,3.92,130.5
红萝卜炒鸡腿肉,95.54,7.07,5.61,5.16,157.0
家常炖肉,326.87,13.6,29.94,0.0,67.0
素烧白条鱼,129.41,15.69,6.64,1.62,85.0
红焖鳊鱼,158.62,17.13,9.25,1.63,87.0
干烧拨皮鱼,106.08,16.15,4.01,1.41,90.5
干焖鲳鱼,115.22,10.14,4.03,10.02,138.0
家常焖酥带鱼,142.54,15.9,7.05,3.97,90.5
红烧刀鱼,119.26,15.82,5.99,0.53,135.0
红烧白玉面,154.06,4.05,3.15,27.8,178.5
家常煲豆腐,133.53,9.04,8.65,5.58,170.0
家常红焖鳜鱼,146.59,18.09,7.24,2.25,88.0
家常红焖海鳗,130.43,13.55,6.14,5.31,115.0
家常红焖黑鱼,123.16,16.85,4.49,3.65,88.5
红焖红鲷鱼,151.61,15.54,5.46,10.16,93.0
红焖黄花鱼,128.57,14.69,2.06,12.79,98.0
红焖鸡,161.21,18.13,7.78,4.77,116.0
家常红烧鸡翅,210.62,17.41,12.2,8.25,113.0
红焖鸡块,393.97,14.51,33.1,9.54,116.0
红焖鲤鱼,100.0,10.9,4.73,3.81,135.0
红焖鲢鱼,130.59,16.82,6.92,0.12,85.0
家常烧萝卜小排,177.6,9.32,12.72,6.91,183.0
草鱼烧毛豆,145.16,14.46,7.19,6.24,124.0
红焖明太鱼,127.96,18.34,4.02,4.66,93.0
红焖明虾,112.1,18.0,3.19,2.71,124.0
家常牛肉烧胡萝卜,104.99,12.97,2.98,7.24,210.5
红焖牛肉,140.0,19.73,4.62,4.92,130.0
家常牛腩烧土豆,124.0,10.31,1.21,18.22,100.0
红烧猪小排,311.22,15.49,26.3,3.13,98.0
家常冬瓜烧排骨,209.43,10.35,17.43,2.92,148.5
排骨红烧毛豆,244.36,14.87,18.45,5.35,133.0
家常红烧茄子,61.63,1.51,3.24,7.27,165.5
红焖青鱼,131.91,17.26,6.82,1.15,94.0
红烧肉饭,340.21,11.08,14.43,41.84,97.0
红焖土豆鸡块,130.05,10.83,4.89,10.9,213.0
红焖土豆五花肉,169.38,6.19,10.48,12.91,160.0
红焖五花肉,356.6,12.94,31.23,5.79,53.0
红烧对虾,92.26,16.37,2.3,1.46,174.5
红焖香菇排骨,216.33,11.03,17.63,3.8,147.0
家常红烧杏鲍菇,58.67,1.49,2.19,9.18,150.0
红焖鸭腿,261.54,14.13,20.55,4.94,110.5
洋葱头烧鸡翅,139.66,9.78,8.13,7.06,205.5
洋葱烧鸡块,100.95,7.12,5.55,5.74,158.5
烧鳊鱼,106.25,11.8,4.01,5.94,128.0
草鱼焖粉丝,164.06,10.75,3.43,22.53,128.0
红焖鱼块,155.08,14.59,8.09,6.31,93.5
酱烧鱼腩,124.18,15.58,4.81,4.85,91.0
芋儿红烧牛肉,104.71,5.96,0.73,18.95,170.0
地瓜小米粥,37.23,0.8,0.27,8.13,325.0
香酥麻辣藕片,51.79,1.2,0.34,12.24,112.0
红油大虾,120.45,16.93,3.02,6.38,132.0
糟香红焖笋,73.97,2.56,4.74,6.12,109.5
核桃枣香米糊,80.32,1.59,2.91,12.42,315.0
浓香红枣黑米糊,59.67,1.25,0.8,12.25,305.0
红枣山药南瓜甜汤,89.66,1.51,0.2,21.43,145.0
红枣煲乌鸡汤,42.53,5.44,0.58,4.07,435.0
红枣小米麦片粥,80.3,1.97,0.57,17.4,330.0
胡萝卜圆白菜拌面,144.02,3.89,2.88,26.15,196.5
胡萝卜烩草菇,50.61,1.8,2.63,6.03,205.5
胡萝卜炒鸡蛋（快手版）,101.5,5.32,6.82,5.73,166.5
胡萝卜焖冬瓜,42.34,0.63,2.63,5.11,205.5
胡萝卜烩粉条,123.95,0.9,3.98,22.24,131.5
胡萝卜炒支竹,191.21,10.67,10.42,14.87,91.0
胡萝卜炒海带,52.32,1.11,2.89,6.44,183.5
胡萝卜炒青瓜,46.75,1.09,2.6,5.48,207.5
胡萝卜烧香肠,148.31,6.87,8.75,11.18,118.0
红萝卜烧鸡腿,105.0,9.05,3.1,11.2,120.0
红萝卜炒鸡蛋,126.39,6.95,9.42,4.19,206.5
胡萝卜煲鸡块,186.13,6.74,15.34,6.2,137.0
胡萝卜煸鸡丝,92.77,8.58,2.53,10.04,166.0
胡萝卜炒白蘑,146.13,12.93,4.25,17.47,161.5
胡萝卜煸腊肠,307.76,10.04,25.24,10.92,116.0
胡萝卜炒金瓜,52.99,0.85,3.0,6.73,175.5
红萝卜炖牛肉,71.23,6.59,2.88,5.9,146.0
胡萝卜炒辣椒,57.73,0.96,3.63,6.61,145.5
清香胡萝卜炒土豆丝,91.91,2.0,4.44,11.94,117.5
胡萝卜炒角瓜,56.21,0.98,3.15,6.78,169.0
胡萝卜炒花菜,58.52,1.77,3.54,6.4,155.5
胡萝卜煸香肠,123.75,4.36,9.07,7.28,170.5
素烧香菇胡萝卜,50.75,1.51,2.53,7.01,134.0
胡萝卜炒鲍菇,120.66,1.1,2.63,24.14,121.0
胡萝卜熘猪肝,104.68,12.2,4.71,3.95,171.0
葱香胡萝卜炒饭,158.62,5.83,7.24,18.0,145.0
胡萝卜煲豆腐,84.87,3.11,5.82,6.27,135.5
番茄胡萝卜汤,15.52,0.4,0.76,2.3,457.5
胡萝卜烧鸡,77.99,6.36,3.69,5.97,179.5
家常胡萝卜烧鲫鱼,78.17,7.94,2.89,6.01,185.5
胡萝卜烧牛腱,108.21,13.02,1.57,11.29,207.0
滋补胡萝卜煨牛肉,104.72,7.81,0.98,17.58,127.0
胡萝卜炖猪排,158.42,9.07,12.06,3.89,190.0
胡萝卜烩土豆,74.12,1.47,3.39,10.4,156.5
胡萝卜羊肉煲,111.31,11.78,3.82,8.63,163.5
鸡蛋煎胡萝卜苦瓜,79.32,4.51,5.03,4.66,205.5
胡萝卜酱牛肉,97.26,12.19,3.52,4.64,146.0
胡萝卜焖翅根,105.08,6.12,6.21,7.27,177.0
胡萝卜炖鸡翅,105.69,6.29,4.88,9.83,184.5
胡萝卜焖鸡腿,85.44,7.18,4.4,5.24,154.5
胡萝卜烧白蘑,140.32,12.96,4.35,15.87,157.5
番茄胡萝卜炒毛豆,79.48,4.0,4.54,6.93,153.5
家常胡萝卜烧牛腩,69.26,6.27,2.74,5.9,154.5
胡萝卜烧小排,227.61,11.58,19.29,2.42,134.0
胡萝卜焖五花肉,212.36,8.09,18.69,3.64,89.0
胡萝卜焖羊肉,83.53,7.48,2.45,8.88,170.0
胡萝卜丝炒青瓜,45.26,0.88,2.63,5.35,205.5
红萝卜摊鸡蛋,96.99,5.37,6.25,5.84,166.0
胡萝卜丝煸牛肉,82.0,6.67,2.82,8.57,150.0
胡萝卜丝炒香芹,36.59,0.88,1.66,5.6,205.0
胡萝卜丝煲肉,126.56,4.39,9.85,6.21,192.0
胡萝卜丝烧肉片,164.44,6.04,12.44,8.1,135.0
胡萝卜丝烧香菇,68.73,1.81,3.33,9.36,161.5
农家尖椒小炒肉,204.37,7.96,18.23,2.56,91.5
湖乡豆腐烧鱼,104.62,10.27,6.42,2.3,195.0
花菜炖肉,159.83,6.73,13.97,2.59,119.5
花菜烧香肠,251.56,10.38,19.92,8.36,128.0
花甲苦瓜汤,19.39,2.05,0.79,1.07,474.5
蛤蜊蒸饭,120.0,7.75,0.68,20.95,160.0
花甲白玉汤,18.34,1.99,0.81,0.84,474.5
清香花椒鸡,146.36,22.67,4.86,3.57,110.0
花椒煸鸡丁,115.09,10.98,5.53,5.92,195.5
家常花生拌菠菜,54.72,2.83,2.78,5.44,106.0
煎杏鲍菇,46.62,1.34,1.45,8.09,148.0
滑炒里脊,104.65,5.5,6.7,5.73,215.0
瓜片滑溜里脊,75.71,8.03,2.66,4.95,280.0
鲜溜鱼片,110.4,14.37,2.34,7.86,125.0
黄豆芽炒粉丝,176.37,5.52,9.27,18.33,173.5
鲜豆芽汤,24.02,1.51,1.18,2.08,458.0
凉拌青瓜鸡蛋,61.54,5.35,3.3,2.73,162.5
黄瓜烩大虾,74.94,10.2,2.52,2.88,225.5
黄瓜烧豆腐,86.04,5.51,5.96,2.89,218.5
红肠炒青瓜,111.36,3.35,8.08,6.45,136.5
清香黄瓜炒火腿肠,87.45,3.32,5.93,5.25,131.5
青瓜炒鸡胸,101.42,10.31,5.67,2.38,211.0
黄瓜烧口蘑,160.48,18.88,3.1,18.36,210.0
青瓜肉片炒蘑菇,135.19,5.44,11.57,2.62,162.0
青瓜煸肉丝,137.86,5.06,10.84,5.17,154.5
青瓜炒五花肉片,136.77,4.91,10.81,5.06,155.0
黄瓜炒番茄,44.79,0.85,3.35,3.0,158.5
香肠炒青瓜,143.64,4.84,10.87,6.78,145.5
素炒洋葱青瓜,53.33,1.14,3.37,4.87,157.5
鱿鱼炒青瓜,85.44,10.77,3.1,3.6,154.5
黄瓜肝片,90.23,9.84,3.8,4.38,215.0
肉片炒青瓜,139.22,5.06,12.26,2.16,153.0
青瓜肉沫蛋炒饭,107.86,4.67,4.36,12.8,280.0
黄瓜炒粉条,112.36,1.03,3.93,18.22,133.5
黄瓜炖黄姑子,98.58,8.65,4.19,6.84,175.5
青瓜洋葱煎鸡蛋,103.16,6.02,7.24,3.68,142.5
黄瓜京酱肉丝,129.03,5.26,8.94,7.12,155.0
青瓜凉拌腐竹,132.37,7.81,8.32,6.94,139.0
清香黄瓜皮蛋汤,27.22,2.18,1.59,1.05,411.5
瓜片炒火腿肠,66.16,3.6,4.6,2.61,131.5
黄瓜煎蛋,106.09,7.19,7.25,3.15,115.0
黄瓜刀鱼,99.28,10.47,4.65,4.13,139.0
鸡蛋炒黄瓜片,103.51,7.25,7.25,2.54,114.0
大黄鱼烧豆腐,114.29,13.02,4.37,5.88,168.0
香甜玉米烙饼,150.6,3.52,1.02,33.08,83.0
香甜玉米蒸鸡块,146.0,13.08,5.38,11.85,250.0
黄辣丁烧豆腐,105.41,9.23,1.92,13.49,185.0
黄辣丁烩丝瓜,78.92,8.4,2.9,5.23,185.0
鲜香黄焖鸡,103.5,11.15,3.77,6.99,200.0
黄焖鸡,184.35,17.7,8.43,9.42,115.0
黄鳝炝韭黄,65.95,9.03,2.34,2.63,185.0
黄蚬子爆炒韭菜,50.88,4.96,2.28,3.34,226.0
黄鱼焖豆腐,104.27,11.05,4.73,4.66,164.0
烩茄子,61.15,1.23,2.95,8.06,217.5
烧双菇,41.42,1.94,2.23,4.66,154.5
地锅火焙鱼,140.22,16.38,5.85,6.03,92.0
农家火锅鸡,170.4,18.86,9.01,3.52,111.5
火腿肠烧冬瓜,93.2,4.76,5.44,6.71,154.5
火腿肠烧豆角,112.46,5.88,5.37,10.98,156.5
清香火腿炒饭,140.0,5.45,2.83,23.33,100.0
黄瓜炒火腿丁,74.42,3.33,4.5,5.27,129.0
火腿肠炒蛋,183.15,12.76,12.09,6.0,89.0
火腿肠爆韭菜,102.27,6.08,5.57,7.96,154.5
火腿肠青菜炒面,142.56,5.71,1.7,26.78,195.0
香肠炒青椒,242.8,9.66,18.94,9.39,135.5
火腿肠烧丝瓜,68.24,3.16,3.51,6.8,170.0
火腿肠炒莴笋,78.63,3.44,4.35,6.63,131.0
火腿粒炒鲜玉米,134.19,7.76,5.05,15.28,156.5
火腿肠炒甜玉米,180.33,6.5,9.09,19.21,91.5
香肠煎鸡蛋,183.15,12.76,12.09,6.0,89.0
火腿焖豆角,101.9,4.36,5.93,8.71,131.5
剁椒火腿炒饭,118.33,6.55,2.7,17.19,240.0
火腿烩什蔬,116.49,5.19,4.6,13.88,188.0
腐竹烧火腿,290.16,26.58,15.94,10.23,96.5
黄瓜煎火腿,96.15,5.07,5.38,6.99,156.0
鸡蛋煎火腿,140.61,13.81,8.61,2.11,114.5
爆炒火腿尖椒,81.25,4.45,3.72,8.6,112.0
火腿炒凉瓜,48.98,3.22,2.36,4.3,171.5
辣爆火腿,182.72,9.9,14.54,3.26,40.5
火腿扒芦笋,62.58,6.72,3.1,2.74,155.0
火腿什蔬炒面,157.3,5.77,1.73,30.18,185.0
火腿炒香芹,67.08,5.16,3.07,5.17,159.5
火腿炝辣椒,97.87,8.8,5.17,4.69,94.0
火腿烧豆角,76.68,6.27,4.41,4.44,156.5
火腿炒莴笋,56.48,5.16,2.79,3.04,173.5
火腿炒花菜,103.7,7.01,7.6,3.01,81.0
火腿烧虾仁,86.45,9.39,1.03,10.61,155.0
火腿煸杏鲍菇,72.9,5.88,3.1,5.97,155.0
火腿烧油菜,55.59,5.45,3.26,1.71,174.5
火腿丁炒玉米粒,131.8,4.83,6.44,14.64,130.5
豆腐火腿羹,48.72,3.22,2.37,3.87,390.0
家常火腿烧白菜,145.69,6.33,12.28,2.7,156.5
火腿什蔬蛋炒饭,109.13,5.45,1.85,18.19,230.0
香煎火腿鸡蛋饼,129.79,8.68,3.17,17.11,235.0
家常火腿煎蛋,151.11,13.18,10.04,2.26,90.0
火腿苦瓜煎鸡蛋,136.65,8.44,9.12,5.54,140.5
火腿青菜粥,39.0,2.22,0.43,6.76,300.0
火腿什蔬炒饭,86.5,5.53,1.93,12.4,200.0
火腿冬菇蒸苦瓜,95.48,6.46,6.5,3.54,155.0
香肠鸭肉卷,297.5,16.21,22.91,6.84,80.0
清蒸鲈鱼火腿,120.15,17.12,5.54,0.51,134.0
火腿炒娃娃菜,50.58,4.5,3.15,2.2,128.5
鸡翅烧豆角,105.5,7.57,5.79,6.57,154.5
鸡翅炒彩椒,129.29,10.47,7.81,4.59,189.5
鸡翅炖土豆,174.76,13.14,9.45,9.32,154.5
香辣烤鸡翅土豆,148.1,10.44,5.63,14.14,210.0
鸡翅焖胡萝卜,135.77,9.73,8.13,6.62,205.5
酱香鸡翅焖土豆,153.99,12.82,7.26,9.53,163.0
菠菜炒蛋,94.26,6.32,6.32,3.59,165.5
鸡蛋烧豆腐,128.1,8.74,9.34,2.92,165.5
胡萝卜鸡蛋摊饼,140.37,7.58,9.39,7.05,109.0
黄瓜炒鸡蛋（快手版）,103.93,7.26,7.22,2.66,114.5
辣酱火腿炒鸡蛋,183.19,12.52,11.34,7.9,119.0
鸡蛋炒鲜蘑,119.67,7.76,6.88,7.2,119.5
鸡蛋炒金瓜,117.44,5.95,7.28,7.19,140.5
鸡蛋炒香芹,102.63,7.07,7.25,2.62,114.0
甜椒摊鸡蛋,113.46,7.94,7.92,2.85,104.0
鸡蛋辣椒炒青瓜,72.63,4.83,4.57,3.32,184.5
鸡蛋烩丝瓜,120.85,7.29,8.73,3.78,117.5
摊蒜黄鸡蛋饼,100.0,7.93,4.57,7.21,115.0
鸡蛋煸土豆丝,127.54,6.53,6.21,11.78,167.0
番茄摊蛋,74.25,5.1,4.56,3.75,184.5
鸡蛋炒云南小瓜,90.42,5.6,6.23,3.56,167.0
鸡蛋煸香肠,319.3,17.46,25.01,6.18,114.0
油菜炒蛋片,84.96,5.41,5.11,4.95,169.5
鸡蛋炒大头菜,77.37,4.75,5.08,3.68,205.5
鸡蛋蒸肉末豆腐,105.42,7.44,7.33,3.17,240.0
粉丝菠菜摊鸡蛋,161.57,6.66,7.37,17.52,140.5
鸡蛋汤面,63.19,3.71,1.63,8.62,345.0
火腿豌豆炒鸡蛋,152.99,11.42,8.86,7.4,125.5
豆角煎鸡蛋,94.01,5.94,6.26,4.99,167.0
鸡蛋煎大虾,147.14,16.19,4.41,10.84,210.0
韭菜鸡蛋煎饼,173.12,10.57,4.13,24.46,160.0
鸡蛋拌面,278.12,14.72,4.79,45.21,160.0
丝瓜鸡蛋素炒火腿,105.51,6.65,6.8,4.9,190.5
蛋花汤（懒人版）,23.66,2.19,1.41,0.61,372.0
榨菜丝鸡蛋炒面,212.14,10.22,4.01,34.29,140.0
鸡蛋蒸角瓜,62.96,5.35,3.31,3.23,162.0
鸡蛋蒸草鱼,139.58,14.68,8.56,1.0,144.0
鸡蛋汤面条,167.78,8.19,3.21,27.06,180.0
鸡胸肉什蔬炒饭,129.09,5.81,5.27,15.03,275.0
鸡胸肉煎鸡蛋,148.25,17.68,7.99,1.53,114.0
鸡丁炒青豆,82.22,10.26,1.63,7.84,180.0
鸡丁炒青笋,92.2,10.44,4.8,1.97,205.0
鸡块烧豆角,102.44,10.98,5.09,3.77,205.0
鸡腿烧蘑菇,96.1,11.17,5.02,2.0,205.0
土豆煲鸡肉,160.39,7.15,6.91,17.68,207.0
鸡块焖土豆,123.9,11.12,5.07,8.68,205.0
酥炸鸡米花,145.95,19.07,4.68,6.83,148.0
鸡肉烩菜花,81.12,10.88,3.29,2.73,124.5
香糯鸡肉炒饭,132.85,6.84,3.29,19.08,207.0
鸡胸肉炒黄瓜,80.62,8.7,2.63,5.98,160.0
鸡胸炒口蘑,157.48,21.48,3.86,12.25,150.5
鸡胸肉炒苦瓜,82.44,12.54,2.45,2.84,205.0
鸡肉什蔬炒面,63.85,7.87,0.71,7.56,106.5
鸡腿炒鲜蘑,119.74,13.95,6.63,1.33,154.5
鸡胸肉炒辣椒,116.3,18.56,3.72,2.5,135.0
鸡肉焖土豆,150.4,5.76,8.94,12.52,250.0
鸡肉烧香菇,160.52,6.83,13.59,3.66,154.5
鸡胸煸杏鲍菇,72.49,8.67,2.65,3.95,154.5
鸡肉炖豆角,162.96,6.78,13.01,5.59,162.0
鸡块炖粉条,378.64,10.97,24.89,27.83,154.5
鸡肉烧蘑菇,219.05,9.27,18.33,4.74,210.0
鸡肉焖山药,255.56,10.11,21.42,5.72,180.0
鸡肉烧土豆（快手版）,196.91,7.3,13.19,12.51,162.0
鸡肉焖豆角,281.15,11.55,24.65,3.55,156.5
鸡肉什蔬饭,78.28,5.93,0.54,12.94,290.0
白玉烧鸡肉丸,68.37,6.7,0.62,9.77,215.0
鸡丝炒凉瓜,95.41,8.15,3.7,7.77,163.5
洋葱头炒鸡胸肉,92.01,8.59,3.93,5.94,156.5
时蔬鸡丝凉面,147.87,9.93,1.86,23.83,188.0
鸡胸肉炒蘑菇,106.77,13.82,2.61,7.21,192.0
鲜香鸡腿烧豆腐,124.29,12.86,7.4,1.92,210.0
鸡腿炖鲜菇,104.43,7.85,4.34,8.99,158.0
鸡腿煲土豆,97.83,8.0,3.85,8.17,230.0
鸡腿煲香菇,99.51,10.93,5.15,3.04,206.0
鸡腿炖青豆,164.38,17.08,8.18,6.08,146.0
鸡腿焖土豆,119.12,8.39,4.48,11.7,159.5
鸡腿酱烧香菇,71.43,7.15,2.25,6.73,175.0
鸡腿清蒸鲜蘑,96.71,10.87,3.43,6.05,213.0
鸡胸肉炒甜椒,105.52,17.28,3.43,1.53,145.0
鸡胸干煸酸豆角,82.0,9.3,0.79,10.51,150.0
炝鸡胸西葫芦,127.38,15.45,4.25,6.94,168.0
鸡胸煸花菜,92.31,12.64,3.89,2.31,104.0
基围虾炒花菜,78.6,10.8,2.26,4.34,215.0
豆腐炖鲫鱼,132.64,12.65,5.54,8.44,144.0
鲜香鲫鱼烩粉条,181.65,12.67,4.76,22.1,109.0
鲫鱼土豆煲,114.93,11.18,3.93,8.91,134.0
鲫鱼清炖莴笋,69.19,7.94,2.84,3.16,185.0
鲫鱼煲粉丝豆腐,46.81,3.78,1.07,5.64,455.0
鲫鱼素烧鹌鹑蛋,142.58,14.05,4.72,11.19,155.0
鲫鱼赤小豆汤,36.14,4.23,0.59,3.68,404.0
鲜香鲫鱼萝卜汤,30.8,3.32,0.52,3.4,435.0
鲫鱼彩椒焖豆腐,70.0,8.44,2.5,4.16,220.0
鲫鱼焖白萝卜,85.96,11.15,3.03,3.79,235.0
鲫鱼焖豆,137.69,14.54,5.4,8.78,160.5
鲫鱼干烧土豆,105.63,8.86,2.88,11.45,186.5
鲫鱼干烧明虾,115.04,14.5,3.9,5.58,169.5
煲鲫鱼汤,32.33,3.26,0.51,3.75,433.0
鲫鱼鲜蒸鸡蛋,103.81,14.42,3.61,3.48,144.5
滋补鲫鱼淮山枸杞汤,28.82,3.37,0.52,2.75,465.0
鲜蔬炒饼,206.49,7.11,6.24,31.27,185.0
爆炒茄子,76.65,1.51,4.63,7.88,113.5
葱油饼,250.67,11.0,1.8,48.9,150.0
煲家常豆腐,165.05,7.94,11.97,7.04,186.0
香菜红烧醋鱼,77.4,9.51,2.95,3.51,146.0
回锅五花肉,123.35,5.43,8.46,7.32,167.0
软炸带鱼,176.29,15.7,10.03,5.84,164.5
火腿烧黄鱼,120.71,15.99,4.73,3.47,140.0
干烧带鱼,123.96,15.0,6.67,1.0,96.0
干烧鲫鱼,138.46,15.53,5.82,6.15,91.0
豆瓣武昌鱼,151.11,17.23,6.02,7.03,90.0
水煮素毛豆,175.96,11.17,6.5,23.54,91.5
发面酥油饼,363.89,15.87,2.36,71.5,108.0
醋焖黄花鱼,132.61,15.88,5.45,4.85,92.0
尖椒烧小白菜,49.33,1.52,3.01,5.25,186.5
尖椒素烧冬瓜,47.18,0.93,2.96,5.25,186.5
辣炒豆腐丝,220.66,19.81,12.41,9.87,135.5
尖椒炒豆皮,131.64,6.47,8.04,9.4,137.5
素炒尖椒火腿,79.26,6.55,3.72,5.9,135.0
尖椒干煸鸡丁,110.57,11.54,5.71,3.95,184.5
辣炒鸡胗,95.38,11.5,2.45,8.18,238.0
尖椒酱烧鲫鱼,92.13,8.94,3.74,6.46,171.5
尖椒炝炒韭菜,52.54,1.92,2.6,6.82,226.5
尖椒溜白蘑,191.56,21.26,4.56,21.51,189.5
尖椒煸凉瓜,52.29,1.1,2.92,6.48,185.5
家常尖椒煸腊肠,265.47,8.67,19.76,14.19,139.0
辣炒牛柳,101.73,8.52,2.62,11.75,144.5
尖椒红烧茄子,76.25,1.29,3.71,9.95,170.5
尖椒煸肉片,238.19,7.49,18.8,10.53,99.5
尖椒煸肉丝,156.39,5.95,10.43,10.81,133.0
尖椒素烧丝瓜,52.55,1.47,2.96,6.11,186.5
家常尖椒炒土豆丝,85.25,2.17,2.96,13.51,186.5
尖椒干煸土豆片,88.13,2.22,2.97,14.08,189.5
香辣土豆丝,74.84,1.81,2.46,12.41,228.5
干煸蚬子,53.62,4.16,2.15,5.05,235.0
香菇炒冬菇,47.22,1.89,2.4,6.08,144.0
尖椒速爆羊肉,88.89,8.15,4.96,3.56,144.0
尖椒干煸鱿鱼,71.26,9.41,2.67,3.06,174.0
尖椒清炒肝片,86.36,9.14,4.24,3.52,154.0
尖椒清炒鲜笋,37.3,1.78,1.86,4.25,185.0
尖椒烧鱼块,64.75,7.51,0.89,7.68,261.0
青椒火腿炒鸡蛋,87.91,7.4,5.41,2.9,169.5
青椒煸肉,214.45,8.68,16.19,8.85,131.5
尖椒干煸牛柳,93.91,8.48,1.08,13.41,115.0
尖椒松花蛋,115.61,6.14,7.75,6.06,150.5
尖椒清炖豆腐,76.14,2.79,4.63,7.12,176.0
尖椒炒支竹,158.88,9.41,9.04,11.07,107.0
尖椒爆炒牛肉,73.09,7.4,3.41,3.89,124.5
尖椒煸鸭肉,86.21,5.75,2.75,10.17,145.0
尖椒葱香炒松花蛋,131.12,6.53,7.15,10.69,165.5
酱香干煎大虾,107.26,18.01,2.47,3.26,179.0
火腿煎蛋,140.35,13.69,8.65,2.01,114.0
五香煎大虾,115.91,17.47,3.31,5.51,132.0
煎凉瓜,64.8,1.52,3.92,6.54,160.5
煎对虾,115.75,17.48,2.74,5.2,127.0
香煎青椒鸡胸,102.27,13.51,2.18,7.74,220.0
煎三文鱼排,153.0,14.14,9.68,2.43,100.0
洋葱玉米饼,181.58,7.61,1.37,35.97,190.0
葱香红烧虾,104.44,16.69,2.96,2.92,135.0
特色酱鸭,243.93,14.54,18.41,4.93,107.0
酱爆鸡块,135.38,16.62,5.59,4.88,130.0
姜煸鸭肉,104.39,13.22,4.0,3.83,114.0
蒜香鸭肉,239.52,12.65,19.98,2.31,124.0
姜葱溜肝尖,144.78,15.34,5.99,7.67,134.0
葱花爆花蟹,87.14,14.01,2.14,3.12,140.0
香葱爆龙虾,97.22,15.91,3.06,1.49,144.0
葱丝炒河蟹,145.26,14.55,5.12,10.33,137.0
姜汁香虾,67.74,13.24,0.54,2.65,155.0
姜汁什锦牛肉饭,81.4,5.25,0.67,14.24,258.0
姜汁素焖藕片,52.0,1.16,0.22,12.81,100.0
姜汁素烧鸡块,120.93,12.42,6.38,3.5,172.0
姜汁仔鸡肉,157.39,17.82,5.85,8.41,115.0
姜煸皮皮虾,91.37,12.83,3.69,1.82,139.0
秘制烧板鸭,241.18,12.22,14.66,14.99,68.0
川香回锅肉,143.33,7.4,10.93,4.63,150.0
酱香烧甜椒茄子,46.35,1.1,2.71,5.09,198.5
酱香尖椒肉丝,174.01,5.81,13.64,7.93,138.5
酱黄瓜烧豆干,85.5,4.43,5.57,4.84,196.5
香菜烧鲫鱼,131.91,15.37,5.87,4.48,94.0
口蘑酱烧芦笋,157.14,19.96,3.08,17.13,210.0
酱汁煎萝卜,67.02,0.9,3.29,9.21,94.0
酱烧黄嘎鱼,146.39,15.6,5.59,8.75,97.0
烧鲫鱼豆腐,94.76,11.03,4.09,4.02,191.0
手抓酱牛肉,140.46,19.62,4.58,5.24,131.0
酱烧茄子丁,52.7,1.34,3.37,4.9,157.5
酱茄子烧土豆,74.11,2.05,2.59,11.29,210.5
牛肉酱烧比目鱼,161.7,18.31,8.21,3.78,94.0
红烧酱香大黄鱼,176.07,16.29,4.9,17.15,117.0
蒜蓉胡萝卜,54.39,1.53,0.29,12.78,114.0
酱烧土豆块,165.29,6.17,10.63,11.65,181.5
秘制烧鸭,234.25,10.71,13.58,17.6,73.0
豉油蒸鸡腿,161.47,18.79,9.37,0.47,109.0
酱焖鸡,125.71,14.98,5.31,4.58,140.0
酱烧基围虾,121.37,17.25,3.63,4.98,131.0
清香汁鱼头,187.88,14.18,9.33,11.92,99.0
茭笋炒胡萝卜片,64.82,1.39,4.14,6.51,126.5
茭白笋素炒火腿,68.18,4.52,3.69,4.97,110.0
茭笋炒鸡肉片,70.23,4.92,3.45,5.84,262.0
茭白笋清炒鸡胸,82.05,10.02,3.15,4.36,136.5
茭白笋干煸腊肠,257.14,11.14,18.25,15.45,154.0
茭笋素炒青椒,44.98,1.25,2.6,5.12,124.5
茭笋炒五花肉片,120.57,5.57,9.75,3.23,141.0
茭白清炒鲜虾,79.02,11.32,2.01,4.37,205.0
茭白笋干煸香肠,231.72,11.79,15.73,14.07,154.5
清香茭笋炒杏鲍菇,48.51,1.2,2.4,6.62,134.0
茭白干煸鱿鱼,64.1,8.59,0.84,6.24,195.0
茭笋溜猪肝,87.97,9.38,2.2,8.28,158.0
茭白鲜香虾米粥,52.0,3.31,1.73,5.99,375.0
茭白青椒炒肉片,147.73,5.92,12.66,3.21,132.0
清香茭笋肉丁,97.02,3.67,5.92,8.1,168.0
茭白炒肉片,166.55,5.99,12.15,8.91,137.5
茭白笋红烧排骨,178.86,9.22,14.82,2.7,175.0
清香浇汁皖鱼,146.88,14.39,7.48,5.73,96.0
椒麻鸡肉,159.46,18.76,8.14,3.38,111.0
椒麻鸡脯,116.57,15.42,3.43,6.31,175.0
椒丝腐乳烧空心菜,37.95,1.81,2.19,4.37,166.0
椒盐酥炸凤尾虾,122.92,14.85,2.84,9.96,240.0
椒盐干炸海虾,83.2,16.29,0.79,3.04,125.0
椒盐酥炸河蟹,125.6,15.68,2.5,10.49,125.0
盐焗龙虾,100.77,17.71,1.94,2.85,130.0
椒盐小河虾,82.0,13.51,2.17,2.64,150.0
椒盐洋芋片,123.46,3.0,4.4,18.44,121.5
椒盐洋葱大虾,70.86,11.95,0.62,4.74,175.0
椒盐玉米粒清炒虾仁,180.3,12.87,3.22,26.03,233.5
清炖童子鸡,210.89,17.77,13.4,4.73,128.5
芥兰煸腊肠,198.2,9.42,15.43,6.52,166.5
芥蓝烧牛肉,80.0,7.59,0.84,11.74,155.0
南瓜毛豆鲜虾豆腐盅,84.62,7.97,2.03,9.22,260.0
粉丝鱿鱼,112.35,9.76,1.58,14.84,170.0
川味宫爆鸡丁,78.71,8.73,0.75,9.68,155.0
香酥椒盐虾,84.67,13.97,0.69,6.29,150.0
韭菜煸肉片菜花,129.68,5.57,10.89,3.23,173.5
韭菜煸大虾,90.7,13.31,2.35,4.42,177.5
韭菜清炖豆腐,90.56,5.57,6.37,3.69,206.5
韭菜红烧豆干,109.84,6.35,7.03,6.39,157.5
韭菜煸豆皮,266.35,25.59,15.83,8.06,105.5
韭菜烧粉条,155.27,1.7,3.53,30.24,156.5
韭菜素炒腊肠,231.31,8.59,18.88,7.76,156.5
爆炒韭菜银芽,49.84,2.11,3.48,3.71,156.5
鲜蘑煸韭菜,127.33,6.06,9.27,5.73,150.0
韭菜煸炒平菇,45.86,2.59,2.32,5.09,157.0
韭菜炒肉片,137.68,5.44,10.76,5.82,176.5
韭菜烩山药块,82.76,2.11,5.21,7.95,101.5
清香韭菜土豆丝,71.38,2.38,3.54,8.62,155.5
家常韭菜土豆片,71.38,2.38,3.54,8.62,155.5
韭菜清炒对虾,79.66,10.67,1.87,5.65,233.5
韭香勾汁虾仁,178.02,14.11,3.18,23.67,186.5
韭菜番茄炒香肠,166.92,7.21,13.09,5.66,196.5
韭香烧杏鲍菇,48.54,2.1,2.22,6.25,257.5
韭菜干烧鱿鱼,76.0,11.79,1.33,4.77,150.0
韭菜溜杆尖,82.22,9.11,2.11,7.72,180.0
韭菜清炒鲜笋,38.11,2.51,1.44,4.95,265.0
韭菜素烧鸡蛋,92.45,6.2,6.38,3.59,165.5
炸韭菜鸡蛋盒子,147.73,8.95,3.21,22.04,220.0
韭香蛋花汤,29.92,2.2,2.02,0.93,414.5
韭菜煎鸡蛋饼,173.12,10.57,4.13,24.46,160.0
韭香素炒豆腐,74.94,4.38,5.21,3.84,205.5
家常韭菜炒蛋,97.3,6.16,6.94,3.57,166.5
鲜虾炒韭菜青椒,68.16,9.9,1.75,3.79,223.0
韭菜红烧刀鱼,98.56,11.18,4.73,3.37,139.0
韭菜豆腐煲,80.76,4.3,5.08,5.63,210.5
腐竹素炒韭菜,194.84,13.11,12.32,8.79,77.5
韭菜酱焖鲫鱼,89.29,11.17,1.93,7.46,140.0
爆炒韭菜虾仁,127.83,12.02,1.8,16.63,230.0
韭香蒸鲫鱼,103.57,11.01,3.91,6.6,140.0
韭黄素炒鸡蛋,92.17,6.15,6.25,3.31,166.0
炒韭黄鸡丝,73.93,7.82,3.0,4.51,211.0
韭黄干煸腊肠,198.14,9.84,15.12,6.04,215.0
炒韭黄牛肉,83.33,7.2,3.03,7.61,240.0
爆炒韭黄肉片,140.65,5.96,10.81,5.35,155.0
炝韭黄肉丝,84.97,7.71,2.71,7.91,229.5
韭香炒大虾,73.59,9.76,2.76,3.02,231.0
爆炒韭黄杏鲍菇,50.61,1.75,2.58,5.94,205.5
韭黄熘肝尖,76.67,9.17,2.13,5.73,180.0
香煎韭黄鸡蛋,87.82,5.88,5.89,3.3,176.5
番茄烧菊花鲈鱼,99.32,11.37,1.95,9.78,148.0
冬菇炒肉,130.32,6.21,10.75,2.94,155.0
滋补菌菇煲鸡,83.87,9.35,2.32,7.85,155.0
咖喱香焖鹌鹑蛋,181.89,12.4,13.14,3.48,127.0
咖喱彩椒鲜虾,85.99,11.41,2.08,5.95,210.5
浓香咖喱蟹粉煲,152.63,11.83,3.46,18.68,171.0
洋葱鸡肉咖喱饭,89.19,5.62,0.59,15.84,333.0
浓汁咖喱牛腩,81.21,6.8,1.12,11.34,165.0
香浓牛肉咖喱汤,36.78,6.07,0.84,1.23,435.0
香浓土豆咖喱牛肉,92.73,7.25,1.12,14.01,165.0
清香咖喱对虾,66.67,9.53,0.75,5.97,255.0
烧烤串串虾,85.0,11.54,0.68,8.29,180.0
烧烤对虾,116.13,16.26,2.86,6.5,139.5
滋补蒸鸭,72.5,5.4,4.83,2.33,200.0
香烤地瓜,84.55,0.67,0.35,20.78,110.0
蜂蜜鸡翅中,205.26,16.79,10.25,11.46,114.0
风味烤鸡腿,159.05,19.38,8.86,0.55,105.0
煎烤鸡胸,121.9,23.73,2.91,0.73,105.0
芦笋肉片烤土豆,151.17,6.31,11.13,7.06,149.5
葱香烤金瓜排骨,196.6,9.2,15.85,4.5,176.5
烤土豆排骨,227.59,11.7,16.59,8.16,145.0
烤土豆鸡翅中,161.93,10.46,8.06,12.08,207.5
香菜烤五花肉片,201.83,7.6,15.31,8.73,109.0
秘制盐焗鸡,126.65,12.5,5.64,6.65,174.5
新疆烤羊肉串,177.88,17.2,9.08,7.87,104.0
蒜香蜀山烤鱼,139.47,14.01,7.83,3.96,152.0
白蘑炒蛋,236.25,28.19,6.94,20.43,165.5
口蘑炒鸡肉片,237.38,31.89,4.52,22.65,160.5
白蘑炒茭笋,217.3,27.11,4.42,23.5,144.5
白蘑炒肉片,319.82,24.6,16.77,21.62,108.5
白蘑炖鸡蛋,228.91,27.52,6.77,19.64,169.5
白蘑焖豆腐,198.56,21.95,6.52,17.44,208.5
白蘑酿虾,190.31,26.75,3.53,16.66,227.0
白蘑炖鸡腿,157.56,19.83,4.37,11.93,205.0
白蘑煲土豆,227.33,24.93,3.98,28.38,161.0
滋补口蘑浓汤,87.84,8.45,3.18,7.59,370.0
清香口蘑鲜虾,163.83,22.68,3.02,13.71,188.0
苦瓜炖豆角,54.66,1.35,3.34,5.53,155.5
清香苦瓜鸡蛋炒饭,128.67,5.75,5.01,15.46,293.0
凉瓜焖海带,54.26,1.29,3.88,3.92,158.5
凉瓜素炒尖椒,67.75,1.06,3.43,8.87,153.5
苦瓜清炒茭白笋,44.05,1.26,2.66,4.36,197.5
苦瓜干煸腊肠,230.77,7.72,18.76,8.15,156.0
凉瓜干煸辣椒,61.47,0.98,4.45,5.01,115.5
清香苦瓜炖牛肉,74.92,6.65,2.76,6.39,149.5
凉瓜干煸猪肉,112.59,4.12,9.24,3.68,202.5
凉瓜彩椒炒山药,55.39,1.53,2.27,7.99,236.5
凉瓜炒土豆片,76.6,2.07,3.06,10.96,211.5
苦瓜烧香菇,53.68,1.52,2.57,7.15,210.5
凉瓜炒鱼片,106.91,10.05,6.71,1.85,137.5
榨菜炒凉瓜,78.6,1.56,4.26,9.0,128.5
凉瓜溜猪肝,93.95,10.25,3.79,5.07,215.0
豉香苦瓜排骨,204.73,11.37,15.52,5.01,148.0
清火凉瓜枸杞排骨汤,35.16,2.0,2.55,1.18,455.0
豉香凉瓜酿肉,111.44,3.81,7.15,8.72,201.0
清香苦瓜炖豆腐,80.65,3.74,4.93,6.09,214.5
苦瓜干烧肋排,191.0,11.74,14.82,2.75,144.5
凉瓜焖五花肉,144.44,5.49,11.75,4.69,162.0
瓜烧鸭,138.28,8.16,9.6,5.13,209.0
苦瓜清炖鱿鱼,69.31,5.86,3.84,3.23,151.5
清香玉米南瓜汤,27.69,0.69,0.18,6.14,455.0
清香苦瓜蒸草鱼,108.9,10.24,6.6,2.51,140.5
焖鲤鱼,154.97,15.57,6.71,8.21,95.5
农家素炒三丝,68.04,1.55,3.56,8.41,145.5
炒腊肠菠菜,316.04,11.79,25.76,9.68,106.0
清香腊肠烧菜花,278.26,9.68,23.15,8.45,126.5
腊肠炖冬瓜,317.05,10.33,26.96,8.29,108.5
鲜香腊味炒荷兰豆,274.19,10.28,22.06,8.94,124.0
腊味清炒胡萝卜,294.78,10.14,23.71,10.97,115.0
清香腊肠炒柿子椒,317.31,11.09,26.22,9.67,104.0
广式腊肠扒芦笋,314.29,11.77,25.9,8.95,105.0
青豆炒腊肠,299.62,12.37,23.38,10.66,132.5
香芹炒腊肠,311.43,10.72,25.95,8.86,105.0
腊肠炒尖椒,251.49,8.69,20.44,8.81,134.0
腊肠煸青笋,314.42,11.06,26.15,8.7,104.0
腊肠炒西蓝花,332.7,12.09,27.91,9.0,105.5
洋葱炒腊肠,337.74,10.94,27.6,11.61,106.0
清香腊肠炖白萝卜,258.3,8.53,21.57,8.01,135.5
腊肠炖腐竹,392.43,24.13,26.66,14.23,158.5
清香腊味蒸冬瓜,206.39,7.25,15.56,9.68,156.5
清香腊肠蒸洋芋,247.84,9.04,16.18,16.91,150.5
腊肠清蒸黄鱼,261.79,17.85,17.76,7.37,123.0
腊排骨炖土豆,191.79,9.09,13.32,9.13,195.0
鲜香腊味娃娃菜,209.43,5.47,20.06,2.36,212.0
腊肠烧荷兰豆,285.79,10.45,22.27,11.23,186.5
爆炒蚬子,63.16,4.75,2.44,6.22,209.0
香辣鸭肉,99.17,13.78,2.06,7.11,120.0
爆炒羊肉丝,128.11,11.22,6.57,6.51,108.5
爆炒洋葱鱿鱼,76.77,8.54,3.39,3.58,198.0
爆炒香辣鱿鱼,115.84,16.79,5.2,2.86,101.0
麻辣豆瓣鱼,159.15,15.13,6.55,10.13,142.0
尖椒炒鸡片,90.06,11.14,3.14,5.19,236.5
白菜辣椒炒肉片,177.99,7.44,16.0,1.7,104.5
干炒鲜虾,97.92,15.56,2.49,3.38,144.0
辣椒炒香干条,278.67,13.57,22.96,4.98,105.5
辣椒干煸红肠,284.03,10.12,24.57,5.8,59.5
辣椒红烧鸡翅,182.4,15.79,9.35,8.9,125.0
炒青椒鸡块,154.39,17.92,8.54,1.57,114.0
鸡肉炒鲜椒,215.9,8.04,16.29,10.07,239.0
辣椒芹菜牛肉,47.86,6.69,0.87,3.94,140.0
辣椒干烧排骨,195.48,10.0,16.72,1.57,155.0
青椒爆炒肉片,146.15,5.88,12.85,2.34,130.0
青椒炒肉片,147.79,5.96,12.32,4.02,136.0
清香鲜椒炒丝瓜,47.73,1.26,3.23,4.16,165.5
辣爆土豆丝,96.91,2.14,3.68,14.68,145.5
家常辣炒土豆片,96.25,2.16,3.66,14.58,146.5
辣炒土豆丝,85.25,2.17,2.96,13.51,186.5
家常辣炒肉,186.11,7.72,12.78,10.7,108.0
鲜椒炒对虾,100.69,15.72,2.81,3.38,144.0
尖椒素炒香肠,166.67,5.89,12.12,9.32,114.0
辣椒酱烧鱿鱼,76.53,10.66,2.96,2.21,155.5
辣椒溜鱼片,119.05,13.04,6.9,1.59,105.0
甜椒溜猪肝,80.0,9.54,2.25,6.12,155.0
辣椒火腿香煎鸡蛋,137.58,9.31,8.19,7.18,165.0
鸡蛋炒鲜椒,98.39,5.81,6.66,4.79,155.5
辣椒凉瓜炒肉片,139.94,5.07,11.93,3.48,156.5
辣烧鸡肉,226.52,12.17,17.56,5.1,132.0
干烧鸡腿,155.26,17.83,8.98,0.78,114.0
麻辣鸡胸肉,137.3,23.61,3.97,2.38,159.5
干煸辣子鸡,154.39,17.92,8.54,1.57,114.0
特色辣子鸡丁,155.26,17.83,8.98,0.78,114.0
川香辣子鸡块,108.64,12.95,4.5,4.33,162.0
干炸兰花蟹,147.09,14.62,6.32,7.94,189.0
家常盐水虾,134.09,16.76,3.67,8.75,132.0
滋补烧青鱼,95.71,10.29,3.87,5.13,210.0
煲鸭汤,45.58,3.09,0.43,7.46,430.0
鲤鱼豆腐煲,101.27,11.92,4.15,4.49,158.0
清香鲤鱼汤,30.52,3.7,1.6,0.38,396.5
莲藕炒肉片,156.83,5.67,12.04,7.45,139.0
莲藕焖肋排,189.74,12.46,13.52,4.92,136.5
清炖藕片排骨汤,41.69,3.08,2.64,1.53,415.0
清香莲藕排骨鲜玉米汤,46.28,2.26,2.78,3.33,430.0
莲藕排骨煲,83.17,3.98,5.53,4.75,208.0
拌白萝卜丝,30.99,0.87,1.21,5.19,106.5
黄瓜拌东北大拉皮,142.03,8.07,7.9,10.57,138.0
凉拌黄瓜粉丝,117.53,1.17,4.32,19.04,145.5
胡萝卜拌黄瓜,28.85,1.1,0.29,6.49,152.5
爽口香菜胡萝卜丝,79.68,0.96,4.2,10.89,125.5
黄瓜凉拌肉片,116.57,6.19,9.27,2.25,181.0
爽口黄瓜洋葱丝,43.53,0.84,2.95,3.64,181.5
鸡丝拌面,223.14,15.31,1.13,38.2,121.0
蒜米拌苦瓜,47.46,1.29,0.11,10.81,118.0
爽口凉拌藕片,56.88,1.8,0.32,12.83,109.0
清凉拌马齿菜,62.1,2.87,2.2,8.59,109.5
清香凉拌菜豆,203.59,11.33,12.59,13.04,83.5
凉拌酱香牛肉片,102.81,15.1,2.85,4.26,178.0
皮蛋凉拌豆腐,164.89,10.6,12.36,3.51,159.5
凉拌莴苣丝,84.21,2.49,6.19,5.22,114.0
香菜拍黄瓜,70.2,0.87,5.1,5.38,122.5
葱香手撕鸡,180.33,18.28,10.4,3.84,122.0
蒜汁拌茄泥,78.37,1.49,5.09,7.38,122.5
香菜拌土豆片,86.7,2.81,1.07,16.99,116.5
蒜香凉拌土豆丝,81.93,2.67,0.22,17.9,124.5
脆拍黄瓜,16.72,0.85,0.2,2.86,155.5
清香凉瓜炒鸡蛋,90.63,5.35,6.2,3.83,165.5
清脆琉璃山药,129.52,1.63,4.91,20.09,105.0
蛋炒龙虾饭,114.87,10.85,3.1,11.01,195.0
芙蓉龙须面,129.78,11.71,2.32,16.01,225.0
鲜笋炒大虾,75.07,12.3,2.16,1.98,174.5
清香芦笋炒蛋,78.42,6.36,5.02,2.88,164.5
茄汁芦笋煸鸡柳,62.44,7.28,0.54,7.89,213.0
芦笋炒鸡脯,70.66,9.05,2.45,4.03,167.0
干煸芦笋鸡丝,55.9,8.06,0.59,5.63,195.0
芦笋煸鲜菇,158.15,20.22,3.11,17.09,205.5
芦笋清炒鲜蘑,157.18,20.12,3.11,16.98,205.5
芦笋干煸牛柳,67.88,6.48,0.72,9.81,165.0
鲜香芦笋烩肉片,137.62,6.42,10.78,4.7,155.5
干煸芦笋肉丝,130.43,6.29,11.14,2.21,149.5
芦笋煸大虾,78.33,13.22,0.3,5.95,180.0
干煸芦笋香肠,194.17,9.48,15.18,5.76,154.5
香菇干烧芦笋,35.12,2.34,1.66,4.15,205.0
芦笋滑熘鱼片,75.33,8.69,3.96,2.11,188.5
芦笋溜肝尖,84.51,10.72,2.37,5.85,213.0
芦笋虾仁,42.34,5.87,1.52,1.88,264.5
鲜香芦笋焖饭,77.2,2.6,0.22,16.86,250.0
芦笋烧鸭块,115.99,6.65,8.37,4.51,159.5
香煎土豆土豆饼,148.75,9.45,3.13,21.55,240.0
芦笋煸鸡翅,88.56,7.84,4.84,4.26,306.0
平菇芦笋炒鸡蛋,65.43,5.5,3.86,3.15,215.5
杏鲍菇芦笋炒鸡腿,47.31,5.37,1.49,4.07,260.0
豆腐烧鲈鱼,105.41,11.61,5.96,1.84,185.0
香煎鲈鱼饼,113.89,12.69,5.89,2.83,180.0
葱香鲈鱼蒸豆腐,101.13,11.79,5.36,1.84,177.0
秘制烧鸡腿,156.07,18.94,6.73,4.72,107.0
猪排卤汁饭,122.92,5.03,4.98,14.97,240.0
浓香卤冬菇,29.71,1.53,0.65,5.46,175.0
秘制卤鸭胸,155.0,12.6,6.25,11.78,60.0
酱香卤鸭胸,90.65,6.06,4.98,6.24,69.5
鹌鹑蛋烧罗非鱼,139.58,15.56,7.54,2.43,144.0
清炖罗非鱼豆腐,106.81,11.34,4.98,4.83,191.0
焖罗汉斋,136.97,6.85,2.85,21.93,165.0
滋补罗宋汤,36.72,3.6,1.79,1.8,335.0
萝卜干烧大虾,82.24,11.13,2.94,3.19,205.5
萝卜炒鸡脯,83.83,8.14,2.51,8.08,167.0
萝卜干煸牛柳,66.0,6.7,0.82,8.49,150.0
白萝卜炒山药,69.15,1.19,4.2,7.28,147.5
白萝卜炒鲜虾,82.81,11.07,2.67,3.89,206.5
萝卜炖香菇,58.15,1.38,3.42,6.9,156.5
白萝卜炖大虾,65.85,10.11,1.85,2.44,205.0
滋补萝卜牛肉煲,83.92,7.48,4.77,3.21,127.5
白萝卜炖肉,172.63,5.59,13.07,8.53,142.5
五花肉烧萝卜块,151.88,5.58,12.5,4.72,133.0
白萝卜煲虾,89.83,10.84,2.86,5.51,211.5
白萝卜烧虾仁,141.07,11.96,2.67,17.75,215.5
白萝卜烧鸭,63.43,6.01,2.86,3.88,134.0
萝卜炒鱿鱼,80.65,9.21,2.67,5.75,183.5
白萝卜烧牛腩,66.92,7.51,1.09,7.37,130.0
滋补萝卜排骨鲜汤,34.66,1.93,2.69,0.83,427.0
萝卜干烧刀鱼,73.24,7.13,3.05,4.79,213.0
白萝卜烧鲫鱼,67.88,8.88,1.48,5.29,165.0
萝卜煲牛排,90.95,10.98,4.61,1.83,210.0
白萝卜焖牛腩,84.29,12.77,1.63,5.03,210.0
白萝卜烧排骨,131.19,7.98,8.48,6.25,218.0
萝卜红焖羊肉,85.12,8.07,4.83,2.88,144.5
萝卜丝烧豆腐,90.34,3.98,5.46,7.3,191.5
萝卜炒粉丝,167.03,0.76,3.79,33.18,136.5
清香牛肉萝卜丝,97.22,12.19,2.81,6.18,216.0
萝卜丝干煸基围虾,83.41,11.12,2.36,4.98,205.0
萝卜丝炖香肠,236.63,9.58,18.69,8.22,136.5
干锅萝卜丝大虾,75.1,10.35,1.46,5.68,253.0
萝卜丝清炖粉条,167.27,0.92,3.73,33.14,137.5
萝卜丝炒大虾,83.06,10.83,2.64,4.52,215.5
萝卜丝溜刀鱼,77.2,9.02,3.91,2.02,164.5
萝卜丝炒河虾,94.26,12.06,4.79,0.97,165.5
清汆萝卜丝肉丸汤,42.62,1.79,3.25,1.65,420.0
滋补萝卜丝鲫鱼羹,77.5,11.63,1.83,3.87,120.0
萝卜爆炒青豆,127.21,6.91,6.09,12.83,141.5
萝卜洋葱焖羊肉,56.96,5.53,1.84,5.31,230.0
萝卜清炖鲫鱼,106.98,11.19,4.12,6.58,129.0
清香绿豆饼,349.23,17.97,1.85,67.48,65.0
绿豆饮,61.64,1.62,0.19,13.61,365.0
银牙炒香肠,201.89,8.71,16.07,5.78,159.0
芹香银芽鸡丝,53.62,7.09,0.56,5.52,207.0
银芽炒牛柳,59.31,6.6,2.62,2.78,158.5
豆芽炒虾,84.24,13.28,2.3,2.67,174.5
香肠炒银芽,107.69,5.61,6.61,6.77,156.0
银芽炒肉丝,135.92,5.77,10.8,4.36,154.5
银芽豆腐烧肉,133.66,7.15,10.85,2.5,202.0
麻酱凉拌马齿苋,113.3,3.28,6.9,10.29,116.5
川香大盘鸡,82.67,7.99,2.38,7.84,150.0
麻辣花生怪味鸡块,175.76,18.63,8.82,6.39,115.5
干煸麻辣鸡条,163.27,17.05,7.96,6.02,122.5
麻辣炒鸡腿肉,172.89,18.86,7.7,7.07,166.0
什锦麻辣香锅,70.53,3.68,2.51,8.87,190.0
川香麻辣香水鱼,100.71,10.23,5.23,3.61,141.0
干煸麻辣杏鲍菇,59.82,1.46,2.79,8.22,112.0
川香麻辣仔鸡,123.75,13.26,4.31,8.54,160.0
鲜香麻婆豆腐,156.33,9.27,12.23,2.98,158.0
酱烧香菇,96.23,3.78,6.1,8.29,119.5
洋芋烧五花肉,176.55,6.2,10.92,13.72,153.5
香菇肉饼,141.1,6.41,9.49,8.25,146.0
粉丝煲,331.0,7.61,13.85,44.36,100.0
青豆草菇煸肉丁,148.81,7.65,10.82,5.92,189.5
青豆烧冬瓜,72.98,3.75,4.88,4.46,142.5
青豆干煸火腿,122.79,8.4,7.23,7.23,107.5
青豆素炒鸡蛋,161.9,12.5,10.01,6.55,136.5
鲜香青豆炒鸡肉,252.42,14.13,19.52,6.29,124.0
毛豆清炒茭白笋,127.27,8.35,7.43,8.41,115.5
鲜香青豆炒韭菜,96.88,6.56,5.6,6.71,176.5
青豆煸炒牛肉,143.86,15.52,6.58,6.9,114.0
青豆炒肉丁,262.72,13.54,21.66,4.36,84.5
青豆干煸肉丝,234.29,13.06,18.0,6.0,122.5
青豆红烧丝瓜,80.57,4.45,4.91,5.62,141.5
青豆溜虾仁,194.46,17.2,4.64,21.73,198.5
毛豆酱烧仔鸭,125.37,12.54,5.44,7.64,134.0
青豆煸葱头,94.03,5.7,4.54,8.85,192.5
毛豆汆烧鱼,145.98,14.44,8.14,4.73,155.5
青豆茭白干煸肉丝,160.59,7.35,12.04,6.9,170.0
毛豆煲翅中,188.86,15.77,10.03,9.59,179.5
毛豆煲鸡肉,192.18,12.0,9.83,14.72,179.0
毛豆酱烧鸭块,230.34,13.92,16.86,6.26,145.0
青豆酱烧鲻鱼,128.83,15.34,4.8,6.98,163.0
香肠蒸青豆,381.22,18.39,29.94,10.25,90.5
花香豉油鸡,173.39,18.68,8.9,4.59,109.0
秘制鲜虾,90.29,12.86,1.22,7.17,175.0
糟香鸡块,174.07,18.8,8.98,4.54,108.0
油焖海虾,92.81,14.8,2.71,2.32,139.0
酱焖刀鱼,191.15,15.98,6.19,18.35,113.0
清炖海鲈鱼,128.57,15.42,5.88,3.69,98.0
干烧牛腩,131.11,19.27,4.58,3.32,90.0
鲜焖肋排,190.67,11.69,14.38,3.69,150.0
甜椒炖茄子,74.29,1.37,3.37,10.18,157.5
糟羊羔肉,120.93,10.77,6.46,5.29,107.5
粉蒸小排,300.71,12.12,15.64,27.86,140.0
家常米粉蒸肉片,325.83,9.35,18.23,31.4,75.5
秘制酱烤鱿鱼,112.38,15.11,3.56,5.1,105.0
扒羊肉,107.1,11.52,3.94,6.72,155.0
秘制孜然熏鱼,153.54,17.47,7.09,7.21,99.0
橙香鸡腿,135.24,9.76,5.66,11.68,210.0
五香脆皮烤鸭,177.64,9.78,12.51,6.66,161.0
蜜汁烤鸡肉,116.5,11.08,3.58,10.46,200.0
香甜地瓜片,77.14,0.68,0.19,19.29,105.0
蜂蜜茄汁烧鸡翅,216.8,15.67,11.77,11.88,125.0
蜜汁烧翅中,228.95,16.7,12.89,11.46,114.0
蜂蜜鸡翅根,225.86,16.53,12.66,11.47,116.0
蜂蜜烤排骨,288.89,15.49,23.12,4.6,99.0
蜂蜜烤鸭,118.75,13.59,1.46,12.74,112.0
蜜汁玉米,118.45,3.89,1.22,24.34,103.0
蜜汁柠香排骨,264.81,14.24,21.29,4.3,108.0
蒜蓉蜜汁鸡腿,158.2,17.34,6.09,8.52,122.0
豆腐烧明太鱼,98.11,12.39,4.69,2.1,185.5
清香青瓜炒蘑菇,43.06,1.96,2.54,3.65,209.0
鲜蘑素炒鸡蛋,81.46,6.42,5.02,3.37,164.5
草菇炒鸡腿,104.74,10.89,4.93,4.52,211.0
鲜蘑干煸韭菜,41.42,2.52,2.14,4.11,154.5
菌菇素炒腊肠,119.74,5.4,8.64,5.76,154.5
火腿蘑菇炒面,149.14,5.95,3.17,24.83,202.5
清香鲜蘑炒青椒,40.83,2.28,2.2,3.98,144.5
菌菇炒肉丝,140.35,6.32,11.85,2.86,142.5
蘑菇炖肉丸,133.78,6.35,11.14,2.74,149.5
青笋炒蘑菇,39.52,1.83,1.53,5.21,210.0
平菇炒虾仁,94.99,7.71,1.75,12.82,209.5
平菇炒油菜,85.6,4.32,6.86,2.44,250.0
平菇炒鱿鱼,65.13,9.01,2.43,2.36,195.0
蘑菇炖鸡,74.41,6.76,3.08,5.53,211.0
菌菇烧鸡汤,46.19,4.69,1.46,3.92,485.0
蘑菇清炖土豆,128.89,5.4,9.26,6.59,202.5
洋葱蘑菇炒鸡肉,222.66,16.23,12.76,13.46,176.5
蘑菇炖鸡翅,98.38,7.9,5.73,4.43,154.5
蘑菇干烧鸡块,104.65,10.73,3.4,8.2,215.0
蘑菇炖肋排,157.07,9.34,11.72,4.01,198.0
番茄鸡蛋盖饭,105.32,4.64,2.17,17.09,263.0
奶香南瓜糯米粥,43.83,1.8,1.5,5.88,575.0
玉米奶香小馒头,120.77,5.6,3.31,17.62,284.0
金瓜粒炒饭,86.36,2.0,0.24,19.35,220.0
粉丝烧南瓜,184.19,1.02,4.09,36.23,126.5
南瓜爆鸡块,88.89,8.39,4.64,3.72,256.5
南瓜干煸腊味,280.63,9.17,23.12,9.24,126.5
金瓜小炒牛肉,98.4,7.37,3.26,10.25,125.0
南瓜红烧肉片,162.81,6.08,13.8,3.75,121.0
南瓜炖山药,69.07,1.56,3.15,9.09,166.5
倭瓜清炒虾仁,93.09,11.42,3.45,4.29,195.5
南瓜烧大虾,87.53,11.75,2.82,3.86,196.5
南瓜酱烧豆角,117.92,5.24,8.13,6.5,173.0
南瓜清炖粉条,148.79,1.14,4.95,25.02,103.5
倭瓜土豆炖牛肉,78.32,6.5,2.69,7.35,154.5
南瓜清焖土豆,81.27,1.43,4.12,10.05,125.5
南瓜红烧虾,79.0,11.54,2.02,3.79,200.0
冰糖南瓜枸杞,21.79,0.48,0.06,5.14,390.0
金瓜奶香花卷,143.75,6.49,1.8,26.11,176.0
金瓜酱烤排骨,186.43,9.57,15.28,2.82,169.5
金瓜洋葱焖饭,140.14,3.34,0.41,31.36,147.0
南瓜焖翅中,123.98,8.0,6.53,8.51,256.5
金瓜洋葱烧牛肉,82.67,11.82,1.39,5.92,225.0
金瓜清炖排骨,202.9,9.22,16.15,5.31,172.5
金瓜素烧土豆,81.02,1.78,2.99,12.24,176.5
南瓜烧糯米丸子,198.52,4.36,4.2,36.21,135.0
腩瓜窝头,164.17,6.95,1.1,32.63,120.0
金瓜小米枣香粥,58.7,1.27,0.26,13.18,385.0
金瓜小米浓粥,30.72,0.79,0.25,6.52,345.0
南瓜小米杂粮米糊,40.4,1.16,0.44,8.19,354.0
金瓜小米羹,33.91,0.79,0.24,7.32,348.0
南瓜小米羹,31.61,0.81,0.26,6.66,310.0
南煎肝片,159.84,16.09,6.27,10.03,127.0
腐乳蒸鸡腿,162.39,18.3,7.05,6.38,117.0
小葱鸡蛋羹,130.77,12.22,7.97,2.59,130.0
姜仔炒鸭片,153.75,10.2,4.88,17.02,80.0
鲶鱼剁椒豆腐,69.8,8.88,2.94,2.62,202.0
酱香嫩牛肉,51.58,5.23,0.74,6.37,190.0
茄汁煲牛腩,34.02,4.64,0.56,2.85,585.0
茄汁焖牛腩,52.7,6.4,0.82,5.53,148.0
牛腩照烧腐竹,383.62,29.26,23.97,12.82,116.0
清香牛腩烧萝卜,139.52,5.97,11.94,2.58,124.0
牛腩土豆煲,109.33,7.73,0.87,18.09,150.0
茄汁烧牛腩,57.33,6.32,0.81,6.78,150.0
牛腩红烧白萝卜,149.23,5.75,11.38,6.35,130.0
牛腩酱焖土豆,168.92,6.47,10.08,13.49,148.0
清炒牛肉菠菜,81.1,7.64,4.33,3.45,145.5
牛柳爆草菇,85.53,8.02,2.32,8.7,155.5
肥牛片烧冬瓜,70.97,5.79,0.77,10.61,155.0
牛肉红烧豆角,90.97,7.3,4.16,6.9,149.5
番茄炒西红柿,80.65,6.7,2.77,8.01,155.0
牛肉粒蛋炒饭,90.16,5.57,1.36,14.34,315.0
牛肉焖支竹,338.98,30.49,15.11,20.44,118.0
牛肉清炒瓜片,87.31,7.63,5.05,2.88,134.0
牛柳煸尖椒,80.97,8.03,2.98,6.54,123.5
爆香韭菜牛肉,73.54,7.25,2.96,5.25,145.5
牛肉素炒凉瓜,122.02,14.28,3.24,9.14,188.5
芦笋清炒牛肉,82.32,7.32,2.64,8.14,155.5
炒牛肉萝卜丝,92.83,7.3,4.6,6.07,132.5
牛肉煸炒白萝卜,68.8,7.31,3.26,3.06,125.0
牛肉粒炒青豆,157.58,15.32,8.23,6.81,115.5
牛肉煸炒鲜蘑,58.86,6.41,0.75,7.72,175.0
牛肉煸炒香芹,59.79,6.21,2.89,2.67,145.5
甜椒炒西红柿,28.92,1.08,1.18,4.75,204.0
汆汤牛肉生菜叶,56.67,10.36,1.33,1.19,90.0
青笋炒牛肉,90.25,11.34,2.58,5.48,236.0
爆炒牛肉西芹,58.97,5.69,0.66,8.83,195.0
牛肉干煸杏鲍菇,74.05,6.8,2.84,6.1,144.5
牛肉爆炒洋葱,80.41,7.42,2.99,6.57,148.0
牛肉清炒鲜玉米,149.61,9.78,3.86,19.85,127.0
牛肉照烧鹌鹑蛋,160.95,15.5,10.15,1.92,105.0
清香牛肉白菜炖豆腐,95.53,8.6,6.05,2.35,145.5
牛肉焖冬瓜,68.16,11.69,1.46,2.27,223.0
牛肉红烧豆腐,109.78,14.29,5.02,2.2,225.0
粉条牛肉,257.84,9.08,4.17,46.49,102.0
牛肉清炖白萝卜,68.8,7.33,3.26,3.17,125.0
牛肉清炖金瓜,77.39,7.89,3.54,3.77,115.0
土豆萝卜烧牛肉,89.55,7.54,3.09,8.22,134.0
牛肉炖番茄,80.25,7.17,2.84,7.24,157.0
牛肉烧毛芋,88.58,6.8,2.91,9.15,144.5
什蔬滑牛肉,57.3,5.82,0.69,7.52,185.0
牛肉萝卜蛋炒饭,104.19,8.71,2.99,10.8,215.0
牛肉烩豆腐粉条,134.47,6.32,8.65,8.76,175.5
牛肉红烧杏鲍菇,149.17,2.52,10.93,11.97,120.0
牛肉香菜萝卜羹,14.1,2.3,0.28,0.7,390.0
牛肉蔬菜面,73.06,4.28,0.46,13.18,360.0
牛肉片炖土豆,84.32,6.3,0.69,13.96,185.0
牛肉片干煸杏鲍菇,84.49,7.95,0.68,12.39,187.0
牛肉片爆炒洋葱,97.87,9.65,4.36,5.34,94.0
牛肉小白菜粉丝煲,92.9,6.34,0.83,15.59,155.0
甜椒牛肉烧豆腐,97.85,8.37,6.12,3.01,186.0
牛肉酱焖胡萝卜,75.51,6.84,3.05,6.43,147.0
牛肉焖白萝卜,79.56,7.67,1.22,10.03,137.0
牛肉酱烧山药,102.36,8.09,1.33,14.79,127.0
红烧土豆牛肉,105.88,7.7,2.91,12.68,144.5
茭白炒牛肉丝,56.0,6.15,0.77,7.18,175.0
牛肉丸子萝卜煲,15.45,2.29,0.28,1.21,440.0
浓香牛腩番茄汤,83.9,4.07,6.7,2.0,528.0
洋葱甜椒炒牛肉,70.9,6.49,2.83,5.55,149.5
奶香牛肉蒸蛋,86.56,6.59,4.87,4.1,305.0
酱香牛肉蒸面条,163.03,9.79,1.02,29.13,165.0
牛肉蒸鲜香南瓜,61.58,7.73,2.08,3.58,190.0
番茄溜牛肉,72.16,6.47,4.26,2.63,145.5
牛肉清炖西红柿,72.63,9.72,1.26,6.09,95.0
牛肉酱烧香菇,69.59,7.55,3.04,4.21,148.0
烧排骨,160.83,8.01,9.86,10.76,240.0
双椒农家小炒肉,154.65,6.51,12.55,4.83,134.5
清香糯米粥,47.59,1.24,0.14,10.39,290.0
香糯排骨,292.86,14.98,13.47,27.99,140.0
藕片红烧肉,160.84,5.62,11.71,9.17,143.0
家常炸藕圆,100.0,1.18,3.06,18.2,104.0
排骨粉条砂锅煲,192.83,9.02,11.67,13.59,223.0
排骨爆炒辣椒,121.17,5.63,9.49,3.65,153.5
排骨烧丝瓜,164.53,8.5,11.34,7.52,203.0
清香排骨白玉汤,31.23,2.11,2.34,0.5,397.0
清炖排骨冬瓜,158.21,7.84,12.93,2.97,201.0
排骨烧豆角,168.21,9.09,13.37,3.88,195.0
家常排骨炖粉条,316.72,10.72,17.62,28.99,146.5
排骨红烧海带,127.35,6.91,10.58,1.29,245.0
胡萝卜烧纯排,167.61,8.31,13.36,4.25,194.5
纯排炖黄瓜,158.46,8.16,13.32,1.49,195.0
鲜排炖茭白笋,144.95,7.88,10.58,5.1,218.0
萝卜焖排骨,187.5,8.24,12.99,10.07,200.0
排骨清炖山药,214.74,10.42,16.6,6.04,156.0
肋排烧油豆角,164.8,9.02,13.31,2.43,196.0
排骨清炖鲜玉米,207.69,9.81,13.83,11.69,195.0
玉米土豆炖肋排,189.66,9.27,11.62,12.59,203.0
排骨时蔬炖,77.2,4.62,3.84,6.68,250.0
排骨酱焖豆角,191.95,12.17,14.62,3.17,149.0
鲜香肋排山药汤,58.57,2.75,2.93,5.5,420.0
山药红烧排骨,186.49,9.13,14.03,6.09,185.0
肋排焖鹌鹑蛋,254.43,14.48,20.53,2.83,158.0
冬瓜焖排骨,155.22,7.94,13.22,1.42,196.5
肋排焖胡萝卜,229.37,11.2,18.1,5.62,143.0
寸排烧鸡蛋,246.2,14.59,19.58,2.94,158.0
肋排焖萝卜,174.86,8.99,14.77,1.89,175.0
肋排酱烧土豆,224.08,11.01,17.4,6.06,149.5
寸排烧土豆,181.03,8.7,13.32,6.87,195.0
纯排玉米冬瓜汤,47.23,2.28,2.64,3.89,470.0
清香排骨玉米冬菇汤,69.17,3.59,4.38,4.25,545.0
纯排蒸豆腐,220.55,13.45,17.51,2.53,146.0
排骨豉香蒸倭瓜,174.34,7.41,12.56,8.12,132.5
小排蒸土豆,224.18,11.89,15.07,10.42,153.0
豆豉排骨蒸毛芋,220.26,11.15,15.05,10.2,153.0
粉丝螃蟹煲,164.68,10.84,3.12,23.36,201.0
炸虾仁,134.52,16.32,2.83,11.05,140.5
松花蛋炖排骨,147.98,10.58,10.9,1.93,248.0
咸香皮蛋瘦肉粥,70.75,3.21,3.72,6.16,335.0
松花蛋烧辣椒,128.29,8.84,7.88,6.11,205.0
苋菜煮皮蛋,110.84,6.85,7.13,5.28,166.0
皮皮虾红烧豆腐,96.09,12.14,4.16,2.82,217.5
农家回锅肉,261.88,10.87,23.38,2.35,90.5
红油手撕鸡,152.5,17.71,6.02,7.8,120.0
平菇清炒甜椒,46.9,1.52,2.94,4.68,185.5
平菇烧西红柿,32.2,1.37,1.71,3.85,205.0
菌菇玉米炒饭,94.78,2.81,0.53,20.46,230.0
平菇素炒火腿,80.62,4.19,4.57,6.59,129.0
平菇香煎鸡蛋,81.46,5.93,5.14,3.67,164.5
鲜蘑炒鸡块,82.76,9.13,3.91,3.44,261.0
蘑菇炒鸡脯,71.2,9.19,2.75,3.17,154.5
腊肉炒蘑菇,212.09,4.44,15.38,14.44,182.0
平菇炖牛肉,73.65,7.08,2.91,5.55,148.0
平菇爆肉片,134.19,5.97,9.01,8.22,155.0
平菇清炒菜,36.89,1.75,2.27,3.33,154.5
香肠炒蘑菇,200.64,8.95,15.12,7.88,156.5
凉拌豆芽,70.99,3.2,4.37,5.77,177.5
炝拌脆黄瓜,49.84,0.78,3.98,2.81,158.5
炝莴笋叶,33.54,1.41,1.56,4.41,161.0
炝炒包菜,47.37,1.43,1.96,6.57,114.0
素炒黄瓜,72.57,1.12,6.1,3.43,118.5
炝炒小油菜,39.62,1.35,3.06,2.73,159.0
茄汁酱烧鱼片,111.65,13.48,4.17,5.16,103.0
茄汁焖平鱼,143.88,13.88,5.44,9.91,98.0
茄汁酱烧鸡片,163.2,20.74,3.11,13.25,125.0
茄汁溜肉片,154.03,20.48,1.61,14.56,124.0
番茄汁基围虾,116.3,16.58,3.48,4.72,135.0
茄子炖鳜鱼,137.04,15.28,3.16,12.06,108.0
鲜香茄汁烧龙利鱼,95.95,10.2,2.02,9.49,148.0
番茄炒明虾,103.35,12.36,3.86,4.77,134.5
茄汁烧牛肉,156.86,17.26,2.01,17.54,153.0
茄子煸豇豆,98.65,3.63,7.75,4.61,185.5
茄子焖豆角,55.31,1.41,3.41,5.53,155.5
家常剁椒茄子烧土豆,62.8,1.81,2.07,9.94,267.5
芹菜凉拌香干,101.59,5.27,6.89,5.19,157.5
芹菜辣椒煸豆腐,50.77,2.22,3.1,4.46,195.0
芹菜炒豆皮,102.18,4.94,5.51,8.84,160.5
芹菜素炒豆干,187.96,9.67,14.92,4.25,149.5
肉片芹菜炒粉条,235.76,4.91,11.07,29.48,151.0
爆炒芹菜腐竹,172.33,11.85,9.38,10.7,79.5
芹菜酱烧胡萝卜,47.37,0.73,3.12,5.11,171.0
芹菜丁煎蛋,74.77,5.02,5.08,2.76,164.5
芹菜红烧鸡块,73.14,6.83,4.24,2.3,154.5
芹菜干煸鸡胸,52.68,6.35,2.09,2.58,205.0
芹菜煸炒辣椒,38.62,0.68,2.32,4.66,145.0
芹菜干煸腊肠,214.89,7.38,17.7,6.96,154.5
芹菜煸炒腊肉,156.3,3.51,14.27,4.17,194.5
爆炒芹菜肉沫,102.96,3.69,9.06,2.3,135.0
芹菜爆牛肉,60.47,6.27,2.8,3.12,150.5
土豆炒芹菜片,85.08,1.8,3.37,12.35,157.5
芹菜素炒土豆丝,69.25,1.46,2.65,10.47,206.5
芹菜干煸五花肉,129.84,4.81,11.1,3.17,152.5
芹菜素炒香肠,190.94,8.09,15.25,5.73,154.5
芹菜炒彩椒杏鲍菇,42.21,0.95,2.24,5.72,144.5
芹片小炒羊肉,63.41,5.8,3.5,2.72,205.0
芹菜煸葱头,38.83,0.75,1.65,5.87,206.0
芹菜素炒甜玉米,81.9,2.1,2.1,14.69,210.0
芹菜煸肉片,117.22,4.5,10.15,2.54,165.5
芹菜鸡蛋香煎火腿,78.12,6.43,4.8,2.78,192.0
芹菜干烧鲫鱼,69.0,7.66,2.89,3.53,185.5
肉沫小白菜炒面,211.33,7.64,6.4,31.41,150.0
虾皮小白菜粥,44.35,1.57,0.18,9.34,345.0
清香毛豆牛肉末,156.39,13.38,5.95,13.18,160.5
毛豆炒肉沫,236.21,13.19,18.15,6.13,121.5
鲜香毛豆虾仁,104.1,14.31,2.39,6.76,195.0
凉拌青椒松花蛋,100.0,6.52,6.52,4.22,147.0
青椒煸炒牛肉,102.17,12.87,4.01,4.23,207.5
青椒圆白菜,58.02,1.42,3.66,5.64,146.5
青椒速爆油菜心,30.35,1.14,1.93,3.11,184.5
辣椒炒草鱼片,79.9,7.27,3.75,5.24,204.0
香辣干煸蛏子,57.31,5.81,2.23,4.03,167.5
辣椒干烧豆角,60.27,1.97,2.94,7.89,187.5
尖椒炒番茄,57.34,0.97,4.33,4.68,146.5
青椒蛋炒饭,99.31,4.41,2.05,16.35,145.0
青椒素烧海带,29.27,1.08,1.77,2.79,184.5
青椒素炒胡萝卜,65.29,1.13,3.74,8.23,145.5
青椒爆蛤蜊,46.23,4.91,1.89,2.76,205.5
青椒素炒青瓜,47.72,1.2,2.92,4.98,186.5
青椒小炒火腿肠,115.7,4.13,7.1,9.97,111.5
尖椒红烧鸡翅,126.96,9.08,6.14,9.67,230.0
青椒烧鸡丁,77.86,9.92,1.0,8.37,140.0
鸡块煸青椒,95.0,8.21,4.73,5.31,140.0
青椒煸炒鸡腿,118.21,8.05,4.79,11.67,145.5
尖椒干煸鸡腿,88.06,8.01,5.1,3.1,134.0
青椒溜鸡片,84.29,9.47,2.94,5.62,140.0
清香青椒炒凉瓜,58.02,1.31,3.59,5.96,146.5
辣炒腊肠,271.53,8.9,21.53,11.46,137.0
尖椒干煸腊肉,163.14,3.92,15.06,3.69,184.5
青椒爆炒银芽,58.02,1.52,4.27,4.2,146.5
青椒炒青豆,133.74,6.76,8.48,9.21,81.5
彩椒丝炒面,127.66,1.38,10.83,7.53,47.0
清香青椒炒金瓜,65.8,0.87,4.53,6.29,115.5
青椒干煸黄牛肉,70.16,7.52,3.35,2.87,124.0
彩椒炒排骨,226.12,11.67,19.29,1.91,134.0
尖椒煸平菇,53.37,1.58,3.03,6.32,185.5
青椒炖丝瓜,56.66,1.52,3.66,5.34,146.5
青椒爆炒土豆片,85.33,2.19,2.94,13.49,187.5
家常辣炒土豆丝,84.1,1.96,2.98,13.43,185.5
甜椒土豆丝,75.47,1.83,2.89,11.23,185.5
尖椒爆炒五花肉,168.71,5.57,11.65,11.07,147.0
尖椒炒西红柿,55.59,1.24,3.69,5.33,147.5
青椒炒大虾,73.66,11.27,1.79,3.4,205.0
青椒溜虾仁,137.24,12.71,3.42,14.26,264.5
辣椒干煸香肠,232.09,9.77,17.66,9.49,134.0
青椒爆冬菇,41.33,1.59,2.44,4.33,135.5
青椒干煸杏鲍菇,65.32,1.29,3.55,8.12,148.5
辣椒炒鸭块,93.19,8.51,4.1,6.09,95.5
辣椒干煸鸭肉,93.19,8.67,4.09,6.06,95.5
青椒干煸羊肉,104.49,7.82,4.54,8.56,156.0
辣椒干煸鱿鱼,74.43,9.48,2.66,3.86,176.0
清炒青椒玉米粒,118.21,3.11,4.37,18.12,145.5
猪肉炒辣椒,171.65,6.01,14.46,5.46,130.5
辣椒炒胡萝卜丝,64.85,1.31,3.66,8.14,146.5
火腿青椒炒甜玉米,115.01,6.25,4.14,14.22,196.5
清香甜椒炒鸡蛋,99.66,6.18,7.04,3.24,146.5
凉拌辣椒酱牛肉,83.06,7.71,3.48,6.16,124.0
青豆甜椒炒肉丝,184.68,9.51,14.82,4.19,124.0
甜椒清炒南瓜丝,50.48,1.08,3.34,4.49,156.5
柿子椒炒孜然牛肉,68.75,7.96,3.63,2.86,128.0
青椒松花蛋,100.34,6.58,6.58,4.1,145.5
甜椒茄子烧肉沫,116.97,4.36,9.83,3.35,191.5
炸酱肉丝面,225.52,8.17,6.81,33.31,145.0
辣椒干烧鱼块,76.33,7.04,4.55,2.28,207.0
辣椒丝炒蛋,98.28,5.95,7.09,3.08,145.5
土豆青椒炖小排,183.78,9.09,14.03,5.63,185.0
甜椒炒鸭丁,148.15,8.73,7.38,11.95,135.0
青椒洋葱煎鸡蛋,99.68,5.67,6.65,4.8,155.5
青椒滑溜鱼片,71.34,9.59,2.56,3.1,164.0
青椒炸鸡块,141.59,16.28,3.1,12.45,169.5
清蒸青椒茄泥,53.92,1.03,3.66,4.88,146.5
青萝卜炖排骨,131.94,8.04,9.94,2.98,216.0
青蒜溜肝尖,109.82,13.29,4.97,3.4,163.0
清香萝卜丝,61.03,0.75,4.81,4.48,106.5
炒荷兰豆,74.13,2.69,4.9,5.17,129.5
鲜虾清炒芦笋,62.67,10.12,1.7,2.27,225.0
清炒金瓜片,99.39,0.66,6.22,10.69,81.5
清香蒜米西兰花,50.88,3.46,2.3,5.67,114.0
甜椒炒土豆丝,90.85,2.06,3.59,13.17,147.5
爆炒豌豆苗,67.98,4.87,4.71,2.68,126.5
辣炒莴笋,40.32,1.02,2.56,3.69,124.0
清炒莴笋胡萝卜丝,36.1,0.98,1.61,5.32,205.0
清香芋头,72.9,1.62,2.07,12.24,107.0
海带排骨鲜汤,122.36,6.47,10.5,0.57,246.0
清炖葱香鸡块,47.59,6.58,2.16,0.48,311.0
炖藕汤,12.47,0.4,0.05,2.9,393.0
莲藕汤,12.47,0.4,0.05,2.9,393.0
萝卜焖牛腩,117.32,5.93,9.31,2.95,127.0
滋补胡萝卜羊肉汤,24.63,2.96,0.99,1.11,402.0
葱香清水虾,110.24,16.99,2.38,5.18,190.5
滋补煲牛腩,59.91,2.67,5.19,0.75,424.0
凉拌酱牛腱,133.52,19.91,4.28,3.91,174.5
蒸葱丝白姑鱼,152.48,15.53,9.56,1.34,101.0
清蒸鲷鱼,130.0,16.43,4.76,5.51,90.0
葱丝偏口鱼,126.32,17.75,5.88,0.72,95.0
葱香蒸龙虾,94.37,17.32,1.02,3.88,186.5
蒸大虾,78.57,16.18,0.57,1.87,126.0
家常清蒸大闸蟹,150.71,18.15,6.64,4.6,140.0
葱香蒸对虾,101.9,17.22,2.38,2.85,184.5
蒸桂花鱼,137.8,18.99,6.36,1.21,127.0
蒸桂鱼,124.51,16.16,5.45,2.58,102.0
清蒸小黄鱼,110.23,16.24,4.56,0.86,88.0
蒸龙虾,106.56,17.61,3.36,1.4,129.5
清真鲈鱼,133.08,17.22,5.45,3.81,130.0
葱香蒸茄子,31.11,1.16,1.1,4.79,112.5
豉汁蒸三文鱼,115.71,10.96,4.64,8.14,140.0
豉油石斑鱼,92.13,16.92,2.28,0.87,89.0
豉油鲶鱼,114.29,16.48,3.52,3.97,126.0
清蒸西蓝花,56.23,3.61,3.77,3.72,156.5
清香虾仁蒸娃娃菜,122.61,11.8,1.71,15.72,230.0
香酥炸鸡退,155.62,17.06,9.34,0.88,164.5
肉沫炒茭白笋,133.7,4.82,9.2,8.32,182.5
肉炒白萝卜片,151.29,5.66,12.29,5.03,135.5
猪肉烧茄丝,145.63,5.39,12.14,3.99,154.5
肉丝青椒炒茄子,142.59,5.32,11.89,4.01,158.5
肉沫炒青笋,134.6,5.3,10.58,4.88,157.5
肉丁炒尖椒,196.77,10.05,15.01,6.08,155.0
家常炸酱面,189.07,6.86,5.28,28.92,183.0
清蒸肉沫鸡蛋,126.9,8.6,9.8,1.17,145.0
肉沫粉丝,247.1,4.26,11.2,32.36,146.5
清蒸鲜蘑肉沫,102.14,5.36,7.34,4.62,187.0
肉末素烧萝卜,158.08,5.68,12.88,5.84,145.5
鱼香茄子,124.83,4.07,9.81,5.61,145.0
肉沫榨菜豆腐煲,128.02,6.14,10.01,4.24,194.5
肉沫炒豇豆,149.02,6.0,12.33,5.03,153.0
清香肉沫菜心,140.99,5.61,10.56,6.81,161.0
鲜蘑煸肉沫,106.5,5.35,8.43,3.17,200.0
清香肉沫烧丝瓜,135.17,5.31,11.49,2.97,163.5
清香肉沫土豆丝,216.28,8.27,16.43,9.11,196.5
清香玉米炒肉沫,192.64,7.22,11.87,15.25,149.5
肉沫豆腐蒸蛋,132.64,9.25,8.76,4.92,193.0
鲜蔬肉沫炒饭,146.83,5.03,6.82,16.74,205.0
红烧肉沫豇豆,144.27,5.71,11.63,5.0,161.5
彩椒干煸肉片,163.57,5.9,13.92,4.62,134.5
清香肉沫油菜,101.58,4.52,7.44,5.02,190.0
肉沫炒四季豆,141.98,5.96,11.8,4.61,162.0
红烧肉沫香菇茄子,95.56,3.58,7.52,4.2,191.5
榨菜肉沫蒸豆腐,143.57,7.54,11.59,2.48,159.5
冬瓜蒸肉馅,148.77,4.96,11.61,6.69,162.0
豆腐蒸肉馅,133.33,6.13,10.05,5.17,193.5
肉片炒白萝卜,159.25,5.9,14.06,2.69,132.5
肉片烧大白菜,142.11,5.6,12.34,2.41,152.0
肉片炖草菇,143.04,6.42,10.86,5.46,154.5
肉片红烧冬瓜,124.41,4.75,11.2,1.61,149.5
猪肉焖豆腐,279.23,11.76,23.09,6.5,156.5
肉片煸豆角,142.3,6.04,11.04,5.57,152.5
肉片干煸凉瓜,148.22,5.09,12.07,5.16,154.5
鲜蘑炒肉片,108.87,4.53,8.35,4.52,203.0
肉丝炒芹菜,126.67,4.84,11.17,2.13,150.0
家常尖椒炒肉,177.7,5.61,13.09,9.83,143.5
肉片清炖山药,177.78,6.6,13.32,8.15,126.0
肉片红烧丝瓜,155.08,5.35,11.54,7.91,162.5
土豆肉丝,140.31,5.37,8.81,10.31,191.0
干煸杏鲍菇肉片,132.24,5.78,9.2,7.33,152.0
肉沫烧豆腐,153.12,8.9,12.01,3.02,160.0
肉片干烧冬菇,115.9,5.31,7.21,8.73,195.0
辣椒肉丝炒豆皮,397.16,30.97,28.5,6.35,105.5
肉丝干煸豆角,165.77,5.62,11.27,11.09,166.5
肉丝红烧海带,136.71,5.4,10.56,5.33,158.0
肉丝干煸胡萝卜,156.91,5.32,12.13,7.68,155.5
韭香炒肉丝,134.45,6.15,11.34,3.01,149.5
肉丝干煸苦瓜,188.0,7.36,16.6,2.55,100.0
清炒芦笋肉丝,119.39,6.75,8.39,5.15,165.0
肉丝烧白萝卜,153.85,5.49,13.66,2.75,136.5
什蔬肉丝炒面条,140.83,5.13,4.07,21.67,240.0
肉丝干烧丝瓜,141.91,5.39,12.38,2.71,151.5
速爆肉沫土豆丝,180.25,6.15,11.95,12.36,157.0
肉丝干煸杏鲍菇,141.14,5.42,11.14,5.55,149.5
肉片扒油菜,126.49,5.44,11.29,1.46,151.0
肉沫甜椒炒饭,135.12,7.19,7.07,10.92,205.0
肉丝干烧茄子,106.5,4.28,8.97,2.45,200.0
白玉肉圆汤,64.5,2.88,5.58,0.97,246.5
干炸虾仁,116.72,15.9,2.43,7.9,164.5
秘制赛螃蟹,158.57,13.51,9.67,4.56,140.0
特色赛螃蟹,97.91,13.52,2.69,5.18,239.0
茄汁烧三文鱼汤,26.4,3.01,1.33,0.85,500.0
鲜香茄汁沙丁鱼,48.52,7.27,0.52,4.2,237.0
砂锅煲豆腐粉丝,122.85,3.68,3.95,18.95,267.0
石锅清炖牛肉,117.98,20.04,2.45,4.17,89.0
石锅红烧肉块,322.64,13.17,25.58,10.19,53.0
砂锅黄鱼烧豆腐,102.16,11.22,5.57,2.18,185.0
砂锅牛肉炖萝卜,76.21,10.75,2.51,3.09,248.0
砂锅土豆烧排骨,233.33,11.0,17.31,8.52,150.0
农家小烧肉,342.0,13.67,30.19,3.88,100.0
润喉山药冰糖百合,19.29,0.41,0.03,4.43,368.0
山药炖火腿,92.66,7.13,3.75,7.96,129.5
怀山炒鸡蛋,104.85,6.19,5.4,8.16,154.5
韭菜清炒山药,54.5,2.17,1.8,8.52,200.0
怀山炒苦瓜,51.28,1.39,1.68,8.24,195.0
山药甜椒炒肉片,143.53,5.18,9.88,8.98,170.0
山药素烧丝瓜,62.56,1.52,1.67,11.04,203.0
山药溜肝片,119.74,13.61,5.2,4.83,154.5
山药炖鸡肉,121.21,8.77,6.44,7.39,132.0
滋补山药煲牛肉,87.05,7.3,3.01,8.23,139.0
山药金瓜清炖火腿,70.21,5.37,2.87,5.98,169.5
山药酱焖鸡块,134.85,6.02,5.98,14.55,132.0
滋补山药清炖鸡腿,119.89,12.01,5.72,5.25,181.0
山药红焖牛腩,168.6,6.94,12.29,7.88,121.0
山药干烧猪肉,137.16,5.66,10.04,6.08,148.0
香浓山药粥,33.33,1.2,0.17,7.06,375.0
双椒甜玉米牛肉,100.58,6.91,3.87,10.28,172.0
蜂蜜山药南瓜,82.05,1.28,3.1,12.78,175.5
肉肠蒸山药,237.6,10.78,16.4,11.92,125.0
扇贝辣蒸粉丝,150.69,7.7,2.13,25.31,180.5
油爆鲜虾,115.91,15.04,4.45,4.02,132.0
广式上汤娃娃菜,60.93,5.95,3.13,3.11,215.0
香炸上校鸡块,139.41,19.41,4.45,5.62,170.0
干烧鸭条,264.94,13.71,19.65,8.42,115.5
干煸甜椒,53.29,1.22,3.96,3.81,159.5
特色烧公鸡,118.0,14.27,4.81,4.71,150.0
特色绍兴鸡,175.57,18.62,8.78,5.5,110.5
油焖对虾,80.49,11.35,1.11,6.29,205.0
石锅煲鲍菇,72.97,1.7,2.89,11.04,111.0
炝爆卷心菜,133.33,5.53,11.17,3.07,150.0
手撕蒜香茄子,64.17,1.23,1.83,11.44,120.0
西北手抓羊肉,158.72,15.86,8.25,5.39,109.0
肉片炒菜心,135.48,5.54,10.95,4.48,155.0
双菇清炖鸡块,97.5,10.53,5.38,2.23,120.0
双椒凉拌松花蛋,164.57,9.99,11.99,4.53,175.0
双椒干煸牛肉,87.27,12.18,1.47,6.92,220.0
双椒清炒鸡丁,89.13,13.83,2.77,2.85,184.0
双椒炒鸡片,88.89,13.62,2.68,3.21,189.0
素烧双茄,50.35,1.16,2.54,6.36,212.5
爽口脆萝卜,24.94,0.68,0.1,6.26,208.5
爽脆葱头,87.89,1.07,4.67,10.85,111.5
水煎蛋,123.68,12.58,6.99,2.71,76.0
辣炒韭菜豆腐,99.09,4.71,7.45,4.37,110.0
嫩蒸水蛋,152.31,12.62,9.52,4.34,65.0
鲜香清水蒸鸡,142.16,19.9,6.57,0.88,102.0
风味麻辣水煮财鱼,176.0,23.82,7.36,4.93,175.0
家常麻辣水煮黄颡鱼,146.74,16.43,2.76,14.16,92.0
家常麻辣水煮鱼,118.33,15.38,3.02,7.59,120.0
香辣水煮三文鱼片,144.14,10.08,9.96,3.79,145.0
豆豉水煮苋菜,88.0,3.99,4.99,7.72,112.5
丝瓜干煸对虾,78.49,10.47,2.73,3.26,225.5
豆腐烧丝瓜,78.96,3.83,4.97,5.46,211.5
丝瓜炖红肠,145.02,4.44,10.15,9.41,165.5
家常丝瓜煎鸡蛋,89.43,5.53,6.26,3.29,165.5
丝瓜干煸鸡丁,68.61,8.8,2.69,2.78,154.5
清香丝瓜炒鸡胸,68.61,8.8,2.69,2.78,154.5
韭香炒丝瓜,43.8,1.8,2.73,4.14,205.5
丝瓜炖肉片,142.41,5.51,10.65,6.67,158.0
丝瓜彩椒炒肉,129.03,4.62,9.37,7.4,201.5
丝瓜炖土豆,71.05,1.9,2.63,10.61,205.5
软溜丝瓜番茄,38.85,1.1,2.59,3.55,208.5
蒜米丝瓜虾球,132.92,11.13,1.64,18.73,240.0
丝瓜虾仁炒鸡蛋,118.58,9.6,4.75,9.83,226.0
丝瓜辣炒香肠,174.57,6.94,12.56,9.01,204.5
丝瓜炖香菇,48.94,1.55,3.25,4.34,165.5
丝瓜爆炒葱头,54.95,1.22,3.39,5.5,156.5
丝瓜溜肝片,98.18,12.68,3.31,4.85,165.0
丝瓜炖猪肉,150.0,5.22,11.87,5.92,158.0
丝瓜辣烧粉条,128.1,1.18,2.81,25.32,197.5
丝瓜鸡蛋摊饼,124.0,7.72,3.18,16.9,200.0
丝瓜炒鸡蛋粉条,124.87,5.05,5.43,14.33,193.0
家常鸡蛋烧丝瓜,79.39,5.59,5.07,3.36,165.0
清香丝瓜蒸水蛋,89.43,5.53,6.26,3.29,165.5
蒜米丝瓜粉丝,138.55,1.36,2.0,29.4,166.0
丝瓜蒸虾仁,128.92,11.59,1.73,17.09,226.5
烧四喜丸子,227.83,8.43,12.17,21.74,115.0
菊花鳜鱼,78.72,11.2,2.08,4.34,235.0
清炖菊花黄鱼,100.69,10.32,2.21,9.81,145.0
酥炸脆薯块,95.45,1.55,1.98,19.25,110.0
香炸牛肉,141.54,19.71,4.62,5.12,130.0
酥炸小鲫鱼,150.54,15.0,5.65,9.9,93.0
清香炸虾仁,117.3,17.14,2.01,7.57,185.0
酱烧平菇,35.57,1.89,1.64,4.52,149.0
素烧茄子,56.15,1.12,3.97,4.79,158.5
秘制酸辣脆萝卜,32.95,0.97,0.1,8.11,130.5
酸辣拍黄瓜,42.19,0.9,1.9,5.56,118.5
炝酸辣芦笋,63.06,2.78,4.61,3.78,111.0
家常酸辣藕丁,87.1,1.27,0.22,21.2,93.0
酸辣手撕大头菜,69.3,1.41,3.01,9.65,177.5
炝炒酸辣土豆丝,86.82,1.98,3.43,12.71,155.5
酸甜炒藕丁,69.25,1.13,1.98,13.04,167.5
蒜子爆肉,309.35,13.36,25.35,7.19,107.0
蒜香茼蒿,45.92,2.02,2.1,5.2,165.5
蒜黄素烧豆腐,74.76,4.44,5.1,3.57,206.0
蒜黄炒蛋白,91.84,6.26,6.26,3.17,165.5
蒜香鸡,162.5,17.37,5.6,10.75,120.0
青蒜炒肉片,213.37,9.02,18.44,3.42,164.5
干煸蒜苗香肠,195.28,8.56,14.04,9.36,169.5
蒜香炒鱿鱼,88.54,13.09,2.81,3.03,192.0
蒜香回锅肉,226.0,10.33,18.43,5.15,150.0
家常蒜泥白肉,324.3,13.18,28.14,4.54,107.0
蒜香豆瓣炒豇豆,95.75,3.1,4.63,12.18,129.5
蒜汁海带,63.6,2.53,2.72,8.39,119.5
蒜蓉豇豆,77.11,2.58,4.3,8.74,124.5
蒜蓉龙虾,110.45,17.26,3.24,2.96,134.0
蒜子苦瓜,74.04,1.66,4.37,7.4,117.5
蒜香菜心,39.04,1.68,2.18,4.38,166.5
清蒸蒜末鲳鱼,176.68,12.65,9.27,10.58,111.5
蒜子炒丝瓜,67.53,1.52,4.52,5.85,115.5
粉丝蒜香大虾,182.93,12.43,3.23,25.99,187.5
粉丝蒜香开背虾,167.57,12.46,0.32,28.74,185.0
粉丝烤蒜蓉香菇,141.57,1.99,0.38,33.55,178.0
粉丝蒸扇贝,152.43,7.69,2.08,25.85,185.0
蒜米粉丝娃娃菜,133.33,1.68,1.99,28.3,168.0
蒜香粉丝虾,169.73,12.53,0.58,28.61,185.0
蒜香粉丝清蒸对虾,173.98,12.56,2.21,26.0,184.5
粉丝蒜香蒸鲈鱼,155.08,13.19,2.38,20.35,118.0
蒜米粉丝扇贝,148.11,7.72,1.55,25.98,185.0
家常蒜蓉粉丝娃娃菜,136.72,1.75,3.01,26.67,177.0
蒜香粉丝蒸大虾,172.58,12.51,2.19,25.79,186.0
家常蒜香荷兰豆,92.4,2.57,6.12,7.24,85.5
蒜米鸡肉杏鲍菇,76.97,8.52,0.65,9.88,165.0
蒜米烤扇贝,83.87,9.54,1.81,7.57,155.0
蒜蓉莴笋,48.91,1.44,2.72,4.97,114.5
蒜香西葫芦,51.9,1.04,3.11,5.25,171.5
蒜香西兰花,73.59,3.42,4.87,5.59,115.5
虾仁蒸丝瓜,111.61,8.09,3.16,13.25,176.5
特色蒜香小龙虾,109.96,17.25,3.2,3.02,135.5
蒜泥油麦菜,35.87,1.4,2.2,3.67,164.5
蒜香扇贝,69.54,7.84,2.09,5.23,185.5
蒜烧鲳鱼,179.59,14.26,8.39,11.93,98.0
蒜香小黄鱼,105.71,14.14,1.95,7.88,105.0
蒜薹炒鸡蛋,115.73,5.91,6.09,10.05,168.5
家常蒜香苋菜,90.21,2.77,5.46,8.22,117.5
蒜烤鲶鱼,72.82,8.0,2.76,3.95,195.0
蒜香蒸剁椒肉,290.43,12.33,23.62,7.69,115.0
蒜蓉茄泥,41.1,1.72,0.76,7.54,182.5
蒜苗豆干五花肉,217.89,12.07,15.67,7.6,123.0
蒜香黄瓜条,98.01,2.34,7.32,6.28,125.5
蒜香花甲,70.37,7.22,2.77,4.07,135.0
蒜末凉拌鸡丝,101.9,16.19,1.28,6.88,158.0
蒜米香煎三文鱼排,103.59,8.98,5.65,4.41,167.0
蒜香烤茄子,71.49,1.67,4.47,6.77,117.5
蒜蓉手撕杏鲍菇,54.95,1.58,2.05,8.79,156.5
蒜香昌鱼,181.51,13.04,8.48,13.29,119.0
蒜香虾仁蛋炒饭,122.22,8.08,2.92,16.14,207.0
秘制蒜香小龙虾,111.11,17.23,3.25,3.17,135.0
蒜蓉蒸茄子,72.8,1.37,4.37,7.33,119.5
冬笋烧老鸭,163.16,10.16,10.68,6.8,190.0
拌蓑衣黄瓜,48.14,0.95,3.07,4.42,174.5
酸甜鹌鹑蛋,174.19,11.23,11.72,6.04,139.5
特色糖醋桂鱼,156.31,16.25,3.38,15.58,103.0
秘制糖醋黄瓜,28.21,0.77,0.19,5.91,159.5
特色糖醋鸡翅,219.82,17.41,13.07,8.17,111.0
糖醋鸡肉鲍菇,86.5,8.44,0.64,12.36,163.0
家常糖醋鲈鱼,136.89,15.31,2.67,12.91,103.0
特色糖醋萝卜,31.64,0.85,0.1,7.71,88.5
家常糖醋藕丁,59.42,1.22,0.19,14.62,138.0
糖醋藕,68.92,1.3,2.04,12.68,162.5
糖醋溜肉段,168.33,6.39,11.4,10.9,120.0
鱼香土豆丝,124.35,2.96,4.54,18.52,115.0
糖醋猪肉丸,233.06,12.36,15.47,11.16,121.0
糖醋对虾,116.03,17.13,3.03,5.02,131.0
家常糖醋小排骨,274.51,16.54,20.95,5.04,102.0
特色糖醋鱼,87.57,8.61,1.58,10.23,185.0
家常糖醋鱼块,127.55,14.24,4.32,8.12,98.0
百合绿豆甜汤,32.36,1.45,0.05,6.74,343.0
香甜糖水蛋,170.23,12.21,10.3,7.44,131.0
炸天妇罗虾,128.0,13.18,3.86,10.46,200.0
甜豆炒肉,147.6,5.97,10.71,9.18,114.5
甜面酱小黄瓜,21.9,1.03,0.22,4.12,105.0
秘制甜酸排骨,286.54,16.8,19.56,10.95,104.0
铁板烧牛肉,61.38,9.24,0.9,4.64,145.0
铁锅炖鲤鱼,188.57,14.86,12.15,5.09,140.0
小白菜炒土豆,60.4,1.65,3.1,7.36,175.5
鸡腿肉炒土豆,115.94,6.76,4.3,12.9,207.0
土豆烩蘑菇,69.78,2.54,3.25,8.38,160.5
土豆煲牛肉,117.53,7.64,4.26,12.59,145.5
土豆炒香芹,67.64,1.46,2.63,10.17,205.5
家常土豆素炒青椒,77.21,1.88,2.88,11.59,186.5
家常土豆炒肉,182.78,5.75,12.41,12.47,151.0
土豆煸肉丝,182.72,6.25,12.46,11.83,150.5
番茄素炒土豆,88.18,2.01,3.4,12.92,156.5
虾仁烩土豆,155.96,12.23,3.17,20.03,218.0
香肠煸土豆,244.37,9.42,16.43,15.05,155.5
冬菇焖土豆,73.97,2.34,2.68,11.19,205.5
土豆红焖羊肉,132.46,10.88,6.14,8.65,114.0
洋葱烧土豆,100.47,1.75,4.93,12.7,105.5
家常土豆炒猪肉,181.64,6.22,12.3,11.84,152.5
土豆丁蛋炒饭,112.11,5.88,2.9,15.91,190.0
土豆炒鸡丝,110.21,7.72,2.97,13.49,210.5
豆角土豆炖粉条,142.97,1.97,4.02,25.63,131.5
豆角土豆烧肉,168.82,5.59,8.15,18.69,170.0
清香白菜烧土豆,88.96,2.37,3.38,12.85,158.5
土豆炖鸡翅根,137.21,8.96,5.75,12.69,258.0
土豆炖鸡翅中,143.08,8.83,5.69,14.33,260.0
土豆烩豆腐,109.32,5.08,6.69,7.91,155.5
番茄炖土豆块,64.76,1.61,3.47,7.81,157.5
烧土豆胡萝卜,76.89,1.75,2.63,12.6,205.5
土豆焖鸡翅,116.67,6.42,2.89,16.6,210.0
家常土豆炖鸡块,127.8,8.17,5.62,11.53,156.5
家常土豆烧鸡肉,119.4,9.63,5.46,8.47,232.0
焖土豆鸡腿,135.83,13.51,6.44,5.99,160.5
土豆清炖鲫鱼,86.79,8.21,2.89,7.27,185.5
土豆烧萝卜,79.53,1.56,3.17,12.02,168.5
南瓜烩土豆,83.14,1.76,4.05,10.18,127.5
炖土豆牛腩,81.25,7.03,0.78,12.01,160.0
炖土豆排骨,185.19,10.13,14.15,4.59,162.0
土豆焖五花肉,212.03,8.15,15.18,10.96,199.5
土豆炖冬菇,76.74,2.33,2.68,11.86,208.5
家常土豆炖猪肉,172.0,6.31,11.17,11.93,150.0
煎土豆鸡翅,200.59,13.21,11.01,12.39,169.0
香煎土豆肠,227.73,9.99,15.01,13.33,187.5
土豆煲排骨,190.0,8.93,12.98,9.57,200.0
土豆咖喱鸡块,160.0,6.22,9.57,12.81,195.0
孜然土豆烤鸡腿,140.96,11.27,6.24,11.24,218.5
香肠烤土豆,246.73,9.58,16.29,16.31,160.5
肉片炒土豆片,178.64,6.52,10.91,14.1,154.5
土豆块红烧好烧鸡腿,132.37,11.07,6.0,8.72,207.0
土豆块煲鸡块,125.36,11.28,4.9,9.36,209.0
土豆蘑菇煲鸡翅,125.37,10.6,5.69,8.24,205.0
蒸土豆牛肉饼,90.0,7.94,0.86,13.09,140.0
干锅土豆烧排骨,183.78,9.09,14.03,5.63,185.0
土豆排骨煲饭,185.14,7.1,6.82,24.58,175.0
土豆片炖红肠,166.98,5.34,10.48,13.24,160.5
土豆片烩火腿肠,136.88,4.68,5.93,16.58,131.5
鸡腿炒土豆片,110.02,10.82,5.09,5.43,204.5
家常土豆片煸青椒,115.7,2.45,4.68,16.46,111.5
腊味炒土豆片,268.81,8.75,18.87,16.37,155.5
土豆片烩辣椒,61.87,2.2,0.74,12.57,187.5
家常土豆片炒尖椒,96.3,2.16,3.61,14.45,148.5
家常土豆炒肉片,145.31,5.18,8.89,11.89,192.0
土豆片炒大虾,96.31,10.86,1.81,9.38,230.5
土豆片烧香肠,158.97,6.25,9.72,12.31,195.0
土豆片烩洋葱,90.63,1.98,3.23,14.01,165.5
土豆片烧鱿鱼,69.19,9.49,0.89,6.44,185.0
土豆片炒大头菜,57.35,1.62,2.6,7.35,207.5
海带烧土豆片,70.5,2.09,2.55,10.09,208.5
家常土豆片尖椒炒肉,151.44,5.21,9.87,11.15,191.5
土豆片烧鸡腿肉,137.74,10.76,5.85,10.73,212.0
土豆蒸五花肉,172.0,6.31,11.17,11.93,150.0
土豆尖椒炒猪肉,162.41,6.12,11.96,8.27,141.0
土豆青椒炖鸡翅根,138.46,10.62,5.99,10.71,195.0
土豆烧鸡翅根,151.22,10.54,7.17,11.37,205.0
素烧土豆胡萝卜,76.01,1.74,2.57,12.52,210.5
土豆煲翅中,159.81,10.37,8.0,11.7,209.0
土豆焖鸡块,279.64,11.04,23.42,6.31,164.5
鸡肉烧土豆块,137.74,10.76,5.85,10.73,212.0
鸡腿煲土豆块,129.41,10.78,5.84,8.59,212.5
家常土豆烧鸡腿,123.6,11.12,5.06,8.66,205.5
土豆炖口蘑,196.63,19.98,4.11,24.23,207.5
土豆炒里脊,176.47,6.2,10.95,13.73,153.0
土豆烧鲜蘑,74.09,2.76,2.57,10.74,206.5
土豆炒牛肉片,89.55,7.63,3.12,8.16,134.0
家常土豆烧肉,195.33,8.47,13.08,11.45,107.0
家常土豆烧肉片,205.77,8.05,17.01,5.55,190.5
土豆焖肉,150.71,6.61,10.15,9.51,140.0
土豆煲鸭,117.05,8.37,3.55,13.12,108.5
土豆烩羊肉,120.1,9.77,3.2,13.6,209.0
葱香土豆丝,77.15,1.83,2.66,12.02,203.5
土豆炒饭,96.36,2.55,0.25,21.3,220.0
土豆丝烩胡萝卜,103.92,3.54,4.14,13.99,191.5
土豆丝煸火腿,113.68,7.55,4.85,10.35,190.0
土豆丝煎鸡蛋,126.28,6.32,6.26,11.63,165.5
家常土豆丝炒韭菜,72.84,2.62,3.51,8.73,156.5
土豆丝炝炒绿豆芽,83.92,2.16,4.13,10.05,127.5
土豆丝炒香芹,67.64,1.46,2.63,10.17,205.5
土豆胡萝卜炒肉,167.89,5.69,10.59,12.88,177.5
家常土豆丝炒肉片,182.55,6.01,10.44,16.54,160.5
家常土豆丝炒肉,140.53,5.22,8.86,10.72,190.0
土豆丝烩西红柿,70.17,1.72,2.58,10.64,209.5
土豆炒榨菜,110.27,3.13,4.26,15.38,131.5
土豆烧香肠,152.49,5.3,9.07,12.97,170.5
烤土豆香菇鸡腿,107.6,9.98,4.63,7.28,250.0
玉米土豆泥,93.92,3.2,0.64,19.91,90.5
土豆炸鲜虾,104.56,11.94,4.01,5.52,208.5
土豆蒸腊味,247.84,9.04,16.18,16.91,150.5
马铃薯蒸牛肉,116.28,7.57,2.79,15.61,150.5
鲜鸡汤,50.34,4.98,1.6,4.21,435.0
滋补鸡汤,42.38,5.04,1.63,1.94,420.0
娃娃菜烩粉丝,145.05,1.5,3.39,28.27,156.5
娃娃菜烩鸡蛋,75.38,5.96,5.09,2.43,164.5
娃娃菜炒猪肉,135.05,5.63,10.78,4.79,155.5
清香娃娃菜烧豆腐,48.64,4.25,2.73,2.93,201.5
娃娃菜焖虾,67.56,10.76,1.85,2.56,225.0
娃娃菜煲牛肉,49.47,6.04,0.79,5.82,188.0
娃娃菜粉丝,145.05,1.5,3.39,28.27,156.5
娃娃菜蒸腊肠,111.11,6.29,8.24,4.13,126.0
娃娃菜煲肉汤,54.08,2.49,4.79,0.69,349.5
豌豆炒猪肉,209.96,9.39,12.86,15.19,130.5
豌豆烩虾仁,99.56,13.8,0.53,10.41,225.0
豌豆甜玉米炒虾仁,124.86,11.49,2.64,14.6,263.5
家常微波炉烤鸡翅,193.69,17.5,10.47,6.96,111.0
莴笋火腿丁,76.63,3.56,4.39,5.85,130.5
青笋炒鸡丁,88.79,10.03,4.59,2.0,214.0
莴笋炒鸡丝,78.05,12.49,2.44,1.66,205.0
青笋炒腊肠,220.62,7.84,17.1,9.0,160.0
清炒平菇莴笋,38.36,1.2,1.7,5.28,195.5
清炒莴笋肉片,127.76,5.22,11.14,1.87,149.5
莴笋炒肉丝,127.76,5.22,11.14,1.87,149.5
莴苣炒河虾,68.15,9.28,3.18,0.62,224.5
莴笋炒杏鲍菇,45.34,1.09,1.63,7.31,198.5
莴笋胡萝卜炒肉片,127.27,4.95,10.48,3.92,159.5
莴笋烧鸡块,88.94,10.44,3.37,4.4,208.0
青笋烧排骨,132.39,7.14,10.64,2.18,248.5
玉米窝头,172.67,7.98,5.09,24.68,150.0
乌鸡菌菇汤,23.76,3.03,1.06,0.68,404.0
盐焗鲈鱼,116.3,16.7,5.27,0.44,135.0
秘制五杯鸭,223.89,13.94,17.47,2.81,113.0
五花肉煸菜花,132.93,5.17,11.43,3.42,165.5
五花肉炒包菜,226.0,9.61,20.14,1.83,150.0
家常五花肉炖豆腐,173.91,8.96,14.62,2.27,149.5
青瓜小炒肉,128.0,5.1,11.17,1.93,150.0
辣炒五花肉片,213.33,8.2,18.57,4.07,90.0
五花肉炒茭白笋,247.45,10.53,22.05,2.19,137.0
五花肉炒凉瓜,134.42,5.51,11.03,3.74,154.0
五花肉煸芦笋,130.23,6.31,11.07,2.3,150.5
五花肉炒鲜蘑,134.0,5.84,11.23,3.13,150.0
爆香五花肉芹菜,137.09,5.11,11.11,4.58,151.0
五花肉烩丝瓜,182.05,7.84,15.58,3.08,195.0
五花肉炝土豆丝,140.53,5.22,8.86,10.72,190.0
五花肉烧土豆条,182.72,6.25,12.46,11.83,150.5
肉片炒花椰菜,136.45,6.92,11.48,2.58,149.5
五花肉煸杏鲍菇,147.52,5.77,11.84,5.38,141.0
五花肉炒葱头,124.24,4.54,7.04,11.45,198.0
五花肉炒笋片,130.1,6.13,10.85,2.62,154.5
五花肉烧鹌鹑蛋,249.55,13.19,20.93,1.92,111.0
五花肉煲豆腐,162.75,8.88,12.4,4.59,153.0
五花肉焖豆角,151.97,5.99,12.34,5.04,152.0
五花肉烧海带,126.42,5.35,11.14,1.4,149.5
五花肉炖白萝卜,184.42,6.32,15.68,4.81,77.0
五花肉炖鲜蘑,163.53,6.99,14.21,2.53,85.0
五花肉焖南瓜,147.66,5.13,11.66,6.0,160.5
五花肉煲土豆,186.06,7.1,12.88,10.79,165.0
五花肉焖豆腐,186.32,8.91,15.63,3.08,153.5
五花肉烧四季豆,146.41,5.93,11.0,6.67,153.0
五花肉炖腐竹,342.96,25.35,21.96,11.13,135.0
五花肉炖胡萝卜,184.07,6.6,14.75,7.02,113.0
五花肉熘苦瓜,135.29,5.62,10.94,4.14,153.0
五花肉烧红萝卜,236.67,9.82,21.35,1.53,120.0
土豆炖肉块,189.14,6.04,11.98,14.61,156.5
五花肉烧土豆片,172.0,6.31,11.17,11.93,150.0
五花肉焖土豆,176.47,6.18,10.95,13.64,153.0
五香卤鸭,247.27,14.17,18.13,6.79,110.0
五香鸡腿,151.25,19.11,6.76,3.39,160.0
五香牛肉,135.43,20.17,4.72,2.87,127.0
西红柿烧白菜,38.93,1.22,2.63,3.26,205.5
西红柿炒菜花,42.61,1.22,3.04,3.64,176.0
西红柿烧冬瓜,39.52,0.77,3.08,2.88,207.5
豆腐烩西红柿,70.07,3.65,5.11,3.26,205.5
西红柿烧豆角,50.47,1.32,3.35,4.54,158.5
茄汁花菜,47.62,1.39,2.99,4.77,178.5
西红柿炒瓜片,36.98,0.83,2.63,3.02,205.5
西红柿炒火腿,86.69,3.37,5.93,5.59,131.5
番茄炒鸡胸肉,78.05,12.44,2.49,1.9,205.0
西红柿炒包菜,42.31,1.25,1.47,6.57,156.0
西红柿烧苦瓜,78.03,1.22,4.62,8.36,111.5
番茄炒甜椒,46.58,0.97,2.72,5.28,197.5
番茄炒绿豆芽,38.26,1.26,2.59,3.16,206.5
番茄炒蘑菇,50.16,1.68,3.29,4.14,159.5
西红柿炒鲜菇,41.16,1.38,2.66,3.87,206.5
西红柿炒尖椒,137.86,5.45,11.98,2.74,140.0
西红柿甜椒炒肉沫,141.91,5.19,12.38,3.17,151.5
西红柿炒肉,145.63,4.98,12.14,4.7,154.5
西红柿烩丝瓜,38.74,1.09,2.62,3.54,206.5
番茄土豆片,68.77,1.72,2.62,10.27,206.5
茄汁土豆丝,69.88,1.91,2.6,10.35,207.5
番茄炒娃娃菜,45.8,1.71,3.11,3.86,172.5
茄汁西兰花,43.58,2.32,2.81,3.52,206.5
番茄炒虾仁,137.63,11.31,2.62,17.61,232.5
西红柿煸杏鲍菇,46.23,1.07,2.58,5.64,205.5
西红柿炒甜玉米,88.65,2.11,3.3,13.7,185.0
西红柿炒大头菜,40.86,1.17,2.57,3.97,210.5
香浓番茄鸡蛋汤,22.77,1.97,1.14,1.37,470.0
西红柿烩粉条,146.96,0.77,3.35,29.07,156.5
西红柿烧黄鱼,66.84,8.25,2.77,2.64,190.0
西红柿烧鸡腿,91.71,10.29,5.07,1.61,205.0
西红柿焖牛腱,74.12,11.0,1.93,3.53,228.0
西红柿炖牛腩,59.0,5.22,0.7,8.57,200.0
西红柿炖牛肉,48.72,5.06,2.21,2.81,195.0
西红柿炖猪排,150.0,8.22,11.61,3.6,198.0
番茄炖土豆,74.58,1.82,2.66,11.62,206.5
番茄炖羊肉,58.95,6.5,2.21,4.09,190.0
番茄炖鱼,68.5,7.51,2.24,5.28,200.0
番茄炖猪肉,95.71,3.96,8.04,2.63,210.0
番茄蛋炒饭,101.92,4.7,2.2,16.13,260.0
鸡蛋西红柿打卤面,170.33,7.99,3.12,28.02,182.0
西红柿鸡蛋摊饼,161.76,9.6,3.85,22.96,170.0
番茄鸡蛋面,102.69,5.39,2.2,15.63,260.0
番茄紫菜蛋花汤,54.88,3.87,3.84,1.44,215.0
番茄煎鸡蛋,86.4,5.29,6.26,2.86,165.5
番茄口蘑炒饭,133.71,12.43,1.13,21.07,175.0
西红柿烧菜花,48.2,1.45,2.43,6.18,180.5
西红柿焖牛腩,139.5,11.21,6.92,8.51,178.5
番茄烧鸡翅,125.59,9.47,6.97,6.63,211.0
茄汁烧鲫鱼,57.63,6.39,2.31,3.39,236.0
西红柿烧牛肉,79.11,11.76,2.76,2.16,225.0
西红柿土豆炒肉,115.5,4.5,8.43,6.1,200.0
番茄土豆烧肉,123.03,5.3,8.36,7.38,165.0
西红柿烧鸡肉,93.75,4.21,7.53,2.88,240.0
西葫芦炒番茄,39.71,1.02,2.62,3.57,206.5
西葫芦炒胡萝卜片,49.01,0.9,3.02,5.26,177.5
西葫芦炒火腿,116.41,4.92,6.44,9.9,161.5
西葫芦炒鸡腿,72.9,5.48,4.28,3.1,208.5
西葫芦炒鸡蛋,88.82,5.23,6.26,3.17,165.5
西葫芦煸腊肠,228.85,7.6,18.82,7.44,156.0
角瓜炒胡萝卜,46.19,0.92,2.57,5.79,210.0
角瓜炒蘑菇,42.65,1.68,2.52,3.91,211.0
西葫芦炒辣椒,48.8,0.82,3.63,3.66,145.5
角瓜芦炒肉,183.76,7.3,16.39,1.93,197.0
角瓜炒肉丝,146.5,4.89,11.94,5.15,157.0
角瓜土豆片,71.81,1.67,2.64,10.76,207.5
西葫芦炒大虾,77.49,10.09,1.81,5.29,231.0
角瓜炒虾仁,137.93,11.14,2.55,17.81,232.0
角瓜炒香菇,46.89,1.19,3.05,4.53,177.0
角瓜炒榨菜,46.11,0.85,3.19,3.8,167.0
葱香西葫芦烤牛肉,61.14,6.95,2.06,3.95,175.0
西葫芦炖豆腐,79.91,3.53,4.96,5.79,211.5
西葫芦煸杏鲍菇,48.19,1.03,2.56,5.88,207.5
西湖醋鱼,146.32,14.07,7.54,5.53,95.0
花椰菜炒大虾,70.95,10.67,1.85,3.42,225.5
西兰花烧冬瓜,47.98,2.24,3.5,2.73,160.5
花椰菜炒胡萝卜,52.83,2.32,3.11,5.49,185.5
西兰花炒瓜块,51.31,2.05,2.76,5.49,210.5
花菜炒火腿肠,81.82,3.98,4.39,7.65,132.0
鸡蛋炒西蓝花,83.89,6.94,5.33,3.22,164.5
花菜炒鸡丁,88.15,12.5,2.42,4.67,211.0
西兰花炒鸡胸,92.88,10.08,4.07,5.1,161.5
花椰菜炒鸡丝,92.88,10.08,4.07,5.1,161.5
花椰菜炒腊肠,227.79,9.03,17.99,8.53,165.5
西兰花炒鲜蘑,56.23,3.11,3.66,4.14,156.5
西兰花炒黄牛肉,91.75,8.28,4.39,6.03,151.5
西兰花炒猪小排,134.01,7.79,10.79,2.24,245.5
西兰花炒肉,145.28,6.78,12.48,2.54,153.5
西兰花烧肉片,146.84,6.84,12.72,2.46,150.5
花菜炒肉丝,146.53,6.85,12.64,2.6,151.5
西兰花烧土豆,74.45,2.97,2.82,10.46,205.5
西兰花烧土豆块,62.36,2.68,2.69,8.19,216.5
花菜炒五花肉,146.84,6.84,12.72,2.46,150.5
花椰菜炒西红柿,51.45,2.54,3.67,3.44,155.5
西兰花炒虾仁,115.41,9.66,3.6,12.28,165.5
西兰花煸香肠,209.65,10.0,16.69,5.98,155.5
西兰花烧杏鲍菇,59.42,2.91,3.61,5.19,156.5
西兰花炒乌贼,91.69,11.65,3.16,4.69,150.5
爆香肉片西兰花,163.75,7.59,14.3,2.24,165.5
西兰花鸡肉泥,84.24,10.16,4.21,2.57,155.5
西兰花烩鸡块,105.8,11.55,5.95,2.35,207.0
西兰花烩虾仁,76.86,11.17,2.71,2.59,229.0
西芹煸红肠,88.12,2.8,6.83,4.95,130.5
西芹炒胡萝卜条,50.45,0.96,3.14,5.96,166.5
炝爆西芹火腿,61.15,5.45,3.06,3.83,157.0
西芹煎鸡蛋,77.81,5.17,5.03,3.89,164.5
西芹炒鸡肉片,81.0,10.45,3.4,2.85,200.0
爆香西芹腊肠,217.48,7.51,17.64,8.06,154.5
西芹炒黄牛肉,61.59,6.31,2.84,3.68,144.5
西芹炒猪排,159.69,8.11,13.21,2.67,196.0
西芹炒鲜蘑,35.2,1.02,1.7,5.28,196.0
西芹炒土豆片,67.94,1.5,3.3,8.93,157.5
西芹土豆丝,63.59,1.69,1.71,11.14,195.0
西芹炒大虾,69.33,10.19,1.8,3.63,225.0
西芹煸香肠,191.64,8.17,15.08,6.69,155.5
西芹炒鲜菇,36.89,1.1,2.1,4.79,154.5
西芹炒羊肉片,110.03,11.66,6.19,2.07,144.5
西芹炒鱿鱼,55.15,5.64,2.54,3.26,150.5
西芹炝猪肝,64.65,6.72,3.01,3.53,215.0
爆炒西芹肉片,129.1,4.95,11.14,3.21,149.5
西芹炒胡萝卜片,44.66,0.97,2.1,6.88,154.5
西芹蘑菇烧牛肉,64.36,7.04,2.84,3.44,144.5
特色小炒黄牛肉,67.12,6.68,3.07,4.45,147.5
西芹蒸猪排,167.79,8.19,11.07,9.58,208.0
对虾炒小白菜,74.89,10.29,1.84,4.64,231.0
基围虾炒西兰花,80.43,11.11,1.02,7.53,235.0
虾酱香爆鱿鱼,123.3,16.14,4.71,4.02,103.0
海米烩冬瓜,45.37,5.4,1.72,2.5,205.0
海米海带烧冬瓜,54.99,5.61,2.66,2.42,205.5
虾仁扒油菜,127.59,11.38,0.53,19.75,232.0
虾仁炒饭,120.0,8.75,1.51,18.33,220.0
虾仁炒瓜片,125.33,11.45,1.74,16.06,225.0
虾仁煎鸡蛋,185.48,16.4,6.87,14.56,124.0
虾仁炒辣椒,164.13,14.29,1.93,22.72,203.5
虾仁炒韭菜,137.03,12.13,2.71,16.74,225.5
鲜虾韭黄,136.59,12.09,2.63,16.47,225.5
苦瓜虾仁,135.7,11.51,2.58,16.91,225.5
虾仁扒芦笋,142.93,14.51,1.85,17.47,205.0
虾仁炒青豆,167.11,16.72,3.22,18.45,225.0
虾仁甜椒炒南瓜,131.5,10.97,2.49,16.59,236.5
芹菜烩虾仁,155.87,14.42,2.19,19.94,174.5
虾仁炒甜椒,175.95,14.91,3.4,21.44,170.5
虾仁炒山药片,147.44,12.4,1.81,20.65,215.0
虾仁炖丝瓜,134.81,11.65,2.63,16.51,225.5
虾仁炒花菜,121.95,10.84,2.4,15.13,266.5
虾仁豆腐蒸鸡蛋,147.9,11.9,7.02,9.8,226.5
翡翠虾仁滑蛋,189.16,17.79,4.81,18.8,184.5
虾仁烩芦笋,137.21,16.21,1.0,18.54,215.0
虾仁毛豆玉米粒,161.49,12.12,3.62,21.11,161.0
虾仁鲜菇娃娃菜,106.55,9.48,2.05,13.4,297.5
海鲜香菇粥,56.88,4.04,0.19,10.01,385.0
虾仁蒸水蛋,180.51,16.91,4.57,18.08,195.0
虾仁鸡蛋面,163.41,12.27,2.95,22.43,205.0
对虾蒸粉丝,172.31,14.23,3.7,20.46,162.5
辣椒鸡丁,112.29,13.14,5.95,1.81,236.0
鲜笋烧肉,144.2,7.4,9.91,6.57,138.0
鲜虾白菜烧豆腐,87.3,8.26,4.97,2.9,216.5
鲜虾炒白菜,90.54,13.19,2.36,4.4,174.5
鲜虾扒芦笋,62.01,8.36,2.18,3.03,164.5
鲜虾炒鲜菇,71.49,10.5,1.83,3.89,235.0
鲜虾炒鸡蛋,110.81,15.15,4.8,1.75,185.0
鲜虾蘑菇粥,56.29,6.48,0.46,7.42,485.0
虾仁西兰花,169.15,14.43,0.59,27.07,188.0
鲜虾青菜粥,36.62,3.31,0.19,5.56,385.0
海米大头菜,76.13,7.06,3.29,4.83,165.5
苋菜炒香米饭,84.0,2.68,0.34,17.9,125.0
苋菜黄鱼汤,50.0,6.52,1.71,2.34,280.0
苋菜炒鸡块,98.14,10.77,4.94,3.01,215.0
香菜烧鸡块,278.46,11.35,24.82,2.57,155.5
香菜炒牛肉,102.3,8.85,5.78,4.63,108.5
芫荽炒肉丝,221.72,7.1,16.97,10.57,110.5
香烤鲫鱼,116.44,14.32,4.44,4.98,146.0
香肠炒小白菜,138.75,5.6,10.25,6.74,135.5
香肠烧菜心,192.93,8.59,15.32,5.81,155.5
香肠烧豆腐,227.84,11.38,18.02,5.59,176.0
香肠炒瓜片,276.72,11.16,21.97,8.59,116.0
香肠大葱炒鸡蛋,295.97,16.19,23.02,6.15,124.0
香肠炒芹菜胡萝卜,171.92,7.25,13.52,5.91,174.5
香肠炒尖椒,228.57,9.11,16.85,10.58,140.0
香肠炒土豆片,222.56,9.03,14.38,14.62,164.0
香肠炒莴苣片,192.23,8.58,15.18,5.52,154.5
火腿肠炒西芹,193.53,8.32,15.18,6.82,154.5
香肠炒玉米粒,217.46,8.23,13.48,16.75,200.5
香肠炒鲜笋,193.67,9.34,14.91,6.06,158.0
香肠炒菜花,232.03,9.76,18.23,8.16,140.5
香肠炖萝卜,217.71,9.47,17.33,6.55,135.5
香肠炖蘑菇,197.41,9.55,15.18,6.28,154.5
香肠焖土豆,245.2,9.55,16.19,16.21,161.5
香肠蒸白玉,175.42,8.21,13.65,5.32,150.5
香肠米饭,228.33,9.56,11.85,21.34,180.0
香肠蒸蛋羹,295.65,17.48,22.19,6.69,115.0
山药蒸香肠,251.16,10.45,18.22,11.55,129.0
咸鲜香葱饼,296.0,12.88,2.08,57.7,50.0
葱香土豆,98.02,2.42,3.05,15.74,176.5
家常葱油饼,284.71,14.26,1.96,53.88,85.0
香菇小白菜炒肉片,101.49,4.66,8.46,2.54,201.0
香菇鲍鱼烧鸡肉,60.38,8.33,1.48,4.28,260.0
冬菇菜心,36.14,1.47,1.81,4.64,207.5
香菇炒油菜心,47.5,1.62,2.22,6.52,160.0
香菇粉丝煲,143.41,1.71,2.19,30.32,155.5
香菇清炒黄瓜,33.66,1.46,1.71,3.95,205.0
香菇烩火腿,77.22,4.94,3.06,8.42,180.0
香菇炒鸡蛋,83.28,6.15,5.15,4.13,164.5
冬菇炒鸡块,71.07,6.2,3.37,4.54,197.0
冬菇炒鸡肉,214.56,9.2,18.79,2.96,206.0
香菇炒鸡片,81.98,10.82,3.28,3.08,252.5
香菇烧芦笋,35.52,2.36,1.65,4.18,205.5
香菇炒青豆,92.92,6.48,4.99,7.17,176.5
芹菜煸炒菌菇,39.38,1.58,2.14,4.56,160.0
香菇炒尖椒,39.37,1.67,1.87,5.34,190.5
冬菇炒莴苣,33.17,1.56,1.66,3.9,205.0
冬菇烧五花肉,106.32,5.29,7.5,5.41,190.0
炝炒香菇西葫芦,34.95,1.48,1.7,4.37,206.0
芹菜炒香菇,47.85,1.53,3.06,4.91,104.5
香菇滑虾仁,112.83,10.4,1.55,15.08,265.0
冬菇炒油菜,48.71,1.68,1.78,7.7,213.5
鲜菇炒猪肝,95.39,8.56,3.57,8.15,184.5
香菇炒肉,128.75,5.76,10.55,3.67,160.0
白玉香菇炖排骨,117.93,6.89,8.03,6.19,145.0
香菇豆腐烧鱼块,103.06,9.63,6.41,2.42,196.0
香菇烧带鱼,87.76,9.86,3.6,4.73,245.0
香菇烧胡萝卜,83.23,6.05,3.48,7.89,155.0
冬菇炖鸡,98.79,13.11,4.18,2.75,165.0
香菇烧鸡蛋,82.67,6.12,5.14,4.04,164.5
冬菇炖鸡腿,90.7,10.49,3.51,4.96,215.0
冬菇炖排骨,236.84,14.83,18.79,2.25,114.0
香菇土豆煲,104.93,2.4,4.71,14.28,111.5
香菇滑鸡生菜粥,35.5,2.24,0.56,5.67,400.0
香菇滑鸡,174.56,19.56,8.61,6.2,114.0
平菇鸡肉粥,46.45,3.27,0.27,8.26,310.0
冬菇鸡汤煲,73.45,8.01,2.53,5.18,275.0
冬菇煎鸡腿,120.39,13.79,6.7,1.68,154.5
菌菇酱油炒饭,131.21,4.95,6.02,15.01,157.0
香菇烤猪排,151.37,8.35,10.6,6.57,183.0
辣烧香菇鸡腿,87.14,11.02,3.74,3.1,210.0
冬菇马蹄老鸭汤,35.11,2.09,2.24,1.91,450.0
香菇牛肉香米粥,31.18,2.49,0.3,4.82,465.0
香菇火腿面,139.02,5.56,1.62,26.32,205.0
香菇青菜海鲜粥,57.61,5.17,0.98,7.17,460.0
香菇青椒炒肉,151.94,5.91,13.27,2.98,141.5
香菇肉沫烧芦笋,105.26,5.21,8.45,3.2,199.5
香菇滑肉片,112.9,5.48,8.92,3.7,155.0
香菇肉片香米饭,213.01,7.15,7.76,29.63,123.0
香菇扒菜花,59.29,2.13,4.18,4.59,126.5
香菇油菜心,47.65,1.64,2.23,6.51,159.5
香菇焖翅中,130.81,10.09,7.01,7.53,211.0
白玉香菇,32.8,0.95,2.15,3.37,155.5
香菇焖鸡翅,131.12,10.11,7.03,7.55,210.5
香菇烧鸡,123.42,13.75,6.34,3.49,158.0
香菇牛腩煲,128.72,6.26,10.39,3.6,144.5
香菇焖排骨,163.78,9.42,12.66,3.79,185.0
香菇炒甜椒,45.61,1.54,3.25,3.61,114.0
香菇烧肉块,139.61,5.92,10.94,5.39,154.0
香菇烩丝瓜,34.36,1.44,1.76,4.16,195.0
香菇焖土豆,134.66,5.26,8.43,10.17,200.5
香菇红烧肉,132.12,6.53,9.1,6.98,165.0
香菇烧黄鱼,80.78,8.8,2.92,5.36,179.5
香菇烧小油菜,38.57,1.46,1.86,5.02,210.0
香菇圆白菜,45.61,1.62,2.6,4.73,210.5
香菇黄瓜炒虾仁,63.56,9.63,1.76,2.6,225.0
香菇扒小油菜,45.91,1.58,3.55,3.02,159.0
榨菜香菇炒肉,128.97,5.81,10.52,3.81,160.5
香菇蒸鸡,100.96,10.82,4.81,4.36,208.0
鲜蒸香菇鸡翅,102.55,7.61,5.79,6.04,157.0
清蒸香菇鸡腿,93.21,8.0,4.3,6.72,162.0
清蒸香菇排骨,256.0,14.04,20.28,4.71,112.5
蒸香菇盒子,121.85,6.41,9.4,4.01,151.0
香菇蒸肉圆,129.63,4.68,6.87,13.01,135.0
菌蔬蒸山药,87.57,3.92,5.08,7.52,185.0
五香滑牛肉,103.57,8.29,3.82,10.04,112.0
盐煎刀鲚鱼,122.62,12.57,7.62,0.76,84.0
盐煎红杉鱼,99.69,14.3,4.12,1.52,160.5
香煎红薯片,61.0,0.7,0.2,15.3,100.0
韭菜简单饼,137.62,8.62,3.24,19.71,210.0
盐煎龙利鱼,123.99,16.72,3.73,5.88,185.5
煎馒头片,200.75,9.59,6.71,25.82,133.0
土豆煎肉饼,194.74,10.59,8.06,20.67,190.0
香煎三文鱼,100.71,11.14,4.61,4.15,140.0
土豆丝饼,139.59,8.77,3.05,20.15,245.0
香煎土豆虾饼,144.78,13.7,0.81,21.1,230.0
香煎鳕鱼排,124.63,18.38,2.69,6.85,134.0
香蕉鸡蛋摊饼,186.32,8.83,3.45,30.71,190.0
香蕉鸡蛋煎饼,152.5,8.03,3.71,22.29,160.0
香甜南瓜香蕉粥,41.19,0.84,0.11,9.41,420.0
烤比目鱼,123.33,19.21,4.28,2.28,90.0
烤鲳鱼,169.17,16.07,6.39,12.56,133.0
酱烤鸡翅,217.27,17.95,13.49,5.87,110.0
秘制香辣鸡,153.91,17.82,8.47,1.64,115.0
爆香酱鸭,106.09,13.21,3.95,4.34,115.0
麻辣烤鱼,71.06,7.88,1.45,7.17,235.0
川味口水鸡,154.17,18.77,7.18,3.86,168.0
辣子鸡,153.25,17.77,8.44,1.69,115.5
麻辣牛肉,134.51,18.2,4.31,5.89,142.0
辣炒藕丁,59.44,1.54,0.4,13.61,180.0
香辣煸平蘑,63.52,1.91,4.58,4.82,116.5
麻辣砂锅鱼,95.54,10.73,4.68,2.85,202.0
麻辣水煮鱼,66.32,8.51,2.68,2.42,190.0
香辣土豆,116.24,2.59,3.61,18.81,175.5
香辣基围虾,77.37,12.0,1.03,5.6,190.0
麻辣小龙虾,99.5,16.23,1.18,6.05,200.0
香辣蟹煲,113.87,15.61,4.5,2.93,137.0
香辣鸡翅中,213.23,16.29,10.74,13.05,189.0
红焖鸭肉,163.13,8.29,11.58,7.21,217.0
鲫鱼汤,29.43,3.56,1.34,0.79,384.0
南瓜玉米羹,64.72,2.91,2.52,7.96,360.0
香芹煸肉丝,126.67,4.84,11.17,2.13,150.0
小炒肉片,184.37,8.02,16.32,1.92,185.5
小炒牛肉末,57.5,6.38,2.66,2.44,160.0
清香葱油饼,265.71,11.67,1.9,52.04,70.0
秘制香酥鸡,173.87,18.39,8.74,5.41,111.0
香炸烧鸡翅,185.14,15.58,9.53,9.35,175.0
香炸鸡腿,160.0,18.62,8.55,1.89,110.0
香炸虾,107.28,15.69,2.23,6.12,185.5
秘制香酥鸭,241.59,14.19,19.47,2.76,113.0
炸鱼片,128.24,15.06,6.44,2.61,170.0
香芋焖鸭腿,146.5,8.96,10.28,4.89,200.0
翡翠白玉汤,33.82,1.91,2.49,1.26,482.0
爆炒肝尖,138.72,14.08,5.43,8.7,148.5
辣炒河虾,93.46,13.33,3.95,1.46,153.0
炝炒黄牛肉,118.08,19.83,3.05,2.9,135.5
青椒炒火腿,79.67,7.21,4.01,4.02,120.5
辣椒炒鲜蘑,48.66,1.73,1.94,7.65,187.0
鲜香芹菜小炒肉,111.05,14.03,3.29,6.44,185.5
秘制小炒肉,331.03,14.22,29.99,1.1,101.5
炒三蔬,54.59,1.09,2.81,6.99,190.5
炝土豆片,181.05,6.25,12.26,11.8,153.0
小炒西葫芦,57.88,1.06,3.41,6.3,155.5
玉米胡萝卜山药粒,111.11,2.99,3.71,17.64,171.0
家常小葱炒鸡蛋,143.02,9.53,9.77,4.52,86.0
香葱炒鸡肉,362.81,14.04,33.45,1.49,121.0
葱香猪肉丝,311.11,12.0,28.04,2.55,67.5
秘制小炖肉,334.95,13.79,29.61,3.24,103.0
小黄鱼烧豆腐,111.49,11.23,6.81,1.76,174.0
黄鱼烧鲜菇,78.12,8.85,2.66,5.17,192.0
咸鲜小煎肉,202.9,7.84,16.18,6.96,103.5
小米发糕,347.95,11.53,2.05,72.37,73.0
枣香小米糊,67.62,1.4,0.43,14.92,315.0
枣香小米粥,63.6,1.22,0.36,14.29,250.0
小米红枣补血粥,67.62,1.4,0.43,14.92,315.0
香甜小米南瓜羹,26.84,0.69,0.22,5.69,395.0
小米红枣南瓜甜粥,39.38,0.88,0.27,8.57,320.0
香甜小米南瓜糊,60.0,1.51,0.32,13.06,320.0
小米南瓜蒸五花,185.52,6.41,7.37,23.87,145.0
小米南瓜粥,36.62,1.01,0.56,7.13,314.0
小南瓜炖鲫鱼汤,28.92,3.15,1.15,1.56,456.5
油菜炒鲜菇,34.19,1.74,2.29,2.61,155.0
炸酥肉,240.71,13.03,19.21,4.02,113.0
小土豆炖香菇,109.4,2.54,5.52,13.4,175.5
鲜虾萝卜丝,83.6,10.64,3.26,3.3,216.5
油菜炒大虾,68.0,10.5,1.98,2.38,225.0
螃蟹鸡肉煲,78.21,12.05,2.84,1.08,280.0
新奥尔良鸡翅,200.0,18.21,11.02,6.99,105.0
葱香杏鲍菇炒蛋,86.36,5.33,4.76,6.28,176.0
杏鲍菇烧海参,120.48,9.65,7.33,4.5,210.0
杏鲍菇煎鸡蛋,87.88,5.58,5.01,5.9,165.0
杏鲍菇时蔬炒鸡丁,73.21,7.64,1.27,8.85,265.0
爆炒杏鲍菇腊肠,278.33,9.92,21.85,11.04,180.0
辣椒炝炒杏鲍菇,53.02,1.43,1.92,8.62,190.5
杏鲍菇甜椒里脊,101.58,4.51,7.24,5.41,190.0
杏鲍菇炒牛柳,79.22,5.15,2.06,10.67,204.5
杏鲍菇炒甜椒,43.7,1.11,2.38,5.33,135.0
杏鲍菇炒肉片,169.71,6.02,12.1,9.66,175.0
干煸鲍菇土豆片,92.64,1.76,4.7,11.58,115.5
杏鲍菇炒鲜玉米,69.42,2.05,1.89,12.36,206.0
红烧杏鲍菇鸡翅,125.71,9.8,5.54,9.61,210.0
杏鲍菇炖猪排,141.6,7.1,10.5,5.32,250.0
香煎火腿杏鲍菇,72.59,4.08,2.93,8.38,135.0
杏鲍菇焖鸡翅,101.88,6.93,3.67,10.89,160.0
南瓜鳕鱼泥,56.88,10.58,0.37,2.96,160.0
香熏青鱼,142.24,18.77,5.83,3.62,161.0
鸭胸炒山药,80.28,6.42,2.73,7.85,144.5
葱香鸭胸,87.62,7.71,3.67,6.19,105.0
冬瓜老鸭汤,30.67,2.0,2.24,0.87,450.0
老鸭烧萝卜,157.7,8.46,11.9,4.54,191.5
牙签鸡胸肉,171.54,21.43,5.88,9.37,123.0
生腌梭子蟹,81.46,12.97,2.53,1.89,151.0
咸香盐焗鸡,139.77,16.18,7.57,1.99,129.5
盐焗叫花鸡,148.65,18.55,7.05,2.8,111.0
焗南瓜,63.12,0.97,3.49,7.49,150.5
盐焗大虾,96.88,18.09,0.45,5.07,176.5
家常盐水大虾,87.02,17.16,0.76,2.94,131.0
特色盐水鸡,181.82,19.35,10.62,2.35,110.0
盐水卤牛肉,99.31,16.87,0.88,6.03,145.0
特色盐水鸭,203.28,12.99,16.21,1.38,122.0
鲜煮毛豆,183.63,10.87,10.43,13.42,85.5
麦香南瓜粥,31.37,0.93,0.26,6.48,510.0
家常扬州炒饭,101.07,7.76,2.66,12.2,280.0
特色扬州蛋炒饭,113.62,7.65,3.29,13.97,235.0
羊肉煸菜花,67.37,6.67,2.18,6.1,190.0
葱香羊肉炒饭,96.67,5.32,1.51,15.85,150.0
羊肉什蔬炒面,175.48,7.99,1.61,33.01,155.0
羊肉煸土豆,80.0,6.49,1.93,9.68,220.0
羊肉烧白萝卜,68.07,8.2,2.79,2.92,142.5
羊肉清炖胡萝卜,100.86,10.07,5.19,4.17,174.5
羊肉萝卜汤,31.95,3.94,1.37,1.13,435.0
葱香羊肉饼,236.84,15.77,4.14,34.88,133.0
手抓羊肉饭,169.33,10.31,3.29,25.66,150.0
家常阳春面,173.89,10.85,0.52,32.0,180.0
洋葱炝火腿,142.86,4.99,9.19,10.31,84.0
葱香鸡翅,108.74,6.86,5.79,7.61,154.5
家常洋葱炒鸡蛋,101.51,5.41,6.26,6.31,165.5
鸡蛋炒葱头,114.04,7.38,7.25,5.21,114.0
葱香鸡丁,111.76,7.47,2.62,14.94,170.0
葱香鸡肉,276.42,10.41,24.2,4.41,167.5
葱香里脊,155.12,5.27,12.38,6.1,151.5
葱香炒面,192.5,5.65,0.43,42.02,120.0
洋葱煸牛肉片,84.86,7.76,0.71,12.36,185.0
洋葱煸牛肉丝,85.43,6.47,2.85,8.97,151.0
葱香猪肉片,160.0,5.22,12.94,5.97,152.5
家常洋葱炒土豆,158.0,5.77,11.17,8.93,150.0
洋葱烧鸭块,88.57,7.72,3.67,6.29,105.0
洋葱炖猪排,190.56,9.41,15.29,3.98,169.5
蒜香烤鸡腿,131.98,12.49,7.17,4.52,172.0
葱香烤罗非鱼,80.23,9.05,2.56,5.9,174.5
洋葱烧翅中,130.75,9.8,7.12,7.14,206.5
葱香烧鸡腿,102.37,10.18,4.94,4.57,211.0
洋葱炖纯排,169.7,8.43,11.66,7.99,198.0
炝爆鱿鱼洋葱,60.54,9.16,0.91,4.39,185.0
洋葱番茄玉米碎,64.14,1.79,0.47,13.96,145.0
干贝丝瓜汤,15.9,1.76,0.11,2.05,415.0
海鲜小米粥,37.78,3.48,0.35,5.34,405.0
薏米花生红豆粥,83.78,3.79,3.81,9.03,185.0
薏米绿豆白玉汤,29.47,1.11,0.18,6.06,380.0
爆炒银芽鸡丝,73.02,9.02,2.57,3.83,157.5
银芽炒鸡丝,65.97,9.44,1.57,3.64,335.0
韭菜银鱼炒鸡蛋,108.68,10.32,6.42,2.87,155.5
辣炒大虾,108.65,17.26,2.37,4.63,185.0
炝爆肝尖,121.94,15.43,3.23,7.93,155.0
爆炒河虾,111.63,15.34,4.56,2.4,129.0
油爆猪里脊,120.71,15.54,5.14,3.08,140.0
爆炒青虾,112.74,15.51,4.55,2.67,129.5
爆炒鲜虾,102.73,16.26,2.02,4.89,183.0
炝爆爆小河虾,92.81,12.19,3.63,3.19,167.0
爆炒小虾,82.22,11.22,3.32,2.01,180.0
油菜炒北姑,32.6,1.73,1.85,3.5,205.5
油豆腐炖排骨,247.74,16.19,17.55,6.37,155.0
凉拌黄瓜,69.33,1.16,4.63,5.64,112.5
辣子拌莴笋,56.07,1.11,2.63,7.38,119.5
油淋蒸鲈鱼,113.68,17.06,4.95,0.3,164.5
焖烧阿根廷红虾,112.57,17.32,2.39,5.36,183.0
焖黄鱼,104.93,15.77,3.95,1.76,172.5
油泼鸡,159.5,17.08,8.07,4.54,121.0
鱿鱼炒白菜,63.4,8.9,2.39,1.75,194.0
干锅鱿鱼,55.26,9.78,0.85,2.44,190.0
鲫鱼炖豆腐,88.72,10.34,3.37,4.76,195.0
鱼锅塌豆腐,106.29,11.12,5.51,3.53,175.0
鱼丸焖竹笋,96.3,10.84,5.38,1.41,135.0
鱼丸鲜汤,32.0,3.4,1.05,2.3,400.0
鱼香鸡丝,75.71,8.68,0.19,10.53,140.0
玉米牛腩煲,177.56,7.12,10.23,15.34,156.0
玉米排骨煲,185.05,10.9,10.1,13.34,194.0
玉米煎饼,238.18,12.97,5.65,34.9,110.0
鲜玉米烧鸡翅,173.49,11.13,8.53,13.72,207.5
玉米焖猪排,208.67,9.81,13.77,12.03,196.0
玉米丝瓜炒肉粒,191.44,6.98,12.8,12.89,187.0
香菇玉米饭,130.3,4.13,0.77,27.98,132.0
香玉米饭,268.0,6.6,1.0,59.07,75.0
玉子清蒸海虾,95.2,12.2,2.18,7.23,239.5
芋儿鸭,56.77,6.37,0.63,6.79,151.5
芋头炒肉,160.26,5.53,10.76,10.79,156.0
芋头炖牛腩,92.35,14.48,1.73,4.84,183.0
芋头炖猪排,190.8,9.98,14.1,6.31,163.0
芋艿扣肉,184.11,7.83,13.14,9.07,107.0
芋头焖排骨,78.01,5.02,5.41,2.31,341.0
芋头焖鸡翅,175.45,13.0,8.81,12.04,167.0
芋头煲鸡腿,142.01,15.35,7.64,2.95,134.5
芋头烧猪排,220.27,10.97,17.61,4.64,148.0
芋头鲜虾饼,109.74,12.69,0.74,13.27,195.0
芋艿蒸鸡翅,160.76,12.48,7.39,11.09,158.0
芋艿蒸鸡腿,127.44,13.18,4.52,8.64,164.0
芋头蒸猪排,223.13,11.89,14.51,11.62,160.0
芋艿煮鱿鱼,52.5,7.47,0.73,4.33,240.0
烤翅根,209.65,16.82,10.32,12.31,114.0
云南汽锅鸡,24.71,3.38,1.11,0.28,603.0
芸豆面片,47.36,2.55,0.85,7.77,435.0
仔姜鸡丁,129.77,14.01,6.94,3.3,149.5
糟香青鱼,135.23,18.76,6.09,0.31,88.0
鸡蛋饼,186.32,12.58,6.13,20.79,95.0
南瓜饼,155.65,5.03,0.74,32.77,115.0
酥炸鸡丝卷,206.19,15.28,3.93,27.88,210.0
炸酱香拌饭,186.21,7.03,9.62,18.19,145.0
炸莲藕,64.29,1.29,1.87,11.97,126.0
丝瓜炒虾仁,140.56,11.4,2.57,18.3,230.5
炸虾天妇罗,143.46,16.43,4.3,9.92,260.0
家常榨菜炒饭,113.55,6.57,3.52,14.26,155.0
榨菜炒银芽,53.23,1.7,3.94,3.22,131.5
榨菜炒青豆,143.84,9.56,8.45,8.86,101.5
榨菜炒牛柳,116.25,19.48,2.99,2.99,138.5
榨菜虾仁,200.75,18.79,2.8,25.29,134.0
香菇炒榨菜,53.28,2.3,2.98,5.86,114.5
榨菜煸杏鲍菇,50.61,1.32,1.94,7.99,164.0
榨菜煸鱿鱼,94.78,13.99,3.91,1.07,115.0
榨菜炒猪肝,224.29,14.74,17.78,1.62,123.5
榨菜辣椒炒肉片,163.86,6.32,13.49,5.19,124.5
榨菜尖椒肉丝,202.94,8.65,17.84,2.52,170.0
肉末蒸豆腐,160.41,7.82,13.23,3.29,146.5
榨菜蒸肉丝鲈鱼,119.57,9.9,6.4,6.35,235.0
榨菜牛肉,106.11,19.68,2.31,1.69,131.0
榨菜蒸猪小排,280.53,14.32,20.22,10.52,113.0
榨菜蒸罗非鱼,117.02,15.96,4.5,3.18,94.0
照烧香鸡翅,231.3,17.3,12.65,12.06,115.0
照烧鸡腿块,103.45,10.51,5.12,4.12,203.0
珍珠糯米圆子,333.33,10.4,13.0,43.75,72.0
粉丝娃娃菜,121.97,1.81,0.2,29.26,152.5
家常蒸红薯山药,59.09,1.35,0.2,13.72,110.0
鸡腿饭,88.4,7.93,2.69,8.68,181.0
甜蒸南瓜,23.0,0.7,0.1,5.3,150.0
蒸糯米肉丸子,243.2,11.83,11.55,23.08,125.0
清蒸蟹,87.97,13.75,1.47,4.85,133.0
清蒸肉丸,190.91,7.98,16.87,2.63,99.0
家常蒸土豆山药,65.71,2.15,0.2,14.33,140.0
香菇盒,172.5,9.89,11.54,7.65,160.0
鸡翅蒸香菇,81.79,7.53,3.88,5.27,156.5
蒸鱼糕,116.83,14.06,6.18,1.27,151.5
腐竹香菇焖鸡煲,183.38,18.42,9.57,6.42,192.5
芝麻酱凉拌菠菜,65.41,3.01,4.12,4.88,212.5
芝士烤大虾,120.56,16.38,3.84,5.14,180.0
芝士焗薯泥,105.38,4.95,5.85,8.57,390.0
芝士红薯泥,97.81,4.05,5.28,8.88,365.0
芝心肉丸,206.15,23.45,10.28,4.97,162.5
芷江鸭块,229.6,13.76,19.04,0.97,125.0
特色香辣口水鸡,137.59,15.85,5.08,6.99,133.0
猪肝明目粥,34.89,2.31,0.42,5.56,470.0
猪肝粥（家常版）,39.12,3.42,0.78,4.63,455.0
煲猪骨汤,68.76,3.79,5.63,0.8,445.0
鲜蔬猪排饭,119.0,7.71,4.87,11.49,200.0
猪肉榨菜丝,307.8,11.52,23.59,12.98,70.5
猪肉焖土豆,188.42,6.35,12.13,13.92,155.5
猪肉土豆炖粉条,210.83,5.52,11.96,20.84,157.0
竹笋煸腊肉,189.13,5.54,17.35,3.3,230.0
竹香肉片,138.57,6.11,11.95,2.37,140.0
笋香猪肝汤,23.71,3.48,0.8,0.79,426.0
鸡蛋紫菜汤,36.32,2.87,2.21,1.6,374.5
紫薯山药粥,34.16,0.72,0.08,7.69,445.0
紫薯粥,41.28,1.0,0.91,7.39,470.0
醉鸡,78.64,9.83,3.89,1.34,220.0
左宗棠烧鸡翅,195.21,14.66,10.48,10.72,188.0
冬瓜银耳煲瘦肉,156.56,15.18,7.28,8.08,442.0
青椒肉丝白干,125.19,11.13,7.14,4.61,135.0
丝瓜虾仁糙米粥,79.07,3.44,0.52,15.49,301.0
西红柿苹果汁,34.0,0.65,0.2,8.5,100.0
“三低”南瓜饼,114.45,3.87,2.44,20.01,263.0
阿婆酸豆角,34.65,2.18,0.2,7.33,202.0
安徽卤舌,153.7,12.69,8.67,1.37,432.0
鹌鹑蛋菠菜汤,53.66,3.86,3.68,1.37,505.0
鹌鹑蛋桂圆糖水,40.2,1.85,1.36,5.19,495.0
鹌鹑蛋烩海参,135.16,16.32,3.92,9.86,384.0
鹌鹑蛋烧海参,143.33,15.97,4.23,12.23,120.0
鹌鹑蛋龙须面,248.12,11.47,5.38,38.81,239.0
鹌鹑蛋牛奶,111.89,7.22,6.67,5.7,143.0
牛奶烧鹌鹑蛋,107.17,6.83,6.36,5.62,265.0
鹌鹑蛋烧肉,248.12,9.38,21.25,4.79,133.0
鹌鹑蛋猪肉白菜粥,60.0,2.86,3.54,4.41,515.0
鹌鹑焖羊肉,140.41,16.26,5.01,7.37,193.0
蜂蜜孜然烤鸡翅,221.3,18.1,13.79,7.19,108.0
澳带炒荷兰豆,60.98,4.94,2.21,5.85,264.0
澳带芥蓝花,54.9,5.22,2.07,5.21,286.0
拌八宝菠菜,88.19,5.73,5.17,5.85,288.0
八宝豆皮,342.53,34.6,16.61,16.46,261.0
八宝鸡,166.67,14.98,6.2,12.47,480.0
八宝鸡汤,226.87,17.52,14.27,6.42,320.0
八宝酿莲藕,58.91,7.03,0.32,7.72,275.0
八宝酿鲜鱿,148.05,13.13,5.79,11.55,308.0
八宝肉元,269.08,14.56,21.61,3.82,249.0
八宝粥,295.45,7.64,1.0,65.0,22.0
八宝粽子,231.11,10.01,0.97,47.61,135.0
八块鸡,257.68,18.08,16.44,9.62,293.0
扒白菜卷,98.53,4.67,7.54,3.28,679.0
扒白菜条,92.33,4.02,6.4,5.2,326.0
扒肥肠,195.95,6.44,17.98,1.18,444.0
扒酿海参,112.1,15.27,2.37,6.59,281.0
扒酿蹄筋,139.89,26.84,2.33,2.01,366.0
扒牛肉,120.96,12.62,6.32,3.02,539.0
扒牛舌,181.31,14.28,11.61,4.5,428.0
香扒牛舌,174.49,12.66,10.56,6.57,98.0
拔丝白薯,87.66,0.99,3.14,14.97,235.0
拔丝地瓜,148.62,1.28,3.85,27.71,218.0
拔丝年糕,195.33,3.08,5.23,34.28,107.0
拔丝山药,98.16,1.76,3.29,15.84,163.0
拔丝什锦山药,166.25,2.27,3.46,31.96,160.0
拔丝土豆,110.8,2.46,2.54,20.12,213.0
拔丝香蕉,119.07,3.17,2.73,20.99,367.0
鲅鱼饺子,211.83,13.01,6.01,24.75,186.0
韭菜鲅鱼饺子,179.41,14.72,2.23,25.66,238.0
鲅鱼鲜蔬饺子,201.54,12.43,3.4,31.38,195.0
鲅鱼水饺,190.31,13.9,7.76,16.8,289.0
鲅鱼丸子,128.33,12.08,6.42,4.42,180.0
鲅鱼蒸饺,205.22,13.96,6.9,22.56,249.0
白菜包,176.41,7.46,8.8,17.57,284.0
白菜炒豆芽,38.68,2.77,1.58,3.94,318.0
白菜翠玉羹,31.89,2.53,1.82,3.31,533.0
白菜冬瓜汤,18.29,1.4,0.26,3.23,164.0
白菜豆泡,73.85,4.43,4.78,3.77,218.0
白菜豆腐煲,124.83,6.37,7.97,7.84,572.0
白菜豆腐肉丸汤,63.86,5.22,2.83,5.16,202.0
家常白菜豆腐汤,36.77,1.59,3.16,0.51,359.0
白菜豆干炒腊肉,228.12,7.83,18.85,7.0,160.0
白菜炖牛肉,140.3,12.24,5.47,12.01,335.0
白菜粉丝炒五花肉,131.23,4.33,6.55,13.97,285.0
白菜粉丝炖豆腐,77.65,3.09,2.46,11.4,358.0
白菜凤爪汤,48.3,4.42,2.73,1.66,617.0
白菜挂面,156.19,6.81,0.65,31.11,105.0
白菜海带豆腐煲,36.34,2.62,1.59,3.3,432.0
白菜烩豆腐,84.29,6.03,4.07,6.54,503.0
白菜烩粉丝,134.82,3.01,3.02,24.09,224.0
白菜卷,45.42,3.91,1.04,5.96,295.0
白菜肉沫卷,93.6,5.44,1.42,15.11,375.0
白菜绿豆饮,54.46,3.36,0.25,10.34,112.0
白菜牡蛎粉丝汤,98.6,2.68,2.2,17.16,215.0
白菜牡蛎年糕汤,65.24,2.84,0.77,12.01,210.0
白菜木耳炒肉丝,102.07,8.76,3.83,9.34,290.0
白菜木耳炒肉,72.92,5.4,2.42,8.35,288.0
白菜清汤,9.95,0.45,0.53,0.97,422.0
白菜肉卷,109.4,8.49,5.32,7.15,117.0
白菜肉丸汤,206.34,7.84,12.55,13.07,268.0
白菜肉丸子,205.07,10.06,17.65,1.81,355.0
白菜沙拉,41.61,2.2,0.4,8.17,161.0
白菜烧三菇,57.35,3.0,2.67,7.02,279.0
白菜水煎包,194.68,7.73,7.97,23.51,301.0
白菜香肠汤,42.63,2.11,3.24,1.33,380.0
白菜心拌豆腐丝,99.25,9.06,5.2,4.53,266.0
白菜杏仁排骨汤,95.65,5.42,6.78,3.64,712.0
白菜洋葱牛肉粥,57.77,3.5,0.47,10.24,341.0
白菜樱虾煎饼,98.35,7.56,2.63,11.46,242.0
白豆腐拌菜花,78.06,4.81,5.41,3.55,155.0
白果拌红豆,341.94,13.84,5.89,59.44,62.0
白果煲老鸭,105.88,5.97,5.94,6.47,408.0
白果炒百合,224.83,5.94,2.61,44.86,145.0
白果炒鸡丁,153.54,11.46,5.22,14.73,226.0
白果炒牛肉,132.81,10.28,2.54,17.4,192.0
白果炒虾仁,202.4,15.04,2.35,30.03,167.0
白果冬瓜汤,35.05,1.21,0.14,7.3,388.0
白果冬瓜粥,88.56,2.71,0.42,18.94,201.0
白果炖南瓜,87.5,2.23,2.33,14.73,240.0
白果腐竹薏米糖水,115.8,8.1,3.37,13.39,348.0
白果腐竹猪肚汤,79.12,5.16,1.89,10.63,364.0
白果黑米粥,84.85,2.52,0.45,17.95,198.0
白果烩白菜,58.1,2.76,0.84,10.75,401.0
白果烩丝瓜,53.18,2.2,1.25,8.84,314.0
白果鸡丁,133.42,20.8,2.35,6.76,386.0
白果鲫鱼,134.64,16.3,2.41,11.59,179.0
白果老鸭汤,242.27,12.28,10.59,22.75,97.0
银杏老鸭汤,140.91,11.75,1.19,19.02,88.0
白果凉拌枸杞,113.04,4.3,0.54,23.05,115.0
白果马蹄猪肚汤,53.12,4.21,1.52,5.71,480.0
白果山药炒西芹,78.72,2.46,1.13,15.44,235.0
白果山药粥,62.08,1.79,0.18,13.35,240.0
白果虾球,112.22,12.37,2.36,10.57,270.0
白果虾仁鳕鱼,171.74,17.44,1.59,21.95,276.0
白果虾仁银鳕鱼,178.36,16.91,1.66,24.02,268.0
白果粥,146.47,8.4,3.32,20.98,241.0
白蛤冬瓜汤,11.15,1.4,0.2,1.09,556.0
白辣椒炒牛肉,170.53,15.99,5.43,18.63,95.0
白萝卜拌金针菇,38.49,1.52,1.23,6.43,304.0
白萝卜炖大排,176.05,11.54,12.42,4.13,167.0
白萝卜炖牛肉,102.81,6.84,3.87,10.49,178.0
白萝卜炖牛肚,68.65,7.06,1.68,7.18,252.0
白萝卜煲牛尾,69.86,7.04,2.23,6.21,146.0
白萝卜炖猪肉,129.17,5.15,10.83,3.05,168.0
白萝卜番茄汤,19.66,1.0,0.5,3.12,407.0
白萝卜海带汤,45.16,1.4,2.02,6.37,124.0
白萝卜鸡肉泥,52.5,9.53,0.76,2.24,80.0
白萝卜牡蛎汤,25.6,1.03,1.08,2.71,293.0
白萝卜海蛎子汤,28.18,1.11,1.11,3.52,291.0
白萝卜浓汤,14.77,0.38,0.06,3.48,413.0
白萝卜藕粉羹,50.94,0.11,0.01,12.74,265.0
白萝卜排骨汤,50.11,3.3,3.34,1.93,437.0
白萝卜泡菜,35.0,0.81,1.56,5.0,140.0
白萝卜苹果牛肉汤,35.14,3.35,1.46,2.5,313.0
白萝卜山药粥,50.51,1.22,0.66,10.32,196.0
白萝卜丝炒黄豆芽,44.52,2.21,1.32,7.08,310.0
白萝卜汤,3.0,0.14,0.02,0.74,367.0
白萝卜稀粥,30.34,0.83,0.1,6.98,290.0
白萝卜虾蓉饺,124.56,7.53,0.72,22.61,171.0
白萝卜粥,48.29,1.42,0.17,10.75,205.0
白肉鱼炖土豆,64.15,11.28,0.35,4.31,159.0
白肉鱼乳酪浇汁菜,80.43,7.65,3.19,5.62,184.0
白薯饭,103.08,2.09,0.28,23.7,130.0
白薯叶鸡蛋汤,35.2,2.96,2.18,1.13,304.0
白薯叶猪肝汤,113.16,9.33,5.95,6.24,76.0
白吐司,195.09,7.71,5.06,30.28,163.0
白面包,379.71,15.04,5.09,70.16,69.0
白油豆腐,103.21,6.56,6.26,6.15,218.0
白油肝片,132.65,14.55,4.05,10.32,294.0
白玉豆腐,97.36,7.15,6.08,4.33,227.0
白玉翡翠,53.82,6.78,1.23,4.4,314.0
白玉菇炒牛肉,228.71,25.17,5.72,24.68,209.0
白玉菇猪肝番茄豆腐汤,36.48,3.23,1.86,2.2,403.0
白玉银耳汤,20.6,0.65,0.08,5.05,335.0
白云鸡爪,222.22,20.08,13.74,4.6,180.0
白云猪手,139.39,11.65,9.66,1.32,594.0
白芸豆沙拉,38.39,1.78,1.16,7.13,211.0
白斩鹅肉,205.26,14.2,15.46,0.82,323.0
白斩鸡,127.27,16.56,5.96,1.6,374.0
葱香白斩鸡,145.13,18.49,6.83,2.46,390.0
家常白斩鸡,144.98,18.15,6.8,2.95,229.0
白汁菜花,51.79,2.56,2.12,6.67,280.0
白汁菜心,42.89,4.97,1.18,3.76,429.0
白汁桂鱼,133.97,17.08,5.42,4.06,471.0
白汁银鱼,110.63,13.34,3.18,7.36,395.0
白芝麻拌小油菜,37.3,2.62,2.13,2.9,252.0
白芝麻拌裙带菜,148.68,12.13,6.54,15.24,76.0
白芝麻鸭肝,171.03,13.7,9.95,7.28,145.0
白煮蛋碎拌沙拉,113.1,6.66,6.9,6.68,145.0
白煮肉拌黄瓜,72.73,3.2,5.39,3.03,616.0
白灼八爪鱼,98.28,9.75,1.53,13.48,290.0
白灼鲜章鱼,61.69,9.44,1.23,3.32,415.0
白灼小章鱼,67.33,10.17,1.31,4.38,202.0
白灼蛏子,45.65,7.0,0.29,3.34,276.0
白灼大明虾,86.73,12.34,1.62,5.12,226.0
白灼芥菜,41.25,2.81,1.0,5.44,320.0
白灼芥兰,34.31,2.96,1.03,5.15,274.0
鲜美白灼芥蓝,30.42,2.94,0.81,4.59,378.0
白灼金针菇,43.4,2.4,1.64,5.91,159.0
家常白灼金针菇,34.09,2.42,0.39,6.49,308.0
白灼韭菜,50.0,2.58,2.18,6.48,174.0
白灼生菜,15.24,1.59,0.39,1.89,164.0
白灼西兰花,31.82,3.52,0.58,4.93,264.0
白灼基围虾,91.85,15.17,1.76,3.96,368.0
家常白灼虾,96.13,15.66,1.99,3.96,413.0
家常白灼大虾,97.63,16.47,1.89,3.61,169.0
白灼大虾,102.38,16.42,2.48,3.71,84.0
白灼虾配西兰花,70.39,9.73,1.87,3.76,385.0
白灼鱿鱼,76.19,14.07,1.37,0.65,315.0
百合荸荠雪梨羹,95.79,1.08,0.12,23.28,95.0
百合彩椒炒虾仁,125.89,8.52,0.37,22.84,587.0
百合参耳汤,48.52,1.41,0.1,11.71,237.0
百合炒芦笋,124.48,3.98,2.88,21.67,192.0
百合炒墨鱼,96.12,10.56,1.28,10.82,309.0
百合炒南瓜,52.13,1.1,0.75,10.7,305.0
百合炒牛肉,125.8,10.74,4.23,11.82,314.0
百合炒虾仁,182.38,16.1,2.0,24.84,454.0
百合炖甲鱼,214.16,11.27,15.31,6.71,346.0
百合炖雪梨,32.96,0.25,0.05,8.32,625.0
百合炖猪蹄,232.65,16.51,14.62,8.06,294.0
百合桂圆羹,114.77,2.68,0.25,21.16,88.0
百合海参佐桂圆,92.14,12.92,0.93,8.31,458.0
百合荷兰豆,76.53,2.74,2.86,10.54,196.0
百合黑米粥,62.83,1.53,0.28,13.76,191.0
百合黑米香粥,69.54,1.68,0.29,15.3,197.0
百合红豆豆浆,51.48,2.37,0.62,9.52,305.0
百合红豆粥,62.63,2.06,0.13,13.51,190.0
百合红枣粥,68.53,1.32,0.15,15.79,197.0
百合花生银耳木瓜汤,34.72,1.08,1.36,4.92,337.0
百合黄花烩豆腐,90.91,5.53,3.83,9.71,341.0
百合莲枣茶,27.47,0.64,0.08,6.16,182.0
百合莲子龙眼粥,75.69,1.53,0.2,17.06,218.0
百合莲子绿豆粥,64.97,2.19,0.16,13.86,197.0
百合莲子银耳豆浆,54.17,2.48,0.16,11.85,192.0
百合莲子银耳羹,32.14,1.04,0.13,7.4,252.0
百合莲子粥,78.54,1.76,0.22,17.73,233.0
百合绿豆汤,18.01,0.77,0.03,3.75,322.0
百合绿豆粥,64.89,2.09,0.14,14.09,188.0
百合马蹄汤,31.81,1.38,1.45,3.67,415.0
百合南瓜粥,44.3,0.92,0.11,10.09,228.0
百合牛肉,176.26,13.17,6.32,15.71,139.0
百合肉片豆花粥,114.87,4.28,4.29,13.42,269.0
百合丝瓜炒鸡片,109.13,4.95,1.34,18.95,208.0
百合汤,12.16,0.13,0.01,2.92,370.0
百合虾仁炒芦笋,69.81,6.67,0.76,8.52,265.0
百合小米粥,73.85,1.73,0.35,16.18,130.0
百合杏仁赤豆粥,91.3,3.25,2.09,15.48,138.0
百合薏仁绿豆汤,39.66,1.62,0.2,8.06,232.0
百合银耳甜汤,27.3,0.53,0.07,6.76,337.0
百花鸡,190.87,19.47,2.12,22.8,230.0
百花酿北菇,68.34,4.26,3.57,5.92,319.0
百花酿豆腐,123.44,11.38,3.57,12.11,320.0
百香果布丁,231.12,5.82,19.65,8.03,241.0
百香果汁,34.39,0.62,0.2,8.31,285.0
板栗白果煨土鸡,186.51,13.96,2.64,26.63,304.0
板栗煲凤爪,268.11,13.07,17.72,15.39,602.0
板栗煲鸡汤,67.81,7.46,2.38,4.3,584.0
板栗冰糖粥,99.42,2.12,0.27,22.42,172.0
板栗红枣糯米鸡饭,206.99,8.26,2.25,38.85,229.0
板栗红枣烧羊肉,185.64,11.48,5.3,23.65,188.0
板栗红枣粥,132.85,2.52,0.32,30.56,207.0
板栗糊,80.57,1.8,0.3,18.09,350.0
板栗花生汤,62.95,2.91,3.09,6.34,502.0
板栗牛肉,149.85,11.25,5.05,15.24,335.0
板栗排骨汤,231.19,13.8,14.28,11.95,218.0
板栗青豆炒双菇,110.06,5.21,2.52,17.89,169.0
板栗烧牛肉,161.64,14.37,6.03,12.43,232.0
板栗烧仔鸡,160.67,12.39,4.73,17.22,300.0
板栗烧嫩鸡,170.64,11.57,5.39,19.21,109.0
板栗煨白菜,48.33,1.83,1.63,6.97,689.0
板栗煲白菜,60.24,1.92,2.29,8.37,337.0
板栗粥,79.31,2.66,0.28,16.79,145.0
拌蛋皮木耳,222.73,9.76,5.25,43.55,88.0
拌豆腐干,159.82,10.43,9.47,9.04,112.0
拌胡萝卜丝,48.07,1.06,1.5,8.88,233.0
杂拌凉菜,169.59,9.5,8.72,14.73,148.0
拌花生菠菜,142.86,6.46,9.89,8.02,133.0
拌黄豆芽,54.39,4.2,2.08,5.62,342.0
拌金针菇,42.69,2.48,0.99,7.13,335.0
拌烤茄子,46.19,1.32,2.03,6.38,223.0
拌萝卜丝,42.19,1.57,1.74,6.11,128.0
拌绿豆芽,19.62,1.34,0.53,2.8,265.0
拌芹菜三丝,58.56,2.96,2.83,6.62,181.0
拌秋葵,55.16,2.3,1.98,9.04,223.0
拌三丝,131.75,7.76,8.47,6.37,126.0
鲜拌三丝,206.52,4.33,7.33,30.92,92.0
拌双耳,269.84,11.83,3.0,63.17,126.0
凉拌双耳,279.07,8.12,8.14,53.21,43.0
拌丝瓜,37.05,1.61,1.54,5.01,224.0
拌汤面,212.1,10.87,7.1,26.49,157.0
拌茼蒿,30.89,2.11,0.61,4.72,314.0
拌土豆丝,76.47,2.27,1.0,15.31,255.0
拌小白菜,27.87,1.75,1.54,2.69,366.0
拌心里美萝卜,49.68,1.19,0.64,10.46,312.0
拌鱿鱼丝,81.45,13.45,2.52,1.31,275.0
拌猪耳,164.63,17.76,10.17,0.5,328.0
蚌肉苦瓜汤,32.09,4.3,0.22,3.49,134.0
棒棒鸡,108.97,20.14,2.48,1.62,312.0
棒棒鸡丝,141.55,23.02,4.32,2.69,219.0
包菜炒肉丝,56.6,3.91,2.22,5.65,394.0
包菜回锅肉,114.29,3.25,9.28,4.63,315.0
包菜鸡蛋玉米面饼,135.58,7.1,5.22,15.88,267.0
包烤秋刀鱼,120.33,11.89,4.39,8.52,241.0
锡纸烤秋刀鱼,127.0,13.68,5.82,4.71,100.0
孢子甘蓝干酪,59.39,4.83,2.22,8.39,165.0
煲冬瓜,83.23,5.09,5.36,3.47,507.0
薄脆煎饼,210.71,10.7,4.56,32.93,112.0
薄荷叶煎蛋,163.22,9.91,11.89,5.08,87.0
薄皮菠菜饼,157.62,8.04,5.03,20.42,210.0
扁豆焖面（宝宝版）,174.82,8.65,3.51,27.73,139.0
苹果米粉泥（宝宝辅食）,87.65,0.4,0.27,22.18,170.0
芹菜牛肉丝（宝宝辅食）,96.13,10.52,3.59,4.48,155.0
鲍菇炖牛腩,196.02,9.41,14.02,8.71,427.0
鲍鱼扒菜心,57.65,6.12,1.03,6.13,392.0
鲍鱼炖排骨,116.01,10.39,7.34,2.07,612.0
鲍鱼海参煲,76.9,15.04,0.19,3.79,316.0
鲍鱼鸡汤,157.76,20.99,6.59,3.06,277.0
鲍鱼鸡粥,96.54,13.27,2.75,4.45,289.0
鲍鱼茭白丝,77.43,8.33,1.2,8.7,319.0
鲍汁海参,51.0,7.14,1.31,3.1,649.0
鲍汁辽参,49.44,6.26,1.59,3.09,445.0
爆炒猪肝尖,127.19,13.9,4.64,7.54,342.0
爆炒海瓜子,60.48,7.43,1.62,4.01,334.0
爆炒河蚌,83.15,6.54,1.78,10.86,273.0
爆炒黑木耳肉丝,220.47,14.94,10.28,20.98,127.0
爆炒花蛤,78.63,7.6,1.86,8.62,234.0
爆炒鸡肝,117.14,11.71,5.02,8.4,245.0
爆炒辣子鸡,163.49,18.39,7.52,7.59,241.0
爆炒螺片,98.88,10.29,2.68,8.95,269.0
爆炒墨鱼花,83.71,12.53,1.45,4.75,313.0
炝炒墨鱼花,85.86,12.03,1.82,4.64,99.0
爆炒四季豆,168.68,7.1,12.59,9.45,182.0
爆炒田螺,75.96,9.52,1.52,5.63,312.0
爆炒咸猪肉,317.81,12.8,26.9,6.21,146.0
爆炒羊肝,121.1,14.37,3.31,8.35,417.0
炝炒羊肝,144.0,16.04,4.1,10.64,225.0
爆炒鱿鱼,84.4,13.33,2.01,3.52,359.0
爆炒竹笋鸡珍,111.54,11.05,3.67,9.58,156.0
爆香猪肚,95.36,10.0,3.97,4.98,323.0
爆腰花,118.7,11.23,6.72,2.94,385.0
爆鱿鱼花,100.0,14.53,2.55,3.59,246.0
炝爆鱿鱼花,83.84,11.65,1.96,5.03,229.0
爆鱿鱼卷,86.76,12.32,2.23,3.91,272.0
杯形饭团,96.71,3.87,0.97,18.66,152.0
北方拌三丝,99.31,3.97,3.05,14.85,291.0
北方笨豆芽炒鸡丝,73.12,7.74,3.29,3.91,279.0
北方素炒饼,139.3,4.28,1.88,27.12,430.0
北菇蒸滑鸡,101.84,12.66,4.33,3.29,434.0
冬菇蒸滑鸡,111.11,14.59,5.08,2.19,234.0
北菇蒸鸡腿,115.06,14.6,5.23,3.25,239.0
北极贝炒芥蓝,48.08,3.82,1.34,6.34,364.0
北极贝炒西兰花,61.65,4.38,1.95,7.63,266.0
北京烤肉,121.89,14.68,5.36,3.28,265.0
北京烤鸭,91.11,8.82,0.98,12.17,225.0
特色北京烤鸭,89.19,8.85,1.0,11.64,111.0
笨蛋炒韭菜苔,116.67,9.67,7.11,3.9,174.0
荸荠百合甜汤,30.5,0.56,0.06,7.18,282.0
荸荠冰糖水,13.22,0.2,0.03,3.17,242.0
荸荠炒冬菇,58.28,1.79,0.93,11.61,290.0
荸荠海蜇,68.67,1.55,1.28,13.15,300.0
荸荠马齿苋,26.72,1.8,0.39,4.28,262.0
荸荠米饭,121.43,2.76,0.49,26.98,140.0
荸荠糯米丸子,194.71,8.33,10.11,17.19,208.0
荸荠鲜藕汤,14.6,0.26,0.04,3.45,322.0
比萨烤面包片,245.0,9.26,10.15,29.64,80.0
碧绿生鱼卷,99.0,5.78,5.86,6.76,301.0
碧绿鱼肉卷,99.33,5.79,5.88,6.76,300.0
碧绿香菇鸡蛋汤,62.18,5.21,3.7,2.67,156.0
碧绿香菇蛋汤,75.32,5.89,4.29,3.86,154.0
碧绿小菜,65.79,5.4,3.08,6.28,228.0
碧玉白菜卷,27.91,1.76,0.5,4.78,369.0
碧玉武昌鱼,127.15,15.64,5.83,2.77,361.0
扁豆炒肉,92.41,7.14,3.49,10.18,237.0
扁豆炒肉丝,82.18,4.16,5.32,6.06,331.0
扁豆炒虾,56.58,6.4,1.06,6.82,304.0
扁豆炖排骨,180.29,11.83,11.38,8.27,274.0
扁豆炖猪肉,131.08,3.77,10.59,5.55,222.0
扁豆焖意面,152.78,4.84,1.11,29.02,108.0
扁豆木耳冬瓜汤,69.31,4.23,1.21,13.75,189.0
扁豆土豆炖宽粉,141.9,3.45,6.36,17.65,253.0
缤纷蔬果沙拉,52.78,1.04,0.31,12.42,180.0
缤纷虾仁,121.28,8.61,1.87,17.86,141.0
冰花煎饺,212.32,9.12,10.88,20.77,276.0
冰凉甜芋,67.39,1.3,0.17,13.22,92.0
冰溏南瓜糯米粥,51.54,1.3,0.15,11.51,227.0
冰糖百合绿豆沙,78.18,2.55,0.09,17.21,110.0
冰糖百合水,23.56,0.28,0.01,5.66,225.0
冰糖炖木瓜,48.15,1.46,2.18,6.37,432.0
冰糖炖肘,224.32,14.29,13.73,10.08,292.0
冰糖炖猪手,246.06,20.72,17.11,1.81,330.0
冰糖枸杞莲子红枣银耳羹,42.29,1.03,0.16,10.06,253.0
冰糖枸杞银耳羹,31.97,1.28,0.2,7.52,122.0
冰糖红枣银耳糖水,43.04,1.05,0.15,10.81,237.0
冰糖莲子梨,25.69,0.24,0.06,6.46,362.0
冰糖木瓜炖银耳,24.66,0.44,0.08,6.08,365.0
冰糖牛奶炖木瓜,36.88,0.99,0.84,6.52,545.0
冰糖糯米藕,104.86,2.43,0.32,24.22,185.0
冰糖湘莲,46.77,1.11,0.16,11.06,263.0
冰糖雪梨,59.51,0.29,0.1,15.2,205.0
冰糖雪梨银耳羹,54.68,0.91,0.17,13.62,267.0
冰糖雪梨银耳杏仁汤,56.27,1.42,1.48,10.61,327.0
冰糖银耳莲子羹,45.26,1.55,0.24,10.43,137.0
冰糖玉米羹,61.88,1.8,0.48,13.21,223.0
冰镇枇杷银耳汤,22.65,0.56,0.1,5.47,287.0
冰镇酸辣洋葱,52.82,1.27,1.31,9.61,195.0
冰镇银耳薏米膏,126.11,3.04,0.57,30.08,157.0
冰汁茄子,38.8,1.28,0.23,8.62,183.0
饼干比萨,186.43,6.99,7.1,24.64,140.0
波什馒头,120.41,6.12,1.69,21.2,338.0
菠菜拌粉丝,76.52,3.0,2.1,12.21,345.0
菠菜拌香干,70.7,4.94,3.22,6.17,256.0
菠菜饼,85.38,5.67,2.99,9.65,390.0
菠菜炒豆腐皮,208.71,22.82,10.55,7.84,241.0
菠菜炒腐竹,82.3,6.64,3.31,7.25,209.0
菠菜炒鸡蛋,49.01,4.0,2.01,4.43,406.0
鲜菠菜炒鸡蛋,78.1,6.62,4.22,3.99,306.0
菠菜胡萝卜炒鸡蛋,87.07,6.99,4.79,4.68,232.0
菠菜木耳炒鸡蛋,86.09,5.66,3.1,11.0,230.0
菠菜炒金针菇,37.9,2.56,0.96,5.66,314.0
菠菜炒玉米,54.92,2.89,1.3,8.21,264.0
菠菜烩猪肝,59.09,5.48,1.78,5.85,286.0
菠菜蛋丝汤,23.58,1.95,1.22,1.47,458.0
菠菜蛋黄粥,54.71,3.95,1.83,6.05,340.0
菠菜豆腐蛋花汤,86.6,8.16,4.04,5.46,194.0
菠菜豆腐鸡蛋汤,23.77,2.0,1.41,0.93,408.0
菠菜豆腐丝,110.0,8.15,5.96,6.68,80.0
菠菜豆腐汤,35.27,2.73,1.85,2.17,431.0
小菠菜豆腐汤,21.27,1.64,1.1,1.49,456.0
翡翠豆腐汤,20.28,1.58,1.15,1.08,429.0
菠菜豆腐鸭肝汤,82.2,6.25,5.0,3.85,118.0
菠菜粉丝汤,37.31,0.82,1.33,5.61,394.0
菠菜干贝汤,36.84,3.89,1.14,2.87,494.0
菠菜枸杞粥,53.11,1.79,0.79,10.12,177.0
菠菜核桃粥,82.22,2.43,3.45,10.89,180.0
菠菜花卷,126.04,6.01,2.04,21.82,169.0
菠菜鸡蛋豆腐汤,29.94,2.41,1.75,1.29,314.0
菠菜鸡蛋卷,102.61,8.1,6.37,3.64,115.0
鸡蛋菠菜汤,20.97,1.51,1.32,0.82,391.0
菠菜虾皮鸡蛋汤,15.56,1.31,0.91,0.59,360.0
菠菜鸡肝滚粥,59.92,3.0,0.98,9.84,252.0
菠菜鸡肝面,91.0,4.88,1.93,14.25,200.0
菠菜鸡肉咖喱烩饭,119.31,5.74,2.94,17.89,145.0
菠菜鸡肉粥,123.36,7.06,1.56,20.78,107.0
菠菜鸡丝,59.04,6.26,2.03,4.61,188.0
菠菜煎饼,68.04,3.27,1.34,11.38,219.0
菠菜煎豆腐,62.47,4.72,3.2,4.56,413.0
菠菜菌菇豆腐汤,44.35,4.47,1.49,4.09,469.0
菠菜马铃薯煎蛋饼,90.97,5.58,3.43,10.08,465.0
菠菜米糊,152.05,11.45,5.13,15.32,146.0
鲜菠菜米糊,108.97,9.99,3.28,10.17,156.0
菠菜大米糊,258.57,8.71,8.04,38.54,70.0
菠菜面饼,106.25,6.77,3.67,12.15,224.0
菠菜嫩玉米沙拉,75.0,2.5,2.32,12.26,296.0
菠菜泥,28.0,2.6,0.3,4.5,150.0
鲜菠菜泥,38.71,2.79,0.34,6.88,155.0
菠菜泥大米粥,65.56,2.04,0.23,14.12,180.0
菠菜泥烂面条,90.0,2.9,0.86,18.19,80.0
菠菜牛奶稀粥,213.68,3.94,5.97,36.88,95.0
菠菜牛奶粥,51.67,2.27,1.67,6.92,120.0
菠菜牛肉粥,70.09,3.86,0.46,13.02,214.0
菠菜盘,35.44,2.59,0.3,6.39,206.0
菠菜皮蛋粥,108.33,6.19,4.58,10.75,240.0
菠菜芹菜粥,77.95,2.1,0.25,17.11,195.0
菠菜全麦玛芬蛋糕,252.31,8.7,16.7,17.82,260.0
菠菜裙带菜味噌汤,16.23,1.66,0.14,2.82,265.0
菠菜肉末面,174.42,6.41,7.67,20.64,129.0
菠菜色拉,60.14,4.64,2.46,5.44,286.0
菠菜沙拉,74.91,4.36,3.95,6.07,283.0
菠菜水,10.62,0.97,0.11,1.69,320.0
菠菜水（宝宝辅食）,6.15,0.6,0.07,1.04,130.0
菠菜汤,11.41,0.65,0.57,1.12,403.0
菠菜丸子汤,110.96,5.49,8.05,4.85,219.0
菠菜虾蓉汤,59.6,6.55,1.78,4.9,297.0
菠菜小米粥,100.57,4.73,1.72,17.09,175.0
菠菜鸭血豆腐汤,36.84,2.79,2.15,1.82,285.0
菠菜洋葱牛奶羹,23.87,1.68,0.51,3.52,310.0
菠菜洋葱鲜奶羹,26.9,1.57,0.75,3.79,290.0
菠菜银鱼面,150.0,11.51,4.76,15.7,136.0
菠菜蒸蛋,125.36,12.85,6.53,3.99,351.0
菠菜汁,9.33,0.87,0.1,1.5,150.0
鲜菠菜汁,14.44,1.3,0.16,2.26,90.0
菠菜粥,52.1,3.58,0.33,9.11,286.0
翡翠粥,49.4,1.66,0.19,10.52,166.0
菠菜猪肝豆腐汤,13.71,1.24,0.73,0.68,350.0
菠菜猪肝浓汤,50.85,3.58,2.32,4.42,293.0
菠菜煲猪肝汤,25.23,2.51,1.11,1.51,333.0
菠菜猪肝粥,60.54,3.18,2.04,7.45,299.0
菠菜肝片粥,62.21,3.66,0.72,10.42,172.0
猪肝菠菜浓粥,48.53,2.07,1.11,7.69,272.0
菠菜猪血羹,33.1,2.5,1.5,2.6,435.0
菠菜猪血面,57.46,2.81,0.72,10.13,362.0
菠菜煮猪肝,45.03,5.46,1.03,4.11,302.0
菠鸡小丝,54.79,7.17,1.2,4.46,261.0
菠萝炒鸡片,87.61,12.42,0.95,7.55,331.0
菠萝炒虾球,148.56,9.45,3.73,20.13,313.0
菠萝烩虾球,160.77,9.69,4.82,20.52,130.0
菠萝炒鱼片,99.32,9.37,3.95,6.71,294.0
菠萝咕噜饭,124.22,4.81,7.19,10.45,512.0
菠萝古老肉,188.44,8.06,12.97,9.81,199.0
菠萝红虾球,163.08,12.08,2.01,24.39,279.0
菠萝鸡炒饭,89.44,7.24,0.83,13.26,360.0
菠萝鸡翅,74.59,5.19,3.83,4.76,429.0
菠萝鸡蛋饼,85.77,6.05,3.82,7.09,274.0
菠萝鸡丁,91.02,12.45,1.82,5.82,245.0
菠萝鸡块,97.03,9.62,3.06,7.01,269.0
菠萝鸡片,80.1,13.04,1.05,4.88,387.0
菠萝鸡肉饭,120.14,11.1,2.01,14.04,288.0
菠萝鸡肉沙拉,82.88,13.15,1.47,4.48,479.0
菠萝排骨,217.94,7.93,18.15,6.12,379.0
菠萝培根焗饭,96.68,2.91,4.02,12.86,391.0
菠萝肉片,132.39,5.01,8.73,8.98,176.0
菠萝肉松炒饭,125.56,3.98,2.72,21.59,356.0
菠萝蔬菜饭,135.43,4.14,4.98,19.15,223.0
菠萝水果冻,55.36,0.76,0.15,13.01,233.0
菠萝甜橙汁,25.78,0.38,0.09,6.1,450.0
菠萝土豆丁,48.31,1.17,0.16,10.99,354.0
菠萝虾仁炒饭,133.49,7.61,2.06,21.68,212.0
菠萝虾仁火腿炒饭,136.4,7.33,4.72,16.34,283.0
菠萝鸭片,76.31,5.43,1.82,9.43,249.0
菠萝羊肉,97.49,6.11,2.98,12.79,398.0
菠萝芝麻枣煳,79.64,1.79,2.92,12.39,280.0
伯爵茶饼,454.23,16.86,29.11,33.68,142.0
博山八宝豆腐,100.32,8.57,5.23,5.56,317.0
博山豆腐箱,139.1,12.75,6.98,8.18,312.0
博山烤肉,327.72,14.95,29.8,0.0,202.0
补血食品-猪肠汤,61.35,3.58,2.71,7.29,370.0
财鱼萝卜汤,88.94,16.9,1.11,2.21,226.0
彩蛋黄瓜卷,72.0,5.07,4.35,3.67,150.0
彩虹金菇煲,65.56,3.4,2.63,8.41,270.0
彩虹肉皮冻,165.87,12.48,11.67,3.3,293.0
彩虹杂蔬软饭,71.01,1.8,1.24,13.92,207.0
彩烩豆腐,94.58,5.39,3.82,11.66,277.0
彩椒拌腐竹,188.89,12.99,10.44,11.75,153.0
彩椒拌鲤鱼干,66.99,9.28,2.09,3.54,103.0
彩椒炒百合,101.42,2.23,1.09,21.45,211.0
彩椒炒花甲,68.75,7.7,1.47,6.68,224.0
彩椒炝鸡丁,77.03,11.25,1.7,5.06,283.0
彩椒炒鸭片,84.71,12.38,1.19,5.85,399.0
彩椒炒猪腰,70.81,7.74,1.51,6.31,346.0
彩椒豆薯,70.61,1.52,1.06,14.47,228.0
彩椒腐皮寿司,145.45,11.18,4.87,15.38,165.0
彩椒鲑鱼丁,119.67,7.51,4.59,13.2,305.0
彩椒荷兰豆烩鸡丝,42.64,2.55,1.12,6.48,265.0
彩椒黄瓜炒鸭肉,59.68,5.62,1.87,4.8,248.0
彩椒鸡丝面,148.09,12.05,1.7,21.54,131.0
彩椒蘑菇,109.18,11.03,2.5,14.72,196.0
彩椒目鱼,98.04,15.89,2.42,2.61,204.0
彩椒牛肉,72.08,10.44,1.27,5.42,154.0
彩椒培根卷,254.61,6.12,23.89,4.7,152.0
彩椒肉丝,76.8,7.71,2.59,6.11,181.0
彩椒香干,90.91,4.57,4.32,9.81,187.0
彩椒小菜心,41.67,2.34,1.94,4.39,192.0
彩椒腰果鸡丁,178.05,13.97,10.58,7.56,205.0
彩色里脊丝,93.79,2.3,2.3,16.94,145.0
彩色圆子,93.53,2.59,0.32,20.45,170.0
彩丝炒鸡肉,79.75,12.33,1.95,3.51,316.0
彩丝腐皮卷,143.96,15.22,6.8,6.65,323.0
彩霞蔬菜冻,123.88,4.13,0.62,29.61,134.0
菜包鸡,96.11,12.91,1.73,7.4,463.0
菜包肉,86.34,4.33,7.0,2.53,205.0
特色菜包肉,56.98,7.51,1.65,3.42,265.0
菜丁肉末卷,149.74,7.87,6.93,14.97,191.0
菜丁汤面,135.97,6.18,3.78,19.96,139.0
菜豆汤,42.04,0.59,3.45,2.67,314.0
菜豆粥,63.96,1.87,0.3,14.24,197.0
菜墩芝麻饭,75.8,4.09,2.59,9.83,343.0
菜饭煎饼,96.83,2.56,2.27,17.5,221.0
菜花炒蘑菇,30.74,1.87,1.09,4.59,244.0
花椰菜炒肉,98.11,4.83,7.26,4.37,212.0
菜花耳丝小炒,49.79,3.7,2.41,4.52,239.0
菜花泥,10.0,0.85,0.1,2.1,60.0
菜花牛油果牛肋锅,120.37,14.3,5.56,3.51,270.0
菜花小葱蛋饼,240.13,8.05,2.78,49.94,157.0
菜椒炒肉片,187.16,7.72,15.8,4.24,109.0
菜椒牛肉炒饭,157.36,16.38,6.99,7.41,326.0
菜肉炒饭,153.66,4.64,7.59,16.96,123.0
菜肉汤面,138.57,5.5,3.61,23.2,223.0
菜蔬虾仁,80.31,5.11,1.99,11.17,127.0
菜丝沙拉,51.54,6.97,0.67,4.58,227.0
菜心扒肉饼,181.3,7.89,8.56,18.89,262.0
菜心炒双菇,41.75,2.92,0.22,7.97,103.0
菜心炒猪肝,82.06,9.36,3.2,4.13,379.0
菜心炖土豆,41.09,2.72,0.42,7.38,202.0
菜心肉片,181.53,8.69,15.25,2.79,314.0
菜心肉圆,141.67,7.55,6.86,14.41,348.0
菜心鱼翅,64.52,9.04,1.56,2.83,637.0
碧绿麒麟鱼,93.76,14.49,3.51,1.44,433.0
菜心蒸桂鱼,97.38,14.64,3.95,1.28,229.0
麒麟桂鱼,95.34,12.55,4.57,1.37,279.0
菜叶米饭,120.0,3.6,4.15,17.57,325.0
菜叶汁,9.21,0.86,0.33,1.32,152.0
菜远炒鸡杂,76.23,7.33,2.88,6.1,265.0
菜远炒牛肉,85.05,12.09,2.2,4.42,281.0
蚕豆饼,143.75,5.89,0.85,29.37,112.0
蚕豆瘦肉汤,45.04,2.48,2.65,2.75,353.0
蚕豆猪肉汤,73.14,3.8,5.09,2.97,242.0
蚕豆西葫芦鸡蛋汤,26.44,1.72,0.77,3.49,295.0
糙米豆浆,48.08,2.84,1.26,7.0,287.0
糙米黄豆浆,40.71,2.17,0.95,6.32,393.0
糙米黑豆排骨汤,88.3,5.57,4.46,6.52,359.0
糙米糊,49.71,1.1,0.39,10.71,175.0
糙米烩饭,33.92,1.11,0.38,6.81,451.0
糙米浆,65.75,2.23,3.22,7.31,292.0
飘香糙米浆,37.14,0.83,0.29,8.04,280.0
糙米南瓜拌饭,78.15,1.93,0.39,17.23,270.0
糙米牛肉粥,77.4,3.24,1.14,14.02,354.0
糙米豌豆杂粮饭,161.67,4.78,0.93,34.82,120.0
糙米五谷饭,279.03,7.48,1.44,61.27,310.0
糙米燕麦饭,201.67,5.55,0.7,44.39,120.0
杂粮燕麦饭,202.5,5.58,0.87,44.12,120.0
草菇扒芦笋,27.37,2.82,0.68,3.65,358.0
草菇爆虾球,47.18,4.66,0.95,5.29,479.0
草菇炒口蘑,151.94,20.07,1.7,18.52,206.0
草菇冬瓜球,37.23,1.74,1.13,5.71,325.0
草菇豆腐排骨汤,87.3,6.39,5.41,3.84,244.0
草菇烩花椰菜,58.55,2.18,2.9,7.18,193.0
草菇萝卜牛肉汤,45.57,6.35,0.69,4.1,237.0
草菇面筋,154.9,16.93,3.66,14.33,153.0
草菇烧豆腐,74.73,4.85,3.74,6.22,273.0
草菇烩卤水豆腐,48.91,2.88,2.73,3.74,458.0
草菇烩老豆腐,77.29,5.39,4.29,5.16,361.0
草菇烧鲜豆腐,87.5,5.42,5.13,5.94,216.0
草菇烧面筋,43.62,3.97,1.41,4.21,470.0
草菇丝瓜汤,63.67,3.91,3.16,5.67,245.0
草菇虾米干贝汤,23.51,3.5,0.58,1.31,302.0
草菇虾仁,133.98,11.86,2.8,15.11,256.0
草菇蒸鸡,108.9,13.63,4.27,3.31,191.0
草莓糙米粥,43.85,1.0,0.33,9.47,260.0
草莓豆腐布丁,80.86,2.77,2.02,13.23,162.0
草莓豆腐羹,71.74,1.23,1.03,14.67,230.0
草莓黄瓜,34.43,1.28,0.2,7.36,212.0
草莓拌黄瓜,22.39,0.82,0.2,4.49,134.0
草莓酱蛋巻,121.63,7.48,3.56,15.46,208.0
草莓牛奶羹,38.0,1.82,1.83,3.63,300.0
草莓桑葚奶昔,57.65,1.84,1.34,10.05,255.0
草莓沙拉,92.31,1.66,5.8,9.18,325.0
草莓酸奶冰淇淋,55.68,1.62,0.98,10.5,185.0
草莓土豆泥,81.06,2.99,3.21,10.5,132.0
草莓虾球,115.64,10.37,1.32,15.72,307.0
草莓香蕉酱,52.67,1.13,0.2,12.07,150.0
草莓香蕉奶糊,46.43,1.33,0.99,8.23,280.0
草莓香蕉糊,46.77,0.98,0.37,10.18,310.0
草鱼冬瓜汤,51.52,4.59,2.65,2.3,328.0
鲜香草鱼炖豆腐,111.29,13.15,4.8,4.11,363.0
草鱼烧豆腐,82.69,9.45,4.1,2.33,260.0
草鱼头炖豆腐,102.28,12.65,4.67,2.31,395.0
叉烤鸭,209.93,13.46,16.69,1.57,272.0
叉烧菜脯蛋,149.42,13.17,8.88,4.42,172.0
叉烧炒蛋,159.48,14.37,9.96,3.07,153.0
叉烧炒豆丝,206.02,18.46,11.04,8.48,83.0
叉烧豆角炒鸡蛋,101.01,9.51,4.5,6.41,297.0
叉烧皮蛋粥,107.01,7.16,4.13,10.34,271.0
叉烧汤面,99.44,4.2,0.82,19.7,356.0
叉烧香芹饭,55.89,2.75,0.95,9.17,297.0
茶菇菌排骨汤,69.18,4.71,4.0,3.59,318.0
茶树菇炒鸡蛋,172.73,14.22,8.98,9.86,143.0
茶树菇炖肉,124.85,6.49,9.04,5.09,342.0
茶树菇腐竹炖鸡肉,178.95,18.24,6.71,12.29,266.0
茶树菇干焖鸡,160.08,18.58,6.4,7.32,253.0
茶树菇鸡汤,84.67,10.65,3.22,3.76,437.0
茶树菇烧豆腐,134.96,13.58,3.22,16.07,246.0
茶树菇烧肉,274.34,13.4,20.38,9.82,226.0
茶香南瓜子,560.19,31.82,45.69,8.11,211.0
茶香牛肉,136.42,13.63,2.85,14.26,173.0
茶香虾,204.59,18.98,1.73,28.49,283.0
茶香腰果,473.68,18.01,37.73,20.05,114.0
茶香猪手,234.98,19.05,15.6,3.45,243.0
五香茶叶蛋,147.37,12.59,8.12,7.66,133.0
茶叶卤蛋,159.29,13.3,7.94,11.59,140.0
茶叶卤鸡蛋,163.45,12.97,7.86,13.79,145.0
茶香卤蛋,160.81,12.78,7.7,13.64,148.0
柴把茄子,46.97,2.34,2.09,5.29,396.0
蝉翼黄瓜,19.85,0.71,0.18,4.01,136.0
潮州蚝煎,95.33,6.29,3.11,10.75,257.0
潮州榄菜肉碎炒四季豆,172.64,8.13,14.44,3.85,497.0
炒苞谷,192.86,8.21,15.75,4.93,168.0
炒菠菜,34.64,2.79,0.65,4.78,280.0
炒油菜心,26.59,1.47,1.14,3.76,267.0
烧菜心,54.6,4.51,1.21,7.64,315.0
炒苍蝇头,143.2,7.65,9.36,6.88,169.0
炒蛏子,45.48,6.55,0.87,2.11,343.0
炒葱椒鸡,153.31,19.15,7.44,2.83,272.0
炒蛋白,117.5,13.39,5.41,3.62,200.0
炒蛋扁豆三角饭团,91.57,3.6,1.44,16.83,166.0
炒地三鲜,55.68,1.74,0.68,11.38,431.0
炒冻豆腐,144.0,6.35,10.27,7.49,100.0
炒豆腐,66.14,4.73,3.67,4.39,251.0
炒豆腐干五丁,90.91,6.42,4.27,6.84,297.0
炒豆腐皮,344.64,37.9,17.48,11.2,233.0
炒豆芽,79.51,3.91,2.01,12.24,288.0
炒肥肠,153.09,4.97,13.16,3.14,324.0
炒肝片,89.49,11.28,2.65,4.9,276.0
炒高丽菜,33.13,2.91,0.29,5.2,329.0
炒灌肠,309.9,12.16,24.78,9.78,293.0
炒桂竹笋,66.05,3.96,3.9,4.62,324.0
炒蛤蛋,106.25,9.45,3.55,10.87,288.0
炒蛤仔,62.83,8.55,0.92,5.18,191.0
炒海瓜子,45.39,6.76,0.57,2.78,293.0
炒蚶子,78.57,10.47,1.56,6.67,392.0
炒合菜,94.02,5.45,5.02,7.31,585.0
炒合菜戴帽,128.41,6.53,5.31,15.35,352.0
炒河粉,296.67,9.91,3.44,56.91,300.0
炒河蟹,106.15,10.4,5.43,4.36,309.0
炒胡萝卜片,48.05,1.41,1.07,9.62,231.0
炒胡萝卜土豆丝,57.8,1.64,1.09,10.96,327.0
炒湖蟹,106.33,11.43,4.08,5.15,316.0
炒花生,570.2,24.64,44.01,21.56,302.0
炒黄豆芽雪菜,89.38,5.43,6.24,3.26,320.0
炒鸡米,93.55,15.09,1.74,3.95,465.0
炒鸡丝掐菜,102.18,12.79,4.25,2.93,367.0
炒甲鱼片,172.91,9.89,13.1,3.1,443.0
炒茭白笋,91.76,3.97,5.57,6.28,279.0
炒韭菜,32.9,2.74,1.05,4.66,307.0
炒菊花菜,38.51,1.97,1.58,4.52,309.0
炒空心菜,77.26,4.29,5.66,3.84,365.0
炒口蘑,282.95,37.66,4.36,31.39,258.0
炒辣三丝,156.5,14.01,6.34,12.03,331.0
炒辣味丝瓜,30.45,1.56,0.9,4.25,289.0
炒辣子鸡块,129.9,16.59,6.09,2.22,311.0
炒蛎黄,71.94,5.03,1.77,9.35,310.0
炒六味豆腐,136.66,7.34,9.59,5.97,311.0
炒龙虾,86.69,15.73,1.09,2.99,308.0
炒萝卜丝,34.68,1.16,1.46,5.21,222.0
炒绿豆芽,20.3,1.69,0.49,2.74,266.0
炒麻辣猪肚,96.77,10.61,4.14,5.23,310.0
炒马齿苋,49.78,2.64,2.26,5.06,223.0
炒米粉,151.63,3.4,4.35,25.59,184.0
炒米粥,80.0,1.82,0.21,17.82,130.0
炒面,128.77,6.9,1.62,22.32,219.0
炒面片,168.03,5.8,2.16,31.6,147.0
炒蘑菇,52.23,1.85,2.37,6.99,157.0
炒墨鱼,80.62,10.74,2.14,4.88,418.0
炒木须肉,197.25,12.45,8.37,20.63,182.0
炒藕片,48.54,1.53,0.73,10.2,377.0
炒青红椒,34.74,1.38,0.9,6.2,331.0
炒青花椰菜,42.13,3.04,1.34,5.75,375.0
炒青虾,78.6,16.76,0.39,1.96,444.0
炒肉白菜粉,92.97,3.66,4.64,9.26,384.0
煸炒肉末,322.35,13.46,28.32,2.53,170.0
炒肉香椿,197.7,7.96,15.49,7.24,217.0
炒三脆,58.55,2.97,1.53,11.02,193.0
炒三丁,69.41,3.84,2.52,8.31,304.0
炒三鲜,95.38,10.3,1.48,9.91,260.0
爆炒三鲜,67.34,3.9,0.6,12.56,349.0
炒三鲜豆芽,96.15,7.33,6.28,3.07,286.0
炒鳝煳,73.81,8.46,1.66,6.27,210.0
炒鳝丝,82.34,12.73,1.45,4.47,453.0
炒手撕包菜,31.72,1.61,0.67,5.33,435.0
炒手撕莲白,39.29,1.71,1.49,5.25,392.0
炝炒手撕大头菜,40.69,1.72,1.6,5.45,145.0
炝炒手撕圆白菜,38.82,1.64,1.54,5.12,152.0
炒丝瓜,28.62,1.64,0.95,4.18,276.0
炒素鸡丝,73.3,5.96,3.05,6.78,367.0
炒素鳝丝,82.93,1.57,5.02,8.98,82.0
炒五彩虾仁,148.82,13.31,0.74,23.02,381.0
什蔬炒炒虾仁,123.93,9.05,1.24,20.26,234.0
五彩虾球,114.63,7.39,1.53,19.13,294.0
炒五彩玉米,94.86,3.75,5.09,8.99,214.0
炒虾螺海,104.64,15.26,1.35,7.63,474.0
炒香菇,59.51,2.97,2.06,8.33,163.0
炒雪里红,70.66,3.76,4.64,3.45,351.0
炒鸭肠,112.32,10.91,6.6,2.12,406.0
炒鸭肝,110.62,10.83,5.7,3.98,386.0
炒鸭片,83.26,11.34,1.5,5.85,454.0
炒鸭胗,70.17,10.22,1.54,4.19,295.0
炒芽白,31.02,1.91,1.13,3.81,216.0
炒意大利面,119.11,8.48,1.62,17.28,225.0
炒鱼丝,120.67,13.49,6.24,2.92,358.0
炒原汁虾仁,100.0,19.89,1.19,2.24,450.0
炒猪心,115.21,12.06,5.13,5.12,217.0
陈皮姜粥,75.71,1.7,0.17,16.85,140.0
蛏抱蛋,93.42,9.66,4.82,2.88,243.0
蛏子炒豆芽,49.17,5.84,1.6,3.27,303.0
蛏子炒鸡蛋,88.4,7.9,2.19,11.5,362.0
蛏子炖蛋,90.0,8.93,3.78,5.48,200.0
蛏子鸡蛋汤,36.96,4.25,1.88,0.83,303.0
蛏子肉炒鸡蛋,62.43,8.18,2.15,2.75,378.0
蛏子蒸丝瓜,34.53,3.15,0.83,3.68,333.0
成都爆鸡丁,113.78,14.17,2.92,6.96,283.0
成都酸辣面,182.29,11.04,3.29,27.63,288.0
成都子鸡,114.56,17.68,2.22,5.87,364.0
橙香萝卜丝,33.52,0.68,1.22,5.71,176.0
橙香土豆泥,56.0,1.68,0.15,12.35,200.0
橙汁,24.17,0.4,0.1,5.55,240.0
橙汁拌西芹丝,24.02,0.63,0.11,6.4,254.0
橙汁瓜脯,25.08,0.43,0.17,5.94,303.0
橙汁瓜条,24.5,0.47,0.21,5.76,302.0
橙汁鸡条,98.79,15.33,1.21,6.33,165.0
橙汁鸡中翅,172.76,15.28,8.97,7.72,257.0
橙汁牛油果鲜虾,97.18,3.99,4.81,10.1,354.0
橙子南瓜羹,27.2,0.44,0.1,6.31,353.0
橙子煮红薯,32.28,0.43,0.11,7.72,347.0
豉椒炒豆腐,103.01,6.97,5.77,6.88,133.0
豉椒炒鸭肠,125.42,10.93,6.84,5.5,295.0
豉椒炒蛤蜊,76.84,9.49,1.47,6.86,272.0
豉椒炒牛肉,92.31,11.26,1.67,8.1,286.0
豉椒豆腐,96.11,6.3,4.74,8.1,360.0
豉椒凤爪,231.08,20.44,13.41,6.94,370.0
豉椒鸡片,126.95,19.69,2.7,6.52,282.0
豉椒鳝片,122.49,11.91,2.85,12.53,169.0
豉椒鲜带鱼,116.13,13.13,3.93,6.51,434.0
豉椒蒸鲳鱼,153.94,14.63,6.11,10.77,330.0
豉香春笋,48.01,3.48,0.98,7.78,302.0
豉香鸡块,145.64,16.91,5.82,6.53,344.0
豉香苦瓜,39.17,1.85,0.77,6.91,360.0
豉油豆腐,109.43,8.11,5.66,7.61,350.0
豉油活鱼,114.55,13.52,4.49,4.81,433.0
豉汁炒蚬,83.57,7.63,2.93,6.34,280.0
豉汁煎海虾,100.57,15.66,1.8,5.61,176.0
豉汁南瓜焗花蟹,71.82,7.86,1.61,5.96,291.0
豉汁青椒牛肉丝煲,127.47,15.72,3.16,9.17,324.0
豉汁蒸白鳝,90.04,15.14,1.43,3.72,231.0
豉汁蒸大竹蛏,62.08,7.54,1.0,5.98,356.0
蒸大竹蛏,76.27,6.42,2.16,8.16,118.0
豉汁蒸盘龙鳝,100.95,15.94,1.75,5.2,419.0
豉油蒸盘龙鳝,101.61,12.04,2.65,7.34,124.0
豉汁蒸虾夷贝,63.64,9.68,1.24,3.58,297.0
豉香蒸虾夷贝,61.69,9.12,1.2,3.86,154.0
赤豆饭,114.67,3.53,0.43,24.67,150.0
赤豆汤,23.84,1.25,0.04,4.85,323.0
赤小豆山药粥,85.26,3.78,0.21,17.7,190.0
赤小豆粥,93.48,3.92,0.2,19.48,138.0
虫草花炖棒棒骨,255.94,16.18,14.14,18.85,202.0
虫草花炖鸡,146.57,18.52,6.1,4.62,277.0
川北凉粉,288.46,1.64,1.58,67.18,130.0
川椒香鸭,222.26,12.14,14.83,10.08,292.0
川西肉豆腐,189.44,8.94,7.4,24.55,161.0
春笋煲鸡汤,78.27,9.83,3.17,2.01,649.0
春笋叉烧炒蛋,75.77,6.59,3.48,4.51,326.0
春笋炒韭菜,18.67,1.18,0.62,2.87,407.0
春笋炒香菇,42.91,2.54,0.81,7.74,289.0
春笋炖老鸭,168.02,10.81,13.15,2.11,344.0
春笋红烧肉,123.48,6.45,9.36,4.02,328.0
春笋回锅肉,175.38,8.22,14.13,4.53,329.0
春笋腊肉,311.7,7.85,29.5,4.24,342.0
春笋排骨咸肉汤,80.74,5.03,5.8,2.8,732.0
春笋烧黄鱼,69.44,9.77,1.86,3.47,432.0
春虾炒三白,118.68,12.23,1.46,14.46,364.0
椿头拌豆腐,78.02,5.51,4.27,5.34,405.0
椿芽拌豆腐,84.24,4.86,4.57,6.79,165.0
椿芽拌三文鱼,139.84,11.85,8.17,5.37,246.0
纯芒果汁,35.0,0.6,0.2,8.3,200.0
莼菜白玉番茄汤,24.93,1.38,1.09,2.64,357.0
莼菜玻璃鸡片汤,80.19,12.01,2.69,1.98,621.0
莼菜羹,13.44,0.81,0.32,2.01,387.0
莼菜鸡丝羹,42.72,5.72,1.38,2.02,536.0
莼菜银鱼羹,77.03,6.62,3.95,4.06,357.0
慈菇炒腊肉,278.46,7.68,22.64,10.62,260.0
糍粑,384.91,9.91,8.11,68.98,53.0
葱白炒豆芽,54.44,3.71,1.99,6.44,270.0
葱白大蒜汤,14.81,0.63,0.07,3.12,270.0
葱白炖姜汤,6.01,0.12,0.04,1.33,333.0
葱白麦芽奶,61.82,3.15,3.3,4.98,220.0
葱白汤,1.43,0.08,0.01,0.28,210.0
葱拌萝卜丝,28.25,0.81,1.0,4.92,223.0
葱拌土豆,86.53,2.59,1.1,17.1,334.0
葱拌章鱼蛸,119.03,15.51,0.63,11.95,373.0
葱包牛肉,125.71,18.2,4.13,3.76,245.0
葱爆二鲜,119.74,16.61,4.31,3.69,304.0
葱爆肥肠,178.83,6.08,16.3,2.33,359.0
葱爆牛肉丝,109.33,16.76,2.74,4.58,300.0
葱爆鸭心,110.78,8.64,6.08,5.3,408.0
京葱炒鸭心,124.44,9.34,7.22,5.34,180.0
葱爆猪肝,125.0,14.5,4.51,6.15,280.0
葱爆猪心,114.17,14.64,4.67,3.11,593.0
葱豉豆腐汤,35.45,2.83,1.72,2.58,330.0
葱炖猪肠,48.43,7.15,1.44,1.86,287.0
葱花饼,111.21,6.17,3.34,14.59,223.0
香煎葱花饼,205.26,10.36,5.27,30.47,152.0
家常葱花饼,210.11,10.63,6.15,28.84,89.0
香酥葱花饼,142.14,7.01,3.16,22.15,159.0
葱花蛋汤,26.87,1.97,1.65,1.08,387.0
葱花鸡蛋薄饼,288.33,13.62,3.59,51.66,694.0
葱花卷,233.7,9.65,3.59,41.99,92.0
葱花苦瓜,28.62,1.02,0.85,4.88,269.0
葱花皮蛋拌豆腐,104.85,8.26,6.57,3.89,454.0
葱姜炒大虾,79.02,11.72,1.59,4.05,348.0
葱姜炒河蟹,110.13,14.35,2.43,7.31,375.0
葱姜豆腐汤,33.54,2.15,2.33,1.29,316.0
葱姜烧仔鸡,194.19,12.62,14.88,1.34,258.0
葱椒炝鱼片,107.36,11.6,3.33,8.52,394.0
葱烤皮皮虾,75.06,11.28,1.78,2.86,409.0
葱辣烧黄鱼,69.02,7.97,1.92,3.73,481.0
葱辣鱼脯,96.9,10.35,4.34,4.41,355.0
葱焖鲫鱼,109.43,14.4,3.07,5.45,244.0
葱焖鲈鱼,112.36,14.24,4.76,2.58,275.0
葱烧黄鱼,95.56,16.0,2.84,1.43,338.0
葱烧黄玉参,85.15,14.15,1.04,4.49,357.0
葱烧牛小排,98.68,14.46,2.57,3.19,228.0
葱烧土鸡块,148.63,16.58,6.89,5.4,255.0
葱酥鱼,108.42,14.3,3.07,5.63,368.0
葱头炒蛋,89.45,5.92,4.65,6.32,256.0
葱头煎猪排,302.76,11.54,23.68,12.77,145.0
葱香豆腐,83.91,6.26,5.35,3.65,435.0
葱香花卷,278.87,12.42,4.56,48.51,71.0
葱香麻酱面,174.23,6.27,3.21,30.8,194.0
葱香芹菜玉米粥,92.55,2.63,0.5,20.01,282.0
葱香肉卷,315.33,14.69,15.14,30.95,150.0
葱香蹄膀,230.51,14.22,13.65,10.34,295.0
葱香土豆泥,86.04,2.82,0.95,17.21,265.0
葱香馅饼,270.88,11.64,12.91,27.69,285.0
葱香腰条,86.03,13.71,2.41,1.8,358.0
葱叶酱豆腐,80.97,6.28,4.87,3.9,226.0
葱油鹌鹑蛋,169.38,12.3,12.29,2.33,160.0
葱油白萝卜,35.54,1.17,1.31,5.56,166.0
葱油拌豆角,42.48,2.55,0.81,8.23,339.0
葱油大饼,138.51,5.52,2.24,24.74,148.0
葱油炒黄豆芽,53.7,4.27,2.42,4.52,324.0
葱油胡萝卜丝,47.57,1.27,1.24,9.18,288.0
葱油花卷,161.67,6.92,2.68,28.45,120.0
葱油花生芹菜叶小米粥,123.08,4.73,6.17,13.01,273.0
葱油鲩鱼,116.2,15.16,5.32,1.23,284.0
葱油鸡翅,160.92,13.73,9.23,5.33,284.0
葱油茭白,39.3,1.6,0.95,7.11,285.0
葱油烤鱼,86.58,12.56,2.29,4.22,447.0
葱油苦瓜,28.62,1.14,0.72,4.96,325.0
葱油里脊,304.07,12.98,26.12,2.8,123.0
葱油淋鸡,143.58,18.37,7.22,1.36,335.0
葱油卤肚条,115.18,12.8,4.83,4.31,369.0
葱油木耳白菜,66.51,3.04,1.33,13.12,212.0
葱油木耳烧白菜,71.62,3.35,1.08,14.97,303.0
葱油木耳菠菜,69.91,3.87,1.06,14.1,339.0
葱油青瓜拌螺片,109.16,13.86,2.57,7.87,513.0
葱油黄瓜拌螺片,119.51,15.52,2.8,8.21,528.0
葱油肉末蒸豆腐,99.16,6.58,6.72,3.97,359.0
葱油乳鸽,307.69,9.98,28.69,1.87,364.0
葱油生菜,59.76,3.14,1.43,11.26,338.0
葱油薯块,69.2,1.0,1.48,14.08,237.0
葱油娃娃菜,59.66,3.27,1.24,12.16,352.0
葱油豌豆,117.67,6.66,1.39,21.98,232.0
葱油莴笋饺,90.72,5.19,2.23,12.99,474.0
葱油香菇,38.43,2.02,1.63,5.07,216.0
葱油鲈鱼,113.78,15.26,5.19,0.99,392.0
葱香烧鲈鱼,101.09,16.49,3.44,0.48,457.0
葱油芋头,63.31,1.41,1.09,12.46,338.0
葱油蒸虾,135.51,12.2,1.39,18.41,214.0
丛林地带,40.17,3.3,1.35,5.41,239.0
醋拌菠菜,35.93,2.71,1.04,4.62,270.0
醋拌芹菜,42.34,1.76,1.43,6.55,333.0
醋黄豆,263.53,21.33,9.52,27.69,85.0
醋椒石斑鱼,136.78,17.86,4.72,6.42,484.0
醋椒鱼,77.43,11.35,3.13,0.78,607.0
酸辣鱼,77.81,11.4,3.15,0.75,302.0
醋溜白菜,42.21,1.84,1.53,5.89,154.0
醋溜白菜猪里脊,34.46,2.0,1.13,4.59,325.0
醋溜大白菜,23.12,1.57,0.53,3.47,320.0
醋溜芹菜牛肉土豆丝,64.97,6.25,1.22,7.77,431.0
醋溜双色萝卜,43.76,1.45,1.2,8.44,457.0
醋溜土豆丝,79.64,2.46,1.15,15.56,329.0
醋溜西葫芦,38.87,1.09,0.88,7.02,301.0
醋熘白菜片,30.22,1.59,0.99,4.15,268.0
醋熘鸡丁,84.27,14.32,1.84,2.67,483.0
醋熘卷心菜,97.41,1.5,7.65,6.1,348.0
醋熘双色豆腐,81.05,7.13,4.23,4.36,459.0
醋熘土豆丝,86.49,2.6,0.99,17.45,385.0
醋熘紫甘蓝,50.42,1.58,1.03,9.73,240.0
醋焖腐竹带鱼,133.51,14.87,4.96,7.5,376.0
醋焖鲫鱼,114.39,15.29,3.15,6.28,403.0
醋泡萝卜,44.54,1.76,0.14,9.66,238.0
醋烹鲫鱼,106.8,14.85,2.9,5.18,353.0
醋酥鲫瓜子,134.73,15.33,6.13,3.57,455.0
醋汁红白萝卜,33.89,1.69,0.13,7.2,239.0
醋汁咸猪肉,331.49,14.02,29.89,1.67,362.0
汆白肉,164.49,6.62,11.93,8.34,383.0
汆韭菜鲅鱼丸子,97.54,14.65,2.06,5.46,406.0
韭菜鲅鱼丸子,87.44,13.79,1.94,4.28,454.0
汆爽口牛肉丸,105.23,15.48,2.51,5.34,440.0
爽口牛肉丸,117.44,17.23,3.23,5.09,258.0
牛肉丸子汤,111.86,17.97,2.76,3.98,354.0
汆丸子汤,58.84,6.25,2.16,3.58,379.0
汆乌鱼,78.5,10.96,1.49,5.35,386.0
脆炒莲藕丁,85.77,2.84,4.22,10.38,274.0
脆豆腐,167.94,10.84,7.23,15.68,262.0
脆豆腐干,190.18,13.0,8.24,16.76,224.0
脆黄瓜,32.28,0.84,0.98,5.26,127.0
脆椒鸡丁,121.35,21.1,2.2,3.74,356.0
脆椒杏仁炝西芹,66.76,2.62,3.98,6.71,352.0
脆辣黄瓜条,29.91,1.11,0.82,4.73,321.0
脆皮黄瓜卷,30.58,0.87,1.05,4.65,242.0
脆皮香蕉,140.35,5.06,5.13,19.09,228.0
脆炝黄瓜卷,60.53,2.86,4.13,2.61,380.0
脆芹拌桃仁,113.52,3.34,8.73,6.64,355.0
脆炸大肠,177.53,5.57,14.82,5.29,267.0
脆炸冬菇,109.57,4.84,1.74,20.13,282.0
脆炸牛奶,153.49,6.2,3.83,23.87,215.0
翠绿粥,81.0,3.19,4.33,7.43,200.0
翠玉锦囊,84.89,5.9,5.86,2.92,364.0
翠汁鸡豆花,87.73,12.47,3.3,2.18,375.0
大白菜老鸭汤,36.47,3.67,1.46,2.38,617.0
白菜老鸭汤,35.12,3.79,1.17,2.58,561.0
大白菜素汤,24.09,1.32,0.91,3.07,274.0
大白菜猪肝汤,85.64,10.81,3.09,3.57,383.0
大肠炒青椒,183.4,6.28,16.39,2.81,241.0
大葱扒牛舌,185.71,14.49,12.11,4.16,245.0
大葱烧海参,76.92,14.52,0.24,3.57,234.0
大地丰收,34.87,1.56,0.79,5.98,347.0
大豆粉萩饼,256.64,7.77,2.31,52.19,143.0
大豆米饭,124.82,5.04,1.94,22.62,141.0
大鹅肉烩什蔬,181.57,11.5,10.99,8.95,369.0
大骨棒萝卜汤,120.09,7.58,7.15,7.01,687.0
大卤汤,76.84,4.15,4.58,5.67,462.0
大麦香饭,354.29,11.0,2.49,73.41,210.0
大米红豆粥,112.16,3.65,0.48,23.65,148.0
红豆香米粥,108.16,3.8,0.46,22.8,147.0
大米绿豆粥,90.37,2.65,0.42,19.27,135.0
大米汤,31.36,0.72,0.08,7.02,220.0
米汤,31.52,0.72,0.08,7.02,330.0
新疆特色大盘鸡,132.05,16.12,5.73,4.11,390.0
大千子鸡,162.89,10.96,11.22,5.03,353.0
大蒜煲鸭,207.59,13.0,15.45,3.65,448.0
大蒜炒五花肉,229.64,10.08,18.32,6.34,253.0
大蒜豆腐鱼头汤,104.7,15.38,3.98,1.96,638.0
大蒜苗花甲,75.92,9.22,1.53,6.29,353.0
大蒜清炒西兰花,37.47,3.77,1.04,4.95,427.0
大蒜烧鲶鱼,85.69,11.78,2.95,2.65,552.0
大蒜烧茄,48.37,1.54,0.74,9.55,368.0
大蒜烧鳝鱼,100.28,15.64,1.87,5.41,363.0
大蒜羊肉,142.96,17.42,6.77,3.09,270.0
大头菜蛋花汤,29.67,2.57,1.47,1.66,182.0
大头菜饭团,85.33,2.23,0.27,18.8,150.0
大头菜粥,71.06,5.3,1.92,8.34,235.0
大碗火腿冬瓜,36.55,1.55,2.77,1.76,580.0
大碗腊味娃娃菜,74.07,3.88,5.4,3.27,594.0
大碗土豆烧甲鱼,162.68,8.59,12.01,5.13,686.0
大碗血旺财鱼花,84.74,11.36,2.66,3.87,511.0
大杏仁蔬菜沙拉,117.7,4.29,8.76,7.4,226.0
杏仁蔬菜沙拉,132.95,5.28,9.9,7.98,173.0
大枣山药炖雪耳,35.08,0.83,0.12,8.7,362.0
呆萌小饭团,125.37,7.41,4.31,15.43,272.0
淡菜枸杞煲老鸽,167.81,13.6,10.23,5.53,292.0
淡菜海带冬瓜汤,32.1,2.26,1.12,2.91,271.0
淡菜海带排骨汤,86.41,6.34,5.87,1.95,574.0
淡菜萝卜豆腐汤,33.53,2.33,1.58,2.98,340.0
淡菜烧肉,243.5,13.14,20.43,1.53,377.0
淡菜汤,19.59,1.43,0.21,2.97,541.0
淡菜茼蒿汤,30.04,2.95,1.13,2.19,486.0
淡菜洋芋沙拉,75.47,3.77,0.91,10.64,481.0
蛋白炒鲜奶,100.42,7.64,5.47,5.32,237.0
时蔬蛋包饭,125.88,10.06,4.11,12.59,340.0
培根蛋包饭,158.97,7.61,3.39,24.77,234.0
肉末蛋包饭,129.15,8.35,7.52,7.19,247.0
茄汁蛋包饭,116.8,7.04,3.66,14.09,256.0
蛋炒扁豆丝,71.64,4.37,2.12,9.72,342.0
蛋煸扁豆丝,77.07,4.97,2.59,9.35,362.0
鸡蛋炒扁豆丝,90.0,5.25,3.82,9.42,130.0
蛋花奶粥,125.95,6.21,4.51,15.35,185.0
蛋花青豆,180.61,12.82,12.09,5.9,196.0
蛋花粟米羹,99.52,5.1,2.64,14.56,210.0
蛋滑丝瓜腊肉,124.37,6.3,9.21,4.53,394.0
蛋黄白玉豆腐泥,49.05,4.22,2.84,2.45,420.0
蛋黄菠菜泥,116.8,11.0,6.94,2.82,250.0
鸡蛋黄蒸豆腐,60.0,3.74,4.32,2.4,280.0
蛋黄豆腐碎米粥,86.14,4.88,2.82,10.59,202.0
蛋黄疙瘩汤,72.59,4.55,3.56,5.7,270.0
蛋黄羹,28.0,2.62,1.72,0.48,250.0
蛋黄糊,115.83,6.78,3.73,13.87,120.0
蛋黄花卷,293.83,13.19,11.61,34.98,324.0
蛋黄玉米羹,99.52,5.1,2.64,14.56,210.0
蛋黄泥,136.11,12.75,8.36,2.33,36.0
奶香蛋黄泥,110.71,7.88,5.7,7.08,112.0
宝宝蛋黄泥,70.0,6.55,4.3,1.2,100.0
奶粉蛋黄泥,125.45,9.67,6.79,6.56,165.0
蛋黄青豆糊,81.51,7.18,4.7,2.74,119.0
蛋黄土豆泥,91.67,6.54,3.67,8.42,120.0
蛋黄虾皮粥,118.46,8.62,3.62,12.99,130.0
蛋黄小白菜烂面条,93.71,5.65,3.06,11.49,175.0
蛋黄银丝面,125.63,4.73,5.94,13.76,160.0
蛋黄油,139.0,13.1,8.6,2.4,50.0
蛋黄粥,126.25,4.33,5.46,15.11,160.0
蛋煎馒头,205.2,8.64,4.4,33.29,173.0
蛋煎馒头片,211.97,9.97,7.64,26.48,117.0
蛋麦粥,139.15,6.33,3.1,21.89,212.0
蛋皮拌芹菜,34.07,4.62,0.16,3.99,182.0
蛋皮包饭,150.89,8.06,9.17,9.45,393.0
蛋皮菠菜包,169.8,11.01,5.45,19.85,404.0
蛋皮豆腐汤,86.42,4.28,6.52,2.88,265.0
蛋皮卷,130.37,9.21,5.53,11.1,135.0
蛋皮肉卷,218.87,11.21,15.98,6.59,212.0
蛋皮烧麦,215.0,10.8,2.63,37.51,100.0
蛋皮鱼卷,129.87,16.74,4.75,4.99,298.0
蛋茸牛肉羹,165.43,12.65,8.35,9.35,243.0
蛋蓉红薯羹,52.63,2.47,2.13,6.22,171.0
蛋蓉丝瓜汤,45.67,3.63,2.67,2.04,254.0
蛋蓉玉米羹,67.89,3.48,2.43,8.39,190.0
蛋丝韭菜,59.07,3.89,2.8,6.3,386.0
蛋香煎米饼,140.48,6.46,4.64,18.65,294.0
蛋香馒头片,197.67,9.15,5.53,28.26,129.0
蛋心圣女果,87.59,5.37,4.57,6.45,137.0
德国风味土豆煎饼,138.67,8.64,5.16,14.92,256.0
灯影牛肉,129.22,14.45,3.89,5.71,154.0
低碳水爆浆牛肉丸,160.71,18.12,9.28,1.33,397.0
低碳水蘑菇菜花,98.42,3.94,7.59,4.68,190.0
低碳水普罗旺斯牛肋条,99.23,13.03,3.55,4.14,259.0
低脂菌菇咖喱鸡饭,130.58,11.91,1.83,17.54,363.0
电饭煲卤鸡爪,240.87,21.15,14.64,6.27,230.0
电饭煲焖煮:冰糖扁豆汤,21.47,1.37,0.12,5.01,503.0
冰糖黑木耳,34.21,1.33,0.17,8.5,228.0
电饭煲焖煮:冰糖红豆汤,24.15,1.18,0.08,4.8,323.0
电饭煲焖煮:冰糖绿豆汤,33.33,1.95,0.07,6.48,222.0
电饭煲焖煮:香甜米仁粥,112.5,2.64,0.43,25.03,152.0
鲷鱼海带汤,25.21,3.92,0.56,1.19,484.0
鲷鱼稀饭,41.86,3.78,0.53,5.73,485.0
吊炉烧饼,367.09,14.91,4.91,67.32,79.0
丁丁炒面片,144.76,5.15,2.15,25.85,143.0
东安子鸡,102.88,10.4,3.4,8.21,104.0
东北大拌菜,48.28,1.56,0.99,8.9,232.0
东北炖粉条,90.12,3.47,4.05,10.95,405.0
东江春卷,224.11,13.12,12.0,16.08,365.0
东江盐鸡,142.3,17.14,7.25,2.41,305.0
东江鱼丸,108.94,16.88,2.54,4.74,246.0
东坡肘子,290.93,12.93,25.68,1.71,419.0
特色东坡肘子,304.55,13.11,26.84,2.45,176.0
冬菜蒸鸭,185.56,11.37,13.49,4.53,367.0
冬菇扒芥菜,48.81,2.31,0.9,8.9,336.0
冬菇白菜,28.03,1.9,0.72,3.76,396.0
冬菇板栗烧白菜,93.56,2.76,1.11,18.71,419.0
冬菇煲老鸭,207.61,12.24,15.11,5.19,394.0
冬菇炒塔菜,41.25,3.04,1.26,4.72,320.0
冬菇豆腐,77.59,5.84,4.63,4.28,299.0
冬菇豆腐汤,25.04,1.99,1.14,2.21,607.0
冬菇炖鸡块,89.58,11.51,3.64,2.78,288.0
冬菇盒子,71.18,3.59,3.8,6.01,746.0
冬菇胡萝卜炖鸡,126.52,12.76,6.91,2.59,279.0
冬菇木耳蒸鸡,133.33,14.8,4.52,9.56,312.0
冬菇牛肉饼,93.25,15.49,2.5,2.44,237.0
冬菇炝笋,42.96,2.44,0.89,6.66,291.0
冬菇烧白菜,29.06,1.86,0.97,3.85,265.0
冬瓜茶,1.3,0.04,0.03,0.31,230.0
冬瓜豆腐汤,21.07,2.04,1.04,1.23,318.0
冬瓜煨排骨,153.63,9.69,10.43,5.18,317.0
冬瓜炖羊排汤,60.2,6.65,2.34,2.89,299.0
冬瓜肝泥卷,135.71,9.48,2.02,20.54,112.0
冬瓜羹,35.9,3.11,1.02,4.68,454.0
冬瓜蛤蜊清汤,12.99,1.54,0.25,1.4,431.0
冬瓜蛤蜊汤,29.68,2.33,1.53,1.35,647.0
冬瓜海带绿豆汤,33.13,1.66,1.57,3.32,323.0
冬瓜海带排骨汤,68.89,3.99,5.39,1.21,479.0
冬瓜海带汤,18.45,1.29,1.0,1.28,439.0
昆布冬瓜汤,5.12,0.32,0.07,0.99,371.0
冬瓜海带鸭骨汤,58.01,3.47,3.68,3.25,562.0
冬瓜荷叶汤,2.49,0.07,0.05,0.6,402.0
冬瓜鸡蛋汤,28.4,2.19,1.69,1.16,324.0
冬瓜荠菜汤,9.4,0.44,0.12,1.95,532.0
冬瓜卷对虾,58.4,9.57,0.54,3.67,524.0
冬瓜老鸭滋补汤,60.14,3.65,4.35,1.92,700.0
冬瓜萝卜蛋花汤,11.46,0.69,0.66,0.85,445.0
冬瓜萝卜鸡蛋汤,20.13,1.49,1.17,1.16,477.0
冬瓜蘑菇排骨汤,87.39,6.56,5.87,2.57,555.0
冬瓜木耳虾仁羹,73.59,4.99,1.4,11.65,496.0
冬瓜茸羹,103.59,4.5,8.64,2.02,529.0
冬瓜汤,33.03,1.36,2.47,1.79,772.0
清炖冬瓜汤,1.42,0.04,0.03,0.34,351.0
冬瓜丸子汤,71.0,3.7,5.86,0.58,431.0
冬瓜虾米汤,13.15,0.6,0.43,1.86,745.0
冬瓜虾皮汤,25.76,2.3,1.53,0.78,361.0
冬瓜虾仁汤,30.84,2.52,0.53,4.13,522.0
冬瓜鲜菇烩滑虾,55.66,4.31,1.77,6.21,530.0
冬瓜香菇鸡汤,68.41,4.9,5.08,0.98,402.0
冬瓜鸭肝豆腐汤,35.08,2.34,1.98,2.12,305.0
冬瓜鸭汤,41.03,2.57,3.21,0.59,468.0
冬瓜薏米煲水鸭,73.86,4.46,5.3,2.23,570.0
冬瓜薏仁海带汤,42.21,3.78,1.32,3.84,552.0
冬瓜薏仁老鸭汤,57.74,2.89,3.09,4.84,381.0
冬瓜薏仁煲鸭汤,42.68,2.42,2.6,2.57,403.0
冬瓜薏仁排骨汤,48.53,2.92,2.88,2.98,375.0
冬瓜薏仁瘦肉汤,54.33,2.3,3.7,3.15,427.0
冬瓜薏仁汤,12.73,0.37,0.44,2.13,322.0
冬瓜玉米煲瘦肉,78.21,3.28,5.16,5.31,312.0
冬瓜蒸肉末,189.16,8.26,16.26,1.98,286.0
冬瓜蒸咸肉,113.35,4.1,9.75,2.28,427.0
冬瓜盅,51.48,3.97,1.92,4.75,542.0
冬瓜粥,35.91,0.84,0.15,8.13,220.0
冬瓜紫菜汤,14.56,1.09,0.89,0.68,364.0
冬笋拌豆芽,65.57,3.95,2.84,6.75,244.0
冬笋炒鸡片,108.41,13.21,4.1,4.44,464.0
冬笋炒毛豆,86.94,7.31,2.96,8.9,245.0
冬笋炒鳝丝,80.19,11.26,1.29,5.69,419.0
冬笋炒鳝鱼,78.55,10.84,1.44,5.72,303.0
冬笋牛柳,96.73,14.58,1.55,6.32,336.0
冬笋炝黄豆芽,79.23,5.01,3.89,6.38,313.0
冬笋肉丝尖椒,129.89,6.76,9.39,4.91,184.0
冬笋烧牛肉,77.72,9.94,2.59,3.02,377.0
冬笋烧鸭肝,100.0,9.2,5.1,4.13,368.0
冬笋莴苣汤,33.33,2.4,1.48,2.8,423.0
冬笋香菇,43.87,3.06,0.52,7.68,310.0
冬笋香菇炒白菜,29.55,2.21,0.65,4.19,423.0
冬阴功汤,87.55,11.54,1.96,6.24,458.0
特色冬阴功汤,81.56,9.67,1.4,7.74,141.0
豆瓣拌鹅肠,124.48,12.92,7.35,1.66,290.0
豆瓣春笋,45.26,2.88,1.08,7.41,190.0
豆瓣豆腐,111.69,7.35,7.2,5.3,325.0
豆瓣鹅肠,118.52,11.11,6.79,2.74,378.0
豆瓣海参,78.95,11.79,1.14,5.77,190.0
豆瓣黄鱼,91.05,12.55,2.59,4.69,190.0
豆瓣酱焖五花肉,238.42,10.91,20.03,4.19,190.0
豆瓣酱茄子,44.21,2.06,1.14,7.28,190.0
豆瓣茭白鸡块,105.04,12.53,4.88,3.14,258.0
豆瓣卿鱼,88.14,10.26,3.14,4.37,472.0
豆豉炒腊肉,179.77,5.23,15.08,5.26,341.0
豆豉炒凉瓜,38.24,1.64,0.91,6.49,272.0
豆豉炒青椒,49.78,2.25,0.92,9.71,464.0
豆豉炒青口,48.56,2.86,0.37,8.45,348.0
豆豉炒肉丁,187.2,8.69,12.31,11.12,250.0
豆豉炒肉片,219.21,9.83,17.21,6.02,354.0
豆豉苦瓜牛肉,71.84,6.73,1.59,8.27,245.0
豆豉辣炒年糕,108.9,3.58,1.15,21.81,382.0
豆豉辣酱,211.7,13.68,6.07,27.23,94.0
豆豉面条,256.09,10.63,11.94,26.49,271.0
豆豉牛肉末,115.32,16.86,3.4,4.45,222.0
豆豉青蚵,77.17,4.93,2.72,8.47,276.0
豆豉烧豆腐,98.42,7.07,5.34,6.47,444.0
豆豉烧苦瓜,50.14,2.4,1.37,7.73,353.0
豆豉生爆苦瓜,45.68,2.36,0.98,7.54,278.0
豆豉笋丁,56.25,3.57,0.93,8.3,288.0
豆豉蒸鳕鱼,88.59,16.4,1.15,3.41,333.0
豆福包,341.98,35.09,19.85,8.55,162.0
豆腐白菜丁,39.18,2.98,1.48,4.06,416.0
豆腐拌秋葵,39.55,2.99,1.47,5.47,402.0
豆腐拌什锦,68.1,5.27,3.22,5.73,583.0
豆腐菠菜汤,122.93,6.54,9.23,3.8,567.0
豆腐蛋花汤,60.3,4.27,3.11,4.4,534.0
豆腐炖大肠,100.0,5.83,7.37,3.04,501.0
豆腐番茄,81.15,5.58,4.17,6.27,260.0
豆腐番茄羹,49.4,3.42,2.58,3.45,419.0
豆腐干炒包菜,62.07,3.54,2.64,7.01,203.0
豆腐干煸肉丝,133.33,6.57,9.53,6.03,318.0
豆腐干丝炒甜椒,125.0,8.34,6.45,9.26,300.0
豆腐羹,64.31,4.4,3.89,3.15,325.0
豆腐海带汤,28.29,2.09,1.79,1.23,502.0
豆腐海鲜汤,60.34,6.61,2.13,3.92,464.0
豆腐鸡蛋饼,84.38,6.52,5.38,3.2,333.0
豆腐鸡血瘦肉汤,95.15,8.51,4.3,6.04,206.0
豆腐酪,153.57,9.81,11.51,3.41,140.0
豆腐蛎,104.12,6.19,6.02,6.67,461.0
豆腐木耳猪肉圆,178.93,10.22,9.76,14.97,280.0
豆腐酿青椒,68.48,5.09,3.86,4.2,422.0
豆腐酿虾,123.93,10.57,3.5,12.62,351.0
豆腐牛肉羹,74.32,7.44,4.12,2.2,183.0
豆腐泡烧肉,239.8,14.4,17.86,5.28,294.0
豆腐皮拌莴笋,225.91,24.59,11.43,8.1,220.0
豆腐皮春卷,171.06,15.06,6.46,14.25,667.0
豆腐皮枸杞炒包菜,167.21,17.67,8.21,7.76,369.0
豆腐皮枸杞炒圆白菜,167.21,17.67,8.21,7.76,369.0
豆腐软饭,87.04,3.24,1.38,15.85,270.0
豆腐山药猪血汤,63.5,7.36,2.14,4.18,137.0
豆腐烧鱼块,116.56,10.44,6.38,4.48,157.0
豆腐生菜肉丝汤,65.67,3.79,4.56,2.38,501.0
蔬菜豆腐羹,36.99,1.55,1.27,5.32,219.0
豆腐丝拌鸡毛菜,62.09,6.42,2.9,3.46,153.0
鲜拌豆腐皮鸡毛菜,62.09,6.42,2.9,3.46,153.0
凉拌豆腐丝鸡毛菜,65.05,6.4,3.21,3.53,103.0
豆腐虾泥,172.9,15.55,4.03,18.97,155.0
豆腐丝炒笋丝,69.41,5.46,2.89,5.98,170.0
豆腐丝瓜汤,20.67,1.12,1.53,0.74,629.0
豆腐汤圆,103.42,9.49,5.01,5.69,380.0
豆腐鲜鱼块,97.79,7.43,5.39,5.33,407.0
豆腐鲜鱼汤,64.55,8.22,2.87,1.3,488.0
豆腐香肠羹,131.58,7.97,9.67,3.68,190.0
豆腐蟹黄羹,59.62,7.88,1.85,3.1,468.0
豆腐蒸蛋,136.36,10.52,9.5,2.67,264.0
鲜豆腐蒸蛋羹,95.04,7.91,6.25,2.23,141.0
豆腐猪肉丸子汤,50.36,2.8,4.17,0.61,280.0
豆腐猪血炖白菜,140.06,10.49,9.59,3.23,352.0
豆红白豆腐炖白菜,166.18,12.32,11.85,2.75,544.0
豆干炒芹菜,109.7,6.65,5.86,8.13,134.0
豆干炒香芹,112.14,7.76,6.16,7.04,313.0
豆干老腊肉,389.12,11.33,36.21,4.79,294.0
豆干马兰头,116.06,8.48,6.18,7.4,411.0
豆干牛肉丝,231.67,23.03,11.07,10.58,180.0
豆干鱿鱼炒青椒,123.03,11.05,5.66,7.19,152.0
豆鼓蒸鲳鱼,146.81,15.46,6.1,7.32,361.0
豆花烧九肚鱼,89.15,11.44,2.82,4.39,433.0
豆花九肚鱼,89.15,11.44,2.82,4.39,433.0
豆浆红薯泥,49.2,1.62,0.76,9.66,250.0
豆角炒茄子,89.34,2.98,0.92,18.79,441.0
豆角炒肉,80.29,5.97,2.61,10.35,340.0
豆角炖圆粉,82.3,1.96,0.74,18.12,356.0
豆角粒炒蛋,58.88,4.28,2.13,6.7,625.0
豆角焖饭,156.07,5.51,6.88,19.14,214.0
豆角茄条,38.97,1.58,0.69,7.21,408.0
豆角肉丝焖面,175.44,5.88,5.38,26.69,228.0
豆角烧排骨,230.51,12.76,18.92,2.17,413.0
豆角烧蹄花,209.8,17.75,14.82,1.37,459.0
豆苗炒鸡片,102.28,16.28,3.21,2.03,571.0
豆苗炒鸡丝,124.66,12.43,4.41,4.18,292.0
豆苗炒虾仁,99.63,9.61,0.96,13.77,270.0
豆苗鸡肝汤,45.33,4.4,2.23,1.99,428.0
豆苗双冬,40.72,3.21,1.51,4.21,307.0
豆奶烤鸡肉,121.83,11.53,4.38,9.46,229.0
豆奶煮鲑鱼,100.0,9.72,4.7,5.12,508.0
豆皮炒白菜,119.75,11.99,5.86,6.07,481.0
豆皮炒蕃茄,144.33,14.2,7.15,7.39,388.0
豆皮炒青菜,178.21,17.37,10.25,5.94,156.0
豆皮油菜,315.56,34.83,16.33,10.43,225.0
豆茸汤,79.66,5.07,4.2,6.13,531.0
豆乳炒鸡蛋,196.88,14.24,9.82,13.69,128.0
豆沙包,244.83,9.46,2.49,47.06,87.0
豆沙蒸包,243.65,8.4,1.05,51.16,126.0
红豆馅蒸包,224.75,8.03,1.07,46.86,101.0
蒸豆沙包,205.41,7.82,1.06,42.03,111.0
红豆包,243.96,8.91,1.15,50.49,91.0
豆沙锅饼,242.4,8.08,1.04,51.2,125.0
豆沙晶饼,314.78,2.27,2.64,70.91,115.0
豆沙卷,230.21,7.7,0.99,48.65,96.0
红豆卷,244.83,9.46,2.49,47.06,87.0
豆沙糯米饼,278.51,5.63,0.52,63.45,228.0
豆沙球,280.93,3.47,1.03,64.95,215.0
豆沙山药糕,114.15,2.51,0.2,26.34,205.0
豆薯粥,65.37,1.25,0.11,15.03,257.0
豆香玉米面发糕,300.46,12.21,3.71,56.6,217.0
豆芽拌韭菜,27.72,2.15,0.96,3.83,303.0
豆芽炒豆腐丝,154.17,14.13,8.58,5.84,216.0
豆芽炒猪肝,68.59,6.94,2.77,4.04,277.0
豆芽蛋花汤,33.43,2.83,1.86,1.59,335.0
豆芽蛋丝,80.43,6.89,4.8,2.78,281.0
豆芽豆腐汤,32.82,2.58,1.77,2.09,390.0
豆芽蛤蜊汤,30.75,3.62,0.88,1.83,426.0
豆芽海螺片,116.44,15.98,2.41,7.83,371.0
豆芽排骨汤,79.33,5.69,5.38,2.3,450.0
豆芽荞麦面,223.35,7.44,2.96,43.74,167.0
豆芽丸子汤,53.24,3.79,1.76,5.68,355.0
豆芽香芹,24.64,1.33,0.34,4.96,414.0
豆蒸鲤鱼,111.64,15.89,3.9,2.92,292.0
肚包鸡,117.85,15.27,5.04,2.22,409.0
特色肚包鸡,118.24,16.04,5.24,1.53,340.0
炖白菜,26.27,1.84,0.55,3.66,491.0
炖白鲢鱼,119.52,14.38,3.14,9.52,497.0
炖百合蛋汤,56.87,3.15,1.98,6.74,313.0
炖冰糖蹄花,250.45,20.77,17.85,1.4,333.0
炖黄辣丁,99.81,12.29,2.68,6.62,517.0
炖黄嘎鱼,99.81,12.29,2.68,6.62,517.0
炖鸡翅,115.15,8.83,5.96,6.48,462.0
炖鸡肉,92.64,12.38,1.63,7.63,326.0
炖咖喱牛肉,104.17,13.72,2.51,6.37,336.0
炖开片鱼,128.67,12.8,6.79,4.01,422.0
炖老母鸡,133.83,18.2,5.99,0.97,337.0
炖明虾豆腐,83.94,8.41,4.24,3.34,355.0
炖牛筋土豆小萝卜,49.32,4.23,0.6,7.06,590.0
炖牛肋条肉,108.78,18.73,2.45,2.18,353.0
炖牛肉,80.77,9.71,2.31,5.45,390.0
炖什锦菜豆腐,84.76,6.38,5.2,3.95,420.0
炖什锦豆腐,128.77,10.49,8.61,2.73,358.0
炖四喜丸子,239.2,11.3,19.26,4.91,352.0
炖乌贼肉,85.96,13.53,1.4,4.29,342.0
炖五香黄豆,270.59,21.21,11.43,27.06,68.0
炖虾蓉豆腐丸子,225.0,9.85,15.37,12.17,360.0
炖银耳肉,318.4,13.26,24.26,13.52,125.0
炖煮比目鱼,86.65,15.9,2.0,0.96,412.0
多彩茭白,56.23,2.5,2.03,7.87,329.0
多彩水饺,201.99,9.36,7.1,26.26,302.0
多蔬碎摊鸡蛋,56.97,3.87,2.36,6.15,251.0
多味扁豆,43.24,2.61,0.88,8.31,370.0
多味黄瓜,39.4,1.41,1.44,5.57,335.0
多味鸡丝,148.59,21.39,5.43,3.78,249.0
多味蔬菜丝,27.55,1.41,0.58,4.69,265.0
剁椒巴沙鱼,109.77,14.09,4.85,3.33,266.0
剁椒拌三丝,64.23,2.59,1.74,11.39,123.0
剁椒拌西芹,22.17,0.67,0.59,5.32,221.0
剁椒包菜粉丝,61.18,0.91,1.53,12.26,304.0
剁椒孢子甘蓝,42.67,3.33,0.22,10.57,232.0
剁椒炒蛋,112.02,9.2,6.32,5.5,183.0
剁椒炒鸡蛋,139.63,10.59,8.3,7.37,164.0
剁椒炒蘑菇,78.26,4.23,4.97,5.43,230.0
剁椒春笋,35.53,2.19,0.9,5.48,273.0
剁椒春笋烧河蟹,77.5,10.74,2.12,4.56,360.0
剁椒鲜笋烧河蟹,85.38,11.67,2.5,4.73,260.0
剁椒腐竹蒸带鱼,132.98,17.46,5.34,3.27,282.0
剁椒鱼头,103.26,15.07,3.51,2.82,429.0
剁辣椒蒸鱼头,105.19,15.07,3.99,1.5,212.0
剁椒蒸巴沙鱼,124.36,14.49,5.51,4.71,275.0
剁椒蒸鳝片,92.27,15.37,1.72,3.57,440.0
剁椒鳝片,101.54,15.19,2.11,5.13,260.0
剁椒蒸芋头,60.41,1.46,1.25,11.84,197.0
鹅肠韭菜,93.5,8.74,5.11,3.16,400.0
鹅肝烧炆豆腐,108.83,6.44,6.63,6.31,351.0
鹅卵包,338.79,13.2,3.47,65.42,116.0
二米饭,175.0,4.06,0.67,38.39,100.0
香蒸小米饭,175.83,4.13,0.82,38.25,120.0
板栗蒸饭,142.73,3.25,0.39,31.91,110.0
发丝百叶,68.96,11.25,2.13,1.15,422.0
煸牛百叶,68.96,11.25,2.13,1.15,422.0
法式炖菜,32.27,1.19,0.84,5.78,313.0
法式炖菜炒鸡蛋,56.69,3.65,3.45,3.09,314.0
法式黄油烤鲑鱼,131.78,11.93,6.24,7.08,428.0
法式烤面包,181.15,7.07,4.34,28.47,122.0
法式吐司,174.14,8.06,6.82,20.22,174.0
番茄巴沙鱼,93.01,12.13,4.16,2.02,186.0
番茄白玉煮花甲,56.48,5.77,2.55,2.96,409.0
番茄百叶结烧肉,264.21,6.52,24.87,2.83,461.0
番茄包菜,30.32,1.29,1.09,4.6,343.0
番茄菠菜汁,13.75,0.9,0.24,2.42,451.0
番茄菠萝汁,28.12,0.5,0.25,6.38,352.0
番茄菜花,32.84,2.54,1.22,4.48,268.0
番茄有机菜花,30.3,2.66,1.05,4.08,528.0
番茄草菇,37.62,1.8,0.83,5.86,412.0
番茄炒菠菜,31.63,2.07,0.96,4.4,294.0
番茄炒油菜,22.51,1.19,1.06,3.0,311.0
番茄葱花蛋汤,29.15,2.38,1.71,1.22,319.0
番茄蛋花汤,23.02,1.57,1.19,1.73,291.0
番茄蛋饺,78.06,4.83,5.46,2.9,155.0
番茄蛋奶汤,76.35,6.56,4.33,3.04,334.0
番茄蛋汤,29.41,2.34,1.19,3.2,85.0
番茄鲷鱼,74.91,8.53,1.99,6.17,275.0
番茄豆瓣虾,96.95,14.82,1.75,4.69,262.0
番茄豆腐鸡蛋汤,73.11,5.53,4.48,3.31,264.0
西红柿豆腐鸡蛋汤,27.55,2.26,1.63,1.24,490.0
番茄豆腐汤,19.34,1.21,1.15,1.3,331.0
西红柿豆腐汤,25.69,2.0,1.45,1.46,576.0
番茄焖牛腩,81.39,10.96,1.29,6.81,317.0
番茄洋葱煨牛腩,81.58,11.69,2.46,2.55,190.0
番茄饭卷,117.71,5.94,3.53,15.74,271.0
番茄肝末,71.13,10.27,2.51,2.29,291.0
鸡蛋番茄疙瘩汤,124.35,6.88,3.83,16.17,193.0
番茄海带汤,31.91,1.2,2.6,1.17,304.0
番茄厚蛋烧,97.24,8.98,5.77,2.69,181.0
番茄胡萝卜汁,9.74,0.44,0.09,2.32,380.0
番茄黄瓜汤,21.4,1.69,1.27,0.87,430.0
番茄黄焖鸡块,129.65,15.49,6.16,3.19,398.0
番茄黄焖牛肉,67.91,8.51,1.8,4.82,268.0
番茄黄鱼,99.49,12.04,2.78,6.03,591.0
番茄烩牛肉,94.28,11.1,1.73,8.85,437.0
番茄烩青豆,67.72,6.35,2.56,5.93,536.0
番茄鸡蛋饼,79.7,5.85,4.95,3.47,133.0
番茄鸡蛋什锦面,168.39,9.13,4.13,24.3,174.0
番茄鸡蛋汤,29.22,2.43,1.76,1.11,308.0
番茄鸡片,69.54,5.4,1.57,10.02,197.0
西红柿炒鸡片,123.03,12.99,4.54,9.19,356.0
番茄酱煮鸡肝,76.27,9.14,3.47,2.17,236.0
番茄金枪鱼意大利面,122.06,5.57,1.24,22.81,204.0
番茄菌菇豆腐汤,16.06,1.05,0.88,1.29,442.0
番茄烩龙利鱼,72.27,9.26,1.26,6.4,422.0
番茄焖青豆,109.96,6.34,3.39,14.67,512.0
番茄焖虾,46.87,7.07,0.52,3.76,702.0
番茄焖竹节虾,62.59,8.89,0.95,5.02,572.0
番茄米汤,28.52,0.75,0.1,6.33,270.0
番茄面疙瘩,79.04,4.72,1.89,11.29,291.0
番茄蘑菇汤,32.5,4.31,0.39,3.98,280.0
番茄木耳蛋花汤,46.76,3.15,1.43,6.72,340.0
番茄柠檬炖鲫鱼,72.52,10.32,1.69,3.98,433.0
番茄牛肉,97.17,12.52,2.01,8.71,389.0
番茄牛肉汤,21.26,3.69,0.45,0.76,301.0
番茄藕饼汤,47.59,1.28,0.74,10.16,187.0
番茄苹果汁,24.63,0.7,0.25,5.73,410.0
番茄青豆肉末,115.07,9.73,5.08,9.21,219.0
番茄肉酱意大利面,161.9,9.06,1.9,27.48,168.0
番茄肉丝汤,38.87,1.54,3.05,0.98,301.0
番茄沙司炒大虾,91.8,15.48,1.25,4.62,244.0
番茄沙司年糕,124.89,6.37,0.91,23.24,454.0
番茄牛肉烧,67.11,9.89,2.1,2.61,228.0
番茄烧鲜蘑,103.01,2.64,8.3,4.92,365.0
番茄生姜滚鱼丸汤,27.58,2.55,0.35,3.92,533.0
番茄丝瓜虾皮粥,39.55,2.03,0.25,7.89,440.0
番茄通心面,184.1,7.64,3.43,31.36,283.0
番茄土豆,68.76,1.94,0.64,14.47,477.0
番茄土豆鸡肉粥,76.21,4.81,0.84,12.82,227.0
番茄土豆排骨汤,69.67,3.98,3.85,5.1,544.0
番茄豌豆汤,29.18,2.24,1.29,2.34,425.0
番茄虾仁鸡蛋饼,159.68,12.1,2.98,21.59,186.0
番茄虾仁沙拉,122.22,11.7,0.69,17.8,225.0
番茄鲜蘑排骨汤,69.58,4.78,5.1,0.79,401.0
番茄鳕鱼,74.94,11.12,0.88,6.02,395.0
番茄鳕鱼泥,65.84,13.01,1.01,1.54,161.0
番茄羊肉汤,34.18,2.72,1.22,3.31,509.0
番茄洋葱沙拉,47.77,1.08,2.71,5.49,157.0
番茄洋葱意大利面,182.98,5.93,1.97,35.61,188.0
番茄银耳小米粥,63.93,1.79,0.47,14.27,183.0
番茄鱼丸豆腐汤,101.47,12.03,3.59,6.0,339.0
番茄鱼丸汤,60.79,5.38,1.83,5.78,482.0
番茄汁,12.58,0.6,0.13,2.85,302.0
酸甜番茄汁,10.0,0.6,0.13,2.2,300.0
番薯藕粉羹,107.09,0.15,0.0,26.57,141.0
蕃茄蛋花汤,44.63,3.15,3.0,1.35,307.0
蕃茄酱烧茭白,33.45,1.57,0.21,7.31,284.0
蕃茄酱烧鱼块,113.13,17.47,3.91,1.73,297.0
蕃茄面,87.64,3.79,1.65,15.05,518.0
蕃茄牛扒丼,83.96,7.19,2.57,8.23,318.0
蕃茄牛肉煲,105.41,13.14,1.88,9.31,333.0
蕃茄烧豆腐,55.26,3.94,3.14,3.59,380.0
蕃茄烧牛腩,62.71,9.62,1.39,3.37,472.0
饭团双拼,121.97,5.74,0.55,23.73,223.0
方瓜炒虾仁,61.99,5.57,0.16,9.76,221.0
防弹咖啡,35.12,1.11,1.8,3.67,168.0
防暑三豆汤,37.5,2.78,0.62,5.68,280.0
肥肠茄子煲,92.01,3.08,7.43,3.2,438.0
肥牛金针番茄汤,58.75,9.1,1.14,3.55,526.0
肥牛金针菇,78.92,13.15,1.58,3.5,351.0
肥牛手抓饭,231.43,8.9,3.59,40.83,105.0
肥鸭烧茄花,135.52,8.02,9.31,5.04,656.0
翡翠白玉豆腐丸,105.19,5.92,3.67,13.11,366.0
家常翡翠白玉汤,32.0,2.11,2.23,1.2,350.0
翡翠羹,44.63,5.7,0.64,4.01,307.0
翡翠花卷,152.56,7.62,2.31,26.49,156.0
翡翠杂粮花卷,153.07,7.18,3.08,25.15,179.0
蔬菜花卷,113.14,5.62,1.9,19.3,175.0
翡翠茭白,32.38,1.32,0.83,5.89,315.0
翡翠面片汤,88.6,5.22,2.35,12.15,421.0
翡翠素菜卷,30.03,2.0,0.78,4.87,343.0
翡翠莴苣,23.68,0.99,1.09,2.76,304.0
翡翠虾球,111.72,16.21,1.68,8.21,384.0
翡翠虾仁,152.34,13.92,0.56,23.23,384.0
翡翠虾仁色拉,47.11,6.19,0.78,4.18,467.0
翡翠油豆腐,139.37,9.58,9.14,5.21,414.0
翡翠鱿鱼卷,72.53,12.43,1.7,2.01,364.0
粉葛煲生鱼,129.93,13.55,2.46,14.0,304.0
粉葛黑豆猪骨汤,131.67,8.29,7.04,9.16,502.0
粉葛焖五花肉,223.13,4.68,12.48,24.29,147.0
粉葛粟米排骨汤,127.39,7.64,7.96,6.6,522.0
粉葛玉米鹌鹑汤,76.78,6.12,1.06,11.19,633.0
粉葛玉米炖猪蹄,216.0,15.31,12.49,11.31,575.0
粉皮拌虾仁,155.37,14.36,0.48,22.8,298.0
粉丝白菜炒鸡蛋,71.98,3.16,2.03,10.79,339.0
粉丝白菜汆丸子,198.24,8.65,13.91,9.81,341.0
粉丝拌海带丝,86.79,2.0,0.14,19.81,159.0
粉丝拌黄瓜,75.82,1.08,0.52,17.02,306.0
粉丝菠菜,81.57,2.48,0.89,16.64,331.0
粉丝烩菠菜,108.52,2.13,1.41,22.44,176.0
粉丝炒菠菜,77.39,2.18,0.85,16.13,345.0
粉丝蛋花,181.88,10.46,7.13,19.09,160.0
粉丝鲫鱼汤,84.32,7.43,1.19,10.7,472.0
粉丝炝菠菜,111.31,3.01,2.66,19.53,274.0
粉丝肉丸汤,57.3,1.9,3.09,5.56,356.0
粉丝鳝鱼,132.2,11.87,2.19,15.78,323.0
粉丝虾米节瓜煲,55.67,2.37,0.61,11.03,282.0
粉丝香菇蛋汤,59.26,2.67,1.31,9.56,432.0
粉丝小白菜,91.91,1.27,1.11,20.16,235.0
粉丝炒小白菜,68.06,1.33,1.1,14.18,360.0
粉蒸红芋,101.04,2.44,0.78,20.6,384.0
粉蒸鸡块,158.8,16.29,5.0,10.97,415.0
粉蒸牛肉,141.54,17.5,2.91,10.99,337.0
炒米粉蒸牛肉,141.54,17.5,2.91,10.99,337.0
粉蒸牛里脊,141.54,17.5,2.91,10.99,337.0
粉蒸茄子,192.0,8.23,13.6,9.59,450.0
粉蒸芹菜叶,81.98,4.04,1.54,14.02,394.0
粉蒸鳝鱼,106.7,12.87,2.04,8.67,403.0
粉蒸芋球,66.67,1.88,0.93,13.14,312.0
蜂蜜冰沙,3.95,0.01,0.03,0.99,152.0
蜂蜜蛋糕,268.42,14.02,6.0,40.57,114.0
蜂蜜蛋花汤,46.51,4.23,2.78,1.18,372.0
蜂蜜海绵蛋糕,288.59,13.97,5.74,46.12,149.0
蜂蜜汉堡,188.55,8.35,5.38,27.18,131.0
蜂蜜鸡蛋糕,345.66,11.35,13.6,45.19,173.0
蜂蜜小蛋糕,297.44,14.27,5.67,48.47,156.0
蜂蜜小面包,223.68,10.23,5.27,34.53,266.0
蜂蜜雪梨炖百合,60.42,0.73,0.07,15.13,283.0
蜂蜜柚子茶,27.27,0.39,0.1,6.32,407.0
蜂蜜蒸红薯,62.58,0.7,0.21,15.7,302.0
凤梨拌炸虾仁,188.63,13.75,3.73,25.16,387.0
凤梨炒饭,138.3,7.33,4.77,16.79,389.0
凤梨炒虾仁,101.48,7.13,0.9,16.06,338.0
凤梨炒鸭胸,78.54,4.32,1.86,10.57,219.0
凤梨蛋炒饭,108.02,4.79,2.34,17.48,424.0
凤梨肉松炒饭,120.65,4.54,2.64,19.98,402.0
凤梨虾仁炒饭,133.33,5.61,1.55,24.57,366.0
凤梨银耳,68.35,1.18,0.22,17.07,139.0
凤梨猪肉,115.14,4.48,5.43,12.47,218.0
凤尾腰花,77.06,11.45,2.26,2.22,218.0
凤眼猪肝,150.7,17.72,6.57,2.21,355.0
夫妻肺片,133.33,10.92,7.83,5.47,198.0
香辣夫妻肺片,211.71,16.65,12.92,8.18,205.0
麻辣夫妻肺片,133.5,10.8,7.77,5.87,203.0
特色夫妻肺片,133.33,10.92,7.83,5.47,198.0
芙蓉鹌鹑蛋,141.79,10.31,9.45,3.99,481.0
芙蓉鹌鹑蛋羹,124.23,9.96,7.57,3.41,421.0
芙蓉菜心,56.05,5.01,2.04,5.21,380.0
芙蓉炒活蟹,106.5,11.57,2.72,8.73,508.0
芙蓉豆腐,99.45,7.68,5.27,5.84,542.0
芙蓉番茄,190.68,6.67,15.22,6.87,236.0
芙蓉嫰鸡,124.57,16.16,3.29,8.45,293.0
芙蓉溜鸡片,114.83,15.86,1.9,9.86,344.0
滑熘芙蓉鸡片,110.1,17.25,1.79,7.0,416.0
芙蓉滑鸡,113.04,17.71,1.6,8.06,391.0
芙蓉莲子,44.79,4.73,0.21,6.43,192.0
芙蓉丝瓜,43.23,2.91,0.17,8.08,192.0
芙蓉虾仁,117.65,9.4,4.93,7.19,102.0
佛手包,279.27,11.16,4.41,50.4,82.0
佛手冰糖炖,10.95,0.6,0.05,2.39,402.0
佛手瓜炒鸡蛋,89.87,7.38,5.32,3.43,237.0
佛手瓜炒里脊肉,52.04,4.17,1.94,4.87,319.0
佛手瓜炒肉丝,117.45,4.28,7.8,4.86,235.0
佛手瓜炒虾米,60.51,6.33,1.15,6.83,276.0
佛手卷,365.09,15.71,4.27,67.75,106.0
海鲜大杂烩,136.68,17.92,6.35,1.88,379.0
佛跳墙,142.11,18.07,6.84,1.95,399.0
糙米莲子黑枣茶,287.72,10.72,3.96,54.89,57.0
福建荔枝肉,253.48,10.61,20.79,6.26,460.0
福建酿豆腐,112.58,8.5,6.15,6.3,453.0
腐皮菠菜卷,148.64,15.73,6.19,9.64,403.0
腐皮肉卷,377.6,32.8,21.67,15.06,192.0
腐皮三丝,169.4,17.23,7.44,10.46,317.0
腐乳拌黄瓜,18.24,0.96,0.3,3.09,307.0
腐乳拌苋菜,47.19,3.24,1.58,5.79,267.0
腐乳爆肉,131.32,14.77,6.62,2.18,364.0
腐乳炒空心菜,31.68,2.53,1.07,4.73,322.0
腐乳豆腐炖胡萝卜,86.48,5.83,5.27,4.86,244.0
腐乳高丽菜,31.98,1.66,0.4,5.3,369.0
腐乳木耳菜,33.75,2.03,1.3,4.3,317.0
腐乳烧猪蹄,246.77,20.94,17.86,0.57,387.0
腐乳生菜,41.67,2.85,2.29,3.82,228.0
腐乳蒸猪肉,326.87,14.52,29.13,1.78,268.0
腐乳汁拌双笋,32.45,2.05,0.92,4.27,413.0
腐竹拌芹菜,63.2,5.04,2.41,5.96,337.0
腐竹炒油菜,64.13,5.43,3.12,4.5,315.0
腐竹炖肉,317.11,15.57,26.92,3.29,304.0
腐竹瓜片汤,37.06,3.15,1.65,2.55,340.0
腐竹鸡丝,173.4,19.48,7.82,6.59,282.0
腐竹卷,305.82,20.81,18.39,15.08,395.0
腐竹木耳汤,75.19,4.62,2.98,8.74,258.0
腐竹芹菜,114.55,9.32,4.96,8.92,268.0
腐竹三丝,131.05,11.46,5.98,8.25,219.0
腐竹瘦肉汤,93.1,6.09,6.21,3.32,348.0
腐竹鲜贝粥,88.26,6.61,1.22,13.04,213.0
腐竹小白菜,57.99,4.78,2.46,5.17,388.0
腐竹烧小白菜,54.73,4.09,2.14,5.74,338.0
腐竹油菜,63.29,5.04,2.99,5.06,286.0
腐竹扒油菜,63.24,5.24,2.88,5.06,389.0
腐竹烧油菜,194.33,16.6,9.31,12.0,141.0
腐竹玉米马蹄汤,123.62,8.13,7.55,6.06,614.0
腐竹粥,107.14,4.88,1.74,18.14,140.0
富铁婴儿米粉,143.75,2.63,0.64,32.25,80.0
改良版绿豆糕,375.0,18.57,5.98,64.11,56.0
盖浇豆腐,120.59,7.34,7.69,6.18,408.0
盖浇茄饼,51.0,2.59,1.55,7.23,502.0
甘蓝拌青椒丝,46.84,3.44,0.78,9.34,395.0
甘蓝菜韭葱马铃薯泥,64.79,2.62,2.77,7.69,497.0
甘薯粥,78.02,1.46,0.15,18.05,182.0
甘蔗荸荠煲排汤,110.24,6.44,7.0,5.53,586.0
甘蔗冬瓜汁,52.16,0.52,0.15,12.57,370.0
橄榄菜蒸鲈鱼,186.83,14.57,13.3,2.63,243.0
橄榄油醋酱,46.15,1.48,2.2,5.62,143.0
橄榄油芝麻苋菜,39.61,2.11,2.14,3.32,467.0
干贝白菜汤,69.02,6.97,2.99,3.15,297.0
干贝炖蛋,124.78,10.14,4.88,10.67,113.0
干贝厚蛋烧,103.64,10.15,5.96,2.62,220.0
干贝鸡肉粥,133.12,7.95,2.37,19.89,154.0
干贝丝瓜芥菜,43.14,2.35,1.26,6.29,357.0
干贝莴笋,29.57,2.74,0.43,3.99,301.0
干贝猪肉汤,104.82,6.22,7.98,1.42,249.0
干煸冬笋肉丝,238.79,11.24,20.37,2.18,232.0
干煸豆芽,55.68,4.16,2.22,5.58,361.0
干煸鸡丝,96.21,16.97,1.75,2.58,396.0
干煸苦笋,86.07,4.96,6.25,3.33,280.0
干煸藕条,63.58,1.58,1.46,12.43,313.0
干煸茄皮,75.37,3.25,4.11,6.93,410.0
干煸茄子,26.02,1.18,0.25,5.57,369.0
干煸青辣椒,53.56,2.07,1.18,10.22,267.0
干煸肉末四季豆,105.71,5.14,7.8,5.5,420.0
干煸香菇扁豆,116.74,5.72,8.2,6.43,215.0
干煸香辣银鱼干,78.63,8.02,2.64,6.43,248.0
干煸鱿鱼须,83.39,14.76,2.03,1.55,301.0
干炒平菇,53.85,5.5,1.81,4.76,611.0
干葱豆豉鸡煲,140.1,18.49,6.19,2.81,586.0
干豆腐拌黄瓜,49.54,3.3,2.2,4.4,329.0
干锅春笋腊肉,121.27,3.93,10.11,4.53,536.0
干锅鲜虾土豆,92.78,13.46,1.07,7.5,443.0
干火靠大虾,90.46,15.57,1.08,3.76,367.0
干煎白带鱼,130.79,15.79,4.47,6.43,367.0
干煎带鱼,109.9,16.89,4.68,0.12,313.0
干煎多利鱼佐松子罗勒青酱,145.66,17.78,7.37,1.93,311.0
干椒圆白菜,30.25,1.47,0.83,4.81,324.0
干辣蛤蜊,60.88,9.69,1.07,3.03,524.0
干煽牛肉丝,99.54,15.52,2.57,3.58,435.0
干烧白菜,76.83,3.97,4.97,4.1,397.0
干烧斑节虾,108.14,16.4,1.81,6.72,344.0
干烧翅尖,190.38,15.8,11.01,6.82,312.0
干烧红烧肉,286.97,13.09,25.02,2.15,422.0
干烧黄鱼,123.0,14.65,5.81,2.53,426.0
干烧茭白,33.97,1.66,0.75,6.01,574.0
干烧罗氏大虾,108.28,15.88,3.12,3.74,302.0
干烧四季豆,44.9,4.65,1.07,5.58,412.0
干烧鳕鱼,106.88,18.32,2.56,2.71,189.0
干烧鱼,116.14,12.99,5.59,3.74,440.0
干烧草鱼,116.14,12.99,5.59,3.74,440.0
干烧鱼块,116.14,12.99,5.59,3.74,440.0
干笋腊肉,414.69,11.03,37.62,9.21,463.0
干香肉片,292.21,12.86,25.95,1.27,244.0
干炸棒鱼,123.7,26.51,1.42,1.29,308.0
干炸菜花,93.78,6.14,2.94,11.72,482.0
干炸带鱼,121.88,16.15,4.84,3.84,329.0
干炸鸡肉,149.11,18.29,7.14,2.44,281.0
酥炸小黄鱼,132.69,16.85,2.42,10.58,364.0
高丽菜炒番茄,25.18,1.37,0.57,4.31,544.0
高丽菜炒牛肉片,82.48,8.46,1.08,10.02,491.0
高丽大虾,93.32,15.71,1.19,4.57,389.0
高丽豆腐汤,18.75,1.36,0.81,1.79,352.0
高粱红枣豆浆,47.26,2.22,0.89,8.13,347.0
高汤白菜,53.59,3.09,3.2,3.81,459.0
高汤娃娃菜,13.97,1.04,0.59,1.87,408.0
高纤沙拉,68.6,1.06,0.26,16.66,500.0
高纤蔬菜汁,19.33,0.69,0.25,4.83,150.0
糕点散寿司,151.55,12.88,4.0,19.54,291.0
清香油菜疙瘩汤,24.66,1.41,0.35,4.57,223.0
葛粉煮苹果,59.9,0.44,0.15,15.15,197.0
宫保鸡丁,147.16,9.87,7.82,10.21,229.0
家庭版宫保鸡丁,216.94,17.81,11.81,10.57,248.0
家常宫保鸡丁,77.86,7.99,3.94,3.0,140.0
特色宫保鸡丁,124.48,13.88,6.54,2.15,192.0
咸香宫保鸡丁,195.98,13.68,9.45,15.08,199.0
川香宫保鸡丁,169.77,13.53,9.01,9.09,129.0
简版宫保鸡丁,139.02,17.53,6.19,3.77,328.0
宫保藕丁,87.92,3.17,3.45,12.38,505.0
宫保素三丁,111.43,4.09,5.28,12.69,280.0
宫保虾球,235.03,16.85,7.53,25.93,394.0
宫保鲜虾球,199.24,17.26,3.28,25.37,262.0
宫爆藕丁,48.46,1.62,0.88,9.52,518.0
贡丸汤,29.76,5.33,0.61,0.78,420.0
枸杞百合红豆汤,23.15,1.11,0.09,4.67,337.0
枸杞拌蚕豆,110.54,8.3,0.92,18.65,389.0
枸杞拌苦瓜,30.71,1.45,0.51,5.7,267.0
枸杞黑豆煲猪骨,234.87,15.16,14.63,10.85,304.0
枸杞黑豆炖羊肉,143.07,17.01,6.17,4.34,267.0
枸杞黑豆烧羊肉,143.07,17.01,6.17,4.34,267.0
枸杞葡萄干豆浆,88.81,3.19,4.15,10.49,277.0
葡萄干枸杞豆浆,88.81,3.19,4.15,10.49,277.0
枸杞鲜蘑炒猪心,94.26,12.26,4.22,2.05,366.0
枸杞小米豆浆,35.42,2.3,0.89,4.93,240.0
枸杞羊肝汤,29.28,2.97,0.9,1.89,345.0
黄鱼烧白菜,92.9,9.79,2.68,7.23,746.0
挂卤炒面,187.5,6.04,6.13,26.63,208.0
挂面沙拉,119.18,3.47,0.43,26.01,146.0
挂霜腰果,613.94,23.08,50.38,22.02,208.0
怪味鸡块,224.48,14.8,17.42,2.17,339.0
怪味苦瓜,56.47,1.87,2.92,6.34,278.0
关东煮,53.5,4.07,1.08,8.6,157.0
灌汤牛肉丸,121.61,16.37,2.31,8.87,435.0
灌汤蟹黄包,264.74,14.95,11.07,25.51,156.0
蟹黄包,264.74,14.95,11.07,25.51,156.0
罐罐鸡,141.13,15.74,6.07,5.59,496.0
罐焖鸡,91.96,8.97,3.03,7.73,535.0
罐焖肉,229.61,14.91,17.35,4.23,304.0
罐焖虾,130.75,14.68,2.95,11.68,465.0
罐焖羊肉,118.7,13.92,5.67,3.12,369.0
广东腊味糙米煲仔饭,321.81,10.05,14.91,37.67,188.0
广式卤鸭掌,167.58,25.26,1.84,12.39,330.0
广式深井烧鹅,275.61,16.83,18.35,10.79,410.0
深井烧鹅,272.09,16.06,17.5,12.57,215.0
广式蒸排骨,260.27,17.09,19.19,4.74,224.0
广州文昌鸡,146.29,16.14,7.61,3.0,404.0
归芪肉汤,64.55,3.22,3.58,6.28,440.0
鲑鱼炒饭,133.49,5.71,3.09,20.87,212.0
鲑鱼什锦散寿司,120.41,6.74,2.62,19.2,294.0
鲑鱼香蕉粥,97.2,5.41,2.03,14.54,250.0
桂花糖藕,59.01,1.13,0.25,14.29,322.0
桂圆菠萝汤,29.46,0.36,0.06,7.23,336.0
桂圆炒海参,65.76,9.64,0.77,4.8,368.0
桂圆炖猪心,97.3,12.81,3.99,2.48,333.0
桂圆腐乳炖肉,261.11,11.84,21.52,4.41,216.0
桂圆枸杞粥,57.62,1.71,0.31,12.2,210.0
桂圆核桃土司,371.2,12.62,17.49,42.34,184.0
桂圆红枣小麦粥,56.25,1.17,0.14,13.05,192.0
桂圆红枣银耳羹,54.76,0.98,0.14,13.3,210.0
桂圆栗子粥,66.36,1.37,0.16,15.04,217.0
桂圆糯米粥,44.62,1.08,0.12,9.85,195.0
桂圆肉蒸蛋,98.93,8.5,5.53,3.94,187.0
桂圆银耳莲子汤,15.37,0.47,0.06,3.69,397.0
桂圆芝麻小米粥,75.74,1.88,1.45,14.15,202.0
滚龙鱿鱼卷,82.25,13.55,2.25,1.73,400.0
锅粑虾仁,263.86,13.88,8.21,34.84,415.0
锅包肉,224.4,10.63,18.52,4.08,332.0
锅爆肉,305.4,13.17,26.83,3.05,352.0
锅烧河鳗,141.04,13.12,7.85,4.14,385.0
锅塌鲈鱼,133.17,15.66,4.49,7.29,398.0
特色锅塌鲈鱼,133.17,15.66,4.49,7.29,398.0
锅塌香椿豆腐,93.33,7.18,5.63,3.59,285.0
锅贴番茄,78.1,5.16,3.97,6.0,347.0
果酱土豆饼,124.07,4.6,1.52,23.61,378.0
果仁菠菜,93.97,4.61,5.89,6.55,348.0
果仁炒脆芹,157.76,6.07,10.3,12.55,277.0
果仁豆渣粥,217.37,9.58,11.65,20.87,190.0
果仁核桃酥,334.35,14.36,15.54,35.76,131.0
果仁粥,232.2,7.2,15.92,16.22,177.0
香甜果仁粥,209.7,6.22,14.39,14.88,165.0
果味点心,112.06,1.27,2.32,22.56,282.0
果味里脊条,140.05,15.92,7.17,2.41,382.0
果味麦片粥,111.43,4.15,3.15,17.32,245.0
果味西瓜冻,36.01,0.5,0.28,8.09,547.0
果汁白菜心,29.33,2.17,0.39,4.94,433.0
果汁牛奶,55.3,1.63,1.34,9.47,302.0
果香牛奶,57.71,2.04,1.9,8.34,402.0
果汁生鱼卷,129.64,10.41,7.48,5.55,388.0
过桥米线,93.7,5.37,4.04,10.22,365.0
哈密瓜草莓奶昔,48.99,1.26,0.8,9.43,447.0
哈密瓜泥,34.0,0.5,0.1,7.9,80.0
哈密瓜雪梨酸奶杯,63.41,1.3,0.83,13.26,410.0
蛤蜊白萝卜汤,31.33,3.83,0.43,3.6,300.0
蛤蜊炒冬瓜,43.25,5.55,1.11,3.03,474.0
蛤蜊炒毛豆,101.8,9.96,2.63,11.29,556.0
蛤蜊炒青豆,101.8,9.96,2.63,11.29,556.0
蛤蜊炒蘑菇片,48.16,6.29,1.17,3.58,463.0
蛤蜊炒丝瓜,49.79,5.16,1.04,5.41,470.0
蛤蜊蛋,86.98,10.73,3.63,2.68,430.0
蛤蜊冬瓜汤,48.88,6.77,1.16,2.67,538.0
蛤蜊豆腐炖海带,65.95,7.09,2.5,4.0,649.0
蛤蜊豆腐烧海带,65.95,7.09,2.5,4.0,649.0
花蛤豆腐炖海带,65.95,7.09,2.5,4.0,649.0
蛤蜊豆腐汤,41.64,4.17,2.13,1.44,855.0
蛤蜊葫芦饼,76.0,5.45,1.78,9.81,575.0
蛤蜊莲藕海带汤,28.51,4.1,0.45,2.04,649.0
蛤蜊酿菠菜,102.29,9.35,2.18,11.59,306.0
蛤蜊山药汤,34.87,3.04,0.67,4.23,585.0
蛤蜊丝瓜粥,51.12,4.46,0.75,6.69,446.0
蛤蜊蒸蛋,120.35,12.08,6.9,2.49,172.0
花蛤蜊蒸蛋,103.31,11.5,5.22,2.58,242.0
花蛤蒸蛋,87.23,11.04,2.71,4.56,282.0
蛤蛎冬瓜排骨汤,54.68,4.31,3.65,1.17,470.0
蛤肉爆茼蒿,73.95,5.02,2.95,6.87,238.0
蛤肉炒茼蒿,52.22,7.07,1.23,3.18,473.0
海白菜拌土豆,88.82,3.98,0.29,19.16,161.0
海贝白萝卜排骨汤,84.74,6.15,5.48,3.28,380.0
海菜豆腐味噌汤,42.99,3.49,2.33,2.78,335.0
海参扒肘子,171.67,14.37,8.29,9.92,293.0
海参豆腐羹,86.12,9.34,4.0,3.38,418.0
海参豆腐羹,63.64,6.4,2.75,3.56,242.0
海参炖猪蹄,132.98,14.55,7.47,1.58,561.0
海参汤,33.12,5.43,0.08,2.71,462.0
海参雪花豆腐羹,90.36,10.92,2.56,6.3,384.0
海带拌腐竹,72.93,6.19,3.11,5.52,181.0
香拌海带腐竹,94.35,5.9,5.79,5.12,354.0
家常海带拌腐竹,93.19,8.2,4.08,6.4,191.0
海带拌黄豆,58.15,4.36,1.98,6.83,227.0
海带拌鸡丝,141.08,10.74,9.0,4.67,409.0
海带拌小油菜,22.6,1.63,0.63,3.2,292.0
海带炒肉丝,153.58,7.01,12.76,2.67,293.0
海带豆腐汤,73.9,5.55,2.34,9.43,341.0
海带炖鸡,97.01,13.08,4.22,1.42,402.0
海带炖肉,216.4,9.75,18.51,3.26,506.0
海带黄豆猪蹄汤,103.24,8.86,6.6,2.36,648.0
海带鸡蛋饼,191.3,7.21,16.68,3.36,115.0
海带鸡蛋豆腐汤,35.62,2.91,2.2,1.19,365.0
海带鸡蛋汤,23.08,2.13,1.32,0.71,416.0
海带鸡蛋汤,32.5,2.61,1.94,1.29,360.0
海带鸡丝,95.76,12.03,4.42,2.1,354.0
海带结肉丝汤,87.1,4.04,6.22,3.91,442.0
海带龙骨汤,39.67,2.81,2.9,0.6,426.0
海带萝卜排骨汤,75.67,5.11,5.49,1.37,374.0
海带绿豆排骨汤,75.16,5.13,4.42,3.93,471.0
海带牡蛎汤,47.78,2.64,2.65,3.08,293.0
海带牛肉汤,24.18,3.84,0.47,0.79,306.0
清香昆布排骨汤,86.29,4.97,7.24,0.3,350.0
海带三丝,30.85,1.36,0.55,6.02,282.0
海带山药虾粥,65.11,4.51,1.17,9.26,235.0
海带烧豆腐,46.85,3.49,2.78,2.44,476.0
海带丝煮鱼卷,58.43,8.61,1.52,2.89,267.0
海带虾米排骨汤,104.72,9.03,6.79,1.41,466.0
海带虾米猪骨汤,104.72,9.03,6.79,1.41,466.0
海带鸭肉汤,42.58,5.19,1.3,2.6,458.0
海带鸭血汤,34.2,2.19,2.09,1.43,345.0
海带鹰嘴豆炖猪蹄,196.28,16.52,12.8,4.15,376.0
海带蒸旗鱼,203.45,15.02,11.24,10.1,290.0
海带紫菜猪骨汤,60.75,4.87,3.83,1.92,456.0
海椒蒸螃蟹,98.28,10.21,2.37,8.53,291.0
海蛎煎,116.14,7.73,4.63,11.07,316.0
海蛎子煎蛋,116.14,7.73,4.63,11.07,316.0
海米扒白菜,54.59,7.29,1.04,4.06,381.0
海米白菜,43.9,4.28,0.88,5.46,426.0
海米烧白菜,42.92,7.05,0.51,3.0,233.0
虾米白菜,42.92,7.05,0.51,3.0,233.0
海米拌菠菜,40.37,5.2,0.44,4.58,327.0
海米爆西葫芦,38.85,3.24,1.05,4.41,278.0
海米炒菠菜,53.85,5.34,1.77,4.87,442.0
海米炒丝瓜,30.8,2.94,0.68,3.93,263.0
海米冬瓜,29.18,4.06,0.41,2.75,353.0
金钩白玉,22.75,1.63,0.84,2.84,356.0
海米冬瓜汤,26.41,2.44,1.28,1.65,549.0
海米煲冬瓜,27.24,2.17,1.65,1.15,312.0
虾米冬瓜汤,26.42,2.87,1.33,0.8,299.0
金钩白玉汤,25.17,2.35,1.31,1.09,294.0
海米豆腐汤,26.35,3.4,1.23,0.57,406.0
海米烩豆腐,86.29,8.19,4.2,4.51,299.0
海米烧冬瓜,33.66,2.07,0.79,4.84,410.0
白玉金钩,33.66,2.07,0.79,4.84,410.0
金钩烧白玉,41.29,2.64,0.97,5.63,310.0
海米烧茄子,38.35,4.26,0.38,5.1,339.0
海米丝瓜,55.56,5.97,1.96,4.14,135.0
海米四季豆,58.24,5.4,2.07,6.47,182.0
海米西葫芦,38.04,3.22,1.08,4.3,276.0
海米西葫芦汤,32.09,2.93,1.74,1.24,321.0
海米油菜心,35.89,5.25,0.94,2.68,287.0
海米紫菜蛋花汤,38.51,4.22,1.76,1.74,322.0
海南椰子鸡,89.32,6.66,3.91,6.75,721.0
海南椰子煲鸡,89.32,6.66,3.91,6.75,721.0
海苔拌菠菜,37.4,3.66,0.87,6.31,254.0
海苔蛋碎粥,179.22,12.32,6.97,17.89,154.0
海苔豆腐羹,50.0,4.42,2.75,4.3,250.0
海苔肉松球,287.16,16.21,11.35,31.54,109.0
海苔寿司,89.9,3.43,1.48,16.56,198.0
海味饭团,169.8,9.38,1.92,31.52,149.0
海味土豆年糕,121.51,9.19,2.72,16.38,93.0
海虾烧白菜,42.38,5.61,0.85,3.44,387.0
海虾炖白菜,42.38,5.61,0.85,3.44,387.0
海白虾烧白菜,42.38,5.61,0.85,3.44,387.0
海鲜炒米粉,150.75,6.25,1.12,28.64,201.0
海鲜豆腐羹,51.77,3.63,3.08,3.04,311.0
海鲜尖椒丁,131.4,13.73,4.73,8.47,414.0
什锦海鲜全家福,101.49,13.45,1.26,8.73,336.0
海鲜西兰花,108.41,12.64,1.03,12.9,523.0
海蜇蔬菜汤,40.0,3.46,0.62,5.42,315.0
含铁婴儿米粉,128.0,2.33,0.57,28.67,75.0
韩国煎豆腐,113.26,8.13,6.2,7.04,279.0
韩国烤鸡肉,122.35,13.9,5.72,4.17,349.0
韩式盖饭,114.74,5.67,2.16,18.6,251.0
汉堡,228.72,9.65,15.23,13.71,282.0
旱蒸江团,90.24,8.54,5.54,1.26,656.0
杭椒爆炒八爪鱼,64.49,8.48,1.0,5.54,352.0
炝爆杭椒八爪鱼,64.49,8.48,1.0,5.54,352.0
杭椒小炒肉,252.37,11.68,21.13,3.75,359.0
蚝菇扒菜心,32.75,1.55,0.86,5.91,403.0
蚝菇炒菜心,32.75,1.55,0.86,5.91,403.0
蚝菇烧菜心,32.75,1.55,0.86,5.91,403.0
蚝皇干烧鸡翅,161.87,14.44,9.33,4.95,417.0
蚝油菠菜,49.12,2.61,1.17,7.77,226.0
蚝油草菇牛肉,68.85,9.12,1.02,6.22,443.0
蚝油草头,47.66,4.86,1.77,3.71,363.0
蚝油炒饭,119.64,2.55,1.48,24.29,168.0
蚝油炒芥兰,36.68,2.68,1.32,4.86,428.0
蚝油炒腊肠,266.24,9.64,19.28,13.84,388.0
蚝油炒茄子,29.68,1.16,0.56,5.67,283.0
蚝油炒青鲜,61.48,7.23,1.05,8.16,405.0
蚝油蛏子,45.85,5.97,0.94,3.68,325.0
蚝油豉汁油菜,72.07,3.71,4.28,5.73,290.0
蚝油春笋,49.09,2.5,1.95,6.62,165.0
蚝油冬瓜,18.99,0.34,0.97,2.84,258.0
蚝油烧冬瓜,23.57,0.52,0.91,4.08,314.0
蚝油豆腐,54.79,3.89,3.21,3.08,522.0
蚝汁豆腐,88.39,6.34,5.72,3.75,267.0
蚝油肥牛,94.59,12.88,2.35,5.07,259.0
蚝油凤爪,231.27,21.04,14.78,3.19,403.0
蚝油茭白,38.14,1.31,0.91,7.4,291.0
蚝油芥兰,42.77,3.07,0.89,7.3,332.0
蚝油空心菜,40.91,2.24,1.55,6.16,220.0
蚝油捞面,241.48,7.01,1.95,49.56,135.0
蚝油淋香茄,34.88,1.41,0.89,6.04,344.0
蚝油芦笋,31.58,2.63,0.63,5.16,380.0
蚝油牛柳扒菜心,74.22,9.06,1.59,6.11,419.0
蚝汁牛柳扒菜心,74.22,9.06,1.59,6.11,419.0
牛柳扒菜心,74.22,9.06,1.59,6.11,419.0
蚝油牛肉,80.63,11.89,1.85,4.54,568.0
蚝油青菜,39.87,2.6,0.92,6.03,316.0
蚝油青椒烧牛肉,111.85,15.78,2.46,6.44,346.0
蚝油青椒牛肉,108.68,16.45,2.7,4.66,265.0
蚝油扇贝,66.19,9.77,1.11,3.49,349.0
蚝油烧二冬,65.8,3.79,0.57,11.87,231.0
蚝油生菜,26.23,1.66,0.85,3.5,427.0
鲜香蚝油生菜,26.23,1.66,0.85,3.5,427.0
蚝油扒生菜,26.23,1.66,0.85,3.5,427.0
蚝油生菜炒虾仁,64.31,5.55,1.53,7.49,269.0
蚝油双菇,38.83,2.33,0.77,6.42,376.0
蚝油蒜蓉生菜,21.89,1.71,0.93,2.3,370.0
蚝油土豆丝,76.54,2.4,0.22,17.02,179.0
蚝油豌豆荚,100.46,6.2,0.75,18.67,432.0
蚝油虾仁豆腐,154.09,14.59,1.8,19.93,440.0
蚝油鲜菇,50.0,2.44,0.96,8.43,290.0
蚝油鲜虾,95.08,14.64,1.47,5.69,264.0
蚝油香菇,45.96,2.27,0.29,9.93,235.0
蚝油香菇菜心,37.54,1.83,0.94,6.73,333.0
蚝油香菇西兰花,40.94,3.1,1.12,6.22,320.0
蚝油杏鲍菇,46.3,1.43,0.1,10.96,270.0
蒜香耗油杏鲍菇,58.84,1.59,0.79,12.24,294.0
蚝油羊肉,98.68,10.39,4.4,4.57,378.0
蚝仔煎,123.34,7.03,6.9,8.29,497.0
蚝仔粥,143.75,6.71,5.7,16.59,256.0
蚝汁芥兰,58.33,5.04,2.49,5.28,348.0
好吃多磨,191.18,13.43,11.31,11.41,306.0
好饿的毛毛虫,57.0,1.28,0.85,12.05,200.0
合炒木须肉,117.3,11.14,5.98,4.31,341.0
河鳗炖豆腐,152.95,14.12,9.17,3.34,457.0
河南老式茄丝面,169.37,4.82,1.32,35.24,222.0
河塘小炒,59.23,2.17,0.7,12.01,439.0
河虾炒黄瓜,79.37,11.45,2.42,1.84,383.0
河虾汤,40.99,2.79,2.64,1.67,644.0
荷包蛋面,162.59,6.76,2.97,27.35,147.0
荷包水鱼,125.39,11.34,7.03,4.03,516.0
荷花干火鲍,74.32,11.02,1.03,4.61,370.0
荷兰豆拌腐竹,84.19,7.37,3.26,6.97,253.0
荷兰豆拌鱿鱼丝,46.17,6.2,0.88,3.79,405.0
荷兰豆炒肚片,57.07,5.81,2.12,3.64,375.0
荷兰豆炒火腿,119.78,6.55,8.5,5.01,364.0
荷兰豆炒肉,142.03,10.7,6.15,13.97,138.0
荷兰豆炒山药,74.77,3.08,0.98,15.18,325.0
荷兰豆炒虾仁,113.62,10.89,1.07,15.43,323.0
荷兰豆炒香菇,48.15,2.36,1.24,6.94,216.0
荷兰豆烧香菇,48.15,2.36,1.24,6.94,216.0
荷兰豆炒猪肚,76.77,7.15,2.61,6.21,396.0
荷兰豆蛋汤,69.74,5.16,3.79,4.08,76.0
荷兰豆鸡丝,70.1,10.62,1.39,4.49,408.0
荷塘小炒,59.55,2.54,0.91,12.27,356.0
特色荷塘小炒,66.42,2.5,0.82,14.18,405.0
荷香糯米蒸排骨,223.94,13.08,12.61,14.56,330.0
荷香蒸乌鸡,132.48,19.18,2.49,8.94,428.0
荷叶蒸乌鸡,132.48,19.18,2.49,8.94,428.0
荷叶凤脯,131.03,17.92,5.08,3.38,506.0
荷叶莲子枸杞粥,81.94,2.05,0.24,18.07,144.0
枸杞荷叶莲子粥,81.94,2.05,0.24,18.07,144.0
荷叶牛肚汤,22.09,3.59,0.43,0.85,430.0
荷叶蒸排骨,251.91,16.57,18.39,5.12,341.0
荷叶粥,31.52,0.7,0.05,7.04,330.0
荷叶香米粥,33.73,0.7,0.05,7.59,332.0
清凉荷叶粥,33.73,0.7,0.05,7.59,332.0
核桃炒鱼丁,225.76,15.03,16.42,4.93,229.0
核桃豆奶,248.34,7.02,21.19,9.0,302.0
核桃果味发糕,427.45,14.81,15.24,60.28,102.0
核桃红豆豆浆,57.91,1.68,4.43,3.3,335.0
核桃红枣羹,158.67,2.83,9.91,15.69,150.0
核桃糊,82.5,1.9,4.97,8.03,240.0
核桃酪,162.67,3.18,10.14,15.48,292.0
核桃莲子山药羹,177.14,6.08,10.98,14.52,210.0
核桃米糊,128.89,4.54,6.46,13.44,180.0
核桃木耳粳米粥,182.32,5.45,6.92,28.54,198.0
核桃球,453.78,14.37,20.62,55.0,119.0
核桃仁豌豆羹,146.69,5.17,5.99,19.25,302.0
核桃粥,93.2,2.14,4.81,10.79,250.0
核桃山药饮,46.15,1.86,3.05,3.01,585.0
核桃山楂汁,88.1,1.81,7.05,5.06,252.0
核桃乌鸡汤,66.92,7.42,3.56,1.29,517.0
核桃虾仁汤,66.24,3.62,3.42,5.37,388.0
核桃杏仁豆浆,144.49,6.01,10.75,7.2,272.0
核桃燕麦豆浆,86.78,3.1,5.53,7.01,242.0
核桃汁,161.5,3.72,14.7,4.78,400.0
黒胡椒鸡柳,161.08,19.35,3.85,11.61,316.0
黒芝麻馒头,226.77,10.13,2.96,41.04,127.0
黑白豆沙包,276.92,11.45,2.65,53.05,78.0
黑白麻蓉包,284.81,11.94,4.62,50.37,79.0
黑豆煲排汤,87.73,6.17,5.48,3.74,432.0
黑豆脆饼,267.49,14.43,6.0,39.86,203.0
黑豆炖羊肉,141.16,16.47,5.97,5.4,277.0
黑豆高粱米粥,63.33,3.87,1.59,9.03,180.0
黑豆核桃豆浆,47.58,2.32,3.4,2.4,330.0
黑豆核桃蜂蜜奶,90.99,4.99,5.02,6.9,322.0
黑豆红枣汁,39.71,2.31,0.96,5.96,340.0
黑豆花生牛奶,116.96,6.45,6.68,8.11,171.0
花生黑豆牛奶,116.96,6.45,6.68,8.11,171.0
黑豆鸡爪汤,77.58,7.23,4.65,1.87,281.0
黑豆米饭,170.43,6.84,1.74,32.54,115.0
黑豆糯米豆浆,32.11,2.34,0.99,3.81,327.0
黑豆三香豆浆,40.92,1.98,2.9,1.99,325.0
黑豆银耳豆浆,24.3,1.82,0.76,2.98,214.0
银耳黑豆豆浆,16.56,1.24,0.52,2.03,314.0
黑豆雪耳豆浆,21.7,1.76,0.76,2.32,318.0
黑豆猪骨汤,147.72,10.47,10.96,1.91,681.0
黑胡椒鸡柳,113.73,18.4,2.33,4.5,233.0
黑胡椒鸡排,126.0,18.15,2.21,8.45,300.0
黑胡椒鸡肉串,153.53,18.19,7.57,2.12,170.0
黑胡椒烤牛排,124.81,16.57,2.89,8.34,270.0
黑胡椒香菇,42.11,2.33,1.3,6.82,209.0
黑椒大排,115.16,14.05,5.31,3.07,409.0
黑椒豆角牛柳,95.35,15.22,2.2,4.19,452.0
黑椒肥牛卷,86.39,10.64,1.78,7.6,360.0
黑椒鸡脯,115.15,21.15,2.28,2.68,330.0
家常黑椒鸡腿,119.18,15.18,5.29,3.02,485.0
黑椒茭白牛柳,96.18,15.65,2.32,3.03,419.0
黑椒椒盐煎羊排,146.3,18.11,7.13,2.46,257.0
黑椒烤鸡翅,194.67,17.99,10.84,5.71,319.0
黑椒牛骨仔,114.58,19.29,2.79,3.17,336.0
黑椒牛肉粒,99.65,15.39,2.55,4.09,285.0
黑椒牛仔骨,171.76,18.88,9.02,3.83,216.0
黑椒西芹牛肉粒,100.0,16.96,2.0,3.22,320.0
黑椒羊肉,141.61,16.64,5.97,6.32,286.0
黑椒银芽,23.08,1.85,0.13,4.15,325.0
黑椒鱼卷,71.46,8.84,2.11,4.75,466.0
黑椒猪柳,243.33,10.52,21.14,3.18,300.0
黑米饼,269.83,9.02,3.54,51.9,116.0
黑米枸杞豆浆,16.26,0.41,0.11,3.5,369.0
黑米核桃黄豆豆浆,59.31,2.37,2.75,6.82,290.0
黑米红豆饭,200.0,5.67,0.69,43.41,120.0
黑米红豆粥,82.58,2.87,0.48,17.2,132.0
五谷豆浆,25.78,1.45,0.59,3.89,322.0
浓香豆浆,47.16,2.41,1.69,6.1,229.0
黑米豆浆,52.59,3.54,1.5,6.87,232.0
黑米麦片粥,50.86,1.6,0.78,9.9,175.0
黑米肉松芝麻包饭,290.4,12.87,9.21,43.7,125.0
黑米寿司,98.57,2.4,0.41,21.58,210.0
黑米窝头,239.47,9.72,1.68,47.51,76.0
黑米薏仁绿豆粥,50.57,1.76,0.27,10.53,176.0
黑米杂豆饭饭,85.5,2.75,0.4,17.98,200.0
黑米粥,46.24,1.1,0.29,10.02,173.0
黑面包,369.34,15.02,5.38,67.26,137.0
黑木耳拌海蜇丝,91.7,4.74,1.83,17.07,229.0
木耳拌海蜇丝,91.7,4.74,1.83,17.07,229.0
黑木耳煲红枣,56.84,1.61,0.21,14.04,190.0
黑木耳炒腐竹,341.38,25.69,15.03,27.4,58.0
黑木耳炒黄花菜,263.64,13.58,3.6,54.05,88.0
黑木耳炒肉,252.05,10.4,19.82,10.07,73.0
黑木耳炒肉末,287.58,12.84,11.47,42.88,153.0
黑木耳炒丝瓜,69.71,5.32,3.46,5.14,373.0
黑木耳炒猪肝,136.59,17.3,5.2,5.11,287.0
黑木耳炖猪心,86.45,11.37,3.59,2.37,524.0
黑木耳番茄香粥,84.23,4.3,3.18,9.8,279.0
黑木耳腐竹拌黄瓜,189.62,14.91,7.4,18.38,289.0
黑木耳滚猪肝汤,31.03,3.29,0.78,3.07,319.0
黑木耳红枣汤,244.64,5.79,4.09,47.55,56.0
黑木耳萝卜汤,25.77,1.14,0.15,6.37,260.0
黑木耳青瓜牛肉汤,28.42,3.1,0.9,2.22,387.0
黑木耳瘦肉红枣汤,72.0,2.71,4.69,5.18,325.0
黑木耳粥,87.14,2.83,0.3,20.43,210.0
黑巧克力蛋糕,479.46,8.07,27.93,49.71,185.0
黑巧克力点心,401.65,14.1,33.31,12.52,121.0
黑森林蛋糕卷,261.7,9.8,13.07,26.71,389.0
黑眼豆豆小圆饼,263.34,10.81,13.91,24.81,311.0
黑鱼蛋汤,48.63,5.35,1.93,2.67,438.0
黑珍珠丸,222.5,10.43,9.56,24.0,200.0
黑芝麻蛋糕,254.46,11.21,9.8,31.44,224.0
黑芝麻核桃小馒头,235.71,8.99,11.67,25.06,280.0
黑芝麻黑豆浆,27.19,1.98,1.37,2.07,320.0
黑芝麻味黑豆浆,32.92,2.5,1.59,2.55,325.0
黑芝麻黑豆糊,27.19,1.98,1.37,2.07,320.0
黑芝麻黑枣豆浆,26.46,1.41,0.87,3.59,325.0
黑芝麻馒头,313.25,13.15,6.91,51.43,151.0
黑芝麻木耳饮,39.12,1.61,1.3,6.71,340.0
黑芝麻牛奶面,256.64,7.86,3.01,50.27,113.0
黑芝麻全麦面包,274.76,12.57,7.15,42.67,210.0
黑芝麻山药糊,35.48,1.21,1.34,5.02,155.0
黑芝麻咸香饼干,306.29,11.39,11.01,41.67,159.0
黑芝麻杏仁米粥,181.82,5.84,9.27,19.8,165.0
黑芝麻粥,90.3,1.9,0.5,19.74,134.0
黑芝麻香米粥,145.06,3.57,2.72,26.99,162.0
红扒肘子,227.88,10.11,20.25,0.78,703.0
红白萝卜煲牛腩,184.98,9.39,15.61,1.68,566.0
红白萝卜控肉,191.39,4.49,17.48,4.29,511.0
红翠大拌菜,31.51,1.25,0.54,6.11,292.0
红豆大米小枣粥,101.38,2.94,0.25,22.29,145.0
红豆冬瓜粥,76.96,2.89,0.24,16.42,230.0
红豆枸杞粥,96.48,3.17,0.25,20.84,142.0
紫黑红豆粥,80.56,2.68,0.29,17.29,180.0
红豆花生炖牛奶,55.25,2.39,3.03,4.75,590.0
红豆煎饼,185.08,10.73,4.74,25.5,315.0
红豆莲子汤,24.7,1.34,0.05,4.94,332.0
红豆莲子羹,62.12,3.37,0.13,12.42,132.0
红豆莲子粥,216.67,11.57,0.52,43.17,42.0
红豆麦仁粥,88.15,2.67,0.17,19.52,135.0
红豆米饭,185.38,5.28,0.63,40.35,130.0
红豆香米饭,194.29,6.27,0.47,42.14,140.0
红豆面包,266.45,12.01,3.89,47.27,152.0
红豆南瓜饭,119.15,3.6,0.31,26.01,235.0
红豆南瓜蒸饭,116.32,3.4,0.31,25.61,190.0
红豆南瓜银耳羹,51.43,2.79,0.14,10.69,175.0
红豆南瓜粥,66.67,2.4,0.2,14.38,255.0
红豆泥,356.6,19.06,6.23,59.81,53.0
红豆牛奶冰,58.32,2.76,2.2,7.06,535.0
红豆葡萄干饭,199.17,5.18,0.46,44.4,120.0
红豆山药苹果粥,81.82,2.83,0.22,17.72,220.0
红豆松饼捲,259.35,9.7,7.2,40.01,246.0
红豆汤,32.88,1.82,0.05,6.61,222.0
红豆铜锣烧,259.93,11.06,7.68,37.45,267.0
红豆吐司,187.92,9.27,4.56,28.26,298.0
红豆小米豆浆,30.61,1.5,0.13,6.12,330.0
红豆燕麦汤,27.52,1.24,0.03,5.89,327.0
薏仁红豆米饭,197.69,5.23,2.88,38.5,130.0
红豆薏米银耳糖水,36.47,1.67,0.14,7.65,255.0
红豆薏米粥,97.32,4.75,0.4,19.45,112.0
薏米红豆粥,110.0,3.54,0.59,23.18,150.0
红豆薏米除湿粥,94.93,2.72,0.29,20.62,138.0
红豆薏仁莲子汤,40.95,2.11,0.14,8.23,232.0
红豆薏仁粥,88.89,2.92,0.21,19.21,135.0
红豆芋头糖水,25.95,1.02,0.06,5.61,262.0
红椒西红柿炒花菜,33.08,1.47,0.73,6.34,396.0
红卤鸡爪,228.25,20.56,14.0,4.31,354.0
红萝卜拌金针菇,33.54,2.22,0.7,5.74,319.0
红萝卜丸子,89.66,2.65,0.32,19.79,232.0
红萝卜西红柿汤,6.43,0.46,0.09,1.17,420.0
红绿碎肉,188.92,7.75,14.99,6.11,316.0
红焖豆角,90.8,4.31,5.24,7.69,337.0
红焖胡萝卜山药牛肉,98.8,16.36,2.24,3.44,333.0
红焖苦瓜,68.99,2.57,3.22,8.12,258.0
红焖兔肉,114.23,15.36,3.71,5.86,478.0
红米小麦红薯粥,91.53,2.87,1.93,16.42,295.0
红三剁,146.85,5.33,10.07,8.05,111.0
红烧鲅鱼,103.7,18.3,0.96,5.7,351.0
红烧白鲳鱼,132.9,13.97,5.35,6.71,307.0
红烧大黄鱼,113.94,14.07,2.88,7.38,330.0
葱焖带鱼,105.35,15.59,4.27,1.24,467.0
红烧鲷鱼,110.11,14.04,2.98,7.19,267.0
红烧豆腐鳝段,91.75,13.46,2.96,3.08,485.0
红烧豆泡,162.68,10.4,10.82,6.59,276.0
红烧腐竹,309.26,24.28,12.33,29.31,108.0
红烧嘎牙子,127.0,15.28,2.76,11.23,437.0
红烧干贝,81.33,11.47,2.12,4.21,225.0
红烧海米冬瓜,33.54,1.81,0.91,4.49,477.0
红烧海鲜参,71.92,8.36,1.67,6.26,406.0
红烧河鲫鱼,94.01,12.59,1.97,6.69,217.0
红烧河鳗,162.67,13.65,8.24,8.0,434.0
红烧荷包鸡翅,177.64,11.98,10.07,10.03,407.0
红焖荷包鸡翅,180.1,12.06,10.14,10.48,407.0
红烧黄豆排骨,154.23,8.96,11.49,3.24,496.0
红烧黄鳝,94.15,16.36,1.8,2.84,393.0
红烧鸡翅,191.81,16.47,10.56,8.42,354.0
家常红烧翅中,208.8,17.75,12.05,7.35,216.0
红烧鸡丁豆腐,102.01,9.32,3.15,9.22,448.0
家常红烧鸡肉,153.58,19.14,8.3,0.08,265.0
红烧鸡腿,148.4,18.63,7.51,1.22,219.0
红烧鸡腿肉,112.34,12.33,4.49,6.29,551.0
红烧茭白牛肉,71.83,10.52,1.9,3.64,323.0
红烧栗子牛腩,99.51,11.97,1.7,9.25,408.0
红烧栗子排骨,219.33,10.52,10.35,21.29,326.0
红烧龙利鱼,90.5,11.55,1.69,7.79,337.0
红烧牛肉汤,113.57,14.33,4.29,5.05,538.0
家常红烧肋排,262.5,17.81,20.39,1.65,360.0
红烧平菇,44.33,2.26,0.99,7.5,379.0
家常炖茄子,75.31,2.54,3.93,7.58,320.0
炖茄子,27.36,1.07,0.81,4.73,329.0
红烧肉,334.14,14.22,29.28,3.82,331.0
红烧肉炖黄蘑,259.22,11.91,22.09,3.53,412.0
红烧肉炖南瓜豆角,115.0,5.36,8.27,5.66,580.0
红烧鳝鱼段,100.47,15.41,1.68,5.7,422.0
红烧素鸭,47.62,6.3,1.47,2.41,504.0
红烧武昌鱼,129.77,16.8,6.21,1.46,440.0
红烧香芋块,81.11,2.56,1.36,15.01,524.0
红烧小鲳鱼,152.6,13.49,6.01,11.81,327.0
红烧杏鲍菇,37.37,1.25,0.64,7.72,388.0
红烧鳕鱼,89.28,12.05,1.07,8.39,373.0
红烧鸭肉,84.91,12.14,1.9,5.03,318.0
红烧玉子豆腐,70.69,5.14,3.35,5.49,406.0
红烧芋香狮子头,143.01,6.46,9.83,7.26,544.0
红烧猪肚,112.83,8.77,4.33,9.8,304.0
红烧猪脚,241.92,20.23,16.78,2.57,396.0
红烧猪手,254.61,21.25,17.87,1.78,434.0
红烧紫菜豆腐,106.41,6.23,6.3,7.12,234.0
紫菜红烧豆腐,106.41,6.23,6.3,7.12,234.0
红薯煲荠菜,42.04,2.06,0.32,8.63,402.0
红薯饼,183.51,6.76,2.14,35.55,194.0
香煎红薯饼,83.23,1.54,3.19,12.74,155.0
红薯菜粥,82.86,1.81,0.24,18.79,210.0
红薯糙米粥,72.34,1.19,0.39,16.82,282.0
红薯蛋挞,189.87,4.42,11.68,17.37,237.0
红薯二米粥,73.87,1.11,0.26,17.55,287.0
红薯干,80.39,0.79,2.63,14.37,153.0
红薯梗炒肉丝,102.63,6.15,6.48,5.76,266.0
红薯糊,79.07,1.52,0.17,18.29,215.0
地瓜糊,18.62,0.21,0.06,4.75,145.0
红薯栗子饭,108.46,2.28,1.2,22.82,331.0
红薯莲子粥,73.64,1.52,0.22,16.88,220.0
红薯米饭,122.81,2.57,0.68,27.31,114.0
红薯蒸饭,95.26,2.03,0.27,21.67,190.0
红薯米糊,86.5,2.01,0.17,20.05,200.0
红薯木耳粥,35.03,2.62,0.11,6.59,157.0
红薯奶酪烤蛋,88.33,4.33,2.92,12.12,240.0
红薯南瓜粥,55.29,1.14,0.16,12.71,170.0
红薯泥,61.0,0.7,0.2,15.3,80.0
红薯牛奶露,64.0,2.43,2.47,8.37,150.0
红薯甜汤,20.21,0.2,0.06,5.04,282.0
红薯稀粥,74.44,1.51,0.21,17.12,180.0
红薯小米粥,64.06,1.19,0.4,14.43,192.0
小米山药红薯粥,80.47,1.84,0.48,17.61,215.0
红薯叶菜汤,17.2,0.77,0.29,3.11,378.0
红薯杂粮饭,112.27,2.24,0.4,25.73,220.0
红薯香米粥,71.74,1.33,0.2,16.72,230.0
红薯香粥,74.44,1.51,0.21,17.12,180.0
红松鳜鱼,135.17,17.92,6.39,0.64,563.0
红汤芹香鱼,82.48,11.0,2.72,3.72,525.0
红汤丸子,205.17,8.44,16.38,6.42,290.0
红糖花卷,312.39,13.07,4.77,55.84,113.0
红糖馒头,174.37,7.31,2.95,30.16,238.0
香软红糖馒头,204.39,8.7,1.33,40.26,114.0
红糖小米大枣粥,87.32,1.81,0.54,19.26,142.0
红煨鳝段,113.32,13.86,4.18,4.93,458.0
红煨鸭块,167.34,10.18,12.22,4.21,444.0
红油拌三丝,81.44,4.77,4.57,5.61,194.0
红油肚丝,95.17,9.99,4.35,3.84,497.0
红油耳片,183.41,18.21,11.76,1.4,223.0
红油贡菜,222.41,17.55,7.66,24.86,58.0
红油苔菜,222.41,17.55,7.66,24.86,58.0
红油海带丝,30.17,1.49,0.64,5.16,242.0
红油黄瓜,31.87,1.16,1.13,4.4,320.0
红油鸡丝,139.26,17.26,6.9,2.3,242.0
红油豇豆,46.47,2.42,1.78,7.23,269.0
红油凉粉条,46.33,0.46,1.18,8.76,341.0
红油牛肚丝,128.62,13.35,6.27,5.7,325.0
红油笋丝,32.94,2.84,0.89,4.31,419.0
红油兔丁,135.66,17.3,5.52,4.63,516.0
红油莴笋鸡,105.88,11.25,5.62,2.76,510.0
红油莴笋鸭,107.65,6.55,8.12,2.19,824.0
红油鸭舌,189.57,12.48,14.19,3.08,422.0
红油猪耳拍黄瓜,86.03,8.32,4.31,3.63,229.0
红糟鱼片,75.49,8.04,2.25,5.83,306.0
红枣白萝卜猪蹄汤,89.46,7.08,5.72,1.74,332.0
红枣板栗焖兔肉,148.64,13.81,2.85,17.35,368.0
红枣煲鸡蛋,187.14,10.87,6.33,22.89,70.0
红枣炖蛋,161.67,11.45,7.25,13.3,60.0
红枣枸杞米糊,109.7,2.41,0.32,24.87,165.0
红枣枸杞双米粥,91.55,2.21,0.5,19.85,142.0
红枣桂圆黑米粥,102.41,2.02,0.33,23.42,166.0
红枣核桃鸡丁,156.13,19.01,4.82,8.88,326.0
红枣花生牛奶汤,79.82,3.23,4.95,5.9,342.0
红枣莲子八宝饭,194.03,4.43,0.53,43.37,268.0
红枣南瓜发糕,205.31,7.79,1.21,42.11,226.0
红枣乳鸽粥,251.52,7.47,20.47,9.28,462.0
红枣山药南瓜羹,76.84,1.58,0.2,18.04,652.0
红枣水,25.09,0.29,0.05,6.16,275.0
红枣煨猪肘,219.26,13.89,13.04,11.99,379.0
红枣小窝头,257.41,11.24,2.39,49.06,108.0
红枣燕麦红糖粥,162.36,4.56,6.33,23.04,178.0
红枣燕麦粥,84.09,2.52,1.05,16.73,132.0
红枣薏米鸭肉汤,101.59,8.18,1.97,12.97,252.0
红枣银耳羹,24.55,0.6,0.09,6.14,220.0
红枣银耳莲子汤,40.0,0.66,0.09,9.79,240.0
红枣银杏炖雪耳,93.66,2.55,0.29,21.16,142.0
红枣玉米发糕,226.24,7.42,1.87,46.28,141.0
红枣蒸南瓜,70.27,1.68,1.63,12.98,148.0
红嘴绿鹦哥面,117.92,4.26,1.2,23.14,307.0
鸿运当头,105.23,14.48,4.24,2.19,555.0
鸿运仔排,190.93,13.04,12.73,6.72,529.0
鸿运猪手,238.51,17.93,15.11,8.08,335.0
猴头菇(罐装)炒菜心,28.82,1.45,0.31,5.99,465.0
猴头菇(罐装)炒芥菜,33.83,2.07,0.94,5.98,334.0
猴头菇(罐装)炖三黄鸡,103.97,13.83,4.5,2.27,529.0
猴头菇(罐装)焖鸡,146.58,18.06,5.92,6.68,365.0
厚蛋烧,101.55,8.45,6.43,2.85,194.0
胡椒牛肉汤,74.74,11.79,2.37,1.15,574.0
胡椒猪肚汤,65.1,6.44,2.29,4.74,255.0
胡辣海参羹,141.36,13.11,7.94,4.61,220.0
胡萝卜白米香糊,78.44,1.84,0.23,17.63,167.0
胡萝卜薄煎饼,188.37,6.16,3.9,33.53,86.0
胡萝卜爆肉丁,304.6,13.07,26.48,3.62,239.0
胡萝卜菠菜鸡蛋饭,103.92,2.65,1.47,20.45,204.0
胡萝卜糙米粥,85.0,2.0,1.17,17.18,200.0
胡萝卜炒菠菜,41.06,2.39,1.12,6.33,246.0
胡萝卜炒鸡丁,120.27,16.25,3.33,7.71,291.0
胡萝卜炒鸡肝,97.02,10.52,3.57,5.6,336.0
胡萝卜炒里脊,214.29,9.32,18.66,2.88,189.0
胡萝卜炒香菇片,47.74,1.52,1.0,9.57,266.0
胡萝卜炒菇片,47.74,1.52,1.0,9.57,266.0
胡萝卜橙汁,47.62,0.83,0.2,11.2,252.0
胡萝卜豆腐炒肉,78.11,3.79,4.37,7.03,594.0
胡萝卜豆腐汤,42.29,3.4,2.41,2.15,402.0
胡萝卜豆芽汤,9.79,0.72,0.07,1.94,470.0
胡萝卜炖南瓜,44.95,1.18,1.21,8.24,198.0
家常胡萝卜炖牛肉,87.38,13.64,2.12,3.53,404.0
胡萝卜炖西葫芦,34.17,0.97,1.04,6.25,360.0
胡萝卜花卷,182.08,7.77,1.79,34.92,173.0
胡萝卜鸡肉松,99.65,11.28,4.36,3.93,282.0
胡萝卜马蹄粥,65.65,1.51,0.2,14.92,230.0
胡萝卜焖排骨,192.91,11.92,13.19,6.98,494.0
胡萝卜米粉,78.12,1.5,0.36,17.64,160.0
胡萝卜南瓜泥,26.25,0.81,0.14,6.35,80.0
胡萝卜泥,32.0,1.0,0.2,8.1,100.0
胡萝卜牛肉丝,87.58,10.87,1.95,6.68,314.0
胡萝卜牛肉粥,79.76,5.68,0.68,13.17,247.0
胡萝卜肉饼,211.3,8.16,8.4,25.7,230.0
胡萝卜软饼,204.73,11.61,5.43,28.3,275.0
胡萝卜山药炖鸭肉,87.25,8.42,1.9,9.62,306.0
胡萝卜山药炖羊肉,98.26,11.33,4.09,4.3,517.0
胡萝卜山楂汁,23.03,0.32,0.14,5.77,165.0
胡萝卜焖牛腩,81.61,11.96,2.06,4.13,571.0
胡萝卜瘦肉汤,55.74,2.41,4.28,2.32,357.0
胡萝卜瘦肉粥,103.15,3.35,4.68,12.39,222.0
胡萝卜水,4.57,0.14,0.03,1.16,350.0
胡萝卜丝炒豆芽,64.5,2.73,1.98,10.06,169.0
胡萝卜丝蒸鸡脯肉,98.72,16.15,1.71,4.79,234.0
胡萝卜酸奶冰淇淋,65.73,2.2,2.0,10.38,143.0
胡萝卜碎肉粥,177.7,10.85,10.99,8.97,296.0
胡萝卜汤,3.56,0.11,0.02,0.86,281.0
胡萝卜土豆饼,127.39,4.47,4.46,18.66,555.0
胡萝卜土豆豆腐汤,29.38,1.27,1.13,3.95,439.0
胡萝卜土豆炖牛腩,92.74,10.69,1.56,10.24,565.0
胡萝卜馅饼,225.13,6.51,13.88,19.52,382.0
胡萝卜小米糊,71.18,1.82,0.59,15.16,170.0
胡萝卜小肉丸,134.15,5.58,10.49,5.06,246.0
胡萝卜鱼粥,72.0,3.08,0.24,14.66,175.0
胡萝卜玉米蛋饼,222.17,10.31,5.46,33.83,212.0
胡萝卜小油菜,21.47,1.24,1.02,2.84,354.0
胡萝卜汁,8.0,0.25,0.05,2.02,200.0
鲜胡萝卜汁,6.4,0.2,0.04,1.62,250.0
胡萝卜汁米粉,52.67,0.25,0.15,13.06,150.0
胡萝卜汁米糊,68.82,1.63,0.21,15.53,170.0
湖南糖醋排骨,264.47,17.74,20.0,3.52,318.0
湖藕龙骨汤,50.25,3.36,3.19,2.22,394.0
糊豆腐,169.94,7.59,6.79,21.79,316.0
胡萝丝蒸小米饭,105.45,2.77,0.87,22.6,202.0
湖南酸辣凤翅,144.3,11.19,7.39,8.21,377.0
葫芦瓜炒虾米,43.64,3.09,0.72,6.44,440.0
煳辣藕片,62.99,1.44,1.08,13.57,335.0
糊辣牛肉丝,115.96,17.6,2.58,5.31,376.0
糊塌子,97.2,4.83,2.05,15.33,429.0
西葫芦鸡蛋软饼,98.41,5.22,2.56,14.05,314.0
角瓜鸡蛋饼,115.36,6.15,2.83,16.91,293.0
西葫芦煎蛋饼,344.32,14.88,5.39,60.7,88.0
香甜马蹄糕,81.02,2.32,0.38,17.7,332.0
虎年香煎柠檬鸡,143.7,17.04,2.75,13.23,357.0
虎皮蛋玉兰片烧肉,233.19,11.91,18.44,5.72,470.0
虎皮煎蛋,238.78,12.59,19.98,2.2,147.0
虎皮扣肉,287.5,12.7,23.04,9.04,208.0
琥珀核桃肉,631.93,14.84,56.08,21.69,119.0
琥珀鸡片,133.07,20.84,3.04,5.52,251.0
瓠子塞肉,201.03,8.23,15.53,7.1,292.0
花菜烩番茄,35.1,1.59,1.18,5.69,208.0
花菜肉片,105.19,5.28,7.71,4.29,424.0
花菜汤,10.0,0.64,0.51,0.97,260.0
花菜香菇粥,49.21,1.81,0.26,10.61,317.0
花菇鲍鱼炒饭,81.38,6.37,1.28,11.78,188.0
花菇鲍鱼饭,81.38,6.37,1.28,11.78,188.0
花果荠菜,64.19,3.92,3.12,6.08,391.0
花蛤蒸肉,248.93,12.06,20.94,3.19,233.0
花蛤紫菜汤,28.87,3.41,0.64,2.65,381.0
花甲炒鸡心,92.75,10.2,3.73,4.18,386.0
花椒淋鱼片,85.78,11.21,2.66,4.69,661.0
花椒鱼片,85.78,11.21,2.66,4.69,661.0
花椒粥,88.15,1.96,0.47,19.67,135.0
花卷鱿鱼,76.84,12.35,1.31,3.55,531.0
花开富贵（虾仁炒双花）,73.4,12.29,0.74,4.72,564.0
花仁排骨,244.68,14.26,17.97,7.28,479.0
花生拌黄瓜,63.64,2.68,3.54,5.7,264.0
花生脆饼,253.92,14.75,8.74,29.88,217.0
花生腐乳焖排骨,272.42,17.3,19.91,5.71,359.0
花生红豆小圆子甜汤,84.12,2.42,1.79,15.19,277.0
花生红枣炖猪手,154.08,12.56,10.66,2.12,662.0
花生红枣凤爪汤,191.35,12.73,12.92,6.47,266.0
花生红枣木瓜排骨汤,141.71,6.55,10.09,6.64,386.0
花生红枣汤,57.14,1.9,3.11,5.75,287.0
花生红枣小米粥,136.77,3.84,3.59,22.74,155.0
花生红枣养血汤,52.92,1.67,1.09,10.58,240.0
花生红枣粥,133.76,3.61,3.06,23.48,157.0
花生黄豆烧排骨,259.19,16.22,17.9,8.99,446.0
花生酱拌荞麦面,168.25,5.67,2.62,31.9,189.0
花生酱拌小油菜,25.0,1.42,1.35,2.75,308.0
花生酱西多士,226.89,10.91,9.1,25.45,212.0
花生辣子鸡,189.91,17.47,10.39,6.94,436.0
花生莲藕绿豆汤,108.06,4.46,6.39,9.11,422.0
花生米拌熏干,312.09,12.12,23.78,13.62,91.0
花生米炒芹菜,114.56,5.08,7.56,7.53,261.0
花生面筋,210.91,16.73,11.04,12.02,220.0
花生牛肉粥,187.9,13.02,4.95,22.24,124.0
花生仁炖百合,127.87,4.59,7.28,11.55,122.0
花生仁凤爪煲,266.83,20.68,16.81,8.31,398.0
花生薏米粥,62.92,1.77,1.11,11.59,240.0
花生银鱼,154.39,15.45,8.27,5.12,285.0
花生猪蹄汤,191.77,15.48,14.0,1.03,632.0
花式麻辣小龙虾,95.28,11.31,2.52,7.83,487.0
花式孜然土豆条,95.31,3.14,2.57,15.84,405.0
花蟹豆腐煲,91.06,10.47,3.22,5.65,414.0
花形玉米番茄炒饭,117.48,2.8,0.82,25.06,469.0
花椰菜黑椒牛柳,96.92,12.54,1.81,7.37,552.0
花椰菜虾球,98.15,9.49,0.88,13.11,325.0
花枝炒豆干,100.0,16.53,3.03,1.77,1451.0
花枝丸子,132.8,15.76,4.72,6.85,439.0
花枝香肠图,142.63,15.75,8.07,1.71,434.0
华都沙拉,136.03,1.85,11.37,7.6,272.0
滑炒腐竹木耳,213.6,13.92,5.62,32.64,272.0
滑炒石斑球,104.57,12.79,2.93,7.04,460.0
滑炒石斑鱼,104.57,12.79,2.93,7.04,460.0
滑炒鱼片,109.32,14.05,4.48,2.72,515.0
滑蛋炒虾仁,146.82,15.47,1.18,18.69,267.0
滑蛋烩虾仁,146.82,15.47,1.18,18.69,267.0
滑蛋熘虾仁,146.82,15.47,1.18,18.69,267.0
滑蛋牛肉,125.56,17.64,5.0,2.61,223.0
家常滑蛋牛肉,134.84,16.01,5.22,6.0,221.0
家常鸡蛋牛肉,146.67,14.74,4.6,11.21,195.0
鲜香滑蛋牛肉,146.67,14.74,4.6,11.21,195.0
滑蛋牛柳,146.67,14.74,4.6,11.21,195.0
滑蛋牛肉粉丝煲,117.11,8.5,3.41,13.35,415.0
滑蛋牛肉丼,116.18,8.88,3.58,12.33,309.0
滑蛋牛肉粥,93.05,7.09,2.59,10.51,302.0
滑菇炖牛肉,128.17,19.46,2.29,8.03,252.0
滑滑肉,111.51,6.05,7.59,5.44,504.0
滑溜鸡片,62.31,8.4,1.37,4.27,321.0
家常滑熘鸡片,115.06,12.04,3.46,10.24,239.0
家常滑溜里脊,118.42,12.44,4.92,5.95,456.0
滑溜瓜片里脊,150.35,6.93,9.36,9.55,286.0
鲜滑里脊,118.42,12.44,4.92,5.95,456.0
滑溜香菇肉片,126.99,7.01,7.32,12.84,163.0
清香滑溜鱼片,119.21,13.77,4.52,6.8,484.0
滑溜猪肝,92.17,6.74,2.81,9.18,166.0
滑熘鸡片,118.1,12.97,5.01,5.55,337.0
滑炝里脊丝,134.33,14.75,6.16,4.63,300.0
滑油鱼丁,103.24,12.93,4.35,2.99,494.0
滑子菇炒青豆,63.93,4.5,2.75,6.74,366.0
淮山炖水鸭,217.85,15.38,16.69,1.06,409.0
淮山炖鸭,79.36,11.59,1.19,5.11,344.0
淮山枸杞炖乳鸽,312.1,10.08,29.54,1.0,347.0
淮山枸杞烧乳鸽,312.1,10.08,29.54,1.0,347.0
淮山枸杞炖子鸡,205.9,14.32,16.1,0.8,339.0
淮山枸杞煨仔鸡,205.9,14.32,16.1,0.8,339.0
淮山萝卜猪骨汤,84.17,4.72,4.95,5.59,417.0
淮山鸭子汤,23.95,2.47,0.27,2.99,380.0
淮山养身芝麻糊,106.75,3.71,3.83,14.64,252.0
淮山药泥,186.96,2.83,1.86,40.22,115.0
皇家炒饭,111.11,6.29,2.05,17.57,441.0
黄豆炖白菜,43.38,3.75,1.32,5.01,272.0
黄豆炖蹄膀,192.26,16.78,13.14,2.18,530.0
黄豆凤爪汤,105.53,8.27,6.15,4.77,434.0
黄豆蛤蜊豆腐汤,43.76,4.19,1.94,2.92,441.0
黄豆红烧肉,318.33,15.41,26.39,5.59,371.0
黄豆栗子煲猪蹄,223.78,18.6,14.33,5.53,429.0
黄豆莲藕排骨汤,88.82,5.82,5.55,4.17,474.0
黄豆焖牛腩,126.7,17.08,3.67,3.78,427.0
黄豆焖茄丁,57.32,2.71,2.18,7.57,239.0
黄豆烧茄丁,57.32,2.71,2.18,7.57,239.0
黄豆焖猪蹄,259.09,21.39,17.55,4.35,462.0
黄豆烧猪蹄,259.09,21.39,17.55,4.35,462.0
黄豆米饭,178.33,7.93,2.34,32.66,120.0
黄豆面通心粉,385.07,16.7,7.13,64.67,67.0
黄豆山药蒸鸭肉,186.22,10.39,12.18,9.4,196.0
黄豆烧茄子,99.75,5.1,4.34,11.23,394.0
黄豆烧猪肝,133.7,14.77,5.48,5.85,184.0
黄豆香菜汤,22.81,1.97,0.87,2.24,285.0
黄豆小米粥,71.2,2.71,0.88,13.64,125.0
黄豆芽拌海带,33.24,2.58,0.85,4.32,340.0
黄豆芽蕃茄汤,32.13,2.41,1.52,2.74,554.0
黄豆芽猪血汤,27.54,4.49,0.52,1.39,472.0
黄豆薏米木耳汤,94.95,4.92,1.22,18.92,297.0
黄豆猪手汤,247.32,20.51,14.85,8.39,224.0
黄豆猪蹄汤,249.1,20.63,15.66,7.52,222.0
黄瓜拌豆皮,230.98,24.61,11.65,8.93,326.0
黄瓜拌豆腐皮,132.6,12.56,6.61,6.89,227.0
黄瓜拌粉皮,34.8,1.0,0.95,5.78,273.0
黄瓜拌海米,31.23,3.18,0.68,3.25,285.0
黄瓜拌海蜇,58.45,3.9,0.79,8.98,373.0
黄瓜炒鸡蛋,100.0,6.75,5.43,6.56,124.0
青瓜摊鸡蛋,45.51,2.8,2.18,3.62,312.0
胡瓜炒鸡蛋,105.73,8.63,6.82,2.56,157.0
黄瓜炒鸡胸肉,93.6,17.01,2.02,2.06,297.0
黄瓜炒木耳,79.87,2.8,1.08,17.51,313.0
黄瓜炒素肉,123.77,9.06,6.87,6.87,265.0
特色熘肝尖,80.4,6.92,2.84,6.79,250.0
黄瓜炒子虾,65.66,8.84,2.31,2.24,297.0
黄瓜大豆玉米沙拉,67.65,4.61,1.9,9.25,102.0
黄瓜豆腐汤,28.57,2.26,1.77,0.99,455.0
黄瓜粉皮拌鸡丝,95.78,14.29,2.51,4.08,498.0
黄瓜海拌蜇皮,37.92,1.63,1.35,4.93,269.0
黄瓜海蜇丝,32.89,2.29,1.14,3.56,225.0
黄瓜鸡蛋汤,46.46,3.81,2.58,2.14,452.0
黄瓜蛋花汤,29.85,2.38,1.86,1.05,392.0
黄瓜卷,26.03,1.22,0.61,4.72,242.0
黄瓜溜肉片,81.0,3.9,5.02,5.56,421.0
黄瓜木耳炒肉片,122.56,5.07,6.21,13.77,164.0
黄瓜木耳炒虾仁,82.66,5.64,1.16,13.33,271.0
黄瓜木耳烩虾仁,130.49,10.7,1.1,20.34,328.0
黄瓜木耳蛋汤,27.88,2.17,1.49,1.66,373.0
黄瓜苹果汁,23.06,0.4,0.13,5.53,360.0
黄瓜肉丝,237.28,10.49,20.67,2.13,448.0
黄瓜鳝段,61.38,10.09,1.3,1.99,567.0
黄瓜四季豆炒肉末,190.87,8.8,15.99,3.53,449.0
黄瓜汤,21.9,1.44,0.6,3.07,105.0
黄瓜鱼卷,109.49,13.31,5.97,0.77,158.0
黄瓜汁,7.86,0.4,0.1,1.45,280.0
家庭版黄瓜汁,7.86,0.4,0.1,1.45,280.0
鲜榨黄瓜汁,7.86,0.4,0.1,1.45,280.0
黄瓜盅,71.7,2.99,4.43,5.21,159.0
黄花菜拌海带丝,103.09,8.56,1.06,16.88,259.0
金针菜拌海带丝,103.09,8.56,1.06,16.88,259.0
黄花菜草菇炒肉,136.25,9.18,4.95,15.45,389.0
黄花菜炒鸡蛋,174.29,14.65,5.97,17.46,389.0
黄花菜炒木耳,160.0,15.19,3.06,20.28,225.0
金针菜炒木耳,194.34,13.04,1.92,37.77,265.0
黄花菜黄豆排骨汤,84.62,6.06,3.34,8.47,377.0
黄花菜鸡蛋菠菜汤,21.19,1.92,0.58,2.28,354.0
黄花菜鸡蛋汤,32.41,2.78,1.43,2.34,395.0
黄花菜木耳红枣蒸鸡,150.55,16.24,4.79,11.02,451.0
黄花菜亚瑟饼,259.9,16.6,5.85,37.7,389.0
黄花菜鱼头煲,172.49,15.28,8.27,9.95,389.0
黄花菜猪肚汤,80.08,8.66,1.84,7.87,477.0
黄花鱼炖豆腐,97.35,13.81,3.66,2.71,528.0
黄金草帽虾,209.92,13.53,10.36,16.49,383.0
黄金大明虾,134.25,10.64,8.22,4.6,146.0
黄金豆腐,56.87,4.04,3.07,4.24,211.0
黄金豆腐卷,93.49,9.35,4.64,3.74,461.0
黄金花卷,175.81,7.75,3.99,28.11,124.0
小米面花卷,175.81,7.75,3.99,28.11,124.0
黄金火腿三明治,268.06,10.18,8.13,38.62,191.0
黄金卤汁咖哩鸡,125.84,14.05,4.96,6.49,565.0
黄金萝卜丝饼,164.73,6.68,2.77,29.4,224.0
黄金酿节瓜,47.96,3.23,2.67,3.19,515.0
黄金三文鱼卷,156.97,16.41,7.05,7.02,323.0
黄金薯派,188.07,3.9,7.86,26.24,394.0
黄金虾球,231.01,10.56,7.33,30.65,445.0
黄金鱿鱼卷,126.69,16.33,2.84,9.36,517.0
黄金鱼饼,107.67,8.68,3.72,9.99,391.0
黄金炸大虾,180.06,14.33,3.22,23.35,311.0
黄金炸排骨,220.39,12.29,13.64,12.04,152.0
黄金珍珠丸,271.7,11.2,19.24,13.75,318.0
黄焖带皮虾,70.14,12.06,0.99,3.23,489.0
黄焖鸡（加土豆）,135.02,13.68,5.9,6.61,237.0
酱香黄焖鸡,135.02,13.68,5.9,6.61,237.0
传统黄焖鸡,135.02,13.68,5.9,6.61,237.0
黄焖牛肉丸,115.16,15.93,3.42,4.92,475.0
黄焖鸭肝,169.1,12.83,6.97,16.7,288.0
黄米花卷,268.81,10.32,3.66,49.79,109.0
黄米窝头,266.91,10.58,1.68,53.85,136.0
黄芪羊肉汤,40.98,4.22,1.32,3.71,510.0
黄秋葵炒鸡蛋,57.3,2.99,3.38,5.49,89.0
黄秋葵炒茭白,37.42,1.52,1.44,5.98,163.0
黄沙炒莲子,224.35,10.34,18.4,4.41,230.0
黄式牛肉汤锅,93.83,13.29,2.36,5.97,567.0
黄芽白煲瑶柱,160.38,10.26,10.61,6.14,371.0
黄油炒卷心菜松阪肉,223.78,9.44,19.98,1.79,513.0
黄油花生饼,260.19,11.34,10.16,31.67,206.0
黄油咖喱炒菠菜,40.38,2.81,1.12,5.51,312.0
黄油烤玉米,125.77,3.98,2.69,22.81,260.0
黄油馒头,261.47,6.49,7.34,43.12,109.0
黄油柠香多利鱼,150.62,17.16,8.01,2.45,324.0
黄油西红柿炒鸡蛋,112.5,7.36,8.26,2.81,152.0
黄油玉米,126.28,3.98,3.04,22.12,156.0
黄鱼豆腐羹,95.54,10.03,4.73,3.07,538.0
黄鱼羹,89.47,12.97,2.42,4.32,608.0
黄鱼酿辽参,79.73,12.97,1.95,2.79,439.0
黄鱼酿海参,79.73,12.97,1.95,2.79,439.0
黄鱼小馅饼,119.21,11.46,4.65,7.76,229.0
徽州丸子,252.81,12.71,21.15,2.91,551.0
回锅鸡翅,100.35,6.28,3.61,11.11,577.0
回锅腊肉,344.62,8.65,32.53,4.67,455.0
回锅牛肉,104.22,16.33,3.0,3.2,474.0
回锅肉,215.95,8.58,18.25,5.31,163.0
回锅肉白菜,101.54,4.8,6.81,5.56,518.0
回锅肉炒蟹,127.47,10.42,7.05,5.62,557.0
回锅肉片,185.18,8.25,15.01,4.4,506.0
回锅土豆,108.89,3.68,2.39,19.75,405.0
回锅鱼片,98.49,12.11,3.68,4.39,531.0
回味豆腐,114.68,8.57,7.48,3.91,395.0
茴香蚕豆,109.87,8.62,0.47,19.3,314.0
茴香炒蚕豆,109.87,8.62,0.47,19.3,314.0
茴香豆,325.0,26.09,12.39,36.04,208.0
茴香鸡翅,212.62,17.73,12.25,7.76,325.0
烩红白,91.03,7.63,3.63,7.46,513.0
烩蝴蝶海参,76.53,11.63,0.74,6.24,392.0
烧蝴蝶海参,76.53,11.63,0.74,6.24,392.0
烩梅干菜狮子头,140.12,6.92,9.82,6.5,491.0
烩奶汤鲫鱼,109.12,16.26,3.09,4.14,329.0
烩牛肉,104.06,11.95,3.69,5.21,567.0
烩牛肉狮子头,188.96,7.72,13.12,10.05,471.0
烩茄盒,88.62,4.22,4.99,7.11,334.0
烩土豆牛肉,119.7,14.44,3.92,6.85,472.0
烩虾仁,176.28,15.35,1.21,26.29,468.0
混合饭团,114.63,5.56,1.68,19.92,246.0
活豆腐,160.56,9.24,8.07,15.13,355.0
火爆双脆,124.41,12.94,5.28,6.69,295.0
火爆猪肝,112.98,14.31,3.49,5.97,416.0
火龙果炒虾仁,143.09,13.47,0.81,20.9,499.0
火龙果牛奶,59.61,2.14,1.8,9.35,255.0
火龙果山药泥,32.5,0.91,0.12,7.46,120.0
火龙果酸奶布丁,77.69,2.91,2.36,11.79,242.0
火龙果汁,27.5,0.55,0.1,6.65,200.0
火山山药,117.78,1.83,0.77,26.12,180.0
火树银花迎奥运,51.2,2.77,1.61,7.5,250.0
火腿菠菜通心面,215.05,7.33,10.5,23.24,372.0
火腿豆焖饭,170.08,6.45,4.89,25.66,244.0
火腿丁蛋炒饭,140.84,6.81,6.84,13.4,453.0
火腿皮蛋烧芦笋,83.01,5.69,4.41,5.61,365.0
火腿粟米鸡蓉虾仁羹,168.97,14.89,7.36,11.1,319.0
火腿娃娃菜汤,76.33,4.81,5.8,2.05,469.0
火腿洋葱摊鸡蛋,170.79,10.56,12.93,3.26,89.0
火腿玉米蛋炒饭,153.28,7.65,6.78,15.99,274.0
火腿玉米饭,132.56,4.86,4.98,17.43,301.0
鸡翅焖莴笋,130.22,11.19,7.52,4.5,268.0
鸡翅郁金香,194.94,16.17,10.85,7.23,178.0
鸡脆骨烧豆角,91.0,7.63,3.7,7.65,389.0
鸡蛋拌鱼干,110.17,12.11,5.09,4.07,118.0
鸡蛋菜粥,52.47,3.37,0.17,9.79,162.0
家常胡萝卜炒鸡蛋,84.53,7.0,4.63,4.31,278.0
蛋炒胡萝卜,84.53,7.0,4.63,4.31,278.0
鸡蛋炒韭菜,80.71,6.8,4.61,3.86,280.0
鸡蛋炒木耳,123.92,8.08,6.02,9.57,209.0
鸡蛋炒素菜,114.06,5.14,3.92,14.93,192.0
鸡蛋炒蒜薹,90.23,4.62,3.03,11.98,215.0
鸡蛋炒豌豆尖,171.02,6.71,3.95,27.82,314.0
番茄摊鸡蛋饼,93.48,5.78,3.47,12.53,230.0
西葫芦摊鸡蛋,162.91,7.98,5.12,23.77,151.0
鸡蛋炒虾仁,155.49,14.38,4.57,14.24,164.0
鸡蛋汆蛤蜊,78.79,9.23,3.24,3.43,528.0
鸡蛋糕饭,111.76,4.69,3.24,16.39,272.0
鸡蛋羹,75.89,7.13,4.65,1.57,112.0
鸡蛋红薯饼,89.02,4.45,2.65,12.71,173.0
鸡蛋火腿凉面,166.1,6.92,5.88,21.81,177.0
鸡蛋韭菜盒,162.77,9.69,4.91,21.01,419.0
鸡蛋面,104.32,5.78,0.72,18.88,139.0
鸡蛋面片,182.72,9.86,4.2,27.0,162.0
鸡蛋面片汤,132.24,7.19,2.45,21.08,366.0
鸡蛋培根焗牛油果,209.74,11.55,16.75,3.43,195.0
鸡蛋肉卷,187.85,11.45,14.42,2.84,288.0
鸡蛋三丁,82.71,8.47,0.94,10.79,133.0
鸡蛋蔬菜面饼,203.76,9.56,3.28,35.11,133.0
鸡蛋西红柿粥,78.35,4.06,2.02,11.26,231.0
鸡蛋虾饼,90.0,16.19,2.79,0.15,160.0
鸡蛋燕麦糊,154.38,8.22,6.59,15.9,217.0
鸡蛋玉米饼,230.82,13.07,8.05,27.27,159.0
鸡蛋蒸糕,99.38,7.16,5.67,5.57,161.0
鸡肝糊,37.63,4.71,1.74,0.75,186.0
鸡肝面条,143.08,9.27,2.07,22.33,195.0
鸡肝泥（宝宝版）,121.0,16.6,4.8,2.8,20.0
鸡肝圣女果米粥,66.18,4.34,1.07,10.2,272.0
鸡肝圣女果香米粥,66.18,4.34,1.07,10.2,272.0
鸡肝土豆粥,94.84,4.06,0.78,18.24,252.0
鸡肝西红柿粥,58.75,2.81,0.61,10.93,240.0
鸡肝粥,87.5,4.59,1.07,15.0,160.0
鲜鸡肝粥,81.25,4.38,1.01,13.91,176.0
鸡里蹦,137.28,14.37,3.39,12.16,405.0
家庭版鸡里蹦,137.28,14.37,3.39,12.16,405.0
鸡腿炖虾仁,137.28,14.37,3.39,12.16,405.0
鸡内金红豆粥,116.36,8.31,0.38,20.32,165.0
鸡内金粥,120.39,12.45,0.29,17.08,152.0
鸡脯肉粉丝拌菜,115.15,10.17,0.86,17.26,132.0
鸡茸金丝笋,132.38,12.16,7.31,4.49,386.0
鸡茸芦笋,64.23,8.68,1.86,4.01,562.0
鸡茸酿芦笋,55.14,5.83,1.65,5.31,564.0
鸡茸酿茄子,115.17,15.69,3.37,5.81,290.0
鸡蓉菜心,49.49,4.95,2.37,2.9,396.0
鸡蓉豆腐,108.02,9.47,5.21,6.4,324.0
鸡蓉豆腐丸子,130.63,17.01,3.13,9.07,284.0
鸡蓉干贝,114.32,19.68,3.48,1.01,370.0
鸡蓉胡萝卜泥,53.08,9.69,0.78,2.1,130.0
鸡蓉玉米拌面,125.64,8.08,1.37,20.81,117.0
鸡蓉玉米羹,21.25,2.37,0.8,1.19,400.0
鸡蓉玉米糊,81.3,7.61,1.26,10.58,262.0
鸡蓉玉米奶油浓汤,114.75,5.32,8.77,3.85,244.0
鸡蓉玉米浓汤,54.18,4.67,1.02,6.9,299.0
鸡蓉芋泥羹,72.17,6.89,2.2,6.31,309.0
鸡肉拌南瓜,68.68,9.94,1.74,3.49,281.0
鸡肉炒笋丝,100.0,15.12,1.73,6.32,177.0
鸡肉大白菜饺,144.48,14.99,1.7,17.77,326.0
鸡肉豆腐汉堡,98.37,13.29,3.82,3.22,245.0
鸡肉豆腐烧,125.52,12.97,6.15,4.64,290.0
鸡肉汉堡,149.44,6.73,2.94,24.51,89.0
鸡肉糊,78.71,6.01,0.46,12.6,155.0
鸡肉花生炒饭,156.71,8.93,7.5,13.87,298.0
鸡肉卷（快手版）,160.17,17.36,5.45,10.66,231.0
鸡肉蘑菇毛豆汤,88.45,10.6,3.55,3.48,251.0
鸡肉木耳粥,75.24,5.41,0.5,13.73,210.0
鸡肉芹菜饺,136.84,14.36,1.4,17.29,285.0
鸡肉芹菜汤,51.03,5.22,3.06,0.65,290.0
鸡肉卷,159.07,11.6,2.39,23.46,193.0
鸡肉蔬菜沙拉,114.41,14.92,5.15,2.55,118.0
鸡肉手抓饭,239.42,8.79,4.43,41.14,104.0
鸡肉蔬菜串,96.38,14.69,2.64,3.85,138.0
鸡肉蔬菜咖喱,78.0,6.12,2.6,7.84,500.0
鸡肉蔬菜面,179.57,8.3,0.91,35.02,235.0
鸡肉条,177.3,18.41,4.09,16.61,282.0
鸡肉土豆泥,73.46,4.97,1.21,10.9,260.0
土豆鸡肉泥,76.92,10.46,0.81,7.08,130.0
鸡肉丸子汤,107.35,11.26,4.94,4.92,204.0
鸡肉香肠,178.36,19.18,9.94,2.78,171.0
鸡肉香菇烩什锦,106.21,15.61,1.46,7.79,435.0
鸡肉蒸豆腐,97.96,9.59,5.63,2.9,343.0
家常鸡肉蒸豆腐,112.15,9.28,5.56,6.09,247.0
鸡胸肉蒸豆腐,97.96,9.59,5.63,2.9,343.0
鸡米粥,80.39,8.57,0.71,10.14,153.0
鸡丝炒茼蒿,69.05,10.08,2.05,2.84,168.0
鸡丝豆苗,96.77,9.79,4.09,5.27,371.0
鸡丝烩菠菜,95.1,12.6,1.87,7.09,245.0
鸡丝拉皮,96.98,11.82,2.4,7.17,331.0
鸡丝凉拌什锦菜,124.21,8.39,3.61,18.39,190.0
鸡丝凉瓜,82.13,12.03,1.8,4.56,235.0
鸡丝拌苦瓜,67.09,8.44,1.94,4.41,158.0
鸡丝芦笋蝴蝶面,126.57,11.91,2.1,15.5,143.0
鸡丝麻酱荞麦面,256.72,16.21,3.16,42.47,134.0
鸡丝木耳粥,233.33,13.06,3.17,43.31,108.0
鸡丝荞麦面,252.78,15.09,3.69,41.65,144.0
鸡丝银芽,82.61,14.32,1.9,2.31,368.0
鸡丝银针,130.81,11.69,7.57,3.71,344.0
滋补鸡肉粥,93.14,6.6,0.58,15.64,175.0
鸡汤炒芦笋,55.68,2.25,1.82,8.43,185.0
鸡汤汆海蚌,89.72,8.66,3.83,5.95,253.0
鸡汤海蚌,89.72,8.66,3.83,5.95,253.0
鸡汤肉馄饨,167.23,7.34,8.34,15.44,238.0
鸡汤汆肉燕,167.23,7.34,8.34,15.44,238.0
鸡汤汆鱼面,142.7,16.13,3.11,12.75,445.0
鸡汤鱼面,142.7,16.13,3.11,12.75,445.0
鸡汤烩面,175.51,11.92,3.13,25.65,294.0
鸡汤龙须面,191.79,13.97,4.3,23.88,195.0
鸡汤小馄饨,140.24,14.25,1.65,17.07,164.0
鸡头米炒虾仁,114.95,4.96,1.53,19.29,281.0
鸡腿菇炒腊肉,284.38,8.42,23.5,11.09,224.0
鸡腿菇炒西兰花,100.81,6.89,5.22,8.58,369.0
鸡腿菇肉片,256.8,12.75,19.33,9.32,169.0
鸡腿菇烧汁酿扇贝,107.76,10.36,4.02,8.44,348.0
鸡腿套餐,124.38,10.67,4.36,10.35,402.0
鸡油蒸黄鱼,97.16,16.19,2.83,1.73,387.0
鸡油蒸大黄鱼,97.16,16.19,2.83,1.73,387.0
鸡沾口蘑,156.7,17.86,3.61,14.72,224.0
鸡胗炒四宝,91.44,12.65,2.0,6.07,374.0
鸡汁白萝卜泥,103.0,10.8,4.8,4.6,400.0
鸡汁冬菇菜胆,20.11,1.42,0.69,2.89,542.0
鸡汁黄豆山药,143.66,12.72,5.79,11.69,71.0
鸡汁土豆泥,64.71,2.46,0.92,11.94,153.0
鸡汁薯泥,64.71,2.46,0.92,11.94,153.0
鸡汁虾卷,173.85,13.84,6.88,14.13,348.0
鸡汁虾酿笋,105.43,9.04,3.78,9.17,129.0
鸡汁燕麦粥,85.95,2.97,1.98,14.64,185.0
鸡汁粥,108.56,6.53,1.74,16.78,187.0
基围虾粉丝煲,128.91,14.55,2.33,11.52,256.0
吉利富贵虾球,209.51,18.98,0.95,32.14,389.0
吉利生鱼卷,119.08,13.3,6.46,2.12,325.0
吉利薯球,81.74,2.4,0.42,18.03,345.0
吉利虾,124.96,13.04,2.78,12.06,577.0
吉祥金钱（蜜汁鸡腿肉咸蛋黄卷）,151.15,18.12,7.79,1.73,391.0
吉祥老鸭煲,219.9,13.92,17.16,3.11,417.0
吉祥萝卜丝,51.28,1.47,2.12,8.13,156.0
吉祥玉环冬瓜,56.4,2.56,3.58,4.23,406.0
脊肉粥,191.91,7.49,13.33,10.54,235.0
荠菜炒鸡丁,80.76,13.09,1.78,2.97,421.0
荠菜淡菜汤,28.9,2.16,1.47,1.9,173.0
荠菜豆腐羹,70.98,5.29,2.74,7.16,224.0
荠菜豆腐汤,50.55,2.74,2.16,5.37,366.0
荠菜熘鱼片,77.92,7.52,2.39,6.48,231.0
荠菜鲜虾馄饨,125.56,9.05,3.91,13.8,532.0
荠菜小笼包,213.28,9.88,6.67,29.41,271.0
济南酥锅,128.57,7.12,7.55,7.07,462.0
鲫鱼豆腐,99.67,12.8,3.27,4.67,603.0
鲫鱼豆腐萝卜汤,42.01,6.09,1.4,1.19,538.0
鲫鱼豆腐汤,48.19,6.22,1.87,1.73,469.0
鲫鱼煨豆腐汤,44.86,6.35,1.47,1.68,457.0
鲫鱼煲豆腐汤,46.78,6.25,1.66,1.68,466.0
豆腐清炖鲫鱼,95.72,11.4,2.95,5.4,187.0
葱香鲫鱼赤豆汤,81.82,8.84,2.01,7.01,242.0
鲫鱼赤豆汤,57.21,5.82,1.23,5.8,402.0
鲫鱼奶汤锅,109.94,16.55,3.17,3.78,362.0
鲫鱼砂锅,93.23,10.95,3.3,5.39,517.0
夹心红薯饼,80.83,2.78,1.99,14.25,193.0
夹心茭白笋,239.66,12.13,14.61,18.91,174.0
夹心芋片,220.0,9.52,15.02,12.6,205.0
家常白菜,75.0,3.61,5.24,3.44,396.0
海鲜麻辣香锅,82.84,8.44,2.09,8.83,577.0
家常拌河粉,97.86,3.67,4.7,10.91,468.0
家常鳊鱼,128.4,15.72,6.15,2.58,426.0
家常菜,262.87,16.8,18.62,7.14,237.0
家常菜-木须肉,287.85,14.27,23.52,6.19,288.0
韭菜花式炒蛋,73.33,6.37,4.0,3.95,330.0
家常菜-鱼香肉丝,230.96,11.48,18.31,5.82,520.0
家常菜芋儿鸡,131.36,12.92,5.01,9.04,354.0
家常炒菠菜,83.41,4.33,2.38,11.95,410.0
家常炒豆腐,158.85,8.64,11.39,5.33,209.0
家常炒年糕,122.12,2.88,2.71,22.29,217.0
家常炒猪肝,131.3,11.93,3.25,15.02,409.0
家常醋溜土豆丝,78.7,2.51,0.27,17.31,324.0
家常蛋饼,213.36,10.35,4.07,34.67,217.0
蒜香家常豆腐,103.88,6.25,5.2,9.23,206.0
家常豆腐羹,96.67,6.58,4.52,8.94,210.0
家常炖黄鱼,79.56,10.5,2.7,3.55,548.0
家常干煸四季豆,99.78,5.05,6.92,5.69,445.0
家常干烧黄花鱼,100.79,13.11,4.04,3.24,629.0
家常干丝,122.62,8.33,7.1,6.82,221.0
家常蛤蜊豆腐,83.96,7.9,4.1,3.82,374.0
家常红烧豆腐,111.13,8.35,5.4,9.13,485.0
家常红烧肉,290.23,12.97,25.09,2.81,430.0
简版红烧肉,290.23,12.97,25.09,2.81,430.0
秘制红烧肉,290.23,12.97,25.09,2.81,430.0
家常红烧猪脚,193.6,14.89,12.63,4.8,625.0
家常虎皮尖椒,43.2,1.47,0.39,9.94,338.0
家常滑蛋火腿肠,173.63,12.34,10.24,8.15,201.0
家常鸡块,135.98,16.9,6.59,2.56,378.0
家常酱牛腱,118.13,18.69,2.47,6.56,353.0
家常京酱肉丝,287.64,13.89,24.2,3.36,275.0
家常韭黄肉丝,174.62,8.94,13.98,3.74,197.0
家常烤牛肉,107.34,16.73,2.88,2.88,327.0
家常木耳肉片,311.9,11.14,21.08,22.01,84.0
家常茄子,66.75,3.0,1.0,13.86,421.0
家常热味肘子,226.9,14.45,14.1,10.62,420.0
家常丝瓜,28.35,1.49,0.83,4.47,328.0
家常素炒饼,167.78,7.23,1.37,32.93,270.0
家常蒜苔肉丝,225.26,12.65,16.72,6.48,392.0
家常糖醋排骨,215.04,14.6,16.17,2.33,379.0
家常土豆丝,85.45,2.77,1.01,17.04,275.0
家常小炒鸡,124.92,15.64,5.72,2.54,333.0
家常小炒肉,260.58,11.61,21.82,4.77,208.0
家常鱼头豆腐汤,98.55,12.62,4.27,2.46,344.0
家常玉米鸡丁,105.95,14.48,1.35,8.49,185.0
家常竹篮菜,65.05,2.47,1.33,11.45,186.0
家鸡炖双茹粉条,160.49,13.34,4.7,17.67,243.0
蒜蓉百合香辣虾,86.85,10.23,0.71,8.74,593.0
家庭自制放心油条,198.36,10.7,3.45,31.9,183.0
家庭自制泡菜,54.05,2.19,0.37,11.14,407.0
家味宫保鸡,156.05,17.72,5.6,9.25,405.0
家乡白切鸡,145.97,18.73,7.16,1.77,385.0
家乡炒土鱿,74.16,6.42,1.74,8.64,267.0
家乡豆腐,222.01,13.54,15.37,7.66,259.0
家乡豆腐干,177.28,9.94,10.02,12.58,383.0
家乡煎酿茭笋,201.04,11.73,15.9,3.22,289.0
家乡烧鱼,94.47,11.78,4.15,2.97,452.0
家制酱排骨,248.06,16.85,18.37,3.69,335.0
家制猪肉松,303.56,13.96,26.78,1.56,225.0
尖椒白干炒腊里脊,224.77,13.25,16.19,7.24,214.0
尖椒煲豆腐,98.99,6.93,5.74,5.16,497.0
尖椒炒鸡心,114.45,7.66,5.74,8.19,256.0
尖椒炒藕片,56.53,1.24,0.92,12.03,421.0
尖椒炒青蛤,85.36,7.93,1.58,11.59,321.0
尖椒炒蛤蜊,85.36,7.93,1.58,11.59,321.0
尖椒炒紫茄,32.61,1.27,0.7,6.06,417.0
尖椒豆腐酿,111.14,10.06,3.87,9.87,449.0
尖椒豆腐皮,316.96,35.21,15.97,11.33,448.0
尖椒肚片,110.17,13.07,5.13,2.97,482.0
尖椒苦瓜,45.14,1.96,0.87,8.16,350.0
尖椒酿豆腐,84.24,5.04,2.91,10.25,330.0
尖椒肉盒,267.63,12.77,23.24,2.01,417.0
尖椒肉丝,232.58,10.13,17.97,8.58,356.0
尖椒虾皮,51.67,3.13,1.3,8.37,120.0
尖椒香肘子,266.48,13.21,21.66,5.01,531.0
尖椒洋葱炒螺片,147.46,16.96,3.29,12.89,354.0
辣椒洋葱炒螺片,144.35,16.84,3.29,12.21,354.0
坚果杂豆粥,158.33,4.07,4.79,25.67,180.0
坚果蒸笋,78.48,2.3,6.33,3.6,223.0
煎熬带鱼,131.53,16.12,5.2,5.35,352.0
煎饼韭菜盒,103.79,7.38,3.39,11.84,449.0
煎饼蔬菜卷,105.15,7.07,2.6,14.26,447.0
煎雏肉,153.66,16.31,6.8,7.13,328.0
煎串肉,175.38,16.28,8.38,8.56,398.0
煎慈姑饼,127.02,12.47,4.49,9.18,285.0
煎蛋蘑菇皿,137.35,13.33,6.31,8.0,332.0
煎蛋土豆饼,100.0,4.88,2.77,14.42,277.0
煎豆腐炒蒜苗,86.67,6.29,5.0,5.04,270.0
煎番茄鸡蛋,50.76,4.3,2.26,4.03,132.0
煎封鲳鱼,147.89,15.03,6.43,7.23,403.0
煎芙蓉蛋,102.69,9.38,5.3,4.63,334.0
煎肝,144.53,15.13,2.95,14.5,274.0
煎蛤仁蛋饼,74.33,9.15,2.79,3.09,413.0
煎滑蛋青瓜,86.41,7.14,5.24,2.83,206.0
煎火腿蛋卷,202.52,12.29,14.06,7.32,119.0
煎鸡饼,195.15,15.73,12.26,5.2,412.0
煎鸡茸虾排,187.17,15.34,3.74,24.07,265.0
煎鸡肉饼,131.5,14.97,6.42,3.65,254.0
煎鸡腿,147.54,17.93,6.71,1.12,284.0
煎鸡虾肉饼,152.12,18.04,5.05,9.43,424.0
煎饺,162.35,7.18,7.42,17.59,170.0
煎金钱牛柳,118.05,15.32,3.33,6.82,482.0
煎焗大连鲜鲍,94.46,12.77,1.72,7.05,451.0
煎焗风鳝皇,97.25,15.38,1.86,4.83,436.0
煎焗酿明虾,87.64,12.43,2.14,4.71,437.0
煎开边虾,122.56,14.88,1.56,12.02,532.0
煎烤牛肉捲,71.99,10.08,1.69,4.64,357.0
煎烤鲜茄,91.13,5.55,4.32,8.21,462.0
煎口蘑西兰花,33.96,3.12,0.97,4.56,321.0
煎辣椒拌香菜豆干,121.46,7.89,7.19,7.03,219.0
煎莲藕饼,104.71,5.58,5.26,9.23,425.0
煎熘腐皮卷,124.07,12.34,5.71,7.03,378.0
煎萝卜饼,67.8,2.29,3.93,7.68,59.0
煎焖黄花鱼,108.33,15.1,3.72,2.86,444.0
煎焖牛肉饼,116.91,15.59,3.49,5.61,538.0
煎米饼,113.13,7.59,2.34,15.45,160.0
煎奶油羊排,152.48,16.54,8.03,3.56,343.0
煎酿豆腐,81.25,7.54,4.13,4.07,560.0
香煎酿豆腐,135.58,8.8,7.05,9.8,371.0
煎酿鲤鱼,113.84,13.24,6.08,1.41,542.0
煎酿青红椒,179.31,17.39,1.11,25.32,377.0
煎柠檬鱼片,94.22,11.53,3.95,2.28,467.0
煎牛肉饼,175.93,15.82,4.57,17.97,378.0
煎旗鱼,280.99,20.16,16.87,12.11,263.0
煎茄子,91.55,5.58,3.0,11.18,497.0
煎瓤凉瓜,103.0,5.84,4.1,10.86,466.0
煎瓤明虾,178.62,13.14,8.37,13.16,538.0
煎三冬,80.48,5.16,3.82,6.88,461.0
煎三文鱼配时蔬,112.4,10.67,4.88,5.88,371.0
煎时蔬三文鱼,112.4,10.67,4.88,5.88,371.0
煎扇贝,81.14,10.25,2.62,4.47,281.0
煎薯条,84.68,1.61,1.27,17.7,222.0
煎土豆饼,93.4,3.62,1.98,15.79,212.0
煎五香里脊肉,149.67,17.28,7.47,2.7,306.0
煎虾饼,204.44,19.52,2.31,26.9,225.0
煎香炒肉碎鸡蛋饼,178.25,10.36,13.81,3.3,308.0
煎羊排带配菜,134.88,13.46,4.83,9.56,430.0
煎鱼饼,131.45,12.67,4.01,11.41,372.0
煎蒸带鱼,113.18,16.19,5.21,0.47,220.0
煎猪肝丸子,129.15,10.24,4.27,12.62,295.0
煎猪排,216.98,17.77,7.67,20.67,430.0
煎猪肉饼,244.83,11.14,15.49,16.43,406.0
减盐减糖三层肉,232.34,9.94,19.3,5.26,235.0
简单版香菇青菜,32.62,2.42,0.91,4.73,328.0
简单的苏式红烧肉,307.85,13.92,27.29,1.08,331.0
简单好吃的东坡肉,296.01,12.7,26.03,1.44,301.0
简单美味—糊塌子,38.79,1.92,1.13,5.64,165.0
简单台式卤肉饭,197.51,8.28,12.69,12.9,642.0
简单小菜·雪菜蒸豆腐,72.24,5.03,4.34,4.15,299.0
简单版蕃茄疙瘩汤,139.84,7.26,4.56,17.95,379.0
简单版蒜蓉芦笋培根炒饭,135.99,3.66,7.43,14.14,364.0
简单版手撕包菜,27.04,1.07,0.89,4.9,318.0
简捷酸辣豆腐汤,47.44,3.86,2.58,2.59,390.0
简易番茄豆腐蛋花爱心汤,43.58,3.55,2.69,1.68,537.0
简易台式萝卜糕,16.92,0.74,0.08,3.49,65.0
健康多彩大拌菜,81.58,5.49,3.64,7.21,304.0
健康绿豆煎酿鲜百合,257.14,10.11,15.44,20.02,210.0
健康早餐美味土豆饼,115.46,4.16,0.99,23.17,414.0
健脑粥,187.28,4.35,9.33,22.33,173.0
健胃萝卜汤,58.86,7.04,2.43,2.71,440.0
江米红豆粥,45.22,1.83,0.37,8.52,115.0
江米绿豆粥,45.22,1.94,0.34,8.49,115.0
江南灌蟹珍珠蛋,136.2,13.47,4.49,9.67,395.0
江南一品饺,256.31,13.02,3.22,43.98,206.0
江西生焖鸭,218.12,13.43,17.19,2.48,414.0
江虾橄榄菜,139.03,7.3,8.33,8.75,392.0
姜香鸭胸,83.87,10.68,1.79,6.04,403.0
姜炒海瓜子,63.56,8.81,0.99,4.34,365.0
姜葱炒螺片,119.8,14.9,2.34,9.45,399.0
姜葱爆螺片,119.8,14.9,2.34,9.45,399.0
姜葱炒牛肉,114.53,18.04,3.2,3.5,289.0
姜葱炒肉蟹,110.12,10.79,2.6,10.58,247.0
姜葱炒蟹块,98.81,11.95,2.48,7.08,419.0
姜葱肉蟹,98.81,11.95,2.48,7.08,419.0
姜葱炒文蛤,53.9,7.49,0.99,3.9,564.0
姜葱蛏子,45.2,7.01,0.69,2.86,531.0
姜葱鲤鱼煲,128.28,16.28,5.12,3.99,389.0
姜葱螃蟹,100.69,13.09,2.61,6.12,434.0
姜葱屈鸡,143.32,17.22,6.32,4.58,277.0
姜葱生蚝,68.27,7.99,1.85,5.01,271.0
姜葱蟹煲,79.77,10.61,1.79,5.34,529.0
姜炖羊肉,138.46,17.23,6.66,1.79,325.0
姜花熘鱼腩,94.35,13.25,2.76,4.24,425.0
姜米黄瓜,25.3,1.02,0.83,3.66,332.0
姜母麻油鸡,141.38,18.8,6.67,1.15,435.0
姜泥烤猪肉,319.11,14.17,28.55,1.12,429.0
姜片炖萝卜,38.83,1.53,0.47,8.24,497.0
姜片虾捲,91.43,10.13,2.79,6.96,140.0
姜烧牛肉,97.88,14.25,2.64,4.41,471.0
姜丝炒冬瓜,15.24,0.55,0.59,2.52,374.0
姜丝炒木耳,140.56,6.09,8.86,9.95,180.0
姜丝炒牛心,106.06,14.08,3.83,3.72,330.0
姜丝锅羊肉炉,125.28,15.76,5.47,3.01,360.0
姜丝蛤蜊汤,42.68,6.56,0.75,2.39,471.0
姜丝鲫鱼汤,65.9,8.17,2.59,2.51,478.0
姜丝焗肉蟹,82.1,9.06,2.57,5.26,581.0
姜丝萝卜汤,16.36,0.7,0.15,3.97,275.0
姜丝煲萝卜汤,16.36,0.7,0.15,3.97,275.0
姜丝酸菜炒猪肚,73.16,9.06,2.99,2.21,354.0
姜丝鸭血豆腐,91.86,9.83,1.4,10.05,221.0
姜丝猪肝汤,103.11,14.35,3.72,2.78,418.0
姜丝煮毛蚶,62.58,9.59,1.37,2.88,318.0
姜蒜拌青蔬,34.2,2.54,0.3,6.52,269.0
姜蒜炒生鱿,81.34,13.41,1.73,3.04,402.0
姜蒜文蛤,48.17,6.4,0.55,4.2,382.0
姜汤,0.95,0.03,0.03,0.18,210.0
姜糖茶,10.45,0.07,0.04,2.45,220.0
姜糖饮,6.98,0.03,0.02,1.65,315.0
姜味青江菜炒猪肉片,75.23,7.09,3.22,4.62,331.0
姜香红烧农家鸡,181.7,16.63,12.3,1.23,399.0
姜汁拌菠菜,31.74,2.69,0.49,4.92,523.0
姜汁拌海蛏,54.73,6.67,1.81,3.07,338.0
姜汁菠菜,48.21,3.3,0.4,9.84,419.0
姜汁菠菜塔,49.88,3.28,0.39,10.27,421.0
姜汁赤贝,62.41,10.59,0.95,2.98,274.0
姜汁炖南瓜,20.62,0.57,0.09,4.54,519.0
姜汁海蜇卷,33.81,3.33,0.28,4.59,417.0
姜汁黑豆豆浆,35.79,3.18,1.42,3.08,285.0
姜香黑豆豆浆,35.79,3.18,1.42,3.08,285.0
姜汁煎羊肉,86.95,9.03,3.65,5.32,659.0
姜汁豇豆,59.55,2.96,0.97,12.94,356.0
姜汁牛肉丼,105.52,10.91,2.38,11.78,417.0
姜汁烧肉,156.22,7.28,12.83,3.0,370.0
姜汁烧肉酱,204.9,6.94,12.8,14.83,143.0
姜汁莴笋,22.59,0.95,0.57,3.76,239.0
姜汁鸭脯,80.44,10.0,2.02,4.28,317.0
姜汁鱿鱼,85.76,16.37,1.82,1.04,323.0
姜汁醉肚尖,76.11,8.43,3.08,3.79,406.0
豇豆大米粥,48.74,1.32,0.2,10.68,199.0
豇豆红烧肉,228.06,10.47,19.34,3.45,392.0
豇豆肉末面,230.34,8.61,9.42,28.25,290.0
豇豆烧玉米,79.73,2.56,1.6,14.35,301.0
酱扒素鸡,173.4,13.59,10.78,5.76,500.0
酱拌双色花椰菜,33.77,2.82,0.57,6.24,456.0
酱拌猪肚,100.53,12.53,4.6,2.38,377.0
酱爆草菇,40.89,3.06,0.4,7.1,384.0
酱爆春笋,109.91,5.22,7.78,5.3,444.0
酱爆肚仁,108.54,12.05,4.82,3.84,363.0
酱爆海蜇鸡丝,98.48,14.23,1.85,6.27,396.0
酱爆核桃鸡丁,202.71,18.75,10.93,7.38,332.0
酱爆鸡丁,81.64,13.1,1.63,3.51,354.0
酱爆什蔬鸡丁,81.64,13.1,1.63,3.51,354.0
酱爆胡萝卜鸡丁,91.74,15.57,1.86,2.86,327.0
酱爆冬笋鸡丁,118.89,17.85,2.29,6.44,217.0
酱爆黄瓜鸡丁,118.89,17.85,2.29,6.44,217.0
酱爆里脊,153.91,15.82,6.73,6.76,230.0
酱爆里脊丁,169.23,18.6,7.83,6.25,442.0
酱爆卢笋黑白配,63.83,4.32,0.35,14.3,376.0
酱爆墨鱼,92.63,13.82,1.74,4.65,339.0
酱爆木须肉丝面,244.58,8.54,1.98,51.73,240.0
酱爆牛柳,78.75,10.99,1.51,5.56,447.0
酱爆茄丁,84.49,8.49,3.48,4.89,503.0
酱爆肉丁,118.42,13.27,6.07,2.32,456.0
酱爆肉条,76.01,10.75,1.82,3.89,471.0
酱爆薯丁,115.13,4.14,6.32,11.36,423.0
酱爆双丁,215.99,9.31,17.75,5.07,563.0
酱爆双耳,256.78,10.99,2.43,61.3,199.0
酱爆四丁,99.49,9.95,4.26,5.07,395.0
酱爆土豆丁,179.17,7.02,11.39,12.38,288.0
酱爆蟹,115.73,13.07,3.0,9.55,515.0
酱爆鸭舌,216.96,13.3,16.21,4.46,342.0
酱爆芸豆,43.66,2.31,0.98,8.79,339.0
酱炒鸡亦球,195.1,16.38,10.42,9.07,245.0
酱炒螺蛳,74.35,10.49,1.16,5.18,347.0
酱炖豆腐,93.32,7.96,4.32,6.07,539.0
酱鸡腿,137.03,17.28,6.51,2.12,424.0
酱香炖鸡腿,140.48,17.38,7.0,1.37,210.0
酱烧鸡腿,140.48,17.38,7.0,1.37,210.0
酱椒莴笋丁,24.55,1.32,0.68,3.62,440.0
酱烤鲜菇,100.0,4.33,2.2,20.03,209.0
酱里脊,135.44,15.52,6.69,4.21,666.0
酱卤笋干,168.07,12.05,3.49,29.91,119.0
酱焖鲫鱼,104.6,12.82,3.28,5.11,174.0
酱焖鲤鱼,160.74,12.88,10.58,3.25,377.0
酱焖牛腩,84.32,13.91,2.0,2.58,644.0
酱焖牛肉小土豆,121.87,12.78,3.76,9.3,407.0
酱焖茄子,44.78,1.61,1.0,7.97,335.0
酱焖猪蹄,201.44,15.23,12.12,8.37,487.0
酱牛拐筋,32.9,5.76,0.18,2.29,386.0
凉拌酱牛肉,115.34,17.95,2.43,6.25,365.0
酱肉四季豆,50.15,4.76,1.44,6.48,335.0
酱烧八爪鱼,63.43,7.27,0.58,7.55,350.0
酱烧百合里肌肉,158.96,15.42,6.52,9.25,402.0
酱烧鲽鱼头,79.61,12.87,1.78,3.8,461.0
酱烧花生猪手,288.24,20.03,20.78,5.75,323.0
酱烧茭白,44.4,1.19,1.83,6.79,259.0
酱烧排骨,173.41,11.93,13.08,1.95,628.0
酱烧排骨海带黄豆,221.35,15.12,15.73,5.19,473.0
酱烧虾仁青豆烘蛋,296.03,21.45,8.55,36.75,126.0
酱烧香梭鱼,141.95,14.11,8.23,2.51,410.0
酱香梭鱼,141.95,14.11,8.23,2.51,410.0
酱烧鱼段,103.38,17.0,3.09,1.57,444.0
酱烧鱼块,120.1,15.07,5.63,1.98,199.0
酱烧肘子,231.61,14.73,13.8,11.86,465.0
酱蔬丁,134.57,7.69,7.51,9.86,269.0
酱笋条,41.95,3.01,0.82,5.44,348.0
酱味茄子煲,37.34,1.57,0.87,6.31,608.0
酱香骨,184.89,10.8,12.81,7.78,225.0
酱香鸡蛋,77.43,5.59,4.23,5.02,381.0
酱香牛肉丝,114.6,11.62,2.9,10.46,315.0
酱香螃蟹,79.73,9.95,2.38,4.94,750.0
酱香肉末烧茄子,71.46,3.66,3.78,5.89,438.0
酱香杏鲍菇,59.6,1.91,1.73,10.06,349.0
酱香猪心,118.46,14.54,5.29,3.72,596.0
酱小鱿鱼,71.31,12.25,1.76,1.71,373.0
酱鸭翅,141.76,14.78,5.52,8.43,510.0
酱油青虾,93.92,14.27,2.83,2.27,411.0
酱汁比目鱼,108.59,18.26,2.67,3.07,291.0
酱汁炒鲜蘑,42.11,2.15,1.36,5.3,558.0
酱汁海螺,168.14,20.7,3.63,12.22,565.0
酱汁活鱼,105.85,14.75,4.26,1.72,427.0
酱汁烤鸡腿,146.86,17.46,6.91,4.13,303.0
酱汁扣冬瓜,22.13,1.43,0.65,3.46,741.0
酱汁排骨,239.29,15.07,17.12,4.6,252.0
酱汁烧土豆,83.33,2.53,0.72,17.44,402.0
酱汁什锦蔬菜,40.39,2.83,1.77,4.82,567.0
酱汁素鸡,198.76,15.89,12.62,5.76,323.0
酱汁猪爪,235.98,19.19,16.51,2.46,478.0
酱猪耳,170.13,17.24,10.57,1.32,452.0
酱猪排,242.49,16.14,17.81,4.41,346.0
酱煮青花鱼,83.02,12.34,3.0,1.44,424.0
茭白鸡米,86.93,13.58,1.89,4.15,459.0
茭白金针菇,53.46,2.56,0.58,11.86,535.0
茭白菌菇炒肉,147.95,6.4,11.19,6.28,292.0
茭白木耳炒鸭蛋,94.65,4.97,3.9,11.83,486.0
茭白木耳炒蛋,92.83,5.05,3.99,11.13,474.0
茭白牛肉丝,70.82,7.39,2.01,6.54,353.0
茭白青椒炒肉丝,164.48,7.15,12.9,5.37,473.0
茭白烧黄豆,77.27,3.8,2.56,11.07,308.0
茭白笋炒肉丝,106.99,4.71,8.09,3.88,415.0
茭白笋烧肉,216.86,9.34,18.76,2.92,172.0
茭白蟹丝,53.07,3.05,0.77,9.28,424.0
茭瓜炒肉,144.83,5.73,7.79,16.75,116.0
浇头耗油生菜,25.67,1.52,0.91,3.41,557.0
浇汁丸子,196.36,8.28,15.43,6.15,302.0
浇汁鱼,114.76,11.22,5.05,5.93,420.0
胶东辣炒花蛤,64.95,9.2,1.42,3.96,562.0
椒粒圆葱炝耳菜,162.78,6.85,1.63,37.94,395.0
椒麻蚕豆,125.67,7.29,2.09,21.73,300.0
椒麻口条,178.73,16.43,11.6,2.33,456.0
椒麻牛肚,75.81,13.3,1.98,1.55,554.0
椒麻茄子汤,31.77,1.59,0.67,5.73,447.0
椒麻双笋,108.48,6.19,3.18,18.82,165.0
椒麻铁板牛肉丝,79.84,11.07,2.28,4.32,506.0
椒麻鸭掌,140.11,23.06,2.02,6.77,359.0
椒丝炒苋菜,54.5,2.61,1.33,9.06,211.0
彩椒炒苋菜,52.43,2.57,1.35,8.61,206.0
椒蒜土豆丝,93.67,3.16,1.24,18.3,237.0
椒王水煮鸭,162.97,10.17,9.97,9.59,713.0
椒香荷兰豆,37.24,2.54,0.9,5.33,333.0
椒香鸡块,114.88,22.45,2.12,1.53,551.0
椒香煎牛柳,121.72,16.72,3.52,5.88,198.0
椒香芦笋鸡,93.18,12.02,3.89,3.05,733.0
椒香南瓜,32.58,0.95,0.62,6.31,445.0
椒盐白果鸡丁,141.82,21.22,2.04,9.77,373.0
椒盐带鱼酥,110.98,16.57,3.91,2.54,328.0
椒盐富贵笋,49.54,2.57,1.18,8.71,323.0
椒盐花卷,237.21,9.14,4.38,41.72,86.0
椒盐里脊,329.75,14.56,29.3,2.21,316.0
椒盐蘑菇,50.36,3.65,1.73,6.15,550.0
椒盐耦盒,98.09,3.23,4.89,11.57,367.0
椒盐茄盒,140.77,6.89,7.16,12.03,287.0
椒盐鳝球,110.16,15.81,2.76,5.94,374.0
椒盐虾球,168.62,15.94,1.19,23.8,290.0
椒盐鸭块（脆皮鸭）,240.42,14.22,19.43,2.78,334.0
椒盐鱼柳,108.4,15.83,3.06,4.48,369.0
椒盐玉米虾,128.79,16.23,4.01,7.48,601.0
椒盐炸豆腐,87.46,5.96,5.3,5.09,295.0
椒盐肘子,240.05,14.88,13.44,15.03,412.0
椒盐猪肝,145.35,15.05,3.99,12.69,344.0
蛟龙出海,100.89,10.65,4.22,5.81,337.0
焦炒鱼片,120.77,14.19,5.63,2.99,414.0
焦溜素丸子,156.32,6.73,3.63,24.33,380.0
焦熘里脊条,148.08,15.25,7.5,4.53,312.0
焦熘排骨,249.6,15.17,17.28,8.0,248.0
焦熘丸子,285.11,12.25,22.42,8.75,450.0
焦熘羊肉段,146.04,17.07,6.88,3.93,328.0
焦米南瓜苹果粥,50.94,1.11,0.16,11.7,320.0
焦米汤,45.22,1.03,0.12,10.07,230.0
焦糖鸡翅,196.9,17.32,10.67,7.9,226.0
筊白玉笋培根汤,63.73,2.01,4.29,5.26,306.0
叫花鸡,149.36,18.39,6.78,4.48,393.0
特色叫花鸡,150.49,20.01,7.26,1.32,305.0
叫化鸡,166.84,16.23,8.97,5.45,591.0
节瓜粉丝杂菜煲,53.65,3.44,1.03,8.61,438.0
节瓜海鲜汤,80.27,8.93,0.59,10.12,223.0
节瓜蚝豉炖瘦肉汤,45.3,3.08,2.86,1.94,362.0
节瓜瑶柱煲瘦肉,69.95,3.52,4.68,4.09,376.0
节瓜鱼片汤,28.47,3.43,1.01,1.8,555.0
芥菜炒豆腐丝,99.64,9.34,4.79,5.62,274.0
芥菜炒豆皮,99.64,9.34,4.79,5.62,274.0
芥菜炒鸡蛋,88.26,5.25,2.47,14.13,230.0
芥菜豆腐羹,65.89,3.89,2.93,6.6,299.0
芥菜鸡肉炒饭,95.5,6.13,2.18,13.26,378.0
芥菜魔芋汤,24.65,1.3,0.74,4.11,361.0
芥菜魔芋鲜汤,24.65,1.3,0.74,4.11,361.0
芥菜瘦肉豆腐汤,53.93,3.16,3.24,3.51,445.0
芥菜豆腐汤,53.93,3.16,3.24,3.51,445.0
芥菜咸蛋鸭肉粥,151.83,9.42,5.06,17.36,191.0
芥菜竹笋豆腐,53.46,3.75,2.19,5.1,376.0
芥兰炒素肝,51.99,6.51,1.86,3.76,477.0
芥兰金针蒸肥牛,85.86,12.37,2.47,3.52,290.0
芥兰腊肉,306.74,7.79,27.26,6.27,371.0
芥兰玉子煲虾球,91.24,8.15,2.12,10.99,685.0
芥蓝炒牛肉,61.17,9.06,0.9,4.88,358.0
芥蓝虾球,78.39,6.97,0.55,12.58,236.0
腰果炒芥蓝香菇,93.9,4.57,4.75,10.07,295.0
芥末拌黄瓜,21.79,0.9,0.54,3.51,312.0
芥末拌时蔬,25.66,2.38,0.5,3.59,265.0
芥末金针,39.56,2.69,0.84,6.68,225.0
芥末三丝,71.25,8.47,1.5,5.78,320.0
芥末西芹,25.14,0.65,0.66,5.51,362.0
芥末鸭丝,80.73,12.19,1.21,5.07,384.0
芥末鸭掌,113.77,18.46,1.66,6.36,305.0
秘制芥末鸭掌,139.5,22.99,2.06,6.55,238.0
芥末脱骨鸭掌,111.76,16.39,2.42,6.29,170.0
芥末无骨鸭掌,111.76,16.39,2.42,6.29,170.0
芥末腰花,68.57,11.79,1.69,1.61,630.0
芥末蒸鱼辫,133.06,13.97,5.6,6.99,369.0
金灿灿的叉烧肉饼,243.64,9.33,7.71,35.36,165.0
金城宝塔肉,222.14,10.11,14.75,12.98,420.0
金钩大丰收,132.71,15.38,6.79,2.6,590.0
金钩豆苗,83.76,15.04,1.83,2.35,511.0
金钩挂银条,55.8,7.15,1.99,2.35,319.0
金钩黄瓜条,31.5,2.36,1.19,3.02,327.0
金钩嫩豇豆,49.44,4.56,1.39,6.33,354.0
金钩青菜心,66.24,7.28,1.95,4.9,311.0
金钩香芹,46.01,3.46,0.29,8.47,376.0
金菇肥牛煲,80.12,10.91,1.34,6.69,327.0
金菇干丝,95.09,6.72,4.57,7.87,285.0
金菇鸡丝,106.89,18.89,2.41,2.63,334.0
金菇牛柳,90.56,12.29,2.53,5.02,286.0
金菇牛肉,56.31,6.6,0.85,6.19,222.0
金菇肉丝,172.76,7.12,13.62,5.73,246.0
金菇芽菜肉片汤,72.83,4.75,4.35,4.6,346.0
金菇玉米滚豆腐,70.78,4.23,2.08,10.03,510.0
金骨飘香土豆干,213.95,13.43,14.5,7.42,466.0
金瓜米粉,230.39,8.03,1.43,46.58,510.0
金华玉树鸡,87.89,15.04,2.7,0.69,355.0
金黄南瓜汤,10.26,0.23,0.03,2.42,302.0
金黄山药蒸饭,92.59,2.27,0.26,20.63,135.0
金鸡丝煲,101.23,13.29,1.5,9.03,489.0
金桔粉蒸肉,97.21,8.16,0.84,14.59,358.0
金橘桂圆茶,31.72,0.57,0.1,7.24,227.0
香甜金橘桂圆茶,22.02,0.4,0.07,5.02,327.0
金橘枇杷雪梨汤,26.09,0.38,0.06,6.37,345.0
枇杷雪梨汤,26.09,0.38,0.06,6.37,345.0
金颗玉绿,39.18,2.07,1.3,5.23,365.0
金陵烤鸭,153.39,9.59,11.47,3.44,369.0
金陵盐水鸭,161.96,9.98,12.64,2.56,397.0
金龙戏玉珠,137.38,12.67,6.94,6.31,626.0
金轮鱼蔬菜小米粥,93.27,7.0,0.52,15.78,297.0
金牌红烧肉,300.89,13.6,26.75,1.07,338.0
金牌蒜香排骨,258.28,16.67,18.74,5.17,338.0
金袍鲜贝,83.17,11.33,2.1,4.54,410.0
金平牛蒡,76.79,1.38,1.96,14.62,56.0
金钱豆腐,122.36,8.49,8.73,3.04,483.0
金钱菇扒生菜,141.81,6.62,11.21,3.55,421.0
金钱牛排,110.2,16.28,3.16,4.21,441.0
金钱土豆夹,137.41,5.31,4.59,18.88,401.0
金钱虾饼,118.18,6.86,0.64,22.29,297.0
金钱鱼饼,73.81,12.33,1.17,4.18,294.0
金枪鱼拌芋头,68.07,4.14,0.83,11.41,357.0
金枪鱼扁豆沙拉,48.7,4.34,1.11,7.1,115.0
金枪鱼刺身,76.97,14.85,1.02,2.56,165.0
鲜金枪鱼刺身,76.97,14.85,1.02,2.56,165.0
金枪鱼豆泥,98.49,6.69,3.15,11.37,331.0
金枪鱼鸡蛋杯,86.48,9.2,4.09,4.22,281.0
金枪鱼萝卜炖菜,37.1,4.14,0.52,4.89,221.0
金枪鱼排,125.0,12.17,5.35,7.15,40.0
金枪鱼意大利汤面,87.79,4.97,1.2,15.01,262.0
金枪鱼玉米散寿司,130.19,6.72,1.78,23.15,159.0
金色红薯球,113.43,1.53,1.66,24.2,134.0
金沙南瓜,73.48,3.1,4.76,4.96,362.0
金沙虾球,204.37,17.41,3.81,25.12,252.0
金沙鱼片,128.64,14.85,6.57,2.49,398.0
金砂虾（炒咸蛋虾）,123.17,15.79,5.76,2.13,341.0
金莎鲜菇,85.33,4.27,3.12,11.07,518.0
金丝牛肉球,200.0,24.97,8.48,7.43,341.0
金丝小窝头,175.18,9.21,3.4,27.95,141.0
金蒜拌地瓜叶,36.53,2.92,0.63,6.01,375.0
金蒜生炒排骨,252.49,15.0,16.04,9.77,402.0
金穗冬瓜扣羊肉,98.1,4.49,1.91,15.94,527.0
金汤海参烩鱼肚,113.94,15.98,3.38,4.98,287.0
海参烩鱼肚,113.94,15.98,3.38,4.98,287.0
金条白花虾,115.44,5.53,2.51,18.21,285.0
金团,59.38,0.66,0.27,14.8,352.0
金屋藏娇,64.93,1.36,0.15,15.19,402.0
金珧赛螃蟹,119.34,13.72,5.53,3.66,274.0
金衣百合,164.96,7.76,4.9,22.84,254.0
金银蛋烩菠菜,66.79,5.07,3.27,4.85,536.0
金银蛋上汤豆苗,42.86,4.7,1.78,2.96,714.0
金银豆腐,85.68,5.68,5.38,4.16,384.0
金银卷,184.44,8.33,3.14,31.59,135.0
金银粒粒香,477.91,19.91,34.62,23.9,326.0
金银蒜蒸丝瓜,48.93,1.81,1.48,7.88,233.0
金玉芙蓉虾,112.61,12.1,3.23,9.05,793.0
金玉羹,66.12,1.64,0.23,14.81,307.0
金玉满盆,66.1,4.96,2.72,5.8,528.0
金玉满堂-玉米青豆合炒虾仁,143.74,11.64,0.94,22.98,455.0
金盏菠萝虾,192.68,13.15,4.59,25.36,396.0
金盏虾仁,107.76,11.25,1.16,13.62,361.0
金针拌海蛰,46.83,3.06,1.17,6.64,252.0
金针扁豆丝,36.36,2.3,0.74,6.93,407.0
金针菜炒牛肚,92.86,13.5,1.4,7.0,210.0
金针菜烧肉,250.99,15.45,13.92,17.68,455.0
金针炒肉丝,250.99,15.45,13.92,17.68,455.0
金针炒蒜苗,32.31,1.96,0.94,4.96,455.0
金针豆腐瘦肉煲,134.56,5.59,9.11,8.33,434.0
金针豆角丝,45.79,2.44,0.88,8.12,321.0
金针肥牛,95.33,13.76,2.11,5.79,428.0
金针粉丝肥牛,118.46,14.38,2.3,10.39,482.0
金针干贝蒸鸡球,109.02,12.08,3.74,6.73,410.0
金针菇蒸鸡球,124.89,14.76,4.8,5.48,233.0
金针菇拌莴笋丝,23.18,1.34,0.61,3.59,233.0
凉拌金针菇莴笋丝,34.19,1.74,1.38,4.35,155.0
金针菇拌青笋丝,34.19,1.74,1.38,4.35,155.0
金针菇菠萝什锦饭,79.61,3.58,2.1,12.15,466.0
金针菇炒牛肉,92.8,14.31,2.56,2.71,236.0
金针菇炒肉,144.56,6.78,10.15,9.22,193.0
金针菇蛋汤,72.3,6.53,3.28,4.94,213.0
金针菇豆腐海鲜汤,49.15,5.36,1.56,4.35,118.0
金针菇豆腐汤,34.42,2.24,1.48,3.11,276.0
金针菇海带虾仁汤,27.0,2.46,0.55,3.17,526.0
金针菇鸡丝汤,27.43,3.16,0.72,2.4,474.0
金针菇面,77.08,5.05,0.95,12.59,301.0
金针菇牛肉卷,78.12,9.27,1.93,6.64,128.0
金针菇日本豆腐,77.29,5.08,4.15,5.89,339.0
金针菇蔬菜汤,32.58,1.79,1.15,4.57,267.0
金针菇煨玉子豆腐,174.09,8.77,13.05,6.06,274.0
金针菇玉子豆腐,50.71,3.18,1.52,7.16,424.0
金针花炒肉丝,218.96,15.16,9.09,20.86,364.0
金针花肉条,218.0,14.76,8.92,21.43,300.0
金针木耳鸡汤,72.83,5.69,1.48,11.09,357.0
金针木耳瘦内汤,100.0,5.2,6.1,7.62,307.0
金针木须肉,158.88,10.16,10.15,7.75,197.0
金针牛肉卷,95.81,13.81,2.85,3.84,167.0
金针排骨汤,145.41,9.98,10.87,1.9,566.0
金针烧排骨,175.32,12.03,13.0,2.56,316.0
金针笋豆腐鱼片汤,77.75,6.75,3.15,6.43,391.0
金针银芽干贝酥,61.13,3.31,2.05,7.78,337.0
金枝玉叶,75.0,3.92,2.85,9.4,396.0
金珠疙瘩汤,84.99,6.08,1.24,13.09,433.0
锦鸡扣松茸,120.49,15.73,2.82,10.34,366.0
锦蔬上素,31.38,1.86,0.74,5.54,392.0
锦绣翠玉捲,62.14,3.92,2.53,6.88,449.0
锦绣大虾,91.41,11.94,1.35,9.46,361.0
锦绣梅菜扣肉蒸,311.11,13.62,24.02,11.28,261.0
锦绣土豆丁,73.6,2.75,0.89,15.52,394.0
锦绣虾球,126.03,10.87,6.58,6.43,365.0
京葱海参焖羊肉,110.9,14.59,2.91,6.55,312.0
京葱煮鸡翅,176.9,15.49,9.63,6.73,381.0
特色京酱肉丝,213.0,24.18,10.15,6.93,323.0
正宗京酱肉丝,213.0,24.18,10.15,6.93,323.0
京味木须嫩鸡柳,109.73,16.34,2.48,7.02,524.0
京味烧羊腿,101.25,12.46,2.99,6.68,480.0
经典小菜“心太软”,325.93,6.06,0.78,75.07,54.0
晶莹水晶虾饺,269.47,15.17,8.48,33.0,262.0
精武辣鸭脖,188.58,11.42,14.75,2.68,429.0
镜箱豆腐,97.1,6.71,6.13,3.73,655.0
九味贵妃鸡,136.8,15.69,5.66,5.51,375.0
九味金钱鲜贝,74.35,8.63,1.39,6.51,347.0
九味牛百叶,72.97,9.86,2.14,3.81,407.0
九味烹茄子,45.27,1.32,1.18,7.72,444.0
韭菜薄饼,186.55,10.73,6.13,23.0,119.0
韭菜炒鹌鹑蛋,96.48,7.19,6.2,3.75,256.0
韭菜炒蛋,93.75,8.09,5.68,3.29,224.0
韭菜炒豆干丝,124.68,8.86,6.79,8.06,389.0
韭菜炒豆芽,45.78,2.26,1.01,7.71,249.0
韭菜豆芽,28.62,2.12,1.01,3.81,276.0
韭菜炒干丝,127.49,8.88,7.38,7.12,291.0
韭菜炒河虾,76.24,12.29,2.28,1.65,425.0
韭菜炒核桃仁,103.01,3.73,7.74,6.5,266.0
鸡蛋清炒韭菜,87.56,7.53,5.27,3.3,209.0
韭菜炒鸡蛋胡萝卜,77.65,6.29,4.36,4.33,255.0
韭菜素炒鸡蛋豆芽,63.67,4.93,3.19,4.89,267.0
韭菜素炒鸡蛋,81.0,6.79,4.61,3.99,279.0
韭菜炒墨鱼,64.52,10.89,0.71,3.94,310.0
家常韭菜炒墨鱼,77.41,12.44,0.98,4.95,518.0
韭菜炒木耳,188.24,8.57,1.92,43.91,238.0
韭菜炒牛肉,80.81,11.86,1.95,4.28,396.0
韭菜炒鳝丝,73.38,12.55,1.71,2.45,308.0
韭菜炒鲜虾,77.47,12.31,1.14,5.06,395.0
韭菜炒蚬肉,43.72,4.94,0.95,4.14,462.0
韭菜炒羊肝,89.1,9.58,2.53,7.21,321.0
韭菜炒银鱼,81.24,11.86,3.12,1.55,469.0
韭菜炒猪血,50.76,6.5,0.8,5.19,459.0
韭菜豆渣饼,128.57,8.15,5.12,13.44,259.0
韭菜盒子,239.42,10.28,5.34,38.88,449.0
韭菜花炒虾仁,166.91,13.35,1.96,23.85,139.0
韭菜花炒银鱼,101.9,14.93,4.41,0.69,211.0
韭菜辣炒五香干,171.35,12.81,8.04,13.05,370.0
韭菜墨鱼仔,74.34,11.04,1.21,4.75,417.0
韭菜牛肉蒸饺,217.05,13.63,6.47,26.67,610.0
韭菜笋丝,29.87,2.42,0.68,4.96,462.0
韭菜虾米炒蚕豆,99.35,9.81,1.28,13.28,306.0
韭菜鲜肉馄饨馅,181.46,8.73,15.37,2.81,205.0
韭菜猪红汤,109.62,10.04,6.19,3.89,291.0
韭黄炒蛏子,38.51,4.05,0.7,4.51,444.0
韭黄炒豆腐,78.71,5.63,3.98,5.55,404.0
韭黄炒牡蛎,63.18,4.05,1.76,7.79,497.0
韭黄炒牛肉丝,85.14,12.73,1.84,4.45,276.0
韭黄炒鳝鱼,79.16,13.39,1.43,3.4,451.0
韭黄冬瓜虾仁羹,31.04,2.44,1.31,2.54,596.0
韭黄豆干,84.57,5.94,3.69,6.99,350.0
韭黄鸡汤汆墨鱼丸,73.63,11.29,1.28,4.33,364.0
鸡汤汆墨鱼丸,73.63,11.29,1.28,4.33,364.0
韭黄牛肉盖饭,84.34,5.04,1.39,12.71,364.0
韭黄牛肉丝,108.41,15.05,3.15,4.78,416.0
韭黄皮蛋冬瓜羹,51.91,2.62,3.6,2.46,470.0
韭黄肉丝,107.01,5.83,6.87,5.87,271.0
韭黄素春卷,107.44,6.02,3.24,14.35,484.0
韭黄羊肚丝,75.54,7.6,2.78,5.01,368.0
韭香碧绿小馅饼,216.75,10.0,6.88,29.27,209.0
韭香豆干,199.74,9.96,16.21,3.98,385.0
韭香豆干腊肉,192.95,10.11,14.03,7.43,312.0
韭香墨鱼丝,58.73,8.86,1.0,3.8,584.0
韭芽笋丝炒蛋,68.11,5.11,3.43,4.74,185.0
酒梨鲷鱼,120.46,12.3,3.52,10.01,391.0
酒酿芙蓉虾,91.99,16.75,0.92,2.82,362.0
酒酿烩明虾,90.46,10.09,2.06,6.97,346.0
酒酿鸡蛋莲子羹,37.23,2.67,1.56,2.36,282.0
酒酿椒汁烧鱼卷,89.4,10.17,2.97,6.1,434.0
酒酿马蹄,73.31,1.53,0.2,16.94,502.0
酒酿蒸火腿,237.63,12.0,19.61,3.45,287.0
酒酿蒸鲥鱼,167.97,17.33,9.16,3.81,434.0
酒香红烧肉,322.07,10.92,22.68,9.26,145.0
酒香金钟鸡,198.31,17.58,12.18,3.51,415.0
酒香凉冬瓜,20.51,0.39,0.86,2.45,351.0
酒蒸虾,89.32,16.95,0.73,2.88,337.0
酒炙鲈鱼片,116.15,15.69,3.19,1.76,551.0
酒醉鸡翼,198.53,16.91,10.13,5.06,341.0
桔梗黄豆煲猪手,243.7,20.7,16.55,3.26,238.0
菊花茶,12.82,0.87,0.04,2.5,312.0
菊花豆腐汤,90.31,8.0,4.93,4.25,423.0
菊花芙蓉鸡,90.68,16.67,1.81,2.0,558.0
菊花枸杞瘦肉粥,133.15,4.4,4.83,18.54,178.0
菊花鸡肫,152.78,15.11,6.22,6.89,72.0
菊花里脊,115.27,18.57,2.76,4.04,347.0
菊花小萝卜,38.35,1.48,1.09,6.09,339.0
焗烤黄油七里香,220.21,21.3,13.88,2.51,94.0
焗烤咖哩牛肉,86.19,9.61,2.0,7.62,507.0
焗烤南瓜,59.36,2.91,2.6,6.44,502.0
焗烤生蚝,112.04,9.68,7.01,2.61,407.0
焗烤蔬菜饭,111.42,3.9,2.44,18.97,324.0
焗烤双色甜薯,111.85,3.7,3.62,16.96,481.0
焗烤西葫芦卷,73.03,3.55,4.9,3.96,456.0
橘瓣鱼丸,97.98,12.85,4.6,1.51,595.0
橘饼茶,23.12,0.04,0.03,5.81,320.0
橘皮枣茶,9.18,0.11,0.03,2.22,316.0
橘味海带丝,24.53,1.71,0.47,3.72,322.0
橘香海带丝,24.53,1.71,0.47,3.72,322.0
橘香绿豆粥,29.67,1.12,0.14,6.11,273.0
橘枣茶,17.19,0.2,0.03,4.24,320.0
橘子凉拌蔬菜,39.83,2.51,0.67,7.05,236.0
橘子沙拉,50.19,0.73,1.7,8.26,265.0
橘子上海青稀粥,40.92,1.08,0.16,9.04,325.0
橘子青菜粥,40.92,1.08,0.16,9.04,325.0
橘子稀粥,45.17,1.02,0.13,10.12,290.0
冰糖橘子汁,8.81,0.14,0.03,2.03,352.0
橘子汁,13.21,0.29,0.06,2.94,280.0
香甜橘子汁,46.0,1.0,0.2,10.3,150.0
卷心菜蒸蛋豆腐,114.81,6.54,8.52,3.73,162.0
滋补什菌煲,65.06,4.95,0.52,11.98,166.0
菌菇菠菜,62.39,3.29,1.26,12.13,234.0
菌菇豆腐汤,60.77,4.78,2.34,6.08,390.0
菌菇鸽子汤,83.49,6.83,5.47,1.83,527.0
菌菇锅塌豆腐,81.35,5.14,4.62,5.54,547.0
菌菇烩海参,68.2,6.68,1.65,8.09,478.0
什菌烩海参,68.2,6.68,1.65,8.09,478.0
菌菇面筋煲,185.76,9.99,8.46,18.65,344.0
菌菇什锦,68.8,4.41,1.79,10.54,234.0
菌菇西蓝花,63.68,3.83,1.48,12.07,223.0
菌香寸骨,185.95,12.11,9.6,13.75,363.0
咖哩豆腐饼,110.49,4.94,7.06,7.06,286.0
咖哩炖牛肉,109.65,12.33,4.77,4.44,549.0
咖哩饭,139.04,5.04,7.61,12.85,648.0
咖哩海鲜炒饭,104.68,6.6,1.76,15.88,449.0
咖哩鸡排,117.15,12.97,2.23,11.79,344.0
咖哩酱茄子,91.9,3.99,6.34,5.13,506.0
咖喱炖鲑鱼,116.84,11.61,5.62,5.16,564.0
咖喱饭,113.92,7.12,2.79,15.54,625.0
咖喱盖饭,78.78,3.54,1.09,13.99,377.0
咖喱海鲜饭,119.22,6.58,1.33,20.53,359.0
咖喱海鲜焗饭,113.31,6.71,3.67,13.76,526.0
咖喱花菜,33.94,1.83,1.32,5.04,218.0
咖喱鸡,97.02,9.07,3.59,7.22,503.0
咖喱鸡胸,99.01,11.92,2.48,7.79,304.0
洋葱咖喱鸡,95.37,11.26,2.34,7.86,324.0
咖喱鸡腿,96.86,9.54,4.06,5.45,350.0
咖喱鸡片,103.41,9.35,3.77,8.25,498.0
咖喱金天妇罗,95.02,13.31,2.26,5.61,201.0
咖喱烤虾,88.26,16.2,0.87,3.65,213.0
咖喱可乐饼,118.51,4.21,5.76,12.87,308.0
咖喱马鲛鱼,78.51,11.25,2.12,3.71,484.0
咖喱南瓜鸡,84.0,8.04,3.52,5.23,550.0
咖喱南瓜鸡丝汤,43.2,6.43,0.61,3.27,412.0
咖喱南瓜牛腩饭,72.26,8.12,1.06,7.61,584.0
咖喱牛肉,95.5,14.56,2.48,4.04,378.0
咖喱秋葵,33.73,1.41,1.5,5.11,335.0
咖喱蔬菜鱼丸煲,52.83,1.88,0.87,10.02,494.0
咖喱土豆炖排骨,148.24,8.99,9.64,6.54,454.0
咖喱土豆沙拉,79.9,2.63,0.58,16.71,199.0
咖喱香鸡,90.06,8.03,3.27,7.19,503.0
咖喱羊排,109.05,12.12,4.71,4.77,486.0
咖喱鱼头皇,86.62,7.96,2.21,8.67,680.0
咖喱珍珠丸,296.73,12.5,23.44,9.08,398.0
咖喱煮鸡块,95.59,11.43,2.31,7.63,476.0
卡通饭团,101.34,8.68,0.83,16.26,595.0
卡通米糕,358.44,9.43,4.09,73.0,77.0
卡通意大利面蔬菜汤,125.94,3.91,6.14,14.01,401.0
开门红,86.97,10.67,2.11,6.14,376.0
酸鲜西红柿排骨汤,96.74,6.68,7.19,1.43,429.0
开水南瓜,22.16,0.54,0.09,5.03,334.0
开胃菜丝沙拉,64.47,5.59,2.65,5.6,228.0
开胃仔姜肉丝,100.93,9.55,5.26,3.65,215.0
开胃蚵仔煎,62.23,7.45,2.33,3.28,413.0
开胃南瓜煮,12.1,0.34,0.05,2.84,372.0
开胃沙拉,31.39,1.66,0.81,5.18,360.0
开胃沙拉塔,29.64,1.32,0.79,5.35,388.0
开胃鱼头,89.82,11.19,2.54,5.05,226.0
开心果腰豆蜜柚杂蔬沙拉,156.02,5.8,10.47,11.23,191.0
开阳白菜,33.61,3.25,1.19,2.74,485.0
开阳地瓜叶,42.81,4.31,0.7,5.5,334.0
开阳豆腐脑,142.22,10.25,9.19,4.25,270.0
开阳绿花椰,40.98,4.38,0.75,4.99,471.0
开阳绿芦笋,40.15,4.52,1.02,3.84,396.0
开阳芹菜,57.23,4.84,1.97,4.89,318.0
开洋白菜,39.55,4.38,0.96,3.93,445.0
开洋炒丝瓜,44.95,4.55,1.42,4.14,287.0
开洋家常汤,54.52,6.48,2.37,1.86,398.0
开洋土豆条汤,49.42,3.26,0.45,8.36,433.0
烤白肉鱼,83.0,14.24,2.34,1.44,406.0
香烤平鱼,176.81,15.03,9.11,6.63,345.0
烤饭团,162.31,10.95,2.42,24.31,130.0
烤麸,56.25,6.53,1.08,5.7,240.0
烤鸡肉串,89.34,14.74,1.78,3.5,347.0
烤鸡肉丸,119.35,7.06,3.32,16.61,155.0
烤鸡心串,191.89,14.97,12.83,4.86,111.0
特色烤韭菜,52.11,2.99,2.4,6.5,213.0
烤橘子,46.0,1.0,0.2,10.3,150.0
烤肋排,237.87,12.76,19.46,2.5,338.0
烤明虾,85.67,12.03,1.96,4.46,293.0
烤牡蛎串,77.93,4.41,2.58,9.48,512.0
烤牛肉丸,191.28,11.21,9.79,15.61,298.0
烤盘牛肉,120.32,18.1,2.68,6.17,379.0
烤平鱼,150.33,14.61,6.81,7.27,300.0
烤茄子捲,28.24,1.59,0.71,4.68,471.0
烤秋刀鱼,106.0,15.4,3.01,4.74,350.0
烤肉串套餐,236.53,15.68,18.24,1.84,219.0
烤肉冷拌面,129.39,6.98,1.15,23.44,279.0
烤肉片,287.85,12.7,25.57,1.82,362.0
烤蔬菜,82.41,9.21,3.55,4.06,199.0
烤吐司,188.24,6.52,5.71,28.35,221.0
烤丸子,280.77,11.51,18.87,17.0,104.0
烤鲜菇牛肉串,76.81,10.58,1.62,4.96,457.0
烤馅饼,97.56,5.91,1.92,14.91,164.0
烤香肠,259.65,11.95,20.23,7.63,57.0
烤汁菠萝煎猪排,206.25,12.59,14.17,7.28,304.0
烤芝麻鲑鱼,160.78,14.63,8.06,5.15,306.0
烤猪大排骨,203.42,16.38,12.99,5.19,351.0
烤竹荚鱼,149.66,16.62,8.21,2.44,147.0
竹荚鱼片,157.67,16.73,7.06,6.71,189.0
竹荚鱼,124.26,10.81,4.06,11.28,272.0
蚵仔春卷,97.19,7.42,1.58,13.53,356.0
蚵仔豆腐丼,89.69,5.57,2.7,11.22,291.0
蚵仔煎,99.16,5.67,3.62,11.03,239.0
蚵仔煎蛋,102.68,8.11,5.2,6.04,299.0
可口笋片,33.92,2.23,0.42,5.58,451.0
可乐烧鸡翅,121.94,9.51,5.65,8.37,155.0
可乐烧蹄膀,141.45,8.84,8.18,8.01,509.0
可乐猪脚,148.03,11.75,9.67,3.43,585.0
客家炒鸡块,144.15,18.25,7.13,1.85,342.0
客家葱捞肚片,156.88,13.56,9.02,5.69,218.0
客家酿苦瓜,84.56,4.89,3.98,7.86,447.0
客家三杯鸡,140.82,18.39,6.51,2.03,392.0
空心菜炒鸡蛋,80.94,6.68,4.54,4.34,278.0
空心菜炒姜黄猪肉条,127.1,6.11,10.77,2.67,321.0
空心菜炒文蛤,41.1,5.26,0.82,3.97,545.0
空心菜蛋黄粥,96.82,3.75,4.02,12.08,220.0
空心菜鸡蛋汤,24.76,2.17,1.34,1.49,416.0
孔雀开屏（清蒸鲩鱼）,109.23,13.85,5.34,0.79,195.0
口袋饼,135.47,6.19,3.84,19.86,203.0
口袋豆腐,71.95,5.26,4.26,3.54,517.0
口袋茄子,129.62,7.19,9.23,4.83,503.0
口蘑炒油菜,147.99,18.76,2.4,17.19,323.0
白蘑炒油菜,130.26,16.12,2.32,15.37,304.0
口蘑汆豆腐,133.82,14.72,4.29,11.62,340.0
口蘑冬瓜球,93.97,9.14,3.04,9.28,514.0
口蘑豆腐汤,55.07,6.1,1.79,4.76,454.0
口蘑豆芽汤,51.97,6.26,0.99,5.79,356.0
口蘑绿豆粥,121.18,13.12,1.07,17.48,170.0
口蘑奶油汤,80.12,5.97,4.41,5.47,332.0
口蘑肉片,288.59,27.87,13.72,18.24,263.0
口蘑烧冬瓜,95.39,9.55,3.18,9.28,477.0
口蘑烧香芋,140.92,16.43,2.3,16.89,325.0
口蘑蒸鸡,157.04,21.05,5.81,5.71,433.0
口蘑子面筋,188.0,25.62,1.91,19.46,300.0
特色口水鸡,194.12,18.12,12.28,3.21,136.0
秘制口水鸡,189.35,17.18,11.5,4.66,169.0
口麻辣水鸡,189.35,17.18,11.5,4.66,169.0
口味鸡,126.63,16.11,5.89,2.63,323.0
苦瓜炒荸荠,48.79,1.21,0.15,11.27,289.0
苦瓜炒蛋,64.17,4.87,3.36,4.05,374.0
苦瓜炒肥肠,127.01,4.43,10.94,2.6,448.0
苦瓜炒鸡蛋,75.51,5.99,4.26,3.71,294.0
苦瓜炒木耳,134.99,5.79,1.23,31.68,363.0
苦瓜炒肉片,84.68,3.62,6.11,4.1,333.0
苦瓜炒三菇,35.67,1.8,0.48,6.88,314.0
苦瓜粉丝汤,23.91,0.24,0.3,5.18,389.0
苦瓜滚肉片,106.11,4.18,7.53,5.17,229.0
苦瓜花甲汤,57.26,6.66,1.58,4.35,248.0
苦瓜鸡片,79.8,13.24,1.0,4.34,510.0
凉瓜拌酿肉,170.5,7.8,12.12,6.63,139.0
苦瓜牛柳,80.25,8.32,1.62,7.73,314.0
苦瓜牛肉盖浇饭,100.53,5.45,0.75,18.49,190.0
苦瓜荞麦饭,103.04,2.56,0.57,23.04,230.0
凉瓜荞麦饭,103.04,2.56,0.57,23.04,230.0
苦瓜西红柿炒蛋,67.32,4.92,3.55,4.38,306.0
苦瓜虾皮汤,23.0,1.88,1.31,1.0,413.0
苦瓜咸蛋,68.34,4.44,3.79,4.19,379.0
苦瓜镶鸡肉丸,77.5,12.26,2.01,2.78,320.0
侉炖黄鱼,109.6,15.53,2.98,6.09,354.0
炖黄鱼,116.8,15.71,3.62,5.06,518.0
鲜虾仁韭菜炒蛋,130.9,12.56,3.92,11.84,343.0
快手米兰猪排,269.42,14.25,19.91,8.54,291.0
葵花虾饼,257.98,13.29,4.23,41.68,257.0
拉糟排骨,189.82,12.36,13.76,3.94,560.0
腊八豆炒荷包蛋,162.34,11.82,10.04,6.91,77.0
腊八豆蒸腊鱼,135.47,16.0,6.46,4.19,203.0
腊排骨炖湖藕,164.61,10.19,11.22,6.33,486.0
腊肉炒白花椰,107.12,3.22,7.73,6.87,337.0
腊肉炒茭白笋,141.07,3.58,11.93,5.32,431.0
腊肉炒芥蓝,95.14,4.27,7.39,4.42,370.0
腊肉炒银针,165.99,4.74,14.9,3.29,494.0
腊肉脆瓜,264.71,7.25,21.09,13.34,357.0
腊肉脆笋丝,189.3,6.84,13.98,9.46,299.0
腊肉高丽菜,241.24,6.03,21.49,5.61,354.0
腊肉荷兰豆,129.75,4.24,9.7,6.76,279.0
腊肉烩豆腐,273.29,8.42,24.12,6.14,337.0
腊肉萝卜汤,54.55,2.05,3.87,2.65,352.0
腊肉糯米饭,324.12,8.47,25.72,14.91,199.0
腊肉青菜汤,137.73,3.83,12.75,2.08,432.0
腊肉竹荪,283.11,7.78,23.53,12.12,219.0
腊味“脆”双蒸,349.52,11.97,29.84,8.4,311.0
腊味白菜卷,83.61,5.45,4.89,4.91,366.0
腊味炒百合,231.15,6.6,10.17,28.78,260.0
腊味合蒸,408.89,10.68,38.37,5.88,135.0
清香腊味合蒸,397.4,10.62,34.7,12.84,77.0
腊味芥兰,228.81,6.72,21.02,4.24,361.0
腊味马铃薯饼,136.8,4.07,4.61,20.17,269.0
腊味烧莴笋,140.38,4.68,11.57,4.49,317.0
腊味什锦玉米,273.19,11.89,17.55,18.03,455.0
腊味生蚝煲,157.44,11.41,8.18,10.17,477.0
辣拌芥蓝菜,35.16,3.1,0.59,6.08,347.0
辣拌鲜笋丝,27.66,1.97,0.27,5.06,394.0
辣炒脆黄瓜,25.54,0.89,0.57,4.34,278.0
香辣炒花蛤蜊,65.87,8.62,1.75,4.16,378.0
香辣炒河虾,93.73,14.84,3.37,0.83,335.0
辣炒黄豆芽,55.56,4.73,2.23,5.1,315.0
辣炒毛蚶,67.46,8.05,1.33,5.54,464.0
辣炒四季豆末,105.12,5.96,5.79,9.6,293.0
辣炒苋菜梗,44.41,2.98,0.99,6.75,331.0
辣炒羊肉片,100.0,10.51,4.38,4.63,409.0
辣炒鱿鱼圈,78.97,13.73,1.81,1.41,390.0
辣豆瓣炒豆干,229.32,13.0,16.58,7.44,266.0
辣豆瓣炒高丽菜苗,34.82,2.87,0.37,5.57,359.0
辣豆瓣茭白笋,28.6,1.25,0.22,5.99,451.0
辣姜鸡,111.53,13.26,5.26,2.46,321.0
辣酱炒蛤蜊,61.36,8.86,1.27,3.39,352.0
辣酱炒鸡柳,93.52,15.58,2.19,3.03,324.0
辣酱肉末烧海带,64.57,3.27,4.6,2.6,381.0
辣酱虾球,128.85,11.0,1.16,19.37,409.0
辣酱小赤贝,56.0,7.29,1.03,4.82,450.0
辣酱蒸肉蟹,98.82,12.6,2.35,6.95,340.0
辣椒鸡块,109.7,13.43,4.65,3.01,237.0
辣椒烤香虾,85.26,16.3,0.39,4.24,346.0
辣椒牛肚,71.56,11.31,1.87,2.22,334.0
辣椒炝黄瓜,25.72,0.92,0.8,3.97,346.0
辣椒肉丝炒莴笋皮,237.87,10.52,21.08,1.99,301.0
辣椒蟹,93.33,12.44,2.53,5.3,450.0
辣椒油拌腐竹,435.21,38.65,21.17,22.76,71.0
辣椒芝麻酱炒黄牛肉,122.87,17.7,3.82,4.36,376.0
辣酒甜蔗煮美人蛏,58.6,5.9,1.33,5.42,401.0
辣酒煮肥牛,78.16,9.35,2.13,5.26,412.0
辣酒煮花螺,117.31,15.92,1.88,7.17,387.0
酒香煮花螺,117.31,15.92,1.88,7.17,387.0
辣烤鸡大腿,163.31,18.17,7.95,5.05,139.0
辣烤明太鱼,114.16,18.45,1.17,7.77,233.0
辣烤鲶鱼,116.19,16.72,4.35,2.62,315.0
辣辣鸡块,194.41,14.84,5.63,21.65,161.0
辣辣榨菜素小炒,90.3,3.75,1.65,18.52,165.0
辣萝卜蒸日本豆腐,51.38,2.37,3.34,3.56,471.0
辣莓葱烧鲈鱼,103.54,13.85,3.22,4.84,424.0
辣妹子带鱼,118.77,15.77,5.24,2.12,357.0
辣焖萝卜羊肉,102.89,9.2,3.86,8.39,242.0
辣焖羊肉,128.97,13.52,5.33,7.82,542.0
辣牛肉汤,128.13,17.91,3.08,8.49,487.0
辣炝白菜,40.39,1.9,1.03,6.91,458.0
辣沙司猪肉玉米饼,134.75,5.3,9.47,7.78,236.0
辣爽三脆,85.36,14.57,2.0,2.41,444.0
辣味炒面,184.8,7.43,4.56,28.85,342.0
辣味豆腐干,196.0,13.43,12.28,8.74,200.0
辣味过江鸡,147.19,13.49,6.96,8.63,356.0
辣味荷兰豆,69.48,3.7,4.1,5.03,249.0
辣味黄豆芽,49.49,3.23,1.64,6.13,196.0
辣味芥末木耳,220.28,9.29,2.56,50.69,143.0
辣味烤鱼,104.11,13.2,4.65,2.76,389.0
辣味毛豆烧鸡,134.53,16.62,5.86,4.53,417.0
辣味牛肉土豆汤,109.38,11.02,3.93,7.65,650.0
辣味四季豆,36.34,2.06,0.79,7.44,344.0
辣味虾,79.42,11.34,1.0,6.77,690.0
辣味虾皮,106.0,11.37,4.33,6.13,150.0
辣味虾与双花椰,135.39,7.26,8.87,7.65,356.0
辣味鲜鱼沙拉,71.54,9.36,2.44,3.21,246.0
辣味香茅鳕鱼,104.33,14.11,1.51,8.53,300.0
辣味蒸排骨,221.07,14.74,16.4,3.43,394.0
辣鸭脖子,189.61,10.96,13.03,7.52,77.0
辣鸭掌,148.01,24.91,1.77,6.91,327.0
辣油耳丝,161.08,16.16,9.88,2.18,370.0
辣油牛肚,77.33,13.01,2.38,1.25,344.0
辣蒸牛肉萝卜丝,152.11,15.46,7.25,6.12,213.0
辣汁卤排骨,226.53,15.12,16.98,3.47,377.0
辣子鸿运虾,86.23,15.74,0.93,3.6,363.0
辣子鸡翅,201.46,17.23,11.36,7.67,342.0
辣子酱爆肉,222.44,10.3,18.92,2.97,499.0
辣子肉片,242.95,11.19,20.54,3.77,319.0
辣子蒜香骨,256.22,16.43,18.43,6.37,402.0
辣子羊里脊,103.26,10.6,3.97,6.17,337.0
辣子羊腿,98.84,13.11,2.88,5.05,344.0
辣子鱼条,111.39,14.76,3.4,4.94,360.0
兰花八宝冬瓜,92.93,10.51,1.81,8.98,651.0
兰花扒鲍片,66.86,6.53,0.91,8.62,347.0
西兰花扒鲍片,66.86,6.53,0.91,8.62,347.0
兰花炒虾球,75.39,10.28,0.86,6.96,447.0
花椰菜炒虾球,80.19,5.55,1.51,11.39,207.0
西兰花炒虾球,140.39,12.06,1.11,20.63,307.0
兰花炒鱿鱼,66.78,8.07,2.23,4.62,295.0
兰花稻香肉,192.68,13.97,13.73,3.55,451.0
兰花豆干,252.94,10.75,18.7,11.24,153.0
兰椒炒牛肉,108.26,14.78,3.05,5.56,230.0
兰州红烧肉,312.28,13.49,27.79,2.15,399.0
蓝花炒蟹,77.91,9.19,2.03,6.02,516.0
蓝莓马斯卡彭蛋糕,253.9,10.78,17.56,13.92,282.0
蓝莓松饼,198.56,8.84,3.79,33.19,209.0
懒龙,189.25,12.86,2.83,29.25,93.0
鲜味疙瘩汤,100.36,4.92,3.2,13.21,274.0
烂米粥,80.0,1.82,0.21,17.82,130.0
崂山十珍会,221.33,6.92,14.65,17.14,361.0
老蚌怀珠,99.66,12.56,5.01,0.63,587.0
老北京豆酱,236.59,17.88,15.48,6.09,164.0
老北京特色豆酱,236.59,17.88,15.48,6.09,164.0
老北京糊塌子,144.29,7.82,4.0,19.88,219.0
老北京萝卜素丸子,148.51,6.83,4.76,20.45,402.0
糖醋花生米,467.53,19.88,34.55,21.42,77.0
老醋凉瓜,41.7,1.94,1.04,6.77,271.0
老醋卤三鲜,70.76,9.89,0.78,6.1,383.0
老醋蜇头,79.31,5.9,0.6,12.36,319.0
老醋蛰头,69.59,5.05,0.57,11.35,342.0
老干妈炒脆肚,114.89,13.25,4.71,5.04,329.0
老干妈炒花甲王,62.83,9.04,1.65,2.91,339.0
老干妈炒鸡翅,179.63,15.35,9.65,7.26,324.0
老干妈花甲王,62.83,9.04,1.65,2.91,339.0
老干妈鸡丁,90.96,16.75,1.95,1.63,376.0
老干妈煎肉,297.83,13.84,25.6,3.1,369.0
老干妈鲜带子,51.66,6.43,0.98,4.37,453.0
老干妈鱿鱼,81.25,14.55,2.09,1.29,304.0
老姜鸡汤,66.75,7.74,2.93,1.77,421.0
老姜雪耳肉片汤,140.13,5.98,11.57,3.06,299.0
老腊肉炒土豆,212.64,6.49,14.84,13.79,269.0
老卤凤眼肝,116.08,11.7,4.39,8.24,398.0
老南瓜饼,171.35,4.84,3.78,31.12,171.0
老鸭香芋汤,75.29,8.54,2.92,3.7,425.0
老鸭芋艿煲,176.66,10.82,13.14,3.91,497.0
老鸭猪肚煨汤,102.35,8.58,6.84,1.12,383.0
老叶烤鳕鱼,85.06,16.82,0.43,3.09,154.0
烙莲花白,27.22,1.09,0.47,6.11,327.0
冷拌蟹肉菠菜,43.0,5.47,1.19,2.93,307.0
冷爆腰花,70.47,11.4,1.31,2.86,298.0
梨丝佛手,36.05,1.09,0.21,8.36,233.0
梨汁,51.0,0.3,0.1,13.1,150.0
梨粥,69.05,1.24,0.17,16.02,210.0
蜊肉烩丝瓜,34.85,3.05,1.02,3.83,462.0
李连贵熏肉,261.43,10.9,21.89,4.91,293.0
鲤鱼干面筋挂面,83.88,7.6,0.46,12.48,335.0
鲤鱼干乳酪饭团,170.54,12.91,3.01,23.64,112.0
鲤鱼年糕,90.68,2.37,2.65,14.67,322.0
鲤鱼油菜粥,99.43,6.76,3.89,9.77,348.0
荔浦芋头的花样年华,65.39,1.9,1.52,10.91,419.0
荔枝鸡翅,195.01,16.95,10.77,6.2,341.0
荔枝饮,34.56,0.38,0.07,8.33,327.0
荔枝粥,63.36,1.19,0.12,14.44,232.0
栗香南瓜芡实羹,38.46,1.15,0.97,6.55,559.0
栗子扒白菜,57.64,2.72,1.41,8.93,432.0
栗子红烧肉,288.86,12.06,22.86,9.09,341.0
栗子红薯排骨汤,128.0,6.3,6.21,12.19,675.0
栗子鸡球汤,96.04,9.2,3.04,7.95,379.0
栗子牛肉,137.18,14.36,2.32,14.5,503.0
栗子烧白菜,94.92,2.74,0.91,19.85,413.0
栗子土豆焖排骨,202.7,11.64,12.05,12.22,445.0
栗子羊肉汤,71.08,7.16,2.44,4.81,415.0
栗子蒸酥肉,258.7,11.79,19.77,8.69,339.0
栗子粥,120.27,2.83,0.42,26.73,222.0
栗子白米粥,71.63,1.79,0.25,15.9,215.0
栗子猪肉,259.36,10.46,17.84,14.22,342.0
粒粒精彩,172.59,9.18,13.18,4.95,332.0
粒粒香松,212.02,7.9,16.05,10.44,183.0
粒粒杂粮烩豆腐,76.59,4.66,4.82,4.09,504.0
连理双味鱼,108.88,15.51,4.63,1.1,518.0
连汤肉片,165.46,3.66,3.67,29.64,249.0
莲莲似蜜,86.43,2.1,0.85,18.79,361.0
莲米苡仁排骨,253.79,16.49,18.14,6.01,290.0
莲藕炒鸡丁,108.87,14.65,1.94,9.76,282.0
莲藕炒鸡片,97.67,15.03,1.6,5.91,257.0
爆炒莲藕肉片,160.15,6.46,12.95,5.26,133.0
莲藕冬瓜猪骨汤,110.39,6.94,6.61,6.19,741.0
莲藕炖牛腩,61.95,8.16,1.02,5.75,573.0
莲藕炖小排,175.56,9.0,13.16,5.38,405.0
莲藕烧小排,175.56,9.0,13.16,5.38,405.0
莲藕煲小排,175.56,9.0,13.16,5.38,405.0
莲藕花菇猪骨汤,84.71,4.92,5.07,5.31,700.0
莲藕黄豆排骨汤,113.34,8.07,7.73,3.34,592.0
莲藕焗鸭煲,137.82,7.67,9.46,5.53,468.0
莲藕烙,53.81,1.05,1.15,10.68,420.0
莲藕栗子汤,44.81,0.9,0.15,10.53,462.0
莲藕萝卜炖鸭肉,77.11,5.86,1.82,9.41,249.0
滋补莲藕排骨汤,89.75,5.94,6.26,2.49,527.0
莲藕苹果排骨汤,67.2,3.93,4.17,3.77,497.0
莲藕肉丝,173.39,7.09,13.07,6.95,248.0
莲藕山楂排骨汤,116.13,7.6,8.28,2.72,496.0
莲藕烧鸡,94.17,9.98,3.75,6.39,549.0
莲藕瘦肉汤,52.4,2.15,3.68,2.88,416.0
莲藕鸭汤,96.5,5.63,7.37,2.15,657.0
莲藕圆子,119.16,5.46,5.19,13.73,454.0
莲藕云耳炒牛柳,90.18,10.71,1.62,9.51,560.0
莲枣肉方,230.87,11.32,18.35,5.61,230.0
莲枣薏仁粥,84.62,2.3,0.53,17.98,143.0
莲子百合煲瘦肉,73.33,3.03,5.32,3.4,285.0
莲子百合木瓜盅,46.33,1.01,0.18,10.68,300.0
莲子百合瘦肉汤,48.47,4.07,1.32,5.3,262.0
莲子大枣芡实煲香芋,42.86,0.88,0.45,9.15,644.0
莲子桂圆甜汤,43.43,0.65,0.08,10.31,297.0
莲子核桃桂圆粥,128.0,2.97,5.54,17.38,175.0
莲子花生豆浆,45.26,2.97,2.01,4.28,232.0
花生莲子豆浆,45.26,2.97,2.01,4.28,232.0
莲子绿豆糖水,35.19,1.88,0.1,6.88,287.0
莲子葡萄干粥,91.11,2.0,0.23,20.53,180.0
莲子芡实荷叶粥,73.47,1.95,0.19,16.0,147.0
莲子芡实核桃煲瘦肉,351.96,10.17,26.32,20.56,102.0
莲子瘦肉汤,54.83,2.5,4.72,0.65,321.0
莲子蹄筋,163.93,29.49,2.03,6.84,244.0
莲子猪心汤,46.01,4.11,1.23,4.62,363.0
鲢鱼头炖豆腐,95.76,12.02,4.36,2.18,519.0
鲢鱼头烧豆腐,95.76,12.02,4.36,2.18,519.0
凉拌白菜心,72.0,3.96,3.61,6.54,225.0
凉拌白干,141.22,9.62,7.47,9.84,245.0
凉拌大头菜,31.27,1.55,0.57,5.51,275.0
凉拌蛋皮丝,109.91,7.87,5.91,6.84,232.0
凉拌豆腐干,188.64,13.67,11.06,9.18,132.0
凉拌佛手瓜,33.75,2.2,0.62,5.48,240.0
凉拌高丽菜,32.13,1.26,0.2,7.04,526.0
凉拌蛤蜊肉,67.02,6.75,0.96,9.21,573.0
凉拌海带丝,87.61,8.61,3.89,4.93,339.0
生拌胡萝卜丝,40.36,1.08,1.11,7.8,332.0
凉拌黄豆菜心,58.58,4.31,2.52,6.28,239.0
凉拌鸡蛋丝豆花芹菜叶,153.08,6.36,2.68,26.48,373.0
凉拌鸡肝,117.28,13.68,4.93,4.84,191.0
凉拌鸡丝,100.0,16.44,1.95,4.78,315.0
凉拌豇豆,40.37,2.54,0.66,8.07,270.0
凉拌筊白笋,34.11,1.26,0.67,6.84,214.0
凉拌芥蓝,54.92,2.98,2.41,6.9,193.0
鲜拌芥蓝,54.92,2.98,2.41,6.9,193.0
凉拌金针脆黄瓜,29.13,1.64,0.6,4.98,333.0
蒜蓉凉拌苦瓜,33.33,1.12,0.58,6.78,273.0
凉拌老虎菜,23.1,1.16,0.57,3.57,290.0
凉拌莲藕,49.38,1.17,0.53,11.35,320.0
凉拌凉粉,39.59,2.32,1.03,5.78,437.0
凉拌凉瓜海蜇,36.04,2.38,0.88,4.93,419.0
凉拌凉皮,74.49,2.43,3.05,9.8,396.0
凉拌芦笋,29.83,2.41,0.7,4.69,352.0
凉拌萝卜叶,36.73,3.05,2.03,2.3,324.0
凉拌木耳菜,36.84,1.98,0.66,7.2,323.0
凉拌牛百叶,96.25,12.32,3.38,4.18,240.0
凉拌牛肚丝,70.27,12.24,1.77,1.31,333.0
凉拌牛肚,80.11,12.68,1.83,3.51,352.0
凉拌牛肉丝,144.92,17.25,6.55,4.46,374.0
凉拌藕菠菜,44.65,2.02,0.76,8.69,383.0
凉拌藕片,47.58,1.22,0.3,11.47,330.0
凉拌茄子,35.91,1.47,0.68,7.07,323.0
凉拌芹菜腐竹,98.36,8.3,4.27,7.34,183.0
凉拌青木瓜,40.06,0.54,1.28,7.02,327.0
凉拌裙带菜,128.99,7.49,2.03,22.97,69.0
家常凉拌裙带菜,110.0,6.17,4.69,14.19,70.0
凉拌三色,73.32,5.17,3.43,6.03,371.0
凉拌三丝,100.58,1.49,1.36,21.48,173.0
凉拌素丝,144.19,9.48,7.42,11.12,353.0
凉拌糖醋大白菜,24.09,1.57,0.21,4.41,274.0
凉拌豌豆苗,46.07,4.27,1.84,4.35,267.0
凉拌五彩丝,141.4,4.84,4.86,20.11,215.0
凉拌西兰花,86.21,4.67,1.52,16.97,116.0
凉拌蚬仔,52.23,6.71,1.27,3.42,337.0
凉拌香菜牛肉,209.69,25.31,9.68,4.97,320.0
凉拌小黄瓜,23.91,0.95,0.21,4.71,276.0
凉拌杏鲍菇,71.71,2.65,3.07,9.54,357.0
凉拌羊栖菜,107.02,4.37,6.11,9.08,114.0
凉拌洋葱猪肝,92.4,12.29,2.94,4.68,171.0
凉拌银芽,52.27,2.98,2.14,6.22,176.0
凉拌杂蔬,27.39,0.9,0.13,6.83,157.0
凉拌芝麻菠菜牛肉片,66.41,9.12,1.76,4.03,128.0
凉拌芝麻秋葵,38.51,4.83,0.57,5.24,309.0
凉拌芝麻莴笋丝,55.62,2.26,2.89,5.68,178.0
凉拌猪肚,86.25,9.86,3.44,4.04,502.0
凉拌猪肉片,213.2,9.58,18.54,2.16,250.0
凉拌竹笋黄瓜,57.07,2.71,0.94,11.27,198.0
凉瓜炒肉,75.11,3.07,4.94,5.18,229.0
凉瓜煎蛋,105.67,8.49,6.4,3.77,194.0
凉瓜牛肉,99.33,12.86,2.51,5.96,297.0
凉瓜排骨汤,105.11,7.0,5.46,7.74,470.0
凉瓜肉环,100.26,5.17,6.82,4.93,391.0
凉爽肉片,281.57,12.42,24.85,1.64,255.0
两吃梭蟹,120.25,13.82,4.7,6.28,553.0
两香山笋,89.05,5.25,5.29,5.9,411.0
熘肝尖,110.51,13.23,3.04,8.4,409.0
熘虾段,100.45,14.66,2.08,5.74,440.0
熘洋白菜,79.44,3.23,1.02,17.02,321.0
熘鱼段,117.98,13.45,5.37,4.22,367.0
熘鱼片,105.19,13.44,4.65,2.57,405.0
浏阳蒸菜粉蒸肉,302.29,13.14,25.88,4.45,175.0
流花椒香银鳕鱼,102.88,13.24,3.2,5.92,590.0
柳橙汁,24.0,0.4,0.1,5.55,300.0
六月鲜鹌鹑蛋,149.04,8.82,10.37,5.92,104.0
龙凤汤,112.73,10.0,3.41,10.79,550.0
龙井菊花鱼,118.26,15.59,4.65,3.59,345.0
龙井文蛤竹荪汤,34.27,3.16,0.39,6.49,321.0
龙井虾仁,183.37,18.47,2.04,22.77,403.0
特色龙井虾仁,193.91,19.63,1.17,26.39,345.0
龙井虾球,193.91,19.63,1.17,26.39,345.0
龙利鱼柳汤面,104.8,8.65,0.69,16.28,417.0
龙眼肉煲猪心汤,59.66,7.78,2.47,1.57,647.0
龙眼虾仁,62.86,5.87,1.48,7.32,447.0
龙舟载宝,121.98,12.22,3.17,11.29,232.0
龙珠凤翅,125.42,12.7,6.03,4.54,240.0
龙珠凤肝,116.45,12.9,4.35,6.13,377.0
芦笋扒冬瓜,16.48,1.36,0.17,3.36,522.0
芦笋伴黑椒牛柳,81.61,9.33,3.01,4.8,261.0
芦笋炒百合,48.06,2.68,0.1,10.36,258.0
芦笋炒煎豆腐,38.64,3.02,1.59,3.98,352.0
芦笋炒莲藕,47.77,1.9,1.51,8.22,224.0
芦笋炒青蛤,42.38,5.5,0.51,4.59,269.0
芦笋炒肉,156.67,6.03,12.9,5.1,60.0
芦笋海鲜菇烩鲍鱼,40.38,5.25,0.59,3.97,208.0
芦笋厚蛋烧,159.44,8.06,12.16,7.85,143.0
芦笋胡萝卜炒肉,172.95,7.22,14.9,3.1,122.0
芦笋鸡丝汤,74.03,8.95,2.96,3.44,308.0
芦笋腊肉卷,135.11,4.69,12.02,3.18,131.0
芦笋南瓜锔牛肉,66.77,8.55,2.1,4.04,337.0
芦笋浓汤,47.62,2.4,2.9,3.41,315.0
芦笋色拉,28.29,2.61,1.14,3.27,152.0
芦笋烧鸡块,65.04,12.23,0.91,2.67,226.0
芦笋土豆沙拉,95.0,5.7,4.39,8.82,440.0
芦笋鲜蘑菇炒肉丝,225.76,16.03,14.5,9.98,264.0
芦笋香菇汤,10.91,1.38,0.07,1.97,220.0
芦笋香煎鳕鱼,66.03,10.06,0.57,5.49,262.0
鲈鱼菜花,73.96,9.96,2.68,3.08,603.0
鲈鱼嫩豆腐粥,120.12,9.07,2.63,15.46,338.0
鲈鱼豆腐粥,120.47,9.09,2.64,15.51,337.0
卤高丽菜,24.76,1.59,0.19,4.67,105.0
卤海带,21.78,1.19,1.09,2.08,101.0
卤虎皮豆腐,70.07,3.26,5.04,3.61,284.0
卤花生,567.32,24.38,43.52,22.51,306.0
卤鸡蛋（附卤水做法）,155.08,11.53,7.73,10.91,187.0
秘制酱卤鸡腿,149.14,18.22,6.62,4.06,116.0
卤鸡爪,250.0,20.95,14.36,10.23,118.0
卤萝卜,43.48,1.64,0.59,9.49,115.0
咸鲜卤毛豆,128.46,11.65,4.46,12.96,123.0
卤牛腱,120.63,17.27,2.41,7.61,189.0
卤牛肉,116.33,15.44,4.05,5.44,147.0
秘制卤牛肉,122.34,12.82,5.0,7.81,94.0
香卤牛肉,122.34,12.82,5.0,7.81,94.0
卤肉饭,192.53,6.06,11.14,17.16,174.0
卤水大肠,178.69,6.66,15.6,3.84,122.0
卤水鸡翅,196.38,17.1,10.42,9.59,138.0
卤水青虾,83.33,14.97,0.75,4.47,120.0
卤水鸭脖,204.92,12.92,16.18,0.66,122.0
卤水猪脚,253.67,19.38,17.81,3.56,177.0
卤酥鸭,239.37,13.24,18.05,6.18,127.0
卤素火腿,434.78,48.43,22.1,14.32,161.0
卤笋丝,174.55,14.73,3.79,32.16,275.0
卤蹄筋,37.67,3.18,2.1,1.27,377.0
卤味大肠,217.65,6.27,20.17,3.13,119.0
卤味猴头蘑,38.51,2.01,1.85,4.84,322.0
卤味鸡腿,151.24,17.25,6.17,7.04,121.0
卤味酥排骨,258.47,16.03,19.15,4.79,118.0
卤五花肉,323.08,11.99,28.41,4.61,117.0
卤五香豆干,192.72,10.75,11.21,13.36,151.0
卤鲜鱿鱼,114.4,14.49,3.93,6.08,125.0
卤香鸡杂,134.38,14.3,5.48,7.57,128.0
卤鸭翅膀,148.36,13.93,5.19,10.41,122.0
卤油豆腐,238.06,16.5,17.04,4.93,310.0
卤汁拌海带丝,25.15,1.33,0.12,4.94,171.0
卤汁鸡爪,232.56,19.14,15.19,4.28,129.0
卤汁排骨饭,263.87,12.88,16.48,15.88,155.0
卤汁烧烤麸,84.24,13.2,0.3,7.78,165.0
卤汁烧芋头,132.43,5.28,8.87,8.35,185.0
卤汁狮子头,148.47,6.92,11.55,4.61,326.0
卤肘花,241.98,15.44,14.92,11.67,162.0
卤猪肝,138.18,18.15,5.31,4.66,220.0
卤煮腐皮,422.0,41.62,23.47,14.32,100.0
鲁派赛螃蟹,126.29,14.62,5.15,5.17,175.0
鲁肉笋干煲,184.15,9.94,13.72,7.76,246.0
鹿肉丸子汤,73.35,9.47,2.4,3.71,379.0
乱煮一品锅,153.91,14.3,7.25,8.5,371.0
罗定鸡排,138.1,17.4,3.75,8.98,126.0
罗汉鸡,223.62,15.22,16.21,4.48,326.0
罗汉鸭,165.24,10.7,9.58,9.18,233.0
罗汉斋烩饭,81.87,2.78,0.59,17.92,353.0
萝卜拌莲藕,41.63,1.2,0.32,9.75,209.0
萝卜菠菜黄豆汤,34.35,2.27,0.8,5.49,230.0
萝卜炒粉条,240.54,4.16,10.19,35.97,37.0
萝卜蛏子汤,55.81,5.29,2.65,2.78,172.0
萝卜汆羊肉,77.64,7.88,3.99,2.83,246.0
萝卜豆腐汤,34.99,2.16,1.64,3.84,403.0
萝卜豆腐味噌汤,114.0,11.55,5.35,5.39,100.0
萝卜炖鸡汤,48.57,6.99,1.52,2.08,315.0
萝卜炖牛筋,86.78,13.01,1.72,5.37,174.0
萝卜焖牛肉,197.92,7.88,16.67,4.69,48.0
萝卜炖鱼,127.52,12.37,7.61,2.74,258.0
萝卜炖鱼块,102.84,10.31,5.52,3.85,176.0
萝卜炖猪排骨,93.79,6.22,6.42,3.37,161.0
萝卜粉丝汤,20.81,0.22,0.11,4.94,422.9
白萝卜粉丝汤,34.56,0.39,0.21,8.25,654.0
萝卜蜂蜜饮,36.36,0.35,0.22,8.69,220.0
萝卜甘蔗汤,44.33,0.38,0.08,10.93,503.0
萝卜干炒青豆,154.41,16.89,6.26,9.2,136.0
萝卜红烧鸡翅,143.42,9.94,7.27,9.94,228.0
萝卜红烧牛腩,64.86,9.85,1.21,4.17,313.0
萝卜胡萝卜凉拌菜,76.47,7.63,1.75,8.41,68.0
萝卜脊骨汤,95.07,6.34,6.8,2.51,304.0
萝卜蜜,43.64,0.67,0.26,10.51,110.0
萝卜炖排骨鲜汤,128.97,8.78,9.59,1.55,214.0
萝卜裙带菜味噌汤,178.33,19.56,8.07,8.12,120.0
萝卜肉丸子,170.27,7.66,14.14,3.09,222.0
萝卜烧板鸭,140.64,7.99,10.99,2.54,219.0
萝卜烧肉,127.16,5.48,10.79,2.59,324.0
萝卜丝带鱼,105.93,8.39,4.77,7.7,118.0
萝卜丝炖双鲜,64.19,5.87,2.16,5.6,215.0
萝卜丝炖汤,47.49,2.73,3.06,2.62,358.0
萝卜丝烩鲜虾,68.24,9.49,2.17,2.93,318.0
萝卜丝泡菜,42.2,1.89,0.89,8.64,173.0
萝卜丝煮大虾,70.98,11.05,1.49,3.77,317.0
萝卜丝煲大虾,74.34,8.21,2.35,5.68,113.0
萝卜素菜汤,31.25,3.17,0.34,4.02,128.0
萝卜素丸子,68.44,3.92,1.67,10.33,339.0
胡萝卜丸子,137.8,7.9,4.22,17.94,254.0
萝卜素蒸包,175.5,7.88,2.7,30.87,298.0
萝卜土豆烧鸡块,108.57,11.69,3.9,7.66,70.0
萝卜虾泥馄饨,203.81,10.23,2.87,35.42,210.0
萝卜鲜虾锅,89.12,10.83,2.16,7.33,193.0
萝卜香菇豆苗汤,10.9,1.04,0.22,1.58,156.0
萝卜鸭肉,186.67,7.96,13.27,9.69,45.0
萝卜鱼丸汤,49.06,2.55,2.59,4.27,318.0
萝卜玉米排骨汤,96.3,5.18,4.46,9.42,513.0
萝卜蒸糕,130.46,3.18,0.4,29.57,151.0
萝卜猪肚汤,77.66,8.97,3.73,1.97,273.0
萝卜竹笙汤,109.49,4.29,8.75,3.6,253.0
萝卜煮五花薄片,132.28,2.88,12.07,3.38,189.0
落汤面,55.71,1.91,0.3,11.46,70.0
绿豆百合汤,106.49,5.82,0.22,21.22,77.0
绿豆百合粥,40.87,1.3,0.1,9.01,115.0
绿豆冬瓜大米粥,67.21,2.34,0.24,14.47,305.0
绿豆饭,173.0,5.43,0.66,36.87,100.0
奶香绿豆糕,147.33,4.95,7.27,16.09,150.0
奶香蜂蜜绿豆糕,194.51,8.97,3.45,32.73,91.0
绿豆疙瘩汤,74.74,3.83,2.33,10.0,475.0
绿豆核桃粥,49.57,1.51,1.12,8.66,115.0
绿豆米饭,115.33,3.62,0.44,24.58,150.0
绿豆香米饭,113.33,4.46,0.29,23.71,150.0
绿豆沙,92.75,4.75,0.17,18.75,138.0
绿豆山药雪梨粥,78.41,2.4,0.18,17.31,88.0
冰糖绿豆汤,55.0,3.6,0.13,10.33,120.0
冰糖绿豆饮,55.0,3.6,0.13,10.33,120.0
绿豆清热汤,55.0,3.6,0.13,10.33,120.0
绿豆鲜果汤,50.56,2.59,0.13,10.24,180.0
绿豆芽拌菜,31.45,1.74,0.73,4.97,159.0
绿豆芽拌酱肉,142.44,15.55,7.37,3.94,238.0
绿豆芽炒肉丝粉,160.89,5.24,9.52,13.56,202.0
绿豆芽炒鳝丝,82.86,10.11,2.55,4.85,175.0
绿豆燕麦豆浆,88.89,3.53,0.11,19.17,135.0
绿豆燕麦杂粮饭,113.33,3.84,0.2,24.75,150.0
绿豆薏米百合汤,95.86,4.08,0.34,19.56,145.0
绿豆薏米粥,115.33,5.1,0.59,22.91,150.0
绿豆薏仁鸭汤,176.74,10.58,10.16,11.16,301.0
绿豆薏仁粥,98.57,4.91,0.59,19.01,140.0
绿豆银耳莲子羹,56.52,1.77,0.09,12.68,437.0
绿豆粥,97.86,3.24,0.25,20.97,140.0
绿豆香米粥,95.71,4.71,0.24,19.34,140.0
绿橄榄黄油白酱鱼,216.46,16.31,15.78,2.46,158.0
绿色田园,135.68,11.25,2.7,17.13,227.0
绿笋炒双丝,161.21,9.95,9.59,9.3,214.0
绿野鲜菇,39.13,2.16,1.53,5.22,161.0
绿野香菇瓜,115.84,7.62,5.51,9.25,385.0
绿叶豆腐汤,51.88,3.56,2.59,3.92,293.0
妈妈版素蟹粉,75.48,3.73,2.55,10.05,314.0
麻豆腐,127.58,6.69,9.65,4.18,330.0
麻花,397.52,14.5,9.47,65.29,121.0
麻花熘腰菜,180.25,9.04,9.18,14.96,238.0
麻将花卷,400.0,16.1,12.25,57.75,20.0
麻酱白菜丝,69.89,1.69,2.01,11.85,186.0
麻酱拌豇豆,70.37,3.47,3.53,8.33,162.0
麻酱拌时蔬,113.74,2.33,0.55,26.14,211.0
麻酱拌油麦菜,81.74,2.57,6.98,3.29,115.0
麻酱粉皮黄瓜,115.85,3.26,6.65,11.55,82.0
麻酱筊白笋,50.31,1.86,1.83,7.68,161.0
麻酱凉拌油麦菜,70.69,2.72,5.19,4.41,116.0
麻酱牛肉凉面,199.45,13.34,3.24,30.93,361.0
麻酱三丝,69.48,1.54,2.73,10.17,213.0
麻酱素什锦,61.11,2.49,2.74,7.31,306.0
麻酱香菇鸡丝凉面,172.37,9.89,1.44,30.37,228.0
麻辣蚕豆,128.33,7.98,3.02,18.95,120.0
麻辣脆鸡胗,140.98,16.04,6.42,5.02,122.0
麻辣带鱼,185.54,12.3,9.98,12.13,166.0
麻辣冬笋,123.02,4.75,8.55,7.19,126.0
麻辣豆腐炖胡萝卜,107.14,5.29,6.06,9.16,140.0
麻辣豆腐丝,388.24,39.85,19.87,15.88,136.0
麻辣豆腐扬,84.25,9.69,1.55,8.16,292.0
麻辣豆芽虎皮捲,183.39,19.81,9.32,6.82,271.0
麻辣肚丝,147.54,13.11,8.52,4.94,122.0
麻辣干锅虾,140.14,13.48,4.41,9.27,147.0
麻辣花椒鸡,113.37,11.62,5.13,5.6,202.0
麻辣花生米,550.0,22.04,42.44,24.17,124.0
麻辣黄瓜,78.91,1.48,4.41,8.61,128.0
麻辣鸡丁,171.43,17.07,8.98,5.6,133.0
麻辣鸡豆腐,84.57,10.44,3.69,2.85,324.0
麻辣鸡肉,157.26,17.15,7.91,4.9,124.0
麻辣鸡肉串,181.48,19.99,8.27,7.45,135.0
麻辣鸡心,113.95,9.49,6.8,4.28,215.0
特色麻辣烤鱼,106.22,14.01,3.78,4.34,193.0
麻辣凉拌猪肚,94.55,9.81,5.67,1.07,165.0
麻辣萝卜干,126.32,3.49,7.4,13.32,133.0
麻辣萝卜丝,40.74,1.24,2.11,5.37,108.0
麻辣魔芋,179.66,4.42,0.36,71.76,118.0
麻辣牛肚,108.53,12.04,4.58,5.19,129.0
麻辣牛腱,133.87,17.45,5.35,4.1,124.0
麻辣牛筋,50.3,5.74,1.9,2.59,169.0
麻辣牛蹄筋,52.89,3.67,2.83,3.57,242.0
麻辣排骨,230.14,13.36,16.33,7.72,146.0
麻辣千张,425.82,43.16,23.43,14.16,182.0
麻辣芹香鸡,126.52,12.87,6.49,4.98,181.0
麻辣肉丁,310.75,9.79,20.27,22.49,186.0
麻辣肉丁毛豆,215.2,12.76,14.74,8.94,171.0
麻辣肉蟹,140.31,11.64,5.75,10.74,129.0
麻辣鳝片,106.38,13.46,3.37,5.6,141.0
麻辣水煮肉,117.73,11.0,5.64,6.96,220.0
麻辣土豆条,115.45,2.96,3.08,19.88,110.0
麻辣香锅,212.07,9.33,12.34,18.69,58.0
麻辣香芹鱼条,102.42,14.47,4.47,1.43,124.0
麻辣小螃蟹,92.15,7.92,2.99,8.82,191.0
麻辣小土豆,176.56,2.55,8.25,24.23,64.0
麻辣鳕鱼,61.63,9.07,1.32,3.55,245.0
麻辣血旺,106.02,9.24,2.24,12.55,166.0
麻辣鸭块,218.57,11.89,17.77,3.11,140.0
麻辣鱿鱼卷,87.5,8.4,2.42,6.77,128.0
麻辣蜇头皮蛋,84.7,5.96,0.86,13.39,183.0
麻辣猪耳,131.88,9.83,9.03,3.14,229.0
麻辣猪肝,179.73,14.77,10.19,7.34,148.0
家庭版麻婆豆腐,113.04,9.74,6.34,5.0,230.0
风味麻婆豆腐,125.17,8.78,7.07,7.34,151.0
豉香麻婆豆腐,127.07,10.56,6.64,6.8,181.0
川味麻婆豆腐,113.93,9.57,6.08,6.41,201.0
肉沫麻婆豆腐,129.93,7.97,8.79,5.6,147.0
正宗麻婆豆腐,161.8,8.29,11.7,6.65,89.0
麻婆豆腐鱼,89.31,9.35,3.45,5.22,262.0
麻婆茄子,229.63,7.76,17.72,10.74,54.0
麻婆茄子丼,106.31,4.46,7.49,5.75,222.0
麻婆三文鱼,149.24,13.22,7.9,6.49,197.0
麻婆鱼丁,104.32,14.75,4.19,2.21,185.0
麻仁鸽蛋,218.18,13.55,11.81,14.97,132.0
麻仁牛柳,213.39,16.76,12.97,8.08,127.0
麻仁香酥鸭,224.9,12.76,14.49,10.91,245.0
麻蓉包,369.39,16.14,3.98,69.39,49.0
麻酥里脊,203.12,17.18,8.5,14.88,160.0
麻味五彩丝,218.13,5.79,8.73,29.8,182.0
麻香菜丝,59.82,1.56,2.95,7.47,112.0
麻香豆腐,183.91,8.68,13.6,7.45,174.0
麻香番茄鸡丝,78.74,10.78,2.15,4.78,254.0
麻香口条,245.9,17.08,17.51,5.48,122.0
麻香牛柳,193.25,18.14,9.88,8.45,326.0
麻香青蔬豆芽,188.68,6.25,13.22,12.91,106.0
麻油萝卜丝,50.6,1.14,2.27,8.02,166.0
麻油牛丸,119.19,13.32,4.45,6.62,172.0
麻油双耳,238.89,9.98,2.32,56.29,90.0
麻油土豆丝,97.66,2.43,2.64,16.47,128.0
麻油猪肝,153.91,16.8,8.46,1.73,115.0
爆香麻油猪肝,142.66,16.38,6.1,4.99,143.0
麻油猪心汤,86.26,10.03,4.74,0.77,262.0
麻油醉鸡,155.15,15.49,7.54,6.45,136.0
麻汁豇豆,113.82,3.73,7.81,9.05,123.0
麻汁西蓝花,81.42,4.95,5.19,5.55,113.0
马齿苋拌豆芽,49.77,3.13,1.2,6.98,213.0
马齿苋绿豆汤,70.26,3.86,0.55,12.99,232.0
马齿苋肉丝汤,96.24,3.85,7.73,3.02,266.0
马德里猪肉串,271.13,10.67,22.19,6.66,239.0
马悍沟炖鸡,102.7,6.58,6.88,3.93,407.0
马鲛鱼饺,227.05,13.77,6.45,29.08,440.0
马来炒河粉,236.85,11.27,2.76,42.16,426.0
马来咖哩蔬菜饭,65.03,1.84,0.96,12.95,286.0
马铃薯炒肉末,163.49,7.2,12.79,4.75,252.0
马铃薯春捲,136.25,6.23,9.53,7.18,160.0
马铃薯番茄酸奶沙拉,78.57,2.54,0.84,15.58,112.0
马铃薯烘蛋,177.4,4.71,12.87,10.97,208.0
马铃薯煎饼,239.17,9.12,4.03,42.59,217.0
马铃薯绞肉可乐饼,182.22,10.63,7.49,18.5,315.0
马铃薯沙拉三明治,103.72,5.57,3.16,13.52,188.0
马铃薯甜椒鸡肉杂烩,93.4,6.49,2.73,11.28,212.0
马蹄炒芹菜,59.5,1.31,1.46,10.45,242.0
马蹄鸡蛋饼,70.91,1.95,0.58,15.0,55.0
马蹄肉末烩豌豆,150.5,6.78,8.62,11.76,303.0
马蹄三色素,67.54,1.45,2.85,9.65,114.0
马蹄狮子头,206.45,10.46,15.98,5.22,217.0
马蹄鲜虾饼,88.68,6.51,0.4,14.04,53.0
玛瑙翡翠,71.43,1.23,5.91,4.34,35.0
玛瑙鸡片,198.53,26.46,7.58,7.04,204.0
蚂蚁搬砖,148.68,5.28,10.97,7.54,189.0
葱末蚂蚁上树,306.78,7.72,15.7,34.14,118.0
葱香蚂蚁上树,234.88,9.27,3.77,41.28,215.0
酱香蚂蚁上树,263.83,7.79,4.3,48.19,94.0
家常蚂蚁上树,264.04,7.11,3.87,50.25,178.0
麦片煎饼,200.6,7.14,10.62,19.5,331.0
麦香鸡丁,136.2,23.63,2.17,5.66,163.0
麦香乳鸽,326.5,9.96,22.45,22.96,200.0
麦香鳝,115.16,11.06,2.88,11.58,277.0
麦芽山楂鸡蛋羹,142.5,6.49,3.14,23.46,160.0
鳗鱼饭,168.53,11.35,6.7,17.6,232.0
鳗鱼南瓜饭,165.93,11.75,6.11,16.05,182.0
鳗鱼酥,158.06,14.39,8.2,6.66,155.0
满肚富贵,200.0,10.58,7.61,21.94,266.0
淡菜南瓜汤,92.31,7.0,6.15,2.15,273.0
慢炖牛肉蔬菜,83.27,8.08,3.72,5.66,263.0
芒果鸡柳,110.34,14.71,2.96,6.19,174.0
芒果酪梨沙拉,96.36,1.33,7.54,6.51,275.0
芒果酸奶,66.67,1.84,1.58,11.66,177.0
芒果蜂蜜酸奶,65.69,1.68,1.41,11.87,102.0
蜜汁芒果酸奶,88.0,2.05,1.92,15.85,75.0
芒果雪梨汁,56.09,0.74,0.15,13.99,230.0
猫耳朵,238.75,10.19,1.61,47.08,160.0
毛豆饭,122.73,7.37,2.44,18.9,220.0
毛豆红椒炒肉丝,125.74,7.7,8.49,5.42,272.0
毛豆烩丝瓜,80.74,3.19,4.61,7.69,135.0
青豆烩丝瓜,91.3,3.52,5.38,8.33,115.0
毛豆烧丝瓜,72.9,2.95,4.05,7.21,155.0
毛豆浓汤,84.96,6.23,2.97,9.18,512.0
毛豆清炒虾仁,163.43,15.86,3.08,19.19,216.0
毛豆丝瓜汤,42.54,3.91,1.34,4.6,402.0
毛豆丸子,131.52,13.85,6.01,6.63,92.0
毛豆熏干炒腊肉,298.27,11.97,25.19,6.57,231.0
毛豆子百页,71.98,6.91,3.09,5.24,232.0
毛氏红烧肉,275.97,10.84,23.23,6.49,154.0
毛蟹焖鸡,103.12,12.7,4.55,2.74,416.0
玫瑰包,282.99,13.98,1.78,54.03,147.0
眉豆煲猪手汤,189.47,13.91,10.87,9.45,304.0
眉豆红枣煲猪脚,150.63,11.27,8.06,8.48,237.0
眉豆花生煲鸡脚汤,152.53,7.25,7.43,14.85,198.0
梅菜炒香干,236.8,12.84,17.84,7.28,250.0
梅菜扣肉,281.25,13.02,21.14,11.09,144.0
梅菜肉饼,295.83,13.84,25.17,4.05,120.0
梅菜蒸鱼,136.88,13.96,4.11,14.45,160.0
梅干胡萝卜,57.27,0.94,0.28,14.53,110.0
梅花冬瓜脯,82.56,3.89,6.45,2.57,258.0
梅林里脊,149.06,15.23,5.16,9.96,159.0
梅林羊小排,94.21,9.04,3.14,7.62,242.0
梅脯苹果煮红薯,88.17,0.52,0.4,21.95,93.0
梅子山药,94.09,1.77,0.34,22.31,186.0
山药豆沙火烧,250.64,9.26,2.28,49.12,312.0
美肤杂粮粥,147.51,7.22,1.94,26.3,181.0
美宫山药,91.54,1.99,0.33,20.94,130.0
美国小牛排,207.04,14.18,14.36,3.24,142.0
美极爆墨鱼,97.55,10.23,2.02,9.53,163.0
美极牛柳炒芸豆,101.79,10.65,4.83,5.04,223.0
美极虾球,77.07,10.41,0.5,10.52,157.0
美极杏鲍菇,90.16,1.5,4.25,12.3,122.0
美极洋葱,47.37,1.44,2.95,3.85,266.0
美极油爆草虾,142.86,15.17,5.74,7.24,133.0
美极蒸油鳝,116.95,15.46,5.46,1.72,118.0
美容过后的豉汁凤爪,268.29,19.97,17.5,7.72,123.0
美容蹄花汤,148.32,10.01,7.47,10.68,298.0
美容鲜藕粥,123.08,5.17,2.77,19.74,260.0
鲁菜水晶肘子,255.86,17.8,17.16,6.78,222.0
美容猪手,286.72,18.93,19.72,8.84,128.0
美式黄油炒蛋,207.14,11.91,16.45,2.83,112.0
美味炒饭,105.93,2.81,5.46,12.15,135.0
美味春卷,232.37,10.1,13.63,17.25,278.0
什锦麻食（猫耳朵）,64.61,5.93,1.67,7.49,469.0
美味豆腐饼,135.39,7.57,7.75,9.44,308.0
美味海带,61.72,1.7,1.02,5.84,128.0
美味红烧茄子,42.16,1.21,3.02,2.61,370.0
美味红烧肉,192.19,8.58,16.83,1.7,269.0
美味鸡,123.79,12.8,4.6,8.0,248.0
美味鸡肉炒饭,105.87,8.88,2.08,13.25,358.0
美味韭菜盒子,178.29,10.49,4.8,24.19,327.0
美味可乐鸡翅,139.17,9.0,7.61,8.58,217.0
美味腊肠蛋炒饭,170.12,7.1,8.36,16.84,251.0
美味腊排煲仔饭,306.92,13.72,20.89,16.31,289.0
美味老醋蜇皮,52.14,4.16,1.12,5.95,117.0
美味凉面,251.2,8.47,9.45,33.61,209.0
美味萝卜糕,295.8,8.33,0.86,64.23,119.0
美味蒙古牛肉,175.17,14.71,4.41,19.24,149.0
美味牛肝三文鱼,71.76,6.58,4.13,2.23,386.0
美味牛肉脯,200.62,14.24,5.46,9.94,160.0
美味牛肉丸,150.79,12.7,8.36,6.5,252.0
美味培根番茄,161.08,9.46,12.6,2.87,203.0
美味泰式牛肉沙拉,52.28,6.01,1.7,3.64,438.0
美味土豆炖牛肉,91.78,10.91,1.35,9.53,219.0
美味土豆沙拉,166.8,7.27,10.73,10.67,247.0
美味莴笋蔬果汁,33.66,0.74,0.1,7.63,205.0
美味西湖醋鱼,96.43,16.63,1.92,3.1,168.0
美味杏鲍菇,48.72,1.5,0.13,11.48,117.0
美味鸭羹,101.9,14.36,1.43,7.9,105.0
美味鸭血羹,128.81,13.53,3.08,11.61,118.0
美味营养 煎茄夹,179.93,9.06,13.82,5.03,274.0
美味鱼头煲,120.11,8.71,7.91,3.8,348.0
美味鱼丸,93.91,10.73,4.23,3.58,230.0
椰香红豆糕,187.18,3.76,1.38,40.35,273.0
焖白菜卷,142.96,7.38,8.54,9.31,412.0
焖黄豆,187.34,15.57,7.83,17.03,237.0
焖金钱冬瓜,124.65,8.56,8.12,5.98,507.0
焖辣子鸡腿,112.64,12.29,4.61,4.93,182.0
焖南瓜饭,169.83,5.93,0.47,36.38,232.0
焖南瓜猪里脊,132.81,3.89,5.27,17.87,253.0
焖肉段,245.53,10.38,21.53,2.59,235.0
焖土豆鸡翅,222.47,11.35,15.13,10.49,227.0
焖鸦片鱼,149.15,14.35,6.98,6.92,118.0
焖鲽鱼,149.15,14.35,6.98,6.92,118.0
焖羊腿肉,138.51,13.02,7.77,4.54,148.0
蒙古牛肉,145.18,16.9,5.08,8.32,197.0
蒙式牛肉丝,210.19,14.34,7.29,21.52,265.0
迷迭香烤三文鱼,143.16,14.06,8.4,2.91,190.0
迷迭香烤土豆,120.18,2.5,4.84,17.23,109.0
迷迭香蒜子焖牛肉,97.3,12.16,3.38,5.15,185.0
迷迭香羊里肌烤肉饭,140.18,16.74,6.0,4.59,112.0
迷你热狗,316.06,12.47,17.69,26.86,137.0
迷你肉卷,328.57,13.69,29.51,2.43,35.0
迷你蔬菜三明治,260.95,7.15,12.51,30.23,105.0
迷你双味银鳕鱼,146.59,15.53,2.73,15.94,176.0
迷你小南瓜,140.0,3.1,0.28,31.73,260.0
迷宗肋排,139.18,6.48,10.89,4.17,485.0
猕猴桃蛋饼,87.62,5.05,4.13,7.87,202.0
猕猴桃泥,61.0,0.8,0.6,14.5,100.0
猕猴桃甜汤,33.2,0.3,0.18,8.26,250.0
猕猴桃薏仁粥,70.29,1.69,0.55,15.11,175.0
猕猴桃汁,61.0,0.8,0.6,14.5,50.0
五彩山药丁,89.97,8.24,2.66,8.8,299.0
米饭煎饼,104.25,2.28,2.58,18.29,212.0
米粉汤面,104.85,1.46,3.17,17.89,103.0
米粉鱼,144.6,9.64,4.06,17.53,287.0
米粉蒸南瓜,98.68,1.38,2.47,17.36,151.0
米糊,45.22,1.03,0.12,10.07,115.0
米酱焖鸡翅,154.07,12.68,7.38,9.37,172.0
米酒炒大虾,99.39,17.02,0.74,5.73,165.0
米老鼠饭团,202.93,11.5,3.51,33.59,341.0
米汤蛋黄浆,52.35,2.11,3.41,3.31,170.0
米汤芥菜,39.88,1.27,0.21,8.48,336.0
米汤老南瓜,36.73,0.71,0.08,8.38,275.0
米熏鱼,138.98,14.25,6.95,4.52,118.0
秘酱杏鲍菇,43.7,1.71,0.16,9.79,135.0
秘汁酱排骨,155.36,9.23,12.09,2.38,224.0
秘制扒肘子,246.45,16.08,15.62,10.58,155.0
秘制黑胡椒羊排,134.78,12.34,7.14,5.24,161.0
秘制酱排骨,224.29,14.64,16.76,3.59,140.0
秘制鲈鱼块,189.47,19.15,6.13,19.26,190.0
秘制萝卜焖牛腩,238.65,11.1,20.07,4.16,163.0
秘制萝卜丝包,164.19,6.72,3.11,28.59,310.0
秘制麻辣牛肉乾,154.39,19.77,5.33,7.4,171.0
秘制清蒸桂鱼,140.32,16.38,6.65,0.84,124.0
秘制烧排骨,220.61,14.49,15.73,5.57,131.0
秘制私房川味酱肉,281.58,12.79,23.91,3.63,190.0
秘制蒜泥白肉,275.71,11.61,23.13,5.53,70.0
秘制坛子鸡,203.45,14.12,15.71,1.53,116.0
秘制筒筒鳝,124.12,16.03,3.57,7.16,199.0
秘制土豆片,152.99,2.62,6.16,22.08,134.0
秘制香茅虾,167.08,14.25,2.3,22.41,161.0
秘制小牛排,171.79,13.38,11.1,4.12,156.0
秘制一品虾,94.84,8.47,2.94,9.13,252.0
蜜瓜瘦肉瑶柱汤,153.95,8.04,12.86,1.51,354.0
蜜饯四宝南瓜,128.48,3.73,2.72,22.84,165.0
蜜烧红薯,155.71,0.99,4.64,28.86,70.0
蜜烧地瓜丸,156.25,1.45,2.22,34.36,160.0
蜜蒜汁鸡,144.19,16.46,6.84,3.96,129.0
蜜糖菠萝牛仔骨,130.65,10.75,5.6,8.91,186.0
蜜糖烤红薯,119.31,0.92,6.99,14.15,145.0
蜜柚苹果猕猴桃沙拉,139.29,3.61,9.34,12.09,280.0
蜜枣羊肉,173.64,14.71,5.12,17.71,129.0
蜜汁叉烧肉,166.41,15.94,8.82,5.34,128.0
蜜汁叉烧鸭腿,236.89,13.16,16.31,6.38,122.0
蜜汁干煸牛肉,137.61,20.39,4.17,4.72,109.0
蜜汁瓜条,31.39,1.21,1.13,4.78,223.0
蜜汁红苕,269.62,4.13,20.1,20.11,79.0
蜜汁红芋,67.31,1.26,0.23,15.58,104.0
蜜汁胡桃虾,288.57,12.96,13.35,29.96,315.0
蜜汁鸡排,123.23,20.39,1.71,6.45,99.0
蜜汁姜味猪排,179.2,16.07,10.48,5.11,125.0
蜜汁酱烤鸡腿,149.06,19.04,6.79,2.8,267.0
蜜汁焗鳝球,176.36,14.13,8.89,8.12,165.0
蜜汁烤鸡腿,133.09,15.33,5.41,5.85,139.0
蜜汁烤羊排,168.03,9.38,4.37,23.31,244.0
蜜汁牛肉,114.39,11.21,3.76,9.91,285.0
蜜汁藕片,124.26,3.12,0.4,28.16,202.0
蜜汁排骨,255.86,16.85,18.83,4.53,111.0
蜜汁肉脯,319.82,14.36,27.63,3.66,111.0
蜜汁山药,50.19,0.92,0.13,11.54,526.0
蜜汁烧骨,231.88,14.03,14.88,10.45,69.0
蜜汁烧排骨,270.69,16.11,20.25,5.93,116.0
蜜汁烧肉排,237.59,14.16,15.23,9.94,141.0
蜜汁薯球,183.26,6.62,5.79,26.91,215.0
蜜汁虾仁烩饭,113.77,10.27,1.7,14.9,305.0
蜜汁香卤豆干,233.61,14.34,15.55,10.28,122.0
蜜汁樱桃小萝卜,26.79,0.82,0.15,6.71,112.0
蜜汁鱼条,322.11,61.55,3.92,10.17,190.0
蜜汁元宝白果,185.22,3.6,0.51,42.73,230.0
蜜汁珍宝,71.79,1.62,0.19,16.85,117.0
蜜汁肘花,209.32,28.56,8.55,4.54,311.0
蜜汁猪排,187.5,16.89,9.37,8.8,128.0
免烤鲜枣泥山药月饼,190.27,3.26,2.42,40.42,257.0
免烤椰子坚果条,561.19,17.75,46.26,21.99,201.0
免治牛肉煲饭,179.66,11.64,4.42,23.69,118.0
面包茄汁豆炒猪肉,313.83,14.2,21.59,16.43,253.0
面包双拼,312.31,10.4,7.55,50.72,65.0
面筋饼干,165.45,22.22,2.45,14.4,55.0
面筋鸡翅（红烧）,190.96,18.78,8.92,9.39,166.0
面筋青椒,97.66,11.64,1.66,10.13,214.0
面团汤,46.2,3.82,0.78,6.62,158.0
面托丝瓜条,144.02,7.16,3.29,22.25,184.0
面拖河蟹,120.94,9.55,3.17,13.57,320.0
面拖鲜蟹,170.31,12.59,4.24,20.31,229.0
苗家粉蒸肉,276.36,10.59,18.73,16.6,275.0
明火蛋黄烤牡蛎,150.0,8.89,9.47,7.12,154.0
明目枸杞猪肝汤,89.06,12.76,2.97,3.25,329.0
明目银耳,178.08,12.4,11.6,7.03,333.0
明虾银丝煲,177.72,8.78,4.44,25.59,202.0
明珠大龙虾,151.84,14.57,2.56,17.58,245.0
明珠奶汤桂鱼,87.07,9.97,4.19,1.99,232.0
明珠香芋饼,96.19,9.25,3.91,6.21,210.0
蘑菇炒莴笋,42.8,2.22,2.24,3.85,236.0
蘑菇蛋饼,103.03,9.06,5.3,5.03,33.0
蘑菇豆腐海鲜汤,48.05,4.85,2.03,3.39,231.0
蘑菇炖肘子,187.59,12.14,11.27,9.85,145.0
蘑菇干贝汤,24.26,2.31,1.06,1.83,136.0
蘑菇烩鸡,107.22,9.91,5.54,4.7,263.0
蘑菇酱芙蓉蛋,77.13,4.79,4.58,4.45,188.0
蘑菇酿肉,111.11,5.69,8.6,3.41,189.0
蘑菇浓汤,223.04,13.05,13.25,15.03,204.0
蘑菇排骨汤,153.79,14.29,8.36,6.85,264.0
蘑菇烧菜花,39.94,1.95,2.09,4.13,323.0
蘑菇甜椒煎蛋饼,119.72,8.73,6.13,7.88,218.0
蘑菇豌豆鸡汤,91.77,10.1,3.19,6.13,401.0
蘑菇丸,217.09,7.7,2.61,45.51,117.0
蘑菇五花肉烧萝卜,217.2,9.02,17.91,4.98,186.0
蘑菇小炒,70.59,6.24,3.81,3.59,255.0
魔芋豆腐煲,100.52,4.19,4.87,14.64,194.0
魔芋结饭团,128.0,3.63,0.31,40.66,250.0
魔芋鳝片,139.25,10.18,3.58,25.89,186.0
墨式炒牛肉,132.34,14.6,4.24,9.25,201.0
墨西哥饭,157.85,5.72,8.0,15.91,223.0
墨西哥风味烤肉串,93.02,14.76,2.39,3.13,172.0
墨西哥辣味牛肉酱,90.09,9.36,3.76,5.48,212.0
墨鱼炒韭菜,72.46,9.18,1.47,5.99,236.0
墨鱼三丝,119.29,10.17,5.77,6.75,280.0
墨鱼丸子,94.44,13.23,1.04,7.4,126.0
墨鱼仔烧肉汤,130.12,9.04,9.12,3.04,342.0
牡蛎菠菜牛奶烙菜,92.04,4.25,3.0,12.16,452.0
牡蛎菠菜沙司饭,90.97,4.85,1.64,14.56,321.0
牡蛎豆腐汤,65.4,3.98,3.31,5.17,315.0
牡蛎风味煎饼,213.46,10.81,2.33,39.3,208.0
牡蛎疙瘩汤,90.69,4.78,1.19,15.64,290.0
牡蛎萝卜粉丝汤,122.74,7.42,3.26,15.95,365.0
牡蛎肉炖豆腐白菜,82.38,5.21,4.07,6.48,193.0
牡蛎汤,40.94,3.24,0.71,5.59,171.0
牡蛎香菇盒,206.05,10.85,6.46,26.79,380.0
牡蛎贻贝烩豆腐,104.35,5.91,6.59,5.78,92.0
海鲜烩豆腐,108.33,6.07,7.44,4.87,144.0
木耳白菜,34.92,1.91,0.92,5.79,295.0
木耳荸荠,165.71,5.81,3.55,33.79,105.0
木耳炒白菜,118.29,4.13,2.94,22.59,82.0
木耳炒百合,171.23,5.73,2.05,37.79,146.0
木耳炒鸡,169.23,12.02,5.45,22.33,130.0
木耳炒茭白,108.68,3.81,2.79,21.05,219.0
木耳炒肉片,218.8,9.02,19.37,1.98,117.0
木耳炒山药,140.85,5.73,0.73,33.35,142.0
木耳烧山药,89.39,2.6,2.58,15.5,132.0
木耳炒山药片,77.78,1.98,2.22,13.18,162.0
木耳烩山药片,92.02,2.82,1.96,17.26,188.0
木耳炒上海青,81.19,3.59,2.03,15.77,202.0
木耳炒娃娃菜,53.25,3.39,1.07,10.64,400.0
木耳炒鸭肉片,82.64,8.12,1.79,9.93,242.0
木耳冬瓜汤,51.7,3.28,0.42,10.44,265.0
木耳黑米豆浆,95.0,4.71,1.02,21.04,300.0
木耳黄花面,153.82,14.53,1.62,22.06,249.0
木耳烩豆腐,155.93,7.58,5.16,24.24,177.0
木耳烧豆腐,155.93,7.58,5.16,24.24,177.0
木耳鸡蛋,114.02,9.01,7.15,3.87,164.0
木耳鸡蛋炒鸡丁,180.25,15.49,11.01,5.76,157.0
木耳鸡蛋西蓝花,88.82,5.94,4.84,6.11,161.0
木耳芦笋蘑菇汤,35.53,2.32,1.22,5.03,273.0
木耳肉片,305.3,13.39,19.23,25.35,264.0
木耳三彩虾球,91.36,11.11,0.77,11.88,220.0
木耳山楂排骨粥,157.3,7.12,4.11,24.48,281.0
木耳山楂小排粥,177.8,9.93,5.27,24.95,437.0
木耳生菜,113.95,3.91,5.28,16.58,43.0
木耳豌豆烧汁炒鸡片,139.13,10.93,3.38,19.33,322.0
木耳莴笋拌鸡丝,99.03,13.5,2.09,7.84,103.0
木耳小油菜,53.68,2.71,2.61,6.4,95.0
木耳油菜,74.65,2.76,3.41,11.24,71.0
木耳烧油菜,116.67,3.81,5.45,17.36,42.0
木耳扒油菜,111.11,3.62,5.11,16.73,45.0
木耳油菜汤,7.84,0.36,0.48,0.72,319.0
木耳粥,204.47,6.89,5.68,33.97,291.0
木耳瘦肉粥,188.45,6.4,6.39,28.0,251.0
木瓜拌粉丝,91.27,0.74,1.37,19.4,275.0
木瓜炖牛奶,81.67,6.17,4.23,4.73,120.0
木瓜红枣银耳汤,64.26,1.04,0.17,15.75,249.0
木瓜鲤鱼煲,101.41,8.88,3.89,7.85,213.0
木瓜牛奶饮,53.54,1.91,1.93,7.32,325.0
牛奶木瓜,62.34,2.27,2.37,8.05,154.0
木瓜牛奶汁,48.89,2.01,2.04,5.83,180.0
牛奶炖木瓜,53.0,2.33,2.43,5.6,300.0
木瓜排骨盅,84.21,5.45,5.77,2.77,285.0
木瓜鲜奶汁,59.16,2.61,2.77,6.11,262.0
木瓜雪耳炖冰糖,81.95,1.87,0.28,20.6,205.0
木瓜雪耳糖水,51.3,0.94,0.14,12.73,154.0
木瓜银耳糖水,40.09,1.08,0.17,10.11,222.0
木樨豆腐,104.37,8.87,4.91,7.25,183.0
木须炒肉,297.64,13.3,23.89,8.45,127.0
木须瓜片,156.44,9.26,6.29,19.04,163.0
家常木须肉片,118.52,10.79,5.64,6.41,405.0
特色木须肉,241.44,13.33,18.85,5.28,222.0
木须肉片,141.18,10.04,7.98,8.59,51.0
清香木须肉,115.48,10.69,6.29,4.15,168.0
醋溜木须肉,120.0,11.86,6.71,3.05,230.0
农家木须肉,130.81,11.71,7.96,3.17,198.0
鲜香木须肉,110.32,8.86,5.32,6.76,155.0
木须小白菜,111.11,5.07,6.71,10.02,45.0
木鱼丝丝煎蚝饼,118.06,10.15,5.21,7.69,216.0
苜蓿菠菜,191.11,8.84,4.1,38.28,90.0
苜蓿小白菜,187.78,8.58,4.1,37.81,90.0
奶黄包,241.53,7.42,14.96,19.89,183.0
香甜奶黄包,370.14,13.68,14.59,46.94,211.0
奶酪饼,213.01,10.72,9.56,21.54,123.0
奶酪蛋卷,166.4,12.93,11.18,3.55,125.0
奶酪鸡翅,267.77,17.94,19.55,4.83,121.0
奶酪鸡蛋三明治,280.7,11.34,14.35,26.57,228.0
奶酪焗蔬菜,106.64,9.52,3.54,11.54,271.0
奶酪蘑菇粥,147.55,10.65,6.35,13.55,326.0
奶香蘑菇粥,176.73,10.1,4.91,24.45,361.0
奶酪南瓜羹,78.57,5.01,4.44,4.93,70.0
奶酪培根煎太阳蛋,205.93,9.57,17.39,3.31,236.0
奶酪三明治,206.67,8.62,10.83,18.92,165.0
奶酪蔬菜泥,89.54,8.54,1.97,9.99,153.0
奶酪蔬菜煨虾,130.43,10.46,4.65,12.79,253.0
奶汤白菜,79.71,7.87,2.99,5.49,207.0
奶汤萝卜丝鲫鱼,80.3,9.66,3.39,2.59,269.0
萝卜丝鲫鱼汤,57.72,5.78,2.29,3.7,246.0
奶汤芹蔬小排骨,123.66,6.05,9.17,4.33,372.0
奶汤生蹄筋,99.13,16.24,2.94,1.59,230.0
奶味芦笋汤,70.37,3.01,3.96,6.11,270.0
奶香瓜球,51.85,3.73,1.88,5.37,216.0
奶香果蔬煎三文鱼,185.51,9.74,13.78,6.86,214.0
奶香核桃黑米糊,205.56,6.15,6.06,32.42,180.0
奶香红薯窝头,100.0,1.71,0.7,22.92,114.0
奶香红枣黄米粥,87.32,2.74,2.19,14.45,355.0
奶香烤土豆,276.24,7.57,20.85,15.08,202.0
奶香水果燕麦粥,102.38,3.72,2.18,17.79,420.0
奶香酥皮烤扇贝,149.2,16.66,5.56,8.7,250.0
奶香土豆泥,167.69,6.38,4.15,26.65,65.0
奶香小馒头,230.77,5.14,4.99,41.13,195.0
奶香蒸糕,144.09,6.63,6.68,14.33,186.0
奶油豆腐,195.68,5.04,18.37,3.48,139.0
奶油番茄浓汤,84.33,0.68,6.98,5.09,268.0
奶油鲑鱼,115.38,9.58,5.84,6.22,234.0
奶油黄金虾,256.29,14.03,19.81,2.65,167.0
奶油鸡茸蘑菇汤,173.31,13.46,9.37,10.73,281.0
奶油卷心菜,105.04,2.18,8.38,5.54,278.0
奶油烤大虾,163.79,11.37,4.51,20.21,232.0
奶油烤甜玉米,203.97,5.22,12.59,18.6,126.0
奶油栗子汤,191.78,4.72,13.54,13.14,365.0
奶油明虾,200.0,12.91,7.36,19.07,217.0
奶油南瓜浓汤,80.63,1.39,4.15,9.68,222.0
奶油南瓜粥,82.75,2.63,3.93,10.12,255.0
奶油生酮热可可,193.55,2.65,18.18,4.89,155.0
奶油双色花,65.53,3.28,2.75,8.24,293.0
奶油汤,183.47,2.91,17.19,4.33,121.0
奶油娃娃菜,42.58,2.31,1.96,4.51,256.0
奶油西兰花,155.11,3.07,14.65,3.59,176.0
奶油西芹浓汤,86.5,6.41,3.96,6.54,311.0
奶油鳕鱼,223.93,15.09,10.82,16.84,234.0
奶油玉米汤,180.21,4.05,10.84,17.28,96.0
奶油圆白菜,112.86,2.87,7.91,8.38,241.0
奶油蒸南瓜,197.71,0.79,19.77,4.44,131.0
奶汁番茄汤,106.03,4.7,7.66,4.54,232.0
奶汁干酪烙菜,161.35,7.05,9.34,12.58,163.0
奶汁烤干酪白菜卷,127.43,6.17,8.57,6.69,237.0
奶汁烤干酪鲑鱼,158.57,16.66,8.96,2.91,70.0
奶汁烤蛤蜊,89.49,7.84,4.24,4.95,257.0
奶汁牡蛎,112.37,3.95,7.39,7.25,97.0
南瓜百合蒸饭,186.67,3.89,0.43,42.17,150.0
南瓜百合粥,93.68,2.23,0.23,20.97,190.0
南瓜拌饭,105.47,3.14,0.39,22.98,201.0
南瓜青菜拌饭,98.03,2.52,2.36,16.91,254.0
南瓜拌软饭,185.0,4.3,0.5,41.25,100.0
南瓜包,333.96,14.66,2.94,64.06,53.0
南瓜豆沙饼,151.43,3.49,0.35,33.9,175.0
南瓜红豆饼,119.77,3.39,0.35,26.45,172.0
南瓜布丁,76.24,5.05,3.94,5.32,202.0
香甜南瓜布丁,47.52,1.98,1.83,6.04,202.0
南瓜餐包,163.45,5.6,6.27,21.74,249.0
南瓜茶巾沙拉,168.57,1.26,11.39,15.84,70.0
南瓜蛋饼,185.81,8.36,5.5,26.53,155.0
南瓜蛋黄小米糊,98.18,3.1,3.14,14.61,165.0
南瓜豆腐羹,61.79,4.05,2.78,5.97,212.0
倭瓜烧牛肉,115.38,9.02,5.4,9.98,52.0
南瓜发糕,205.71,6.0,10.34,22.87,210.0
香蒸南瓜饭,160.2,2.87,3.4,29.84,98.0
南瓜红薯玉米粥,103.9,2.26,0.4,23.75,205.0
南瓜红枣卷,182.61,8.1,1.18,36.15,115.0
南瓜红枣莲子汤,35.56,0.64,0.09,8.35,225.0
南瓜红枣排骨汤,78.24,5.28,4.38,4.62,239.0
南瓜糊,4.17,0.12,0.02,0.88,120.0
金瓜小花卷,326.23,13.85,7.16,53.11,61.0
南瓜鸡蛋面,120.32,6.89,1.51,20.37,374.0
南瓜鸡蛋热汤面,120.32,6.89,1.51,20.37,374.0
南瓜鸡蓉,103.22,11.52,4.14,5.25,342.0
南瓜鸡肉粥,131.5,5.55,1.67,23.75,200.0
南瓜坚果饼,291.32,8.01,18.16,25.71,288.0
南瓜煎饼,164.65,5.37,3.36,29.13,198.0
南瓜烙,126.27,5.1,3.72,18.44,217.0
南瓜莲子饭,67.78,1.7,0.2,15.01,180.0
南瓜萝卜粥,106.0,2.46,0.3,23.86,50.0
南瓜绿豆薏米汤,66.25,2.89,0.32,13.48,240.0
南瓜绿豆银耳羹,69.52,3.06,0.19,15.07,187.0
南瓜麦片粥,51.18,1.97,0.82,9.43,170.0
南瓜馒头,161.25,5.94,2.74,29.13,160.0
南瓜米糊,41.82,1.04,0.13,9.43,220.0
南瓜面疙瘩,187.62,8.02,1.26,37.08,105.0
南瓜木耳糯米粥,120.94,3.5,1.73,24.58,234.0
南瓜奶油汤,64.34,0.57,6.05,1.92,143.0
南瓜泥,23.0,0.7,0.1,5.3,50.0
蒸南瓜泥,23.0,0.7,0.1,5.3,30.0
香甜南瓜泥,23.0,0.7,0.1,5.3,20.0
南瓜牛奶汤,49.7,2.46,2.92,3.45,330.0
南瓜牛肉条,82.78,14.34,1.69,2.62,151.0
南瓜糯米糍,185.64,3.52,2.79,37.18,195.0
南瓜糯米燕麦粥,53.62,1.44,0.1,12.25,207.0
南瓜糯米圆子,124.5,4.08,2.08,22.6,200.0
南瓜糯米粥,59.66,1.46,0.17,13.24,233.0
南瓜排骨汤,113.19,7.09,6.33,7.33,326.0
南瓜葡萄干沙拉,166.67,1.16,15.53,5.98,51.0
南瓜肉丁闷饭,154.26,4.97,5.77,20.88,317.0
南瓜软饭,130.67,3.03,0.27,29.33,150.0
南瓜散寿司,119.88,5.36,2.81,18.73,161.0
南瓜沙拉三明治,224.11,3.05,20.43,7.68,141.0
南瓜烧茄子,66.67,1.15,4.35,6.9,48.0
南瓜双色花卷馒头,105.08,4.79,2.18,17.13,295.0
南瓜松饼,177.67,10.8,6.28,20.1,206.0
南瓜塔,177.78,7.15,6.4,23.49,225.0
南瓜汤,32.18,0.37,2.52,2.2,174.0
南瓜湯,109.06,4.23,8.03,5.16,276.0
南瓜甜豆多彩拌,38.98,1.62,1.54,6.43,236.0
南瓜西红柿山楂煲瘦肉汤,72.89,2.96,4.67,5.09,402.0
南瓜虾仁炒饭,164.0,6.03,8.2,17.35,400.0
南瓜虾仁藜麦饭,261.61,11.83,4.05,43.55,211.0
香甜南瓜小馒头,199.03,8.38,1.27,39.67,207.0
南瓜小米糙米糊,80.4,1.98,0.63,17.13,250.0
香浓南瓜小米糊,77.5,2.32,1.91,13.03,200.0
清香金瓜小米粥,59.43,1.23,0.38,12.94,175.0
瓜块小米粥,66.67,1.69,0.54,13.99,180.0
南瓜蟹肉羹,59.5,4.33,2.17,5.84,400.0
南瓜形南瓜饼,153.94,4.85,1.16,31.62,165.0
南瓜燕麦粥,99.51,2.43,0.63,21.71,204.0
南瓜燕麦香米粥,65.32,1.28,1.01,13.08,222.0
南瓜洋葱早餐包,201.17,9.7,4.55,31.02,256.0
南瓜薏仁粥,116.36,3.16,0.51,25.21,220.0
南瓜鱿鱼韭,66.34,9.24,2.37,2.39,205.0
南瓜圆子粥,64.74,2.54,1.99,9.22,380.0
南瓜蒸肥牛,89.06,7.66,1.45,11.1,329.0
南瓜蒸糕,138.93,6.26,4.87,18.0,280.0
南瓜蒸鸡肉,142.67,13.56,6.03,9.64,75.0
南瓜盅,63.75,7.24,2.44,3.35,331.0
南瓜米粥,35.0,0.83,0.1,7.8,200.0
南瓜猪肉炖饭,137.18,8.15,6.73,11.63,433.0
南煎豆腐,150.43,12.5,3.89,16.58,234.0
南姜炖牛肉,82.22,12.49,1.48,4.81,180.0
南姜香煎茄子,48.76,1.12,2.79,5.36,121.0
南京版煎饼果子,137.05,6.94,3.36,20.32,278.0
南乳方块肉,222.29,9.91,18.54,4.13,166.0
南乳红烧肉,261.99,9.18,23.58,3.24,171.0
南乳花生,534.82,22.71,40.02,23.62,112.0
南乳莲藕焖鸭,76.42,1.67,2.97,11.63,123.0
南乳排骨煲,143.59,9.36,9.44,5.18,234.0
南乳排骨芋头煲,230.91,13.11,16.86,6.73,220.0
南乳通心菜,34.23,2.6,0.56,6.37,111.0
南乳炸鸡块,189.15,21.38,3.54,18.19,212.0
南乳猪蹄煲,252.47,18.1,18.18,3.97,223.0
南式红烧肉,232.83,9.54,18.24,3.49,265.0
葱香红烧肉,283.07,12.2,23.93,3.73,189.0
南味红焖蹄,259.88,20.5,18.76,1.94,167.0
南味薏米鸭,147.15,7.62,9.61,7.47,246.0
南洋春卷,184.45,13.02,8.4,14.72,373.0
南洋咖哩椰汁鸡,100.61,12.86,4.62,2.16,164.0
南洋酸甜贻贝,69.34,8.7,1.45,5.47,137.0
內堂小炒,107.35,4.03,7.16,7.05,204.0
嫩炒蛋,101.98,8.12,6.04,3.61,101.0
嫩滑全蛋羹,57.85,5.41,3.55,0.99,121.0
嫩煎香蕉,170.18,2.04,9.58,19.61,57.0
嫩姜炒三层肉,268.46,12.15,23.23,2.81,130.0
嫩烤南瓜,73.2,9.74,0.88,6.99,194.0
嫩牛腱拌芽白,165.45,16.08,6.54,10.83,110.0
嫩牛蒜苔,102.89,13.71,2.71,6.22,173.0
泥鳅粥,83.56,7.67,0.87,11.39,219.0
泥鳅煮豆腐,94.26,10.38,4.68,2.76,122.0
泥鳅煮丝瓜,68.03,8.2,2.59,3.01,122.0
年糕烩彩蔬,121.89,2.94,2.21,23.29,169.0
年年有余（清蒸银鳕鱼）,84.21,18.19,0.48,1.49,171.0
香辣脆皮鱼块,138.1,13.23,6.33,7.07,147.0
鲶鱼炖茄子,91.03,9.78,4.04,4.13,156.0
鲶鱼片炒百合,114.04,11.27,2.16,12.12,178.0
鲶鱼肉沙拉,96.0,7.89,5.64,3.88,275.0
黏香金银粥,179.47,6.44,6.17,24.63,190.0
黏玉米粥,34.78,0.86,0.13,7.7,115.0
酿豆腐扒菜心,134.41,6.48,10.1,4.94,372.0
酿豆腐烧菜心,134.06,5.94,10.44,4.38,138.0
酿豆腐煮大白菜汤,78.53,5.3,5.56,2.2,382.0
酿多宝,110.15,8.22,6.82,4.56,325.0
酿香菇,192.93,9.01,16.48,2.87,184.0
酿鱿鱼筒汤,68.77,6.73,4.4,0.61,381.0
宁波炒年糕,154.79,5.6,7.97,15.47,261.0
宁式鳝糊,81.7,13.16,1.46,4.21,224.0
宁夏手抓羊肉,173.6,14.13,9.54,9.71,178.0
柠檬鲑鱼馅饼,143.27,14.05,8.92,1.71,171.0
柠檬黄豆豆浆,128.95,11.23,5.24,11.78,190.0
柠檬黄瓜,34.92,1.0,1.9,3.99,189.0
柠檬姜汁炒牡蛎,79.47,3.85,1.66,7.42,151.0
柠檬凉拌海鲜沙拉,105.2,15.88,1.64,6.65,327.0
柠檬迷迭香烤大虾,95.69,16.31,0.85,5.59,232.0
柠檬嫩鸡柳,101.29,16.34,2.7,3.22,232.0
柠檬牛肉沙拉,71.04,7.84,2.56,4.78,328.0
柠檬藕,45.45,1.08,0.27,10.72,220.0
柠檬蒜末百里香烤鸡,156.54,13.38,9.75,3.99,237.0
柠檬香鸡,140.33,14.23,2.77,8.61,181.0
柠檬羊排,95.28,5.73,4.84,7.37,445.0
柠檬蒸对虾,100.89,12.71,3.21,4.65,224.0
柠香可乐煎鸡翅,202.34,15.36,11.43,9.15,128.0
柠香鲈鱼,83.57,13.78,2.64,1.54,207.0
柠香肉酱烤鸭腿,242.86,12.6,19.71,3.62,126.0
柠橡煮苹果,64.0,0.5,0.35,15.95,125.0
柠汁菠萝鱼,149.11,9.7,5.06,16.24,281.0
柠汁脆香鱼,109.09,10.25,2.43,11.12,242.0
柠汁煎软鸭,127.5,12.41,4.86,7.75,240.0
牛串烧,182.44,18.14,10.0,5.39,205.0
牛肝菌炖乌鸡,51.6,8.58,0.91,2.48,312.0
牛里脊包,227.93,16.86,7.13,25.04,512.0
牛里脊炒秋葵,95.13,12.81,3.37,4.23,267.0
牛奶大馒头,219.32,9.64,2.96,39.47,207.0
牛奶花蛤汤,64.53,6.75,2.8,2.96,358.0
牛奶花生粥,128.65,4.47,4.82,17.16,555.0
牛奶麦片粥,170.67,6.21,4.19,27.71,75.0
牛奶面包粥,148.0,4.97,4.1,22.8,150.0
奶香面包粥,142.86,4.87,4.07,21.78,175.0
牛奶南瓜羹,92.49,3.75,2.54,14.47,173.0
牛奶蔬菜炒饭,89.46,3.53,4.51,9.23,370.0
牛奶水果葛根糕,180.31,2.17,1.76,38.91,127.0
牛奶通心粉,170.4,6.42,1.52,33.12,250.0
牛奶蒸蛋,138.42,12.39,5.76,9.21,203.0
牛奶蒸鸡蛋,113.92,9.17,6.37,5.08,395.0
牛奶粥,121.2,4.22,3.06,19.36,250.0
牛奶煮大头菜,68.16,2.05,5.5,2.76,267.0
牛腩煲芋头,96.62,11.02,2.77,7.09,207.0
牛腩滑干煲,177.78,16.66,8.92,8.13,315.0
牛腩鲜菇煲,92.05,9.75,3.33,6.25,239.0
牛肉扒,147.31,14.22,6.5,7.95,167.0
牛肉白菜汤饭,88.25,6.3,1.63,12.35,468.0
牛肉饼,64.73,8.86,2.25,2.6,258.0
牛肉菠菜碎面,178.52,7.83,3.18,30.02,256.0
牛肉菠菜粥,84.0,6.43,0.75,13.1,225.0
肥牛炒冬瓜,91.18,12.41,3.21,3.23,238.0
牛肉什锦炒蛋饭,123.49,9.18,5.08,10.29,413.0
牛肉炒粒粒,105.08,10.28,3.49,8.44,236.0
牛肉炒面片,157.02,6.01,2.32,28.65,114.0
牛肉炒蒜苗,58.36,7.57,0.91,5.13,329.0
牛肉串烧,104.44,14.64,3.12,3.56,225.0
牛肉蛋花汤,47.77,7.0,1.7,1.1,404.0
牛肉豆芽汤,58.47,6.09,2.93,2.15,236.0
牛肉粉丝白菜沙锅,139.51,9.78,4.82,14.47,367.0
菜心牛肉羹,84.8,13.75,2.03,2.89,250.0
牛肉锅,126.91,12.02,3.22,20.04,249.0
牛肉河粉,187.08,8.78,2.21,33.3,209.0
牛肉胡萝卜粥,79.09,6.1,0.73,12.3,220.0
牛肉胡萝卜香米粥,73.16,3.7,0.45,14.03,190.0
牛肉滑蛋粥,98.8,6.61,4.03,9.1,332.0
牛肉焗饭,122.4,6.19,2.63,18.68,317.0
牛肉溜荷兰豆,94.09,11.08,3.14,5.68,220.0
牛肉柳川风,153.37,9.9,1.13,26.47,163.0
牛肉卤面,188.89,9.92,1.43,34.66,207.0
牛肉罗宋蔬菜汤,37.92,4.53,0.54,4.19,567.0
牛肉萝卜煲,180.63,8.31,14.26,5.07,222.0
滋补牛肉萝卜羹,32.24,4.08,0.5,3.6,245.0
兰州牛肉拉面,187.5,6.44,5.46,28.62,104.0
牛肉末炒芹菜,80.11,7.0,3.68,4.84,176.0
牛肉南瓜汤,58.26,4.67,3.21,2.91,745.0
牛肉南瓜粥,66.92,4.83,0.57,10.87,260.0
牛肉酿豆腐,94.84,13.14,3.69,2.78,213.0
牛肉酿番茄,99.62,10.29,3.02,8.48,260.0
牛肉沙拉,146.25,13.48,8.01,5.75,253.0
牛肉山药浓汤,60.95,2.93,3.62,4.42,402.0
牛肉蔬菜浓汤,46.15,4.11,1.24,4.95,676.0
牛肉蔬菜汤,55.06,5.93,1.7,4.14,445.0
牛肉什蔬汤,52.5,6.64,0.79,5.01,360.0
牛肉蔬菜燕麦粥,42.96,4.15,0.86,5.04,142.0
牛肉水饺,177.18,13.13,2.79,25.66,298.0
牛肉丝炒四季豆,75.71,11.26,1.78,4.91,210.0
牛肉汤米糊,101.25,2.76,0.51,21.61,80.0
牛肉汤泡饭,81.23,4.7,1.63,12.79,325.0
牛肉窝蛋,208.54,23.54,10.68,4.91,164.0
牛肉馅饼,163.35,12.01,2.63,22.79,322.0
牛肉小土豆,130.77,10.91,4.82,11.15,221.0
牛肉玉米豆腐羹,114.9,13.06,3.95,7.25,255.0
牛肉芋头丁,80.46,7.39,1.78,8.86,348.0
牛肉杂蔬汤,34.26,5.09,0.63,2.41,470.0
牛肉蒸包,143.12,10.5,4.4,15.7,443.0
牛肉蒸饺,167.72,19.33,4.72,12.35,127.0
牛肉汁蒸山药泥,85.0,11.6,1.35,6.85,200.0
牛肉芝士汉堡排,135.99,12.49,7.87,4.01,314.0
牛肉粥,52.91,4.26,0.26,8.48,327.0
咸鲜牛肉粥,61.54,6.4,1.57,5.17,364.0
牛蹄花,60.0,5.55,2.75,2.77,730.0
牛头糕,323.13,11.93,3.0,63.86,134.0
牛五花烤肉饭,102.83,7.88,2.59,11.92,353.0
牛油果白肉鱼,150.72,13.31,9.86,2.53,138.0
牛油果调味酱,202.94,1.78,18.81,7.49,68.0
牛油果鲑鱼,157.65,8.26,12.21,4.35,85.0
牛油果鲑鱼卷,133.33,6.57,5.11,15.58,375.0
牛油果海参卷,196.61,9.83,14.67,6.87,118.0
牛油果酱,171.0,2.0,15.3,7.4,50.0
牛油果奶酪烘蛋,220.56,11.58,17.39,4.57,107.0
牛油果培根蛋汉堡,243.33,6.7,22.12,4.92,210.0
牛油果三明治,220.0,7.86,9.13,27.01,170.0
清香牛油果三明治,219.73,8.45,10.91,21.73,147.0
牛油果三文鱼芒果沙拉,146.11,6.67,11.35,4.76,180.0
牛油果沙拉,112.14,1.91,8.27,8.18,173.0
牛油果酸奶碗,123.24,3.44,4.91,16.93,340.0
牛油果土豆米糊,86.0,1.89,1.21,17.12,150.0
牛油果西红柿蛋沙拉,134.19,5.16,11.0,4.23,155.0
纽奥良辣鸡翅,161.41,9.32,9.52,6.5,241.0
农夫米汤,174.16,17.3,8.09,8.7,418.0
农家打拌菜,37.76,2.28,1.88,3.58,331.0
农家萝卜圆,175.16,12.04,9.24,11.82,306.0
农家麻辣山鲜,57.14,3.43,2.16,7.88,238.0
农家木盆蒸鸡,121.83,11.35,4.54,9.46,197.0
农家茄子,161.22,7.26,12.41,5.6,196.0
农家三样爆肉丁,133.33,9.49,7.96,6.2,69.0
三鲜爆肉丁,134.78,9.51,7.96,6.9,69.0
农家杀猪菜,180.78,10.22,14.87,1.98,281.0
农家瓦缸豉油鸡,167.88,20.86,5.85,6.79,137.0
家常辣椒小炒肉,175.78,6.73,13.53,6.91,128.0
特色农家小炒肉片,302.38,12.58,25.52,5.85,126.0
农家玉米羹,201.3,10.43,5.9,28.45,77.0
农家芋丝,172.94,4.06,3.71,52.93,85.0
农家院,188.73,10.98,12.31,9.08,204.0
浓菜汤,29.11,0.82,2.22,1.72,158.0
浓汤牛肉素菜,40.67,5.64,0.64,2.93,445.0
浓香番茄大虾,80.12,11.05,1.48,5.56,171.0
浓香栗子鸡,156.63,13.63,4.27,15.81,166.0
浓香南瓜饭,84.58,1.84,1.01,17.35,253.0
暖身南瓜汤,47.86,1.22,1.68,7.2,234.0
暖身牛腩煲,110.27,15.09,3.83,3.71,146.0
番茄蔬菜汤,113.96,0.95,10.08,5.24,530.0
暖身羊腩煲,127.44,11.96,5.3,7.8,164.0
暖胃蔬菜汤,9.03,0.5,0.07,1.89,155.0
草莓燕麦粥,71.88,3.01,2.33,10.12,320.0
暖汁蔬菜,42.16,1.62,1.38,6.76,555.0
糯米八宝饭,408.97,8.82,22.68,44.71,78.0
糯米豆沙芝麻球,345.65,8.36,7.04,62.97,92.0
糯米桂花藕,150.0,3.75,0.46,33.65,152.0
糯米红薯饼,170.59,3.4,2.42,34.61,153.0
糯米鸡卷,127.45,11.99,3.73,12.16,204.0
糯米煎红枣,306.43,6.31,4.83,60.8,140.0
糯米金瓜,144.12,3.59,0.36,31.98,170.0
糯米卷尖,408.66,24.17,13.39,49.49,127.0
糯米馒头,364.52,13.03,3.23,71.95,155.0
糯米排骨,331.44,10.0,15.75,37.72,229.0
糯米肉丸子,308.51,11.24,19.49,22.21,141.0
糯米糖藕,154.84,3.68,0.45,34.91,155.0
糯米团子,299.62,11.72,15.02,29.68,264.0
糯米虾圆,211.16,12.84,1.09,37.37,215.0
糯米枣,312.75,5.98,0.74,72.1,102.0
糯米滋,344.52,7.95,2.96,72.18,146.0
糯香豆沙卷,343.59,7.34,8.12,60.97,117.0
糯香红薯饼,189.44,5.23,3.07,36.03,180.0
糯香鸡米参,134.1,10.14,1.33,20.54,390.0
藕粉,165.56,0.09,0.0,41.33,180.0
藕粉羹,186.5,0.1,0.0,46.5,200.0
藕粉糊,124.67,0.07,0.0,31.0,150.0
香甜藕粉糊,203.64,0.11,0.0,50.73,220.0
藕粉牛奶羹,117.86,2.74,2.47,21.3,140.0
奶香藕粉羹,63.7,1.85,2.0,9.61,270.0
藕蓉鲜虾肉饼,171.11,13.02,11.57,3.94,270.0
藕丝饼,204.39,4.98,2.05,42.34,205.0
藕丝炒鸡肉,109.77,12.13,5.08,4.26,174.0
藕香炖排骨,139.0,7.99,9.19,6.61,259.0
拍黄瓜,31.62,1.29,1.23,4.27,136.0
家常拍黄瓜,94.96,3.7,5.87,7.26,139.0
拍小萝卜,103.57,3.24,5.76,10.16,140.0
排毒减肥南瓜饼,173.22,7.3,1.16,34.31,183.0
排毒菌菇煲,93.93,7.25,0.77,17.02,214.0
芦笋培根汤,114.75,3.98,9.0,4.95,373.0
排骨白菜豆腐汤,73.99,4.05,3.54,6.75,373.0
排骨煲仔饭,297.86,10.76,11.26,39.16,140.0
排骨茶树菇汤,110.57,7.33,6.08,7.35,350.0
排骨炒粗面,231.48,10.16,8.23,29.62,359.0
排骨冬瓜薏仁绿豆汤,73.99,4.87,4.97,2.64,419.0
排骨炖藕,149.12,9.4,9.11,8.11,228.0
排骨炖芋头,173.93,7.52,12.02,9.22,257.0
排骨干豆角焖面,226.55,10.12,8.43,27.98,290.0
排骨海带豆腐汤,80.7,5.68,5.68,1.86,228.0
排骨焖扁豆角,139.75,8.81,9.9,4.87,239.0
排骨焖豌豆红萝卜,128.0,7.74,6.05,11.37,225.0
排骨木瓜汤,94.6,6.0,6.52,2.92,315.0
排骨烧马蹄,214.16,12.79,15.06,7.04,226.0
排骨疏菜汤,96.05,6.23,6.57,3.16,633.0
排骨双味,152.75,10.45,11.3,2.4,182.0
排骨酥,254.24,16.03,17.37,8.12,118.0
排骨汤面,128.57,6.62,7.06,9.64,455.0
排骨西洋菜汤,123.66,6.95,7.57,7.43,355.0
排骨煮白萝卜,207.3,8.53,18.06,3.12,274.0
螃蟹煲粥,62.5,6.29,1.06,7.04,496.0
螃蟹香米粥,61.65,4.52,0.73,9.38,206.0
螃蟹炒年糕,119.03,8.07,3.0,14.68,310.0
闸蟹炒年糕,128.47,8.18,3.49,15.62,144.0
螃蟹炖豆腐,90.87,7.78,5.12,3.88,230.0
螃蟹烩豆腐,94.8,10.57,3.94,4.36,250.0
胖墩出芽,95.55,6.58,5.34,5.98,472.0
泡菜猪肉沙拉,241.7,10.52,21.49,1.94,235.0
泡椒鸡爪,165.34,14.7,9.53,5.88,176.0
泡椒牛肉丝,104.83,15.03,3.88,2.74,145.0
泡椒蒸花螺,92.7,15.0,0.88,5.91,137.0
培根波菜饭,243.07,7.2,18.22,13.7,274.0
培根脆瓜片,144.57,5.51,6.13,21.29,175.0
培根冬瓜卷,49.57,1.66,3.62,3.27,351.0
培根高丽菜苗,142.18,3.93,11.54,6.04,147.0
培根黄瓜意大利面,257.41,7.02,15.45,22.81,317.0
培根鸡蛋,267.97,12.48,22.89,3.02,153.0
培根韭菜卷,229.73,7.96,20.45,4.29,148.0
培根牛油果蔬菜卷,292.0,6.69,27.54,5.1,100.0
培根蔬菜蛋卷,178.82,9.62,14.41,2.73,85.0
培根蔬菜捲,122.89,3.71,8.85,8.04,284.0
培根薯饼,259.3,9.01,19.82,11.48,172.0
培根双色花,221.6,8.05,19.65,3.8,213.0
培根虾仁炒芦笋,128.16,6.88,7.45,9.19,309.0
培根鲜奶油蘑菇酱,510.87,2.93,54.48,2.43,184.0
培根小白菜,142.93,4.37,12.57,3.76,198.0
培根银芽煎饼,208.39,9.92,11.98,15.65,274.0
培根芝士蛋堡,209.6,11.44,7.16,24.98,250.0
喷香芝麻茄子条,57.09,2.13,3.0,5.27,289.0
盆盆虾,99.67,15.05,2.02,5.56,303.0
彭城鱼丸,164.92,13.27,8.41,9.24,305.0
皮蛋豆腐,135.19,8.74,9.67,3.78,162.0
咸香瘦肉皮蛋粥,164.66,7.9,9.94,10.95,232.0
清香皮蛋瘦肉粥,76.67,5.1,2.06,9.47,90.0
皮皮虾爆圆白菜,60.31,9.92,0.88,3.1,262.0
枇杷排骨汤,110.73,7.21,7.87,2.81,261.0
枇杷水,20.5,0.4,0.1,4.65,200.0
啤酒焖牛肉,95.12,8.24,3.36,6.45,328.0
啤酒烧大虾,120.6,10.11,3.95,9.01,199.0
啤酒烧牛肉,97.0,14.75,2.4,4.11,300.0
啤酒烧排骨,232.8,15.07,16.59,5.94,125.0
啤酒蟹,73.49,8.63,1.49,4.07,298.0
飘香鸡翅,101.43,8.47,4.37,7.76,279.0
飘香鸡排,181.73,13.73,1.4,25.49,104.0
飘香牛肉,86.94,10.45,1.22,9.34,268.0
飘香盆盆虾,56.01,6.03,1.79,4.49,391.0
飘香酥子鸡,200.86,18.39,12.71,3.47,116.0
飘香鲜鱿花,109.77,14.08,3.25,5.95,266.0
飘香银鳕鱼,212.58,17.31,13.26,7.06,159.0
平安团圆羹,132.96,3.07,0.51,33.52,270.0
平菇炒翠笋,49.38,1.91,2.3,6.3,243.0
平菇炒肉,123.66,5.23,9.14,6.41,93.0
平菇烩鸡肉,89.88,8.56,4.32,4.91,168.0
平菇焖茭白,37.17,1.58,1.41,5.63,269.0
平菇肉末汤,22.47,1.35,1.26,1.93,534.0
平菇烧肉,187.5,7.88,15.43,4.7,224.0
平菇蔬菜粥,66.84,1.87,0.27,14.78,190.0
平民的蟹黄豆腐,150.48,7.53,11.19,5.04,313.0
苹果果冻,63.46,0.42,0.19,16.12,52.0
苹果海带排骨汤,104.96,6.67,7.3,3.31,282.0
苹果合子,140.58,5.69,4.73,19.19,377.0
苹果黑枣排骨汤,118.98,6.85,7.45,6.59,332.0
苹果胡萝卜泥,44.34,0.74,0.2,11.34,212.0
苹果糊,69.52,1.28,0.2,16.25,210.0
香甜苹果糊,40.13,0.26,0.13,10.32,152.0
苹果梨香蕉粥,72.96,1.16,0.19,17.21,355.0
苹果柳橙稀粥,67.08,1.2,0.2,15.64,240.0
苹果红薯米糊,96.18,0.36,0.26,23.88,340.0
果香红薯米糊,48.65,0.83,0.15,11.62,185.0
香甜苹果米糊,89.68,3.03,2.32,14.43,155.0
苹果泥,53.0,0.4,0.2,13.7,40.0
苹果柠檬盅,51.25,0.96,0.45,11.57,80.0
苹果牛奶粥,47.04,1.16,0.43,10.06,270.0
苹果藕粉羹,182.0,0.32,0.12,45.42,50.0
苹果沙拉,77.6,0.94,0.57,17.83,125.0
苹果薯泥,56.0,0.5,0.2,14.23,150.0
苹果薯团,58.68,0.55,0.21,15.01,121.0
苹果水,26.5,0.2,0.1,6.85,200.0
苹果汤,26.5,0.2,0.1,6.85,200.0
苹果土豆粥,72.34,1.56,0.2,16.68,235.0
苹果兔子,53.0,0.4,0.2,13.7,50.0
苹果西红柿汁,26.34,0.32,0.1,6.59,205.0
苹果稀粥,62.93,1.12,0.19,14.76,205.0
苹果洋葱猪排,97.34,8.16,3.8,8.12,376.0
苹果银耳瘦肉汤,106.65,3.97,7.08,7.68,346.0
苹果鱼汤,157.92,9.43,11.95,3.31,423.0
苹果玉米粥,141.2,3.66,2.68,28.2,250.0
苹果汁,24.54,0.2,0.17,5.98,163.0
鲜榨苹果汁,26.5,0.2,0.1,6.85,200.0
苹果粥,59.19,0.91,0.18,14.16,223.0
葡萄干炒饭,171.21,7.48,5.97,22.05,323.0
香甜葡萄干炒饭,173.46,7.45,6.26,21.98,324.0
葡萄干发糕,362.26,13.92,2.6,72.11,53.0
葡萄干果粥,183.83,3.25,8.65,24.01,167.0
葡萄干米饭,348.0,7.04,1.24,78.02,50.0
葡萄干香米饭,390.0,9.68,9.15,68.77,60.0
葡萄干茉莉糯米粥,34.53,0.62,0.07,7.92,333.0
葡萄干柠檬豆浆,26.81,1.64,0.79,3.76,235.0
柠香葡萄干豆浆,40.43,1.7,0.76,7.04,235.0
柠檬葡萄干豆浆,52.65,1.73,0.74,10.16,245.0
葡萄干土豆泥,123.61,2.53,0.28,28.51,72.0
葡萄胡萝卜浓稠汁,22.22,0.36,0.15,5.24,225.0
葡萄胡萝卜汁,22.22,0.36,0.15,5.24,225.0
葡萄苹果汁,31.33,0.27,0.18,7.43,300.0
葡萄牙式豆汤,198.68,8.71,14.93,7.77,380.0
葡萄汁,30.0,0.27,0.2,6.87,300.0
普罗旺斯烤蔬菜,25.27,1.2,0.21,5.07,182.0
七彩烘蛋,155.33,8.83,10.65,6.8,150.0
七星丸,240.3,14.71,17.89,4.75,268.0
岐山臊子面,211.72,12.21,4.45,32.1,128.0
奇味拌生菜,105.76,5.92,7.11,4.91,191.0
奇香排骨,209.88,12.9,13.55,9.23,162.0
奇香小黄鱼,133.79,14.03,4.21,10.23,145.0
奇香羊排,142.99,17.67,6.28,4.0,107.0
奇香鱼头,133.33,11.55,7.93,4.67,243.0
旗鱼棒,271.0,20.8,16.1,10.7,120.0
旗鱼烩饭,146.0,6.88,3.46,22.23,150.0
旗鱼三明治,300.0,16.58,16.31,21.58,45.0
千层云耳,165.73,14.6,9.41,5.49,143.0
千张蒸肉卷,303.95,24.96,19.7,7.94,304.0
钱塘石榴鸡,145.72,13.64,6.99,7.38,304.0
乾煸四季豆,93.03,7.39,4.46,7.32,201.0
乾坤豆腐袋,123.09,8.36,6.96,7.2,459.0
乾隆白菜,63.83,2.85,3.94,4.94,141.0
特色乾隆白菜,54.95,2.56,3.1,4.58,91.0
芡实煲百合,74.45,2.7,2.5,10.49,407.0
芡实莲子饭,97.89,2.62,0.22,21.39,190.0
芡实莲子酿鸭,225.91,9.93,10.57,22.56,220.0
芡实虾仁,195.15,12.68,5.29,23.94,206.0
枪拌西兰花,48.81,3.76,2.44,4.95,168.0
炝白菜,88.64,1.28,7.57,4.54,176.0
炝拌双花,43.19,2.88,2.24,4.31,213.0
炝炒芦笋尖,59.24,2.66,3.63,5.61,184.0
炝炒双芋丝,79.15,1.05,2.43,14.29,235.0
炝炒紫甘蓝,68.8,4.37,4.42,3.74,125.0
炝苤蓝丝,35.38,1.98,0.22,7.16,130.0
炝锅咖喱腰片,75.68,7.82,3.42,3.66,222.0
炝锅鱼,76.14,7.35,4.64,1.23,394.0
炝黄豆芽,66.87,3.33,4.16,4.81,166.0
牛肉拌苦瓜,147.83,15.85,7.24,5.0,207.0
炝双仁地耳,294.03,11.33,9.51,52.44,134.0
炝土豆丝,107.83,2.41,3.83,16.75,115.0
炝莴苣腐竹,234.82,15.53,13.17,15.49,224.0
炝西兰花,38.6,3.31,1.98,3.67,215.0
炝鲜蘑腐竹,323.42,29.89,15.72,16.34,158.0
炝苋菜,62.07,2.64,3.11,7.0,116.0
炝香鱿鱼须,108.81,12.18,4.19,5.43,159.0
炝油麦菜,38.71,1.57,2.38,3.88,155.0
炝圆白菜,52.54,2.25,2.9,5.21,118.0
炝大头菜,51.25,1.71,2.78,5.66,279.0
荞麦豆浆,66.39,3.63,1.5,10.41,122.0
香甜荞麦豆浆,63.64,3.66,1.51,9.68,121.0
荞麦饭,172.0,4.47,0.92,37.0,100.0
巧克力曲奇,316.67,12.31,19.1,24.65,144.0
茄丁打卤面,233.14,7.19,5.57,39.08,175.0
茄瓜牛肉,94.02,9.96,2.98,7.14,234.0
茄酱排骨,151.48,8.26,10.82,5.73,237.0
茄泥,58.9,1.05,4.3,4.7,73.0
茄泥肉丸,166.29,8.72,13.12,3.41,264.0
茄烧豆腐,64.73,3.31,3.98,4.24,275.0
茄汤焗香鸡,86.85,8.52,3.94,3.47,251.0
茄汁菜花,24.85,1.68,0.2,5.09,169.0
茄汁烧菜花,49.12,1.92,2.82,5.17,114.0
西红柿菜花,42.11,1.43,2.81,3.83,114.0
茄汁大虾,129.93,14.16,2.44,13.02,147.0
茄汁豆腐,129.18,10.94,4.05,12.84,305.0
茄汁豆角焖鸡丁,91.3,11.8,2.26,6.43,230.0
茄汁炖蘑菇,64.03,3.31,2.27,8.22,139.0
茄汁鳜鱼,119.79,16.14,4.9,3.15,192.0
茄汁黄豆,206.56,15.16,9.13,19.56,122.0
茄汁烩肉饭,217.52,6.82,5.1,36.74,137.0
茄汁鸡翅,201.5,12.92,8.34,19.16,266.0
茄汁鸡片,172.34,14.98,9.05,6.61,141.0
茄汁溜鸡片,122.0,10.9,4.86,9.22,50.0
茄汁鸡肉饭,101.53,8.03,0.68,16.07,196.0
茄汁茭白,83.33,1.42,4.32,10.47,120.0
茄汁牛肉饼,192.61,19.47,9.67,6.58,176.0
茄汁青鱼,119.33,17.39,3.55,4.44,119.0
茄汁三丝鳜鱼卷,133.13,11.81,7.76,4.36,332.0
茄汁烧海虾,111.89,15.28,2.32,7.52,185.0
茄汁海虾,148.94,15.0,5.98,8.77,94.0
茄汁烧花菜,59.62,1.78,2.12,9.67,156.0
茄汁铁板猪排,235.15,9.79,20.57,3.01,165.0
茄汁土豆泥,82.45,2.0,2.85,12.73,188.0
茄汁娃娃菜,33.46,1.47,1.68,4.1,272.0
茄汁虾仁,117.8,9.43,1.21,17.46,118.0
茄汁烩虾仁,165.84,14.75,2.36,21.59,161.0
茄汁鲜鱿,128.19,9.95,8.18,4.01,188.0
茄汁鳕鱼,114.33,9.76,3.24,11.97,356.0
茄汁炖鳕鱼,94.95,9.38,2.26,9.78,277.0
茄汁鸭肉,170.0,7.26,11.98,9.06,50.0
茄汁鱼片,92.73,8.43,5.73,1.41,220.0
茄汁杂蔬豆腐汤,49.15,4.11,1.28,6.17,470.0
茄子炒豆角,73.08,2.77,4.82,5.75,130.0
茄子炒豇豆,50.23,1.62,2.53,6.2,215.0
茄子炒肉,153.33,4.78,11.4,8.82,45.0
茄子豆腐煲,67.47,2.9,3.61,6.63,166.0
茄子炖牛肉,96.3,8.78,4.74,5.37,54.0
茄子炖鱼头,69.47,7.76,1.98,5.36,226.0
茄子泥,22.77,1.09,0.2,4.85,202.0
鲜蒸茄泥,23.53,1.08,0.2,4.8,51.0
蒸茄泥,22.77,1.09,0.2,4.85,101.0
茄子肉末豆腐（罗勒版）,206.28,8.78,16.96,5.04,223.0
芹菜白萝卜汁,12.17,0.56,0.08,2.91,345.0
芹菜糙米粥,49.36,1.26,0.39,10.63,156.0
芹菜柴火香干炒肉,324.73,12.77,27.59,8.58,93.0
芹菜炒百合菜,96.47,1.86,2.51,17.81,85.0
芹菜炒蛋,114.57,8.35,7.27,4.32,199.0
芹菜炒鲷鱼片,103.64,9.8,2.77,10.81,220.0
清炒腐竹香芹,100.78,8.56,4.34,7.62,128.0
芹菜炒黄豆,118.62,8.11,5.53,11.23,145.0
芹菜炒莲子,61.29,1.02,4.19,5.97,124.0
芹菜炒鳝鱼,106.77,10.58,3.71,8.09,192.0
芹菜炒银芽,51.07,2.72,2.55,4.83,233.0
芹菜豆腐干,97.19,5.26,5.08,8.19,178.0
芹菜豆腐鸡蛋汤,62.5,4.76,4.04,2.49,168.0
芹菜干贝汤,42.86,3.14,2.23,2.82,266.0
芹菜干丝,76.59,4.53,3.9,6.67,205.0
芹菜荷兰豆炒牛肉,89.77,7.32,3.71,6.78,176.0
芹菜胡萝卜炒香菇,40.62,1.26,2.09,5.17,160.0
芹菜辣炒三鲜,83.53,14.35,2.05,1.97,419.0
芹菜牛肉丝,86.9,13.17,1.57,4.87,168.0
芹菜烧豆腐,88.95,4.65,4.94,7.34,172.0
芹菜土豆饼,135.91,4.85,6.67,14.49,181.0
芹菜虾皮燕麦粥,57.59,4.59,0.3,9.54,191.0
芹菜香菜牛肉煎饺,136.78,12.81,1.62,18.26,242.0
芹菜香肠沙拉,166.82,5.58,12.72,7.91,211.0
芹菜香干,96.73,5.65,5.78,6.08,153.0
芹菜小米粥,39.35,1.03,0.33,8.51,155.0
芹菜鸭条,61.32,7.92,1.3,4.67,212.0
芹菜腰果炒香菇,137.54,5.27,9.09,10.08,285.0
芹菜叶胡萝卜肉末蛋饼,160.43,9.01,7.55,14.95,369.0
芹菜叶胡萝卜肉馅包子,182.79,8.25,8.16,19.72,459.0
芹菜猪肉水饺,230.13,9.95,10.85,24.06,302.0
芹黄牛肉片,100.38,11.29,3.17,6.75,266.0
青菜豆腐炒肉末,105.94,5.66,8.33,2.93,286.0
青菜豆腐海鲜汤,33.33,2.28,2.19,1.38,72.0
青菜豆腐猪肝汤,32.86,2.06,2.2,1.81,70.0
青菜海米烫饭,137.78,8.59,2.84,19.53,135.0
青菜面,69.06,2.72,2.71,8.81,223.0
青菜木耳豆腐汤,26.19,1.79,1.63,1.57,126.0
青菜烫饭,127.74,7.72,3.21,17.11,155.0
青菜蒸豆腐,124.0,6.71,7.36,8.71,75.0
青菜粥,55.91,1.87,0.26,11.93,220.0
青菜猪肝粥,79.67,7.28,2.46,7.36,246.0
青葱芦笋牛肉卷,60.47,8.03,2.21,3.15,172.0
青豆豆浆,169.64,11.7,8.0,14.7,56.0
青豆红萝卜鸡丁,131.28,14.05,6.53,4.41,195.0
青豆胡萝卜馅饼,139.6,6.52,4.05,20.03,755.0
青豆鸡丁炒饭,121.43,7.75,2.42,17.32,280.0
毛豆鸡丁炒饭,121.43,7.75,2.42,17.32,280.0
青豆米饭,302.0,8.38,1.26,64.94,50.0
青豆排骨汤,127.24,8.86,7.47,6.48,323.0
青豆烧冬瓜鸡丁,86.38,11.13,2.88,4.59,323.0
青豆烧茄子,92.69,6.74,3.79,9.25,219.0
青豆土豆烧鸡腿,137.02,14.49,6.11,7.01,235.0
青瓜炒肉片,90.74,2.91,5.06,8.33,216.0
青瓜虾仁,85.71,6.92,1.34,11.7,196.0
青瓜腰果虾仁,152.02,12.3,3.97,17.23,198.0
青瓜玉米胡萝卜鸡肉炒,108.0,9.93,3.21,10.59,125.0
青瓜云耳炒肉,195.61,5.98,13.59,13.52,114.0
青红叉烧小炒,111.59,10.74,4.86,6.64,207.0
青红椒拌卤豆干,228.46,12.72,15.88,9.62,130.0
青红椒牛肉丝,163.78,13.27,7.87,10.6,196.0
青红椒土豆丝,94.18,2.46,2.85,15.29,189.0
青红萝卜炖牛腩,91.48,10.69,3.2,5.6,223.0
青红萝卜排骨汤,118.85,6.87,7.79,5.87,313.0
青花椒鲍鱼仔,85.09,9.72,2.18,6.95,228.0
青花椒炖童子鸡,237.57,13.98,18.71,3.45,173.0
青椒煸鸡杂,123.81,12.71,6.2,4.62,210.0
青椒炒鸡丝,107.01,9.36,4.32,8.13,157.0
青椒炒皮蛋,148.03,7.72,8.38,12.31,127.0
青椒炒鳝丝,94.93,13.02,2.44,5.26,217.0
青椒炒鸭片,71.96,5.72,2.86,5.92,189.0
青椒豆腐,63.41,3.78,2.38,7.96,246.0
青椒鸡丁,100.0,10.79,4.38,4.46,240.0
青椒鸡丝,106.12,9.65,5.69,4.16,49.0
青椒墨鱼卷,82.41,7.67,3.4,5.83,108.0
青椒墨鱼肉丝,89.86,12.53,2.43,4.63,207.0
青椒墨鱼丝,77.19,9.24,1.81,6.38,263.0
青椒酿虾蓉,93.43,7.37,1.86,12.29,350.0
青椒牛肉片,109.04,13.49,4.05,5.13,166.0
青椒肉末豆腐,262.75,16.43,20.33,4.1,51.0
青椒土豆炒羊肉,127.78,7.94,6.39,9.91,54.0
青椒土豆片,92.31,2.57,2.73,15.65,130.0
青椒土豆丝,75.97,2.01,2.14,12.79,154.0
青椒玉米,117.72,2.95,4.68,17.25,79.0
青辣椒炒玉米,109.28,2.81,3.29,17.48,194.0
青辣子炒鸡丁,142.01,13.49,7.04,5.93,169.0
青米肉末汤,83.93,3.64,7.37,1.05,392.0
青木瓜煲鲢鱼,96.67,7.92,3.28,8.8,120.0
木瓜煲鲢鱼,105.39,11.43,3.97,6.1,241.0
青木瓜黄豆煲猪蹄,105.47,8.52,6.59,3.35,311.0
青木瓜排骨汤,150.97,10.23,11.33,2.04,361.0
青蔬牛肉松,131.28,13.8,6.08,6.01,211.0
青蒜炒黄豆芽,84.72,4.01,5.03,6.83,216.0
青蒜炒香肠,359.63,15.76,28.52,10.3,161.0
青蒜炒猪肝,141.53,11.72,7.05,7.73,183.0
青蒜烧豆腐,136.48,6.19,9.87,6.47,318.0
青衣素心,49.05,1.98,2.67,5.13,210.0
东北名菜<锅包肉>,266.39,10.24,20.64,9.97,244.0
清拌腐竹,373.61,32.35,16.53,24.61,72.0
清炒按扣豌豆,132.69,7.12,3.16,20.38,104.0
清炒扁豆丝,29.41,1.94,0.22,6.41,68.0
清炒波菜,33.04,2.62,0.34,5.3,112.0
清炒菠菜,27.53,2.52,0.3,4.46,178.0
清炒菜心,40.69,2.75,1.95,3.93,204.0
清炒蚕豆,123.12,8.34,2.25,18.77,160.0
清炒豆苗上海青,46.58,2.84,2.9,3.55,219.0
清炒佛手瓜,43.85,1.24,2.46,4.88,130.0
清炒蚝肉,61.76,8.6,2.02,2.27,238.0
清炒胡萝卜荷兰豆,56.98,2.06,3.17,5.72,172.0
清炒茭白,72.73,1.25,4.82,7.36,44.0
清炒金针菇芦笋,47.6,2.49,2.61,4.84,208.0
清炒韭菜,39.81,2.72,1.83,4.64,206.0
清炒空心菜,44.23,2.12,3.07,3.85,104.0
清炒芦笋荷兰豆,47.37,2.53,2.53,4.6,171.0
清炒魔芋丝,216.92,4.92,5.34,65.85,130.0
清炒墨鱼花,104.27,13.52,3.38,4.92,117.0
清炒奶白菜,35.07,2.31,1.67,3.9,134.0
清炒藕尖,69.89,1.28,3.47,9.68,93.0
清炒平菇,48.78,1.83,2.1,6.37,164.0
清炒茄子,51.79,1.29,2.91,5.72,112.0
清炒三果,21.17,0.75,0.61,3.61,222.0
清炒三丝,56.42,9.03,0.7,3.35,358.0
清炒山药,85.22,2.03,3.74,11.42,115.0
清炒山药木耳,139.29,5.09,2.38,28.99,168.0
清炒山药茼蒿,80.0,1.73,4.69,8.44,45.0
清炒山药西蓝花,80.0,2.27,4.78,8.38,45.0
清炒山药花椰菜,80.0,2.27,4.78,8.38,45.0
清炒山药小白菜,77.78,1.56,4.69,7.93,45.0
清炒茼蒿菜,68.81,2.11,3.94,6.58,109.0
清炒豌豆荚,146.67,7.64,6.44,16.64,45.0
清炒莴笋片,68.18,1.16,4.77,5.95,44.0
清脆胡萝卜笋丝,59.91,2.2,2.38,9.93,227.0
清炒胡萝卜笋丝,16.67,1.0,0.12,3.2,222.0
清炒西葫芦,39.05,0.8,2.1,4.55,210.0
清炒西蓝花,80.0,2.27,4.78,8.38,45.0
清炒虾仁,150.88,11.26,2.2,21.34,171.0
素炒黄瓜虾仁,127.07,10.35,2.11,16.9,229.0
清炒虾仁瓜片,144.72,11.95,2.22,19.35,284.0
清炒虾仁黄瓜,152.63,12.02,3.09,19.13,190.0
素炒虾仁,130.61,9.87,2.47,17.19,147.0
清炒小白菜,68.18,1.34,4.86,5.77,44.0
清炒鱼丁,144.22,14.6,7.47,4.29,199.0
清炒玉兰片,172.31,5.13,1.62,37.67,260.0
清淡米汤,31.82,0.72,0.08,7.02,110.0
清淡去火汤,32.85,3.52,1.45,1.64,411.0
清炖花甲肉毛豆丝瓜,85.13,7.86,3.64,6.22,316.0
清炖鸡翅根,185.59,16.3,9.78,7.96,118.0
清炖姜母鸭,226.61,14.31,18.09,0.74,218.0
清炖毛豆小白菜,45.91,3.46,2.04,4.66,562.0
清炖牛肉汤,83.07,13.88,2.37,1.51,319.0
鲜炖牛肉汤,90.47,9.87,2.04,8.42,598.0
牛肉汤,87.36,8.91,2.02,8.68,182.0
清炖牛胸,115.06,5.99,9.21,2.37,684.0
清炖狮子头沙锅,245.05,12.75,20.37,2.7,273.0
清炖猪腰汤,39.03,6.05,0.71,1.94,351.0
清烩海参,68.1,8.53,3.14,1.35,210.0
清烩鲈鱼片,97.41,10.94,2.67,7.18,386.0
清烩虾仁,176.14,15.23,3.58,21.07,285.0
清凉西瓜盅,57.04,0.5,0.19,13.73,135.0
清卤干贝高丽菜,15.45,1.26,0.14,2.55,220.0
清润南瓜糖水,30.28,0.56,0.08,7.41,327.0
清烧鲈鱼,135.74,15.1,5.96,4.55,249.0
清烧鳕鱼,110.62,18.12,3.12,2.48,113.0
清水白菜,67.38,5.99,0.3,10.47,141.0
清水冬瓜汤,4.52,0.14,0.09,1.08,354.0
清水花菜,6.89,0.58,0.07,1.47,305.0
清水芦笋,12.22,1.13,0.08,2.41,450.0
清水肉烧炒茭白,50.86,2.33,3.8,2.26,405.0
清水洋葱白菜,7.77,0.84,0.09,1.49,373.0
清甜南瓜粥,48.44,1.27,0.14,10.85,225.0
清香彩椒菠菜,60.62,2.26,3.38,6.24,160.0
清香彩椒小白菜,23.18,1.37,1.13,2.89,233.0
清香蛋丝,91.43,6.93,4.24,7.32,105.0
清香豆腐,89.39,5.94,4.79,6.53,245.0
清香肉末蒸冬瓜,72.32,3.19,5.72,2.44,271.0
清香素肉卷,286.9,26.9,13.9,17.55,229.0
清炸黄鱼,136.73,12.27,3.38,14.08,245.0
清炸蛎黄,121.43,6.56,3.18,16.5,182.0
清蒸白立鱼,125.71,15.81,5.33,4.11,175.0
清蒸草鱼,133.33,12.83,8.77,0.73,102.0
清蒸大白菜,44.49,1.83,2.43,4.26,227.0
清蒸大响螺,98.26,13.86,1.96,6.3,115.0
蒸响螺,98.81,13.36,2.25,6.21,84.0
清香大闸蟹,96.73,11.66,1.91,7.29,245.0
清蒸阳澄湖大闸蟹,93.79,11.98,1.99,6.2,177.0
清蒸带鱼,105.8,17.04,4.06,0.0,207.0
清蒸冬瓜生鱼片,51.09,3.46,1.88,5.52,274.0
清蒸冬瓜盅,33.33,2.03,0.52,5.75,279.0
清蒸豆腐丸子,123.97,8.7,5.47,10.8,267.0
清蒸多宝鱼,113.85,13.35,4.75,4.48,130.0
清蒸干贝豆腐,69.16,8.45,2.78,3.26,107.0
蒸豉油桂鱼,127.37,16.91,6.36,0.77,179.0
蒸葱香桂鱼,142.27,15.8,8.45,0.76,97.0
清蒸海上鲜,106.43,17.22,3.23,0.89,171.0
香蒸河蟹,92.02,13.26,2.22,4.69,188.0
清蒸鲫鱼,128.09,12.43,6.42,4.85,178.0
清蒸加吉鱼,129.57,15.45,6.34,2.72,186.0
豉汁蒸加吉鱼,155.21,15.77,9.15,2.44,96.0
清蒸江团,139.81,12.76,5.79,9.11,216.0
清蒸莲花鸡,144.85,17.68,7.39,2.34,194.0
清蒸鲈鱼,112.03,14.41,5.65,1.22,133.0
葱香鲈鱼,98.72,16.03,2.95,1.89,235.0
清蒸平鱼,187.5,13.88,12.6,4.53,72.0
豉汁蒸平鱼,127.48,12.54,5.97,5.41,222.0
清蒸茄泥,76.11,2.76,4.84,6.35,113.0
清蒸肉蟹,91.07,14.8,2.79,1.38,168.0
清蒸扇贝,187.56,6.05,1.9,36.72,201.0
清蒸生蚝,76.68,10.0,3.59,1.16,223.0
清蒸狮子头,205.06,10.13,16.73,3.94,395.0
清蒸丝瓜,44.66,5.54,1.13,3.35,206.0
清蒸天鹅蛋,186.94,8.73,12.89,9.24,222.0
清蒸武昌鱼,120.43,14.3,5.77,2.55,279.0
豉汁蒸昌鱼,134.74,14.98,7.66,1.58,190.0
清蒸昌鱼,128.3,13.63,7.37,1.91,106.0
清蒸鲜虾狮子头,219.16,11.68,15.51,8.27,407.0
清蒸咸蛋黄狮子头,375.7,7.17,36.32,4.92,284.0
清蒸小龙虾,83.74,13.89,1.21,3.93,123.0
清蒸小排,289.22,16.47,24.8,0.0,102.0
清蒸鳕鱼,85.99,19.54,0.48,0.48,157.0
香蒸鳕鱼,134.0,19.6,6.0,0.42,100.0
蒸鳕鱼,84.11,19.21,0.5,0.83,107.0
清蒸鲟龙鱼,120.97,19.14,4.41,1.33,124.0
清蒸鲟鱼,110.31,18.43,3.47,1.55,97.0
清蒸鱼肉狮子头,118.75,9.45,6.23,6.64,480.0
清蒸鱼丸,115.79,8.87,2.4,15.17,247.0
清煮肉片,295.83,15.5,19.6,17.73,48.0
淸蒸三文鱼,119.85,13.69,6.02,2.15,131.0
秋葵拌鸡肉,73.47,10.94,2.19,3.56,245.0
秋葵炒鸡蛋,115.56,6.6,8.38,4.27,45.0
秋葵炒鸡丁,76.1,8.97,3.23,4.14,159.0
秋葵蕃茄炒鸡丁,94.93,12.11,3.28,4.78,217.0
秋葵肉卷,330.26,12.32,26.72,10.28,76.0
秋梨奶羹,93.25,2.33,2.29,16.29,163.0
秋夕芋头汤,55.7,6.05,2.29,2.94,465.0
全家福,112.0,15.08,1.0,11.54,275.0
全麦吐司沙拉,221.67,7.74,9.87,25.91,120.0
裙带菜拌米饭,130.83,7.77,0.6,26.34,120.0
裙带菜鸭血汤,72.26,7.8,0.98,9.69,483.0
裙带豆腐汤,33.77,3.05,1.2,3.84,151.0
瓤甜椒,129.41,7.2,9.17,4.78,187.0
瓤馅鸡胸,141.33,14.18,8.74,1.82,271.0
热炒大虾,89.15,14.87,0.68,5.62,129.0
热窝鱼,182.03,13.83,9.89,9.04,128.0
日式叉烧肉,282.14,7.14,22.43,16.36,28.0
日式炒牛肉条,43.96,4.2,1.54,3.97,91.0
日式地瓜馒头,279.8,8.39,8.08,44.55,198.0
日式厚蛋烧,176.6,13.09,12.92,2.05,188.0
日式煎饼,113.11,9.16,4.63,9.19,633.0
日式煎饺子,192.36,9.51,7.84,21.57,301.0
日式咖哩海鲜饭,62.99,7.17,1.58,5.14,308.0
日式浓汤,121.97,6.66,7.91,6.64,264.0
日式烧酿茄子,84.21,9.09,2.17,7.7,285.0
溶豆,142.72,3.26,1.8,28.49,103.0
肉炒芦笋,115.85,6.34,9.26,2.68,164.0
肉蛋豆腐粥,118.23,5.05,5.33,12.61,192.0
肉豆腐丸子,237.05,11.9,19.84,2.9,278.0
肉夹馍,332.73,15.47,14.89,34.95,110.0
肉酱花菜泥,118.82,5.9,6.87,8.89,287.0
肉酱拉面,341.25,7.58,13.84,48.06,160.0
肉酱面,255.85,10.1,17.81,14.32,188.0
肉卷饭团,129.09,7.1,2.64,19.21,165.0
肉龙,345.59,14.53,13.32,42.76,68.0
瘦肉粥,83.33,2.93,3.33,10.61,192.0
肉末粥,83.77,2.95,3.35,10.67,191.0
肉末包菜,138.73,5.25,11.2,4.74,173.0
肉末菠菜,83.48,3.8,5.7,5.02,115.0
肉末菠菜粥,158.82,5.78,9.99,11.49,102.0
肉末菜粥,71.0,3.1,4.65,4.29,331.0
肉末炒丝瓜,163.64,6.36,14.71,2.35,55.0
肉末大豆通心粉,226.24,9.41,12.26,20.75,141.0
肉末豆腐鸡蛋羹,178.48,11.22,13.72,2.38,79.0
肉末豆角,54.3,3.01,2.34,7.21,151.0
肉末豆角打卤面,217.28,7.06,8.96,27.77,243.0
肉末海带豆腐,165.1,6.91,14.58,1.83,149.0
肉末海带豆腐皮,260.78,16.51,20.29,3.69,51.0
肉末海带面,220.32,9.4,8.37,27.03,251.0
肉末烘蛋,218.75,12.28,16.0,6.78,96.0
肉末烘豌豆,115.76,5.81,7.54,6.5,387.0
肉末胡萝卜炒毛豆仁,248.54,11.4,20.27,5.87,171.0
肉末胡萝卜汤,47.7,2.05,3.52,2.43,174.0
肉末烩豆腐,144.68,14.89,7.96,4.47,47.0
肉末虾米烩豆腐,212.77,12.91,16.77,4.04,47.0
肉末炖豆腐,126.15,6.57,8.77,5.7,130.0
肉末烩豌豆,212.2,8.46,16.46,8.73,41.0
肉末家常豆腐,84.14,5.17,5.42,3.9,391.0
肉末煎茄子,167.96,6.8,14.24,3.18,206.0
肉末酱茄子,140.24,5.58,10.84,5.56,169.0
肉末芥菜粥,158.82,5.8,9.99,11.5,102.0
肉末卷心菜,125.31,5.73,9.43,4.72,162.0
肉末面条,270.13,7.75,7.47,43.71,77.0
肉末茄泥,139.87,5.69,11.94,2.88,153.0
肉末蒸茄泥,151.49,6.46,12.92,2.71,235.0
肉末茄子,182.38,7.74,15.87,2.44,210.0
牛肉末茄子,125.0,9.04,6.83,7.5,52.0
肉馅茄子,134.62,7.96,8.37,7.62,52.0
肉末青菜粥,157.84,5.73,9.99,11.38,102.0
肉末烧豆腐,135.59,6.97,10.63,3.1,222.0
肉末烧芋头,220.34,11.59,17.3,4.91,177.0
肉末碎面条,224.6,8.53,13.76,17.42,126.0
肉末西红柿鸡蛋,219.0,10.16,19.24,1.48,200.0
肉末西葫芦粥,104.57,4.08,7.11,6.22,460.0
肉末虾皮菜粥,103.5,3.85,4.28,12.61,200.0
肉末小白菜,123.08,9.12,6.87,6.73,52.0
肉末圆白菜,191.23,7.46,15.95,4.65,114.0
肉末炒圆白菜,96.68,4.73,7.29,3.43,211.0
肉末蒸蛋,179.49,10.9,12.21,6.41,39.0
肉末蒸冬瓜,112.7,3.02,9.7,3.78,63.0
肉末蒸茄子,177.0,8.1,15.15,2.45,100.0
肉末蒸嫰蛋羹,211.11,13.07,17.22,1.07,45.0
肉末蒸丝瓜,214.09,8.9,18.29,3.76,149.0
肉末蒸笋,208.0,10.1,18.14,1.44,50.0
肉末紫菜青豆粥,157.04,8.47,9.97,9.28,284.0
肉沫茄子,80.25,3.28,5.12,5.65,162.0
肉沫雪里蕻,136.46,7.28,9.45,6.31,181.0
肉片扒玉葱,111.28,3.97,7.2,8.27,257.0
肉片白蘑,290.57,22.67,15.4,18.32,244.0
肉片菜心,206.79,9.64,17.41,3.1,545.0
肉片地三鲜,62.44,3.62,1.75,8.64,213.0
肉片烧春笋,152.0,6.18,11.52,6.29,175.0
肉片烧茄子,73.01,2.9,5.09,4.24,163.0
肉片蒸南瓜,102.42,4.37,7.38,4.9,124.0
肉蔬糊,56.44,2.24,2.77,6.05,202.0
肉丝拌粉皮,270.09,11.45,23.07,4.26,214.0
肉丝菠菜粉,198.28,5.09,10.08,22.01,233.0
肉丝炒绿豆芽,105.53,5.0,8.51,2.64,416.0
肉丝炒米粉,215.85,7.34,6.27,32.82,284.0
肉丝炒青椒丝,243.23,10.16,21.48,2.87,155.0
肉丝炒素鸡,245.65,12.22,20.25,3.91,92.0
肉丝炒小白菜,110.82,5.14,8.49,3.45,194.0
肉丝大拉皮,147.9,10.22,8.59,8.35,357.0
肉丝茭白,106.14,3.93,7.45,6.4,277.0
肉丝卤黄豆芽,95.93,4.26,7.74,2.74,246.0
肉丝鲜花菜,249.42,16.27,11.36,23.11,257.0
肉丝雪菜,144.19,12.84,9.24,5.84,86.0
肉丝雪里红,134.94,12.88,8.62,4.52,166.0
肉松鲜豆腐,123.46,7.18,9.14,3.87,179.0
肉丸烧玉环,120.45,4.6,9.33,4.62,220.0
肉丸子烩豆腐丁,130.52,7.04,8.89,6.39,213.0
肉未炒豌豆,185.8,9.41,10.77,13.7,162.0
肉馅白菜卷,96.95,6.85,4.63,7.18,328.0
肉馅酿尖椒,131.4,5.33,9.02,7.66,172.0
肉馅酿苦瓜,179.17,7.59,14.0,6.05,216.0
肉馅蒸蛋,238.79,13.43,19.57,2.27,214.0
肉元茄子,173.12,7.51,11.29,10.65,320.0
肉圆冬瓜汤,106.85,5.28,8.76,1.95,569.0
肉蒸蛋,286.82,13.62,24.4,3.01,220.0
肉粽子,253.98,8.89,4.5,43.67,113.0
如意菜卷,202.22,7.53,17.91,3.69,45.0
如意豆干,146.86,6.98,9.87,7.62,175.0
如意卷,449.75,34.6,30.17,12.02,203.0
如意笋,96.3,12.65,3.08,4.51,297.0
乳鸽砂锅,181.49,3.79,9.48,20.43,443.0
乳酪大豆粉吐司,364.29,11.11,16.4,43.3,84.0
乳酪汉堡,259.84,11.62,18.67,11.59,127.0
乳酪咖喱油炸金枪鱼,230.14,16.12,13.1,12.36,73.0
乳酪烤鳕鱼,104.62,17.85,3.08,1.57,130.0
乳酪烤玉米,121.31,5.54,2.93,19.38,122.0
乳酪香蕉羹,123.0,7.27,5.39,11.8,400.0
乳酪洋葱胡萝卜汤,69.66,3.72,5.33,1.92,178.0
乳酥鳝丝,104.62,15.56,2.91,4.7,195.0
乳香肚丝,99.25,12.29,4.23,3.1,133.0
乳香花生鸭掌,194.18,24.49,6.56,9.6,189.0
入口即化爪,244.26,20.02,16.07,5.62,122.0
软煎鲅鱼,171.06,14.11,7.63,11.78,235.0
软煎牛肉,140.16,17.77,5.37,4.93,244.0
软烂牛蹄筋,50.0,4.62,2.31,2.64,228.0
软溜鸡片,102.08,12.62,2.52,7.94,337.0
软滑鸡片,131.33,13.88,4.13,10.13,166.0
溜鸡片,152.59,13.08,5.39,13.53,116.0
软溜鱼片,126.47,11.03,5.44,8.77,170.0
软熘大银鱼,91.41,11.99,3.23,3.92,384.0
软熘银鱼,110.07,10.3,5.91,4.38,139.0
软熘虾仁腰花,140.0,15.82,3.27,11.66,250.0
软烧仔鲇,82.18,8.68,3.99,2.37,348.0
软乌龙面,87.74,4.02,2.12,13.43,155.0
软炸蛎蝗,144.0,7.0,5.16,17.54,375.0
软炸牡蛎,193.43,9.5,8.01,21.25,137.0
软炸排骨,245.25,14.87,16.73,8.49,179.0
软炸肉丸子,253.28,10.3,19.4,9.79,274.0
软炸桃仁里脊,261.57,14.11,19.1,9.18,229.0
软炸虾,165.88,14.89,2.5,21.15,255.0
软炸虾球,145.49,12.73,0.47,22.91,255.0
软炸鱼条,111.11,16.44,3.28,3.2,396.0
软煮鲑鱼,100.0,6.9,3.93,9.14,58.0
软煮萝卜干,115.54,6.72,7.2,6.61,148.0
润燥木耳汤,94.07,3.16,3.16,15.73,135.0
赛鲶鱼豆腐,79.04,4.5,3.94,7.01,272.0
赛香瓜,61.18,0.53,0.3,14.84,152.0
三宝芙蓉蛋,149.57,13.58,8.94,3.77,115.0
三宝羹,88.89,2.27,0.33,19.97,90.0
三杯豆腐,94.66,5.6,5.6,5.68,131.0
三杯鸡,161.5,15.65,9.42,2.56,200.0
三杯鸡块,166.36,14.75,9.74,3.11,107.0
三杯杏鲍菇,37.46,1.41,0.92,6.59,291.0
三杯鸭,154.32,9.36,10.79,3.54,278.0
三彩拌银丝,278.87,1.65,1.63,65.86,71.0
三彩菠菜,177.26,7.06,2.28,32.58,277.0
三彩豆腐羹,49.41,2.44,1.14,7.86,170.0
三丁烩虾仁,148.15,14.4,1.05,20.32,324.0
三丁玉米,101.42,4.81,2.08,17.45,211.0
三果奶味冻,83.64,1.85,1.72,15.47,330.0
三河鸡翅,200.0,14.82,10.2,12.92,169.0
三黑养发粥,184.21,11.6,6.56,21.67,190.0
三黄鸡炖冬瓜,82.24,10.28,4.04,1.31,625.0
三椒爆牛肉,100.0,14.29,3.0,4.05,233.0
三明治双拼,186.79,6.97,6.15,26.62,265.0
双拼三明治,245.0,6.28,9.89,32.8,200.0
三明治套餐,213.36,8.52,7.76,27.36,262.0
三仁香粥,186.25,4.86,11.11,17.57,160.0
三色百合,130.25,2.98,0.17,29.91,162.0
三色拌菠菜,126.91,4.75,3.63,19.53,275.0
三色菜心,95.56,5.89,6.22,4.72,225.0
三色炒百合,152.0,3.67,1.42,33.51,175.0
三色炒鸡丁,106.81,14.16,3.31,5.3,367.0
三色豆牛油果烤蛋,236.89,9.55,13.83,19.82,122.0
三色饭,99.38,3.33,0.3,21.6,160.0
三色盖饭,173.26,4.21,8.87,20.15,172.0
三色花卷,335.0,14.45,7.75,54.5,20.0
三色皇子炒牛柳,92.38,10.83,2.84,6.39,315.0
三色烩黄鳝,128.57,10.72,6.74,7.24,98.0
三色鸡茸羹,63.98,6.73,2.45,4.0,347.0
三色菱形布丁,75.28,2.72,2.75,10.04,267.0
三色米汤,80.0,1.72,0.41,17.6,130.0
三色敲虾卷,71.71,7.05,3.1,4.32,410.0
三色四季豆,58.77,1.98,2.53,9.01,359.0
三色虾仁,134.26,11.84,2.81,16.15,432.0
三色虾仁炒蛋,151.45,12.59,5.21,13.75,276.0
三色玉米,102.06,3.61,2.9,16.87,97.0
三色粥,72.43,3.63,2.32,9.5,185.0
三丝炒肉丝,106.6,10.82,4.17,7.6,303.0
三丝豆苗汤,45.06,3.4,2.75,1.98,253.0
三丝凉拌豆芽,51.65,1.93,1.87,8.08,182.0
三丝木耳,283.33,12.73,23.62,5.96,192.0
三丝牛肝菌,36.5,3.32,0.74,4.8,263.0
三丝素鹅,274.65,23.1,14.2,15.79,71.0
三丝羊肉,135.56,8.58,6.24,11.5,135.0
三丝炸春卷,199.03,8.28,9.46,21.32,207.0
三丝猪肉,206.94,9.81,17.0,3.81,317.0
三丝紫菜汤,53.18,3.35,3.13,3.68,173.0
三味糯米糯,338.46,5.77,3.58,71.51,65.0
三味双瓜,37.5,1.13,0.12,8.26,176.0
三文鱼炒饭,137.61,6.71,4.49,17.74,234.0
三文鱼刺身,103.48,12.04,5.13,2.54,230.0
三文鱼刺身卷,104.72,12.25,5.2,2.55,106.0
三文鱼豆腐汤,54.94,5.34,3.03,1.8,435.0
三文鱼金针菇卷,101.27,10.67,5.39,2.91,315.0
三文鱼泥,164.52,16.65,10.77,0.0,31.0
三文鱼片,126.8,14.52,6.56,2.65,362.0
三文鱼肉松,121.67,14.52,6.7,1.03,120.0
三文鱼蔬菜汤,66.81,8.5,2.14,4.51,455.0
三文鱼什蔬汤,47.84,5.99,1.44,3.76,485.0
三文鱼头味增汤,53.23,5.49,2.84,1.61,464.0
三文鱼蒸饭,159.64,8.71,2.81,25.43,166.0
三鲜炒春笋,91.3,8.0,1.3,12.57,253.0
三鲜春笋,96.65,9.31,2.2,10.72,239.0
三鲜炒豆花,119.59,10.28,2.32,14.79,439.0
三鲜豆腐羹,91.24,9.89,3.44,5.87,354.0
三鲜馄饨,243.27,13.77,10.55,23.98,342.0
三鲜米线,94.68,5.59,6.1,5.22,94.0
三鲜面,208.55,11.56,1.45,37.4,117.0
三鲜酿南瓜,121.6,9.55,0.76,20.06,324.0
三鲜烧麦,223.01,13.75,4.63,32.38,226.0
三鲜水饺,275.07,15.44,8.01,36.64,369.0
三鲜饺子,263.36,13.16,11.3,28.1,292.0
三鲜素海参,152.94,6.55,2.95,31.2,255.0
三鲜汤面,183.16,7.38,10.29,15.47,380.0
三鲜土豆泥,96.3,6.62,3.08,11.27,189.0
三鲜馅饺子,165.71,9.74,2.5,31.2,210.0
三鲜鱿鱼,232.21,16.47,13.44,12.04,298.0
三鲜鱼肚,155.53,8.55,6.85,15.54,380.0
三元鲜贝,56.71,6.54,2.23,2.82,395.0
三汁焖鱼,151.9,10.15,6.09,13.32,158.0
三汁炖鱼,137.9,9.68,5.21,12.49,124.0
三汁烧鱼,107.32,11.28,3.96,6.01,123.0
桑仁粥,49.66,0.97,0.15,11.48,145.0
桑葚草莓果酱,40.4,1.23,0.34,9.17,250.0
桑葚枸杞蒸蛋羹,336.47,13.46,29.62,5.34,85.0
桑葚黑豆黑米粥,87.84,3.78,1.34,15.78,148.0
桑葚黑芝麻糊,178.97,5.17,8.3,22.29,195.0
桑葚芝麻糊,205.74,4.85,3.64,39.07,122.0
桑枣黑芝麻糊,252.69,6.16,5.21,46.33,167.0
桑葚薏米炖乳鸽,224.13,7.32,18.61,6.75,373.0
臊子凉粉,183.51,5.89,14.55,7.42,279.0
臊子面,190.97,10.81,3.51,30.1,144.0
沙茶墨鱼面,191.01,8.02,2.0,35.72,345.0
沙茶牛柳粒,104.11,15.0,2.7,5.07,219.0
沙丁鱼配黄油红薯,104.55,5.07,4.85,11.13,110.0
沙丁鱼丸汤,47.77,6.8,0.43,4.78,157.0
沙锅炖牛肉,99.74,14.39,2.95,4.18,388.0
沙锅腱子肉,79.58,11.62,2.53,2.76,426.0
砂锅黄豆猪蹄,260.85,22.75,17.06,4.85,378.0
砂锅鸭肉面,142.39,10.08,2.64,19.42,243.0
厦门炒米粉,190.13,5.69,2.45,36.87,304.0
山城辣妹子,292.75,12.02,25.22,4.29,207.0
山东包子,245.64,11.67,5.66,38.79,401.0
山东海参,106.71,12.04,4.94,3.78,149.0
山东煲海参,126.19,10.54,7.76,3.82,84.0
山东酥肉,159.9,16.66,7.88,5.83,192.0
山药百合虾仁,117.28,7.37,0.88,20.4,353.0
山药扁豆莲子粥,96.0,3.46,0.28,20.58,175.0
山药饼,143.93,5.77,0.89,28.95,305.0
山药炒虾仁,110.74,9.11,0.33,17.76,149.0
山药脆饼,213.81,6.96,2.81,41.12,268.0
山药大米粥,70.0,1.86,0.2,15.46,230.0
山药香米粥,99.31,2.58,0.53,21.25,145.0
山药蛋粥,51.11,3.27,1.68,5.96,270.0
山药炖乌鸡,87.45,12.41,1.68,5.76,239.0
山药炖猪小肚,96.48,9.98,3.14,7.56,341.0
山药糕,221.14,6.03,6.85,34.28,246.0
山药红枣粥,64.09,1.56,0.25,14.14,323.0
山药烩香菇,61.67,1.84,1.12,12.1,227.0
山药鸡丁,87.92,10.47,2.33,6.72,207.0
山药炒鸡丁,120.0,12.14,5.62,5.48,65.0
山药鸡丁米糊,83.69,6.85,0.58,13.02,325.0
山药鸡蓉粥,111.47,8.72,1.64,15.78,401.0
山药鸡米粥,106.32,3.67,0.37,22.31,190.0
山药鸡丝,80.1,6.24,1.01,11.85,206.0
山药鸡丝粥,114.67,5.36,1.08,21.13,518.0
山药煎饼烧,83.1,7.52,2.94,8.56,290.0
山药芥菜煲猪肚,83.78,9.79,3.09,4.29,259.0
山药莲子米浆,140.0,3.47,0.39,31.25,130.0
山药凉糕,102.4,1.73,0.19,24.1,125.0
山药麻油羊肉,113.53,12.93,4.39,5.0,303.0
山药木耳菠菜,76.76,4.09,1.57,14.69,185.0
山药木耳炒核桃,196.97,5.39,11.03,22.16,165.0
山药木耳核桃仁,167.34,4.76,8.94,20.17,297.0
香甜山药南瓜粥,60.0,1.9,1.58,9.7,330.0
山药酿豆腐,161.38,8.3,12.73,4.02,347.0
山药三明治,206.67,4.76,10.55,23.49,195.0
山药酥,105.95,3.34,3.71,15.65,168.0
山药蹄筋,111.67,20.46,0.91,5.33,180.0
山药西蓝花,61.71,3.78,1.73,10.47,175.0
山药鲜蔬汤,38.62,1.67,0.36,8.04,523.0
山药小排汤,88.0,4.67,6.38,3.1,400.0
山药杏仁羹,54.76,1.98,2.26,7.04,210.0
山药杏仁玉米汤,97.44,3.45,4.56,11.38,313.0
山药薏米芡实粥,71.03,2.12,0.29,15.28,290.0
浓香山药玉米粥,75.93,2.31,0.39,16.26,270.0
山药杂粮饭,112.14,5.45,2.12,18.81,280.0
山药芝麻饼,224.88,6.28,5.01,39.74,201.0
山药粥,70.0,1.86,0.2,15.46,230.0
山芋金钱饼,205.6,3.52,2.68,42.61,125.0
山楂菠萝炒牛肉,106.56,14.32,2.71,6.17,305.0
山楂糙米粥,95.83,1.97,0.73,20.84,120.0
山楂陈皮茶,202.86,2.06,0.54,49.51,35.0
山楂冬瓜饼,149.67,6.02,1.69,28.57,151.0
山楂豆泥,244.23,11.21,0.98,49.65,52.0
山楂马蹄鸳鸯卷,49.47,1.15,0.97,9.41,475.0
山楂藕片,70.85,0.92,0.35,17.45,247.0
酸甜山楂藕片,82.11,0.83,0.39,20.28,123.0
山楂肉干,295.8,11.1,25.42,5.97,143.0
山楂水,23.85,0.12,0.14,5.79,130.0
山楂消食粥,89.56,1.62,0.33,20.4,182.0
山楂银耳羹,64.15,0.71,0.35,15.95,212.0
山楂银芽,40.68,1.15,0.21,9.21,177.0
山竹梨汁,62.0,0.35,0.15,15.55,100.0
山竹西瓜汁,44.67,0.47,0.27,10.53,300.0
珊瑚白菜,41.6,1.97,1.64,5.36,351.0
珊瑚金针,130.19,5.99,5.4,15.59,212.0
珊瑚萝卜条,30.37,0.93,0.79,5.71,214.0
珊瑚藕片,56.13,1.2,1.14,11.66,212.0
珊瑚虾仁,120.0,10.6,2.34,14.33,430.0
扇贝粥,102.72,3.46,0.34,21.66,184.0
鳝鱼羹面,146.71,9.39,1.09,24.89,304.0
上海粗炒面,208.05,7.53,8.11,26.7,410.0
上海鸡丝炒面,158.81,8.77,2.53,25.65,420.0
上海酱鸭,234.91,13.74,18.4,3.63,232.0
上海青拌海米,84.48,9.1,4.22,3.03,116.0
小白菜拌海米,76.14,10.09,3.09,2.61,176.0
上海青炒牛肉,78.3,9.94,2.5,4.47,235.0
上海式白斩鸡,140.71,18.18,5.95,3.33,226.0
上海水煎包,102.1,4.58,1.0,19.43,334.0
上汤冬菜青瓜,74.17,4.99,4.34,3.94,360.0
上汤冬瓜,63.89,2.77,4.86,2.66,360.0
上汤奶白菜,17.94,0.88,0.4,2.93,340.0
粤式上汤娃娃菜,32.08,1.6,1.68,3.78,265.0
滋补上汤娃娃菜,7.4,0.91,0.11,1.2,338.0
上汤豌豆苗,28.5,2.47,0.85,3.31,214.0
上汤苋菜,43.75,2.89,2.18,3.49,416.0
鲜香上汤苋菜,35.01,1.72,2.01,2.82,357.0
家常上汤苋菜,35.01,1.72,2.01,2.82,357.0
上汤小笋,114.13,9.09,4.98,8.6,453.0
上汤银针粉,177.5,2.2,3.08,35.72,400.0
烧拌春笋,55.26,2.96,1.85,8.14,114.0
烧包菜丝,56.25,6.21,1.31,5.55,240.0
烧大肥肠,147.42,5.26,11.26,6.21,194.0
烧冬瓜肉丸子,101.38,3.91,7.98,3.91,218.0
烧二东,47.25,2.35,2.57,3.81,218.0
烧骨火文南瓜,97.87,5.15,6.47,3.04,422.0
烧黄鳝,100.62,17.02,2.25,3.14,322.0
烧家常豆腐,130.3,7.58,7.33,10.08,330.0
烧豇豆,80.36,2.34,5.64,6.86,112.0
烧罗汉面筋,252.83,12.08,2.21,48.03,318.0
烧蘑菇,44.36,2.32,1.63,6.23,133.0
烧南北,180.98,20.18,2.88,24.81,305.0
烧泥鳅,109.95,13.22,4.02,5.27,211.0
烧青豆,145.1,16.31,5.09,10.05,204.0
烧双冬,54.58,3.01,1.4,7.41,251.0
烧土豆丸子,157.88,6.14,5.42,21.9,368.0
烧鱼头,118.11,13.65,3.14,8.77,243.0
烧汁牛蛙腿,120.0,14.08,3.02,9.16,120.0
烧汁手抓骨,259.15,17.14,19.7,3.44,328.0
烧汁银鳕鱼,88.37,19.46,0.49,1.56,215.0
芍药虾饼,193.25,14.93,9.33,12.32,415.0
绍子海参,179.89,13.65,11.15,6.48,184.0
肉燥海参,168.24,12.68,9.98,7.45,85.0
绍子烧蹄筋,116.67,5.55,6.31,7.81,96.0
肉末烧蹄筋,154.04,7.3,10.16,7.56,198.0
什锦菜粥,135.84,4.3,0.89,28.33,332.0
什锦炒饭,178.13,7.31,6.56,25.21,439.0
什锦豆腐羹,105.45,6.23,6.95,5.35,165.0
什锦豆腐汤,54.79,3.89,3.27,3.16,511.0
什锦腐竹,100.56,8.12,4.77,7.49,359.0
什锦瓜丝,123.44,10.02,5.67,9.06,256.0
什锦果泥,68.8,0.76,0.16,16.78,125.0
什锦厚蛋烧,94.95,4.13,3.34,14.7,99.0
什锦烩饭,135.98,6.05,1.5,25.21,189.0
什锦烩面,179.21,6.36,0.53,37.86,101.0
什锦鸡丝粥,84.97,7.45,1.75,10.04,386.0
什锦豇豆,153.87,8.3,9.35,10.67,362.0
什锦焖饭,174.89,7.93,1.77,40.29,231.0
什锦面,187.36,6.1,1.53,38.11,182.0
什锦面片汤,142.91,6.56,3.65,21.54,557.0
什锦肉末,181.15,7.28,14.1,6.86,122.0
什锦沙拉,61.11,3.63,3.32,4.66,270.0
蔬菜什锦沙拉,126.34,6.9,9.05,4.69,186.0
什锦蔬菜沙拉,87.37,1.47,4.39,11.11,190.0
什锦烧烤猪肉,256.25,11.81,17.02,15.61,64.0
什锦蔬菜,108.28,9.53,4.73,8.27,326.0
什锦蔬菜汤,16.08,0.44,1.08,1.46,311.0
什锦水果羹,89.52,0.85,0.16,21.99,105.0
什锦水果沙拉,54.8,0.96,0.18,12.86,250.0
水果什锦沙拉,68.75,1.27,0.63,15.26,160.0
什锦素包,175.41,7.13,2.8,32.48,61.0
什锦包子,178.69,6.26,2.64,33.57,61.0
什锦西瓜盅,48.57,0.64,0.27,11.48,280.0
什锦小米粥,113.55,3.49,3.26,17.94,155.0
什锦小软面,207.44,10.17,3.94,34.19,121.0
什锦鸭丝面,150.25,7.68,1.14,28.18,400.0
什锦燕麦炒饭,219.57,10.85,7.09,29.82,184.0
什菌炒腐竹,150.22,11.84,5.73,13.84,446.0
神仙带鱼,67.26,6.52,3.69,1.92,339.0
神仙老鸭汤,72.56,4.56,5.61,1.07,215.0
生拌百叶,127.56,11.76,6.1,6.96,127.0
生拌彩丝,30.0,1.6,0.48,5.35,340.0
生爆花枝片,104.23,8.06,4.12,9.83,142.0
爆花枝片,89.39,10.34,1.66,9.34,424.0
生爆黄鳝片,87.02,14.31,1.64,3.54,393.0
爆炒黄鳝片,85.61,10.01,2.27,6.09,139.0
生爆螺片,138.61,15.66,3.59,10.95,158.0
生爆盐煎肉,234.56,10.73,19.24,4.58,408.0
炝爆盐煎肉,188.55,8.74,14.55,5.89,227.0
酱香盐煎肉,188.11,8.38,14.48,6.01,143.0
生煸豌豆苗,41.98,4.76,1.53,3.46,262.0
生煸鲜蚕豆,122.86,8.23,1.81,19.74,140.0
生菜包烤虾,101.75,9.94,1.11,13.48,343.0
生菜包肉,145.71,7.0,11.39,4.8,280.0
生菜鸡肉粥,59.5,4.24,1.2,8.13,200.0
生菜鸡丝面,110.06,9.58,2.04,13.55,517.0
生菜菌菇汤,8.16,0.99,0.13,1.15,380.0
生菜水,4.0,0.53,0.13,0.37,150.0
生炒蝴蝶片,111.34,15.81,2.49,5.15,238.0
生炒鸡翅,173.56,14.16,9.42,7.86,435.0
辣炒鸡翅,170.48,14.11,8.7,8.8,437.0
蒜香鸡翅,182.27,15.92,9.43,8.12,440.0
焖鸡翅,160.94,12.4,8.7,8.13,128.0
煲鸡翅,154.48,11.19,8.39,8.34,145.0
烧鸡翅,178.95,15.29,9.93,6.98,228.0
炒鸡翅,153.74,11.08,8.29,8.59,147.0
生炒鲜干贝,57.56,7.51,0.84,6.15,271.0
生炊麒麟鱼,132.41,16.05,6.37,2.32,216.0
生蚝刺身,66.86,10.23,1.72,2.73,175.0
生蚝凉拌刺身,63.29,10.29,1.8,1.68,79.0
生蚝豆腐汤,41.05,4.06,2.14,1.72,687.0
生蚝生菜汤,39.69,3.94,2.26,0.93,383.0
生蚝夏南瓜汤,22.08,0.83,0.14,4.87,231.0
生煎包,330.38,14.91,20.18,22.94,316.0
生煎肉,131.61,13.79,5.93,5.24,348.0
生姜红糖水,12.39,0.08,0.05,2.89,113.0
生姜梨水,39.02,0.46,0.06,9.95,205.0
生梨百合汤,40.91,0.31,0.1,9.95,220.0
生酮冰淇淋,236.19,2.78,23.22,4.14,105.0
生酮蛋披萨,240.4,16.08,17.33,5.14,250.0
生酮蛋仔煎,142.59,12.33,9.29,2.64,162.0
生酮蓝莓松饼,147.01,12.44,4.96,13.25,134.0
生酮牛油果牛奶,201.7,2.42,19.05,5.58,235.0
生酮巧克力布朗尼,258.2,13.51,17.46,12.68,189.0
生酮狮子头肉丸,279.24,14.91,23.98,1.08,236.0
生酮无奶拿铁,160.0,11.95,11.49,2.38,55.0
生酮油封鸭,252.52,15.06,21.29,0.19,139.0
生酮炸鸡,153.47,20.0,8.11,0.0,202.0
生酮芝士蛋堡,192.39,12.29,13.33,5.89,197.0
生鱼片拼盘,115.92,19.78,3.8,0.75,157.0
圣诞树沙拉,114.73,6.67,6.04,8.79,129.0
石锅拌饭,119.88,4.93,3.2,19.74,322.0
石锅肥肠,154.05,5.2,14.11,1.43,296.0
石锅桂鱼,91.61,12.03,4.32,1.2,274.0
石锅黄鳝,78.9,11.49,1.84,4.7,346.0
石锅墨鱼仔,109.65,13.99,3.49,5.46,114.0
石灰蒸蛋,150.0,12.15,9.22,4.97,116.0
时令水果,48.0,0.8,0.2,11.1,100.0
时令鲜藕粥,40.6,0.94,0.12,9.58,633.0
时蔬草鱼丸,100.74,13.25,4.43,2.05,403.0
时蔬蛋卷,80.19,6.99,4.17,4.7,212.0
时蔬菌菇汆鸡丸,125.0,14.25,1.08,14.49,104.0
菌菇汆鸡丸,121.57,19.32,1.48,7.68,204.0
时蔬排骨汤,127.44,8.67,9.53,1.74,430.0
时蔬虾仁,187.5,18.3,1.5,25.74,216.0
时蔬鱼丸,66.18,5.14,0.65,10.59,136.0
柿子椒炒鸡蛋,124.07,7.8,8.63,4.74,54.0
手扒羊肉（内蒙古）,173.05,14.05,11.11,4.42,141.0
手卷三明治,233.68,8.2,7.11,34.83,95.0
爆炒手撕大头菜,35.93,1.63,1.24,5.27,295.0
烧大头菜,33.89,0.98,1.87,4.24,180.0
手撕鸡,149.04,12.16,8.41,5.99,104.0
手撕鸭肉,90.0,15.0,1.5,4.0,100.0
手指饼干,217.44,13.55,5.32,29.54,195.0
手抓小汉堡,230.77,8.69,11.39,23.71,130.0
寿司卷,131.2,8.69,4.16,16.57,548.0
虾米瘦肉粥,70.14,3.19,2.74,8.23,355.0
蔬菜拌面,184.68,4.99,1.76,37.91,222.0
蔬菜饼,226.2,12.96,4.96,33.33,271.0
蔬菜煎饼,141.4,6.65,3.34,22.2,372.0
什锦蔬菜饼,140.76,8.09,2.74,21.84,211.0
蔬菜串,18.57,0.86,0.2,3.73,70.0
蔬菜蛋花粥,66.92,1.85,0.51,14.22,130.0
蔬菜蛋黄羹,54.42,4.13,2.17,5.59,215.0
蔬菜豆腐挂面,85.85,4.43,2.11,12.5,212.0
蔬菜豆腐泥,132.64,7.28,9.72,4.87,144.0
蔬菜豆腐味噌面,212.07,10.67,4.49,32.74,174.0
蔬菜骨汤面片,69.91,2.98,1.46,12.04,329.0
蔬菜荷包蛋三明治,187.8,9.08,5.64,25.39,123.0
蔬菜火腿蛋包饭,157.27,7.63,4.91,21.35,330.0
蔬菜鸡蛋卷,146.77,10.73,10.19,3.24,62.0
蔬菜咖哩饭,65.92,2.76,2.92,7.77,716.0
蔬菜凉拌面,187.05,5.57,1.65,38.66,193.0
蔬菜米饭饼,137.29,7.64,3.82,18.37,177.0
蔬菜米汤,60.36,1.71,0.18,13.61,280.0
蔬菜牛奶羹,42.14,3.21,1.6,4.49,280.0
蔬菜肉酱,125.97,16.09,5.63,2.85,258.0
蔬菜肉末面,153.5,5.07,3.25,26.24,200.0
蔬菜沙拉,70.48,2.06,4.28,6.79,210.0
蔬菜汤,8.92,0.48,0.08,2.1,157.0
蔬菜咸饼干,152.94,7.05,2.6,26.56,187.0
蔬菜玉米麦片粥,73.16,2.48,0.45,15.64,380.0
蔬果沙拉,61.11,0.77,0.42,14.63,180.0
蔬果虾蓉饭,70.0,5.07,0.28,12.45,260.0
薯泥鱼肉糕,179.41,7.53,12.03,10.62,34.0
薯仔饼,240.74,5.38,3.31,47.7,108.0
双白玉粥,45.0,1.36,0.14,9.78,180.0
双白粥,45.0,1.36,0.14,9.78,180.0
双冬扒豆苗,40.45,2.93,1.5,4.4,267.0
双冬黄焖鸡,86.99,9.95,3.67,4.11,246.0
双冬焖排骨,181.94,12.67,13.25,3.21,310.0
双冬氽肉丸子,120.86,9.6,6.2,6.98,374.0
双冬虾仁,66.56,3.75,1.61,9.18,314.0
双豆炖肉,293.24,16.77,16.7,20.57,222.0
双豆小米豆桨,161.29,9.38,3.97,23.82,93.0
双豆猪蹄汤,158.67,11.76,7.13,12.2,271.0
双耳炒黄瓜,36.02,1.5,0.28,8.45,161.0
双耳炝黄瓜,77.3,3.27,1.18,16.66,141.0
双耳蒸冰穂,292.0,8.84,1.16,73.04,25.0
双菇扒荠菜,39.85,2.69,0.25,7.44,261.0
双菇糙米饭,96.86,3.53,1.87,17.38,159.0
双菇炒肉片,199.54,18.29,9.56,13.26,219.0
双菇炒鸭血,133.12,16.05,1.65,15.43,311.0
双菇蛤蜊汤,74.46,10.04,0.93,8.65,462.0
双菇烩蛋黄,41.81,3.24,2.39,2.22,397.0
双菇龙骨汤,158.86,11.04,11.4,3.14,542.0
双菇肉丝,130.62,13.61,5.71,6.24,320.0
双菇鳝丝,56.08,7.91,1.58,2.97,378.0
双菇猪排粥,97.95,5.68,5.33,7.02,390.0
双果猕猴桃沙拉,89.55,1.71,4.79,10.72,220.0
双花菜泥,24.0,2.6,0.4,3.95,100.0
双花炒肉丝,181.45,8.26,14.73,4.72,221.0
双花鸡肉饭,123.59,6.92,2.46,18.89,301.0
双椒炒红薯叶,60.0,2.83,3.52,5.97,60.0
双椒炒鸡条,110.73,17.57,2.63,4.54,233.0
双椒炒芥菜,77.05,2.62,5.43,5.54,61.0
双椒炒小白菜,31.07,1.37,1.77,3.65,206.0
双椒炒猪肝,108.58,14.65,4.31,3.21,268.0
双椒蹄筋,48.21,3.76,1.19,5.86,195.0
双椒童子鸡,123.65,17.72,2.9,6.61,148.0
双椒香菇,62.03,1.94,2.96,8.29,187.0
双椒羊肉,110.1,11.7,5.08,4.64,198.0
双菌南瓜豆腐汤,47.03,4.8,1.57,4.43,455.0
双料豆浆,60.0,4.72,1.4,8.02,120.0
双色菜花,36.7,2.64,0.38,7.25,109.0
双色菜花汤,33.57,2.94,1.9,1.91,414.0
双色花菜,23.5,2.6,0.4,3.95,200.0
双色花卷,380.77,15.67,7.38,64.63,52.0
香甜黑米花卷,360.23,14.28,3.58,69.31,88.0
双色金银丝,57.03,1.04,0.98,11.84,256.0
双色馒头,302.72,12.72,3.14,57.33,257.0
双色鱼肉水饺,99.32,6.57,1.5,15.67,439.0
双色玉米面馒头,377.06,13.95,5.78,69.09,109.0
双色元宝,184.86,6.14,10.01,17.29,185.0
双笋拌茼蒿,47.2,2.38,2.48,4.73,322.0
双味地瓜,144.02,10.7,4.6,16.54,259.0
双味鳜鱼卷,73.2,8.84,2.47,4.12,306.0
双味毛豆,156.91,12.32,7.4,12.23,123.0
双味太极里脊丝,151.3,16.62,7.88,4.15,269.0
双味鱼头,99.35,15.27,3.76,1.02,307.0
双鲜会,132.54,12.29,6.93,5.37,335.0
双鲜凉拌豆芽,32.14,1.42,1.33,4.35,168.0
双鲜墨鱼仔,45.29,5.87,1.07,3.39,680.0
双圆甜汤,51.82,1.1,0.16,11.88,440.0
爽脆回甜泡黄瓜,29.44,1.09,1.15,3.84,214.0
爽脆西芹,27.67,0.59,0.74,5.94,159.0
爽口胡萝卜芹菜汁,25.0,1.02,0.26,5.8,320.0
爽口手撕椒麻鸡,130.12,16.73,5.61,3.64,249.0
爽口凉拌莴笋,93.6,8.58,3.83,7.47,344.0
爽口萝卜皮,80.36,1.61,3.58,10.99,168.0
爽口西芹,55.17,1.46,1.03,11.02,145.0
爽口鲜果饭,221.95,5.74,3.57,42.86,205.0
爽口樱桃萝卜,13.04,0.92,0.11,2.8,207.0
水炒蛋三明治,274.34,10.11,13.04,29.27,113.0
水川长面,196.09,10.66,4.35,28.94,128.0
水豆腐花汤,20.97,1.58,1.01,1.85,329.0
水果拌豆腐,69.09,2.96,2.15,9.82,55.0
水果豆腐沙拉,65.64,3.22,2.46,8.46,195.0
水果核桃燕麦酸奶碗,161.52,5.1,6.19,22.21,330.0
水果麦片粥,100.34,3.86,2.0,17.29,290.0
水果泥,38.89,0.76,0.14,8.97,180.0
水果藕粉羹,123.4,0.56,0.12,30.35,282.0
水果沙拉,51.76,1.2,0.8,10.18,597.0
鲜果沙拉,86.15,0.97,3.18,14.09,260.0
水果鲜奶布丁,103.94,8.45,5.9,4.37,355.0
水浒肉,104.26,11.66,5.76,1.77,446.0
水晶冬瓜球,21.29,0.65,0.2,5.07,310.0
水晶豆腐,122.12,13.23,3.44,12.09,208.0
水晶鸡肉冻,131.32,10.72,9.32,0.98,364.0
水晶莴笋,15.46,1.0,0.11,2.92,207.0
水晶虾饼,217.42,16.79,8.61,17.97,333.0
水晶虾冻,93.84,13.69,0.65,7.87,211.0
水晶虾仁,200.92,19.83,0.86,28.58,325.0
水晶鸭方,265.15,22.21,18.78,1.76,330.0
水晶羊羔,117.74,10.7,3.73,10.81,186.0
水晶蜇头,81.55,5.85,0.78,12.73,412.0
水芹菜牛肉,73.43,8.08,3.08,3.51,143.0
水芹炒百叶,41.09,7.23,1.04,0.89,202.0
水鸭薏仁芡实汤,145.59,7.74,8.4,10.04,487.0
水蒸鸡蛋糕,217.45,11.48,7.49,26.87,149.0
水煮番茄里脊肉,196.0,13.8,9.9,17.06,50.0
水煮牛柳 （汤菜）,63.77,7.15,1.25,6.28,530.0
水煮牛肉,89.67,11.49,2.4,5.46,213.0
水煮黄牛肉,87.5,10.53,2.4,5.93,192.0
川香水煮牛肉,94.05,8.73,3.72,6.28,185.0
水煮肉,140.31,14.06,6.54,6.52,191.0
秘制水煮肉,115.71,9.83,6.53,5.01,70.0
水煮肉片,128.94,14.31,6.25,4.49,432.0
水煮三鲜,58.23,3.91,2.11,7.09,462.0
水煮血旺,52.44,9.14,0.87,2.3,431.0
水煮猪肝,90.93,11.7,3.57,3.2,529.0
吮指咖喱虾,83.64,13.21,0.69,6.33,220.0
丝瓜炒蛋,51.07,3.82,2.43,4.07,466.0
丝瓜煎蛋,73.78,4.91,4.61,3.6,164.0
清香丝瓜煎蛋,60.75,5.14,3.11,3.64,265.0
丝瓜炒扇贝,36.81,2.38,1.35,4.43,182.0
家常虾仁烧丝瓜,73.11,5.9,1.24,10.09,212.0
丝瓜炒猪心,75.81,7.48,2.98,5.03,277.0
丝瓜炒竹蛏,35.58,3.5,0.86,4.02,326.0
丝瓜炖豆腐,39.02,2.57,2.52,1.86,205.0
丝瓜番茄汤,9.0,0.55,0.1,1.82,200.0
丝瓜海带汤,33.33,2.61,1.94,1.61,213.0
丝瓜烩蛤蜊,48.37,5.82,0.96,4.5,337.0
丝瓜烩虾仁,64.29,10.32,0.51,4.96,196.0
丝瓜火腿片汤,130.68,6.79,11.2,0.84,251.0
丝瓜蛋花汤,49.06,4.85,2.65,1.66,212.0
丝瓜金针菇,33.55,2.0,0.32,6.82,155.0
丝瓜口蘑汤,80.08,7.98,2.64,7.99,261.0
丝瓜毛豆,67.14,4.62,2.27,8.01,213.0
丝瓜牛柳拌饭,80.86,6.54,0.79,12.3,418.0
丝瓜平菇瘦肉汤,54.71,2.85,4.02,2.21,510.0
丝瓜肉丸汤,61.99,2.0,5.1,2.18,442.0
丝瓜文蛤豆腐汤,37.79,2.73,2.15,2.35,479.0
丝瓜虾皮猪肝汤,43.32,5.31,1.62,2.17,404.0
丝瓜香菇,41.62,1.44,1.03,7.22,358.0
丝瓜鱼泥小米粥,36.88,2.46,0.36,6.23,385.0
私房大排,306.32,12.42,19.29,21.66,174.0
私房秘制酱汁牛肉丝,107.59,19.19,2.28,2.41,224.0
私家气锅排骨,142.15,9.42,9.37,5.83,446.0
四宝扒时蔬,93.85,6.99,6.0,3.58,244.0
四宝上汤,35.67,4.09,1.03,3.03,356.0
四宝香椿,221.03,13.94,12.81,13.54,233.0
四川担担面,302.49,8.46,6.09,54.23,201.0
四川风味辣茄子,110.68,9.86,5.15,6.43,384.0
四川家常回锅肉,250.67,11.26,21.8,2.68,371.0
四川麻婆豆腐,247.04,11.55,20.81,3.87,338.0
四川水煮牛肉,86.22,11.94,2.21,5.06,392.0
四川水煮肉,101.71,4.98,7.66,3.91,409.0
四川樟茶鸭,207.79,12.8,15.53,4.61,244.0
特色樟茶鸭,265.08,15.09,17.64,11.81,189.0
四季豆炒肉,114.04,10.63,5.93,5.77,114.0
四季豆炒肉丝,153.64,7.27,12.11,5.08,151.0
四季豆烧排骨,123.96,7.57,8.1,5.54,722.0
菜豆烧排骨,171.13,11.25,12.6,4.08,530.0
四色炒蛋,127.92,9.0,6.96,8.57,197.0
四色虾仁,129.66,8.12,0.91,24.39,236.0
四色蒸饺,190.99,9.4,9.23,18.45,466.0
四喜豆腐,123.99,9.81,4.68,12.0,271.0
蒸四喜丸子,246.5,11.56,20.98,3.05,157.0
焖四喜丸子,256.17,13.43,21.88,1.48,162.0
特色四喜丸子,214.07,9.26,16.48,8.81,391.0
四珍酿笋尖,87.27,12.16,2.02,5.41,550.0
松脆海蜇,46.46,3.53,0.74,6.42,226.0
松花拌豆腐,140.09,8.31,9.9,5.26,217.0
松花蛋拌青椒,90.4,6.19,4.44,7.29,177.0
松仁百合炒西芹,91.62,1.53,4.83,11.81,191.0
松仁菜心,108.7,3.96,8.73,4.81,230.0
松仁烧豆腐,182.48,7.05,14.68,6.04,234.0
松仁红烧豆腐,125.29,6.31,8.34,7.18,174.0
松仁枣泥糕,314.16,4.02,6.69,62.53,113.0
松仁鸡肉卷,200.0,16.95,9.99,10.79,212.0
松仁莴笋,94.26,2.32,7.15,6.32,331.0
松仁鱼米,130.69,8.01,4.51,15.73,404.0
松仁什锦鱼米,147.46,11.79,7.91,8.18,276.0
松仁什蔬鱼米,185.53,8.37,11.17,14.09,152.0
松仁玉米,164.58,4.67,4.67,27.89,192.0
松仁甜玉米,188.98,5.06,10.48,20.55,254.0
松子玉米,232.69,5.79,14.98,20.79,517.0
松仁玉米烙,294.65,7.42,21.07,21.02,187.0
松仁珠梨,228.49,4.28,13.51,23.81,172.0
松茸豆腐炖鸡汤,69.0,8.33,3.34,2.15,471.0
松茸莲藕排骨汤,182.07,12.19,13.47,3.67,474.0
松软叉烧包,319.64,15.92,5.6,52.3,168.0
风味松鼠鳜鱼,123.03,17.16,3.56,5.22,178.0
松炸鱼条,130.99,15.22,5.88,4.37,313.0
松只鱼,112.86,13.23,4.02,6.25,140.0
松子炒玉米,319.61,6.99,25.15,18.9,153.0
松子豆腐,162.8,5.78,13.84,5.04,371.0
松子翡翠,95.8,4.17,6.18,6.06,119.0
松子罗勒青酱,443.06,13.97,38.83,11.82,72.0
松子牛肉,195.9,19.3,11.63,4.37,244.0
松子秋葵牛肉,183.89,14.51,12.54,4.54,360.0
松子仁粥,217.37,4.23,14.96,17.61,167.0
松子肉丁,335.0,12.01,29.01,7.0,220.0
松子香菇,227.27,5.17,19.47,9.1,121.0
松子银耳饭,204.07,4.39,9.89,25.8,221.0
松子玉米粥,172.09,3.22,8.48,23.03,172.0
松仁玉米粥,138.89,2.59,4.64,23.7,162.0
酥椒香口蘑,269.53,28.8,8.12,26.36,233.0
酥卤鲫鱼,114.16,15.28,3.35,5.87,226.0
酥卤牛肉,122.83,17.2,2.88,6.9,127.0
酥皮韭菜盒,191.78,19.15,9.49,9.79,292.0
酥炸南瓜片,86.23,3.17,1.32,16.1,363.0
酥炸茄盒,173.94,8.15,11.47,9.94,353.0
酥炸生蚝,115.83,11.06,3.65,9.93,240.0
酥炸虾饼,216.04,17.62,10.32,13.12,318.0
酥炸虾皮肉丸,242.86,17.04,11.46,18.09,203.0
酥炸鲜鱿球,186.59,14.88,4.17,23.53,179.0
酥炸鳕鱼,157.07,15.84,4.39,13.9,205.0
酥炸鸭子,220.27,12.25,13.02,13.12,365.0
酥炸猪五花,334.42,14.73,30.62,0.08,154.0
素拌芹菜,29.52,1.75,0.68,4.76,210.0
素拌三丝,216.9,16.35,7.53,22.27,142.0
素拌什锦,62.11,4.14,2.89,5.59,285.0
素炒菠菜,46.82,2.8,1.19,6.95,220.0
素炒菜心,34.69,2.72,1.31,4.04,245.0
素炒豆腐丝,119.73,11.55,5.38,6.32,299.0
素炒茭白,56.8,1.72,1.99,9.15,169.0
素炒金针菇,103.67,5.15,1.72,21.82,300.0
素炒苦苣菜,36.57,2.63,1.08,5.31,175.0
素炒三丝,40.77,1.85,1.78,5.46,130.0
素炒豌豆,134.58,6.93,2.15,23.34,214.0
素炒五彩,93.52,3.94,0.81,20.12,108.0
素炒五丁,63.38,3.6,0.69,11.56,314.0
素炒西兰花,43.13,2.9,1.95,4.9,313.0
素炒香椿苗,53.93,1.5,1.39,10.02,191.0
香菇爆炒芹菜,42.56,1.17,1.73,7.03,195.0
素炒小白菜,31.46,1.43,2.17,2.51,267.0
素炒圆白菜,37.58,2.35,1.23,4.96,314.0
素炒杂菌,38.43,2.58,0.28,7.5,268.0
素炖豆腐,53.64,3.44,2.97,3.96,220.0
素鸡白菜,60.62,4.56,3.02,4.42,320.0
素烤茭白,31.07,1.27,0.19,7.07,103.0
素三丁,124.52,7.88,6.19,10.34,420.0
素三丝,171.02,11.89,9.79,9.56,283.0
素烧蚕豆,90.03,6.66,0.85,14.93,351.0
素烧豆腐,104.06,7.04,6.15,6.24,271.0
素烧鹅,280.92,30.71,13.97,10.97,173.0
素烧萝卜,34.22,0.99,1.5,4.84,225.0
素烧三元,38.68,1.02,1.17,7.07,318.0
时蔬素什锦,77.96,3.12,1.24,16.41,313.0
素什锦素包,223.08,9.41,2.64,41.68,91.0
素食紫菜卷,149.51,5.83,3.84,24.26,204.0
素太极羹,66.84,4.4,2.79,6.87,377.0
素馅蒸饺,262.72,8.73,6.08,44.25,287.0
素炸酱面,178.28,7.18,2.71,32.05,373.0
素蒸三鲜豆腐,110.95,8.47,6.15,6.41,338.0
速炒虾仁豆腐,94.1,8.48,4.88,4.75,356.0
速成扬州炒饭,144.73,5.94,3.78,22.03,351.0
粟子鸡汤,70.72,7.71,2.43,4.59,567.0
酸菜白肉,303.38,12.48,25.21,7.01,148.0
酸菜炒肉丝,272.85,12.19,24.62,0.53,151.0
酸菜炒鸭块,81.36,9.1,3.2,4.12,177.0
酸菜炒猪血,48.29,7.08,0.31,4.59,292.0
酸菜氽白肉,169.25,8.08,13.59,4.37,374.0
酸菜馅饺子,196.97,8.79,7.48,24.9,462.0
酸菜鸭肉丝,63.34,8.49,1.71,3.92,371.0
酸菜羊肉,125.0,5.27,2.13,21.92,212.0
酸菜鲷鱼片,104.17,8.21,5.75,5.85,48.0
简版酸菜鱼,93.75,8.12,5.25,4.73,48.0
酸菜草鱼片,79.46,9.58,3.76,2.89,370.0
酸菜龙利鱼,71.53,12.61,1.78,1.74,288.0
酸椒炒肝片,118.45,16.77,4.09,3.45,233.0
酸辣白菜,56.69,1.39,2.58,7.37,127.0
酸辣炒白菜,34.38,1.65,1.0,5.24,128.0
酸辣佛手排骨,219.96,11.98,14.04,9.46,466.0
酸辣海藻,150.6,11.1,4.42,22.92,83.0
酸辣鸡片,152.48,18.16,6.83,5.41,242.0
酸辣鸡肾,110.59,12.01,4.07,6.12,85.0
酸辣萝卜丝,48.87,1.39,1.48,8.61,266.0
酸辣牛肉汤米粉,113.88,7.22,1.71,17.62,605.0
酸辣沙司鲑鱼,115.65,12.32,6.69,1.61,428.0
酸辣汤,71.14,4.0,4.84,3.55,447.0
酸辣土豆丝（家常版）,82.14,2.39,1.79,15.04,140.0
爆炒酸辣土豆丝,91.89,2.44,2.01,16.5,111.0
酸辣羊筋,148.23,25.41,3.95,2.94,141.0
酸梅汁鸭掌翼,168.97,21.29,3.0,15.85,261.0
酸奶薄饼,252.17,8.04,7.04,39.61,69.0
酸奶草莓,63.02,1.93,1.47,10.83,192.0
酸奶果蔬沙拉,71.67,1.8,1.27,13.84,120.0
酸奶麦片,140.91,5.11,4.78,19.97,220.0
酸奶沙拉,64.62,1.62,0.94,13.06,130.0
酸奶水果杯,59.72,1.24,0.71,12.87,355.0
酸奶水果,59.72,1.24,0.71,12.87,355.0
酸奶水果捞,57.69,1.5,1.08,10.75,130.0
酸奶香蕉船,80.54,1.51,0.84,17.47,221.0
酸酸辣辣凉拌鸡胗,115.49,14.77,2.3,9.61,142.0
酸汤羊肉,68.22,5.98,3.67,2.98,321.0
酸甜菠萝海鲜炒饭,96.2,5.6,2.43,13.2,316.0
酸甜脆皮豆腐,120.22,6.06,6.59,9.98,277.0
酸甜煎豆腐,189.33,4.8,6.2,29.11,75.0
酸甜豆腐,90.87,4.45,4.41,9.14,252.0
酸甜锅包肉,142.89,12.59,6.34,8.89,485.0
酸甜莲藕橙子汁,51.97,1.05,0.2,12.52,152.0
酸甜萝卜,30.19,0.75,0.14,7.55,159.0
酸甜萝卜条,73.78,3.79,2.35,13.91,267.0
酸甜猕猴桃柳橙汁,56.98,0.8,0.41,13.43,172.0
酸甜柠檬红薯,76.92,0.74,2.38,14.19,247.0
柠檬红薯,84.92,0.73,2.73,15.48,126.0
酸甜平菇,53.47,2.95,0.27,10.72,144.0
酸甜水果粥,59.12,1.07,0.19,13.76,340.0
酸甜莴笋,21.26,0.79,0.31,4.14,254.0
酸甜青笋,26.62,0.94,1.43,2.89,154.0
酸味豆腐炖肉,98.11,6.94,6.56,3.32,317.0
蒜炒牡蛎,124.68,4.21,4.68,15.53,154.0
蒜苗拌豆腐,75.36,4.59,4.2,5.76,207.0
蒜苗炒豆腐干,132.69,9.69,6.71,9.17,260.0
蒜苗炒鸭丝,109.7,11.84,3.46,7.83,134.0
蒜泥白肉,327.9,14.34,29.88,0.56,319.0
蒜泥汆白肉,299.42,13.38,26.13,2.79,173.0
蒜泥拌黄瓜丝,63.71,0.92,3.42,7.81,124.0
蒜泥拌凉粉,49.85,0.6,0.59,10.85,331.0
蒜泥菠菜,51.79,3.08,1.17,7.86,224.0
蒜泥蚕豆,119.43,8.09,1.53,19.47,175.0
蒜泥海蜇萝卜丝,35.97,2.27,1.03,4.78,139.0
蒜仔海蜇萝卜丝,36.9,2.12,1.36,4.6,271.0
蒜泥南瓜蒸排骨,170.57,9.0,12.17,6.47,418.0
蒜泥茄子,37.07,1.54,0.51,7.25,321.0
蒜茸荷兰豆,45.8,2.84,0.98,6.4,286.0
蒜茸金桔芦笋,39.45,2.59,1.02,6.38,109.0
蒜茸开片虾,125.23,17.32,3.43,6.35,111.0
蒜茸牛百叶,77.85,12.4,2.69,1.04,325.0
蒜茸虾仁蒸豆腐,90.67,11.53,2.74,5.53,225.0
蒜茸油麦菜,39.55,1.57,2.64,3.4,220.0
蒜茸蒸大竹蛏,54.63,6.74,1.79,2.99,335.0
蒜蓉菠菜,45.42,2.32,2.06,5.46,284.0
蒜香粉丝蒸虾夷贝,152.07,6.99,0.44,30.24,169.0
粉丝蒜香蒸虾夷贝,129.54,8.12,1.92,20.17,413.0
蒜蓉粉丝蒸虾夷贝,137.14,8.03,3.3,19.13,105.0
蒜蓉粉丝蒸丝瓜,125.75,1.44,0.2,30.13,167.0
蒜蓉粉丝蒸鲜鲍,94.36,12.24,0.63,9.99,195.0
蒜蓉粉丝蒸鲜鲍鱼,128.98,9.91,2.4,17.1,452.0
蒜蓉芥蓝片,38.56,3.11,1.11,5.64,376.0
蒜蓉芥蓝,50.89,3.11,2.11,6.36,169.0
蒜蓉空心菜,51.26,3.24,2.11,7.02,119.0
蒜茸空心菜,51.3,2.3,2.79,5.89,115.0
蒜香空心菜,45.89,2.43,2.07,5.88,207.0
蒜蓉茄子,91.88,6.1,5.03,5.93,320.0
蒜蓉扇贝粉丝蒸,104.2,8.24,1.17,14.74,143.0
蒜蓉丝瓜,43.79,1.74,1.96,5.34,169.0
蒜蓉蒸开边虾,136.65,13.79,2.34,15.15,412.0
蒜蓉开边虾,160.0,13.19,5.62,14.12,110.0
蒜苔炒香干,138.52,6.65,8.01,10.69,135.0
蒜苔腊肉,303.47,7.55,28.38,4.72,173.0
蒜苔肉丝,244.79,10.07,19.73,7.21,163.0
蒜苔煸肉丝,245.36,9.7,19.44,9.46,97.0
蒜薹炒鱿鱼须,83.94,12.58,2.08,3.91,218.0
蒜薹煸鱿鱼须,98.25,10.95,3.93,4.99,171.0
蒜薹鱿鱼须,90.58,9.78,3.07,6.18,138.0
蒜薹肉丝,216.17,7.55,15.83,10.65,235.0
蒜香豉油空心菜,61.29,3.23,2.76,6.73,124.0
蒜香翅根,269.93,16.06,17.42,12.91,143.0
蒜香地瓜叶,68.03,2.93,4.14,6.2,122.0
蒜香豆苗,40.94,4.17,1.8,3.13,127.0
蒜香豆皮,410.71,46.51,20.54,13.74,112.0
蒜香骨,181.66,11.51,13.06,4.8,338.0
蒜香海带丝,25.9,1.42,0.87,3.33,278.0
蒜香荷兰豆,52.27,2.69,1.99,6.4,176.0
蒜香黄金煎豆腐,137.83,9.58,9.15,5.35,267.0
蒜香椒盐虾,110.96,17.19,2.19,5.74,219.0
蒜香芦笋炒大虾,60.3,8.68,1.14,4.65,267.0
蒜香芦笋杏鲍菇,23.68,2.3,0.11,4.6,266.0
蒜香卤肉,279.39,11.92,23.13,4.43,131.0
蒜香马铃薯,145.3,2.6,7.55,17.2,117.0
蒜香馒头片,231.54,6.64,3.33,44.45,130.0
蒜香鲶鱼,117.36,13.38,4.15,6.41,144.0
蒜香牛肋排,126.48,19.79,3.24,4.58,219.0
蒜香烧茄子,36.34,1.16,0.82,6.76,322.0
蒜香生蚝,97.33,8.98,1.24,12.49,375.0
蒜香薯丸,61.99,0.86,0.21,15.28,271.0
蒜香五味鸡翅,206.99,17.02,10.36,12.33,143.0
蒜香鱼片,105.07,10.63,3.92,6.81,217.0
蒜香炸鸡翅,241.22,16.3,12.39,18.41,148.0
蒜香蒸冬瓜,20.54,0.77,0.22,4.61,112.0
蒜芯炒牛肉,106.13,13.53,2.82,7.16,163.0
蒜油鸭珍,109.46,16.23,2.55,5.43,222.0
蒜油鱼片,114.66,16.31,3.68,4.03,116.0
蒜汁时蔬,61.44,3.44,2.65,7.23,236.0
蒜子八爪鱼,86.22,9.49,1.16,9.83,196.0
蒜子草菇焖鲈鱼,99.24,12.95,2.75,5.45,393.0
蒜香草菇焖鲈鱼,82.46,8.48,2.82,5.93,211.0
蒜子椒麻鸡,114.4,9.25,5.05,8.08,250.0
蒜子焖大黄鱼,105.48,16.02,3.2,2.75,310.0
蒜子排骨,240.26,16.18,17.7,3.84,231.0
蒜子烧大黄鱼,107.39,13.85,2.89,5.77,203.0
蒜子烧鲶鱼,109.12,14.48,3.94,3.95,373.0
蒜香烧鲶鱼,107.94,15.44,4.22,2.12,315.0
蒜子烧鳝段,96.77,14.19,1.61,6.21,403.0
蒜香烧鳝段,101.57,16.02,2.24,4.42,318.0
蒜子烧鲟鱼,97.93,17.05,0.83,5.71,435.0
蒜香烧鲟鱼,103.53,20.93,1.03,2.67,312.0
碎菜猪肉松粥,95.21,2.58,1.79,17.36,146.0
碎米鸡丁,167.55,18.73,9.48,1.95,265.0
花生仁鸡丁,228.93,19.34,13.96,6.87,280.0
果仁鸡丁,240.66,15.32,14.92,11.6,91.0
笋干炒肉,292.33,19.07,15.7,28.47,326.0
笋干炖猪蹄,270.03,22.57,14.53,18.32,367.0
笋干烧排骨,270.56,19.98,15.83,17.95,360.0
笋菇烧面筋,225.07,12.66,10.82,19.99,363.0
笋瓜炒鸡丝,100.0,11.19,4.61,3.49,285.0
笋尖炒豆腐,57.24,4.8,3.41,2.49,297.0
笋尖炒香菇,53.95,2.4,1.53,8.82,152.0
笋块焖肉,165.18,8.11,13.56,3.0,224.0
笋片炒腊肉,248.82,6.83,22.19,5.86,340.0
笋烧海参,74.38,10.07,1.23,5.78,203.0
笋丝炒鸡蛋,111.02,8.74,7.22,3.24,118.0
鲜笋炒鸡蛋,40.0,2.99,1.91,2.91,485.0
笋丝炒木耳,60.18,3.37,2.07,8.99,113.0
笋丝胡萝卜瘦肉汤,89.21,4.19,6.69,3.52,547.0
笋丝扣肉,171.55,7.93,12.77,5.92,239.0
笋丝木耳,105.59,4.66,2.59,20.2,304.0
笋丝蹄膀,127.63,8.31,7.41,7.48,485.0
笋丝小炒,119.46,5.48,7.94,7.9,221.0
笋条炒鱿鱼,110.82,15.06,2.97,7.06,231.0
笋子烧排骨,179.76,12.01,13.01,3.37,331.0
鲜脆蓑衣黄瓜,21.86,0.99,0.2,4.16,215.0
鲜嫰蓑衣黄瓜,27.66,1.13,1.19,3.35,141.0
家常蓑衣黄瓜,30.63,1.23,1.46,3.47,111.0
它似蜜,154.21,15.16,6.76,8.1,190.0
台式米粉炒,169.92,3.93,6.91,23.49,399.0
台式肉燥卤,231.38,10.16,18.99,3.24,239.0
台式油饭,263.81,15.6,15.96,13.64,210.0
台湾姜母鸭,204.96,12.32,15.3,3.67,403.0
台式姜母鸭,204.81,12.08,15.3,3.05,104.0
台湾卤肉饭,206.02,9.51,13.5,11.77,515.0
台味蒸鱼,136.45,14.0,8.39,1.2,214.0
台中卤肉饭,219.82,8.33,15.02,13.34,217.0
苔菜明虾,113.59,12.4,4.17,6.7,184.0
太白鸡,157.14,14.6,7.55,7.29,154.0
太湖银鱼羹,96.21,9.84,3.91,5.48,132.0
太极蔬菜羹,65.93,6.01,3.5,2.95,455.0
太婆韭菜,53.78,2.83,1.68,9.04,225.0
太阳蛋,78.43,4.93,4.25,6.08,153.0
蒸太阳蛋,94.23,4.84,6.09,5.96,156.0
太陽餅,239.64,7.15,9.12,32.96,222.0
泰国冬阴功汤,27.67,4.51,0.41,1.41,318.0
泰式海鲜,89.09,10.68,0.54,10.55,330.0
泰式凉拌海鲜,77.09,10.91,0.98,6.26,406.0
泰式木瓜拌凤爪,143.56,11.59,8.34,5.81,225.0
泰式猪柳,246.43,11.39,20.41,4.8,196.0
泰汁鸭掌,95.15,14.5,1.07,7.18,495.0
炭烧生蚝,59.88,7.59,1.14,5.13,162.0
汤汁芦笋,9.9,1.34,0.05,1.73,202.0
糖炒山楂,118.87,0.51,0.57,29.15,53.0
糖醋白菜,31.33,1.58,1.21,4.08,316.0
糖醋带鱼,109.57,15.81,4.46,1.35,282.0
糖醋脆黄瓜,26.61,0.81,0.19,5.6,109.0
糖醋猪里脊,121.5,10.21,5.14,8.54,200.0
糖醋鲤鱼,125.33,12.77,4.07,9.59,229.0
腌糖醋萝卜,90.32,0.71,4.92,11.55,62.0
糖醋三丝,160.73,7.42,13.03,3.88,466.0
糖醋松鼠鱼,111.25,11.61,4.02,7.14,311.0
糖醋酥肉,166.49,14.91,8.24,8.1,188.0
糖醋笋条,17.22,1.0,0.11,3.28,209.0
老味糖醋鱼块,118.18,14.72,4.52,4.4,231.0
糖醋鱼片,112.86,12.96,2.04,12.09,311.0
糖醋鱼脯,88.94,13.94,2.38,2.3,208.0
糖醋鱼球,108.72,11.64,3.56,7.59,149.0
糖醋榨菜丁,47.33,1.97,1.14,8.38,243.0
糖醋猪排,286.53,12.3,24.46,4.4,193.0
糖豆鲜百合凤尾虾,131.01,9.06,3.73,13.91,158.0
糖火烧,426.19,10.65,14.44,64.29,126.0
糖酱鱼,131.19,16.24,6.07,2.94,218.0
糖三角,191.52,8.26,2.24,35.45,165.0
蒸糖三角,426.64,18.17,12.84,60.53,214.0
糖霜酥脆花生,582.17,23.69,45.51,21.99,157.0
糖水马蹄,71.17,1.07,0.17,17.23,163.0
糖渍南瓜,251.16,0.81,22.86,10.67,43.0
烫地瓜叶,45.96,3.86,1.87,4.81,322.0
烫面牛肉烧卖,218.22,16.46,2.59,32.67,236.0
桃花泛,193.02,9.49,7.29,23.08,559.0
桃花桂鱼,111.69,17.44,1.9,6.07,496.0
桃仁拌莴笋,132.81,3.44,10.92,6.19,64.0
桃子奇亚籽酸奶杯,175.71,8.53,11.46,10.19,140.0
特色牛肉面,172.32,9.3,4.01,25.5,596.0
干炸天妇罗虾,144.29,16.54,3.09,12.96,140.0
田园翠笋,75.27,12.58,1.98,2.25,182.0
田园饭,265.45,7.0,1.36,57.82,55.0
田园风光,27.6,1.7,0.56,5.38,337.0
田园三脆,44.03,1.04,2.05,6.13,159.0
田园烧排骨,173.54,10.79,11.1,8.3,378.0
田园蔬菜沙拉,29.63,1.21,1.61,3.12,378.0
田园蔬菜粥,75.0,2.36,0.6,15.38,80.0
鲜蔬粥,82.5,2.64,0.6,16.53,80.0
甜瓜沙拉伴蟹饼,66.16,6.98,1.47,6.79,331.0
甜椒炒绿豆芽,53.1,1.52,2.94,6.25,145.0
甜椒炒虾仁,122.88,8.53,3.74,14.52,354.0
甜椒牛肉,84.92,10.75,1.98,6.75,325.0
甜椒肉丝,197.87,9.05,16.34,3.77,282.0
甜椒紫甘蓝拌木耳,79.35,3.1,1.87,15.79,276.0
甜酒芸豆,67.43,2.34,0.2,15.37,350.0
甜辣虾仁,168.56,16.18,0.91,24.18,264.0
甜面酱拌黄瓜丁,37.8,1.99,0.9,5.81,164.0
甜酸龙俐,51.17,7.48,0.68,4.27,256.0
甜酸鱼块,112.68,12.14,5.84,3.18,142.0
甜煮粉丝,155.56,3.01,5.02,25.36,135.0
山寨版鸡米花,157.85,16.59,6.96,5.49,223.0
跳水耳片,136.89,10.71,5.5,12.16,225.0
铁扒鳜鱼,183.72,16.8,11.88,2.68,172.0
铁板橙汁猪扒,200.89,7.44,15.56,7.85,224.0
铁板烧蛏子,57.96,5.35,1.56,5.91,314.0
铁板干烧牛肉,106.63,13.38,4.6,3.16,166.0
铁板虾球,83.54,8.58,1.2,8.43,164.0
铁板香辣鱿鱼,106.55,11.55,2.85,9.05,168.0
铁板羊里脊,148.66,15.67,6.57,6.34,374.0
铁板鱿鱼筒,192.91,13.87,13.26,4.67,141.0
铁锅烤牛油果蛋,170.25,6.44,14.05,5.1,121.0
通心粉菜丝汤,81.67,3.07,2.02,12.63,60.0
通心粉和花林糖,342.86,14.54,7.46,57.96,28.0
茼蒿炒肉丝,113.48,4.66,9.46,3.0,141.0
茼蒿鸡丁,109.23,12.14,5.65,2.86,65.0
茼蒿猪肝鸡蛋汤,48.42,5.13,2.44,1.59,221.0
茼嵩炒香干,114.43,8.1,6.43,6.6,194.0
土豆白果炖鸡肉,220.0,13.27,5.11,31.6,90.0
土豆比萨,184.09,5.69,12.3,13.04,220.0
家常土豆烧牛腩,96.75,13.73,2.41,4.89,246.0
土豆炖牛肉,95.12,7.29,0.77,15.15,205.0
土豆炖茄子,54.82,1.67,1.13,10.41,332.0
土豆胡萝卜菠菜饼,100.0,5.19,3.55,12.75,263.0
土豆胡萝卜炒虾仁,118.57,8.83,0.38,20.19,140.0
土豆胡萝卜肉末羹,38.2,1.5,1.93,4.02,322.0
土豆火腿沙拉,134.51,7.6,8.17,8.04,455.0
土豆煎饼,144.95,5.7,4.69,20.41,327.0
"土豆开花
（土豆炒西兰花）",113.19,4.3,3.27,19.92,182.0
土豆焖牛腩,115.97,10.47,3.77,10.57,119.0
土豆焖牛尾,93.93,11.48,2.09,7.53,412.0
土豆蘑菇炖鸭肉,114.06,8.06,5.5,8.58,64.0
土豆奶香盒,124.68,5.07,1.79,22.83,154.0
鲜香土豆泥,81.0,2.6,0.2,17.8,50.0
土豆泥汉堡,240.62,9.99,12.66,22.05,192.0
土豆泥小饼,55.84,1.84,0.21,12.78,77.0
土豆年糕,112.9,2.46,2.11,21.02,155.0
土豆苹果泥,67.0,1.5,0.2,15.75,100.0
土豆青豆泥,117.14,10.1,3.63,12.59,70.0
土豆烧鸡,106.34,8.71,3.95,9.51,142.0
红烧鸡块土豆,124.77,13.23,4.73,7.37,331.0
土豆烧牛肉,103.83,13.27,2.29,7.7,261.0
土豆红烧牛肉块,101.53,10.12,2.24,10.43,196.0
土豆烧牛肋条,100.42,10.38,2.08,10.24,237.0
土豆烧牛腩,102.56,9.65,2.47,10.65,156.0
土豆烧茄子,48.56,1.51,1.18,8.83,208.0
土豆丝卷饼,84.12,3.54,0.61,16.7,466.0
土豆团子,84.46,6.7,0.28,14.22,148.0
土豆稀饭,73.01,2.13,0.68,15.32,226.0
土豆稀粥,66.32,1.79,0.17,14.68,190.0
土豆香米粥,43.1,1.21,0.1,9.62,290.0
土豆洋葱蛋饼,99.58,4.61,3.25,13.29,236.0
土豆蒸饭,131.32,3.38,1.39,27.06,281.0
土耳其薄饼,358.75,14.0,9.5,56.0,80.0
土鸡高汤面,92.52,7.93,2.93,8.97,602.0
土鸡松茸汤,65.98,8.19,2.76,2.71,532.0
土家酱香饼,325.16,13.18,6.91,54.59,155.0
兔肉萝卜煲,80.26,9.58,2.4,5.83,233.0
豉香腐竹鱼头煲,143.54,14.76,5.18,9.41,147.0
珍珠丸子,273.66,10.93,16.45,19.14,186.0
团圆七彩鸡丝,59.74,7.0,2.18,3.48,303.0
腿菇炒肉片,321.23,15.42,26.47,6.7,146.0
氽白肉,208.25,8.32,15.29,9.9,521.0
脱脂奶麦片粥,60.31,4.2,0.79,9.3,325.0
娃硅菜鲜虾粉丝汤,40.24,2.27,0.15,8.09,666.0
娃娃菜煲,88.1,2.7,2.78,13.57,563.0
娃娃蔬菜煲,79.77,5.43,4.09,6.25,262.0
娃娃菜木耳煮牛肉,128.99,11.99,4.38,13.25,69.0
娃娃菜汤,16.43,1.38,0.61,2.03,207.0
娃娃粉丝汤,14.49,0.96,0.58,2.05,207.0
瓦片双脆,114.72,15.48,4.34,3.42,231.0
外婆菜炒鸡蛋,53.66,3.76,2.52,5.13,205.0
外婆萝卜条,50.4,1.87,1.7,7.79,125.0
豌豆炒鸡丁,103.55,18.64,1.42,4.58,141.0
豌豆炒口蘑,200.5,21.36,4.27,24.0,202.0
豌豆胡萝卜炒口蘑,139.37,12.31,2.71,19.54,287.0
豌豆炒牛肉粒,107.18,14.07,2.08,8.49,181.0
豌豆彩椒牛肉粒,108.93,14.42,1.86,9.19,291.0
豌豆炒虾仁,126.7,11.01,1.73,16.88,573.0
豌豆滑虾仁,152.16,14.32,0.48,23.08,347.0
豌豆炒玉米,95.59,4.03,1.33,18.1,272.0
豌豆饭,196.73,7.12,6.41,28.19,214.0
豌豆糊,58.44,3.59,1.61,7.95,320.0
香甜豌豆糊,37.33,2.47,0.1,7.07,150.0
豌豆羹,40.5,2.3,2.03,3.5,121.0
豌豆烩豆腐,116.63,6.76,6.15,9.31,409.0
豌豆鸡肉稀饭,75.86,7.53,0.62,10.73,232.0
豌豆尖炒鸡蛋,171.43,7.54,6.51,21.38,84.0
豌豆尖汆敲虾,129.93,15.47,1.31,15.91,137.0
豌豆尖汆大虾,154.65,13.9,1.85,23.6,86.0
豌豆尖蛋汤,114.09,4.02,4.9,13.71,220.0
豌豆凉粉,37.86,0.3,0.29,8.83,103.0
豌豆焖饭,240.78,8.48,3.64,44.5,103.0
豌豆苗炒豆腐,52.24,5.67,2.17,3.73,335.0
豌豆蘑菇汤,166.36,15.85,2.52,23.57,220.0
豌豆奶蓉,124.17,5.97,1.67,22.41,120.0
豌豆牛肉粒,116.8,9.32,2.06,16.06,244.0
豌豆丸子,302.86,12.01,21.56,15.17,70.0
豌豆虾仁炒鸡蛋,203.36,17.26,5.3,21.99,149.0
青豆虾仁炒鸡蛋,145.35,11.88,2.11,20.56,355.0
豌豆玉米清炒炒虾仁,146.34,10.23,1.54,23.71,328.0
豌豆粥,79.29,3.44,2.66,10.56,140.0
豌豆猪肝汤,78.01,7.79,1.47,8.62,282.0
豌豆猪肉粒,171.43,7.63,11.88,9.51,154.0
丸子津菜汤,150.96,6.21,11.23,6.43,624.0
田园小南瓜,111.4,3.25,0.37,24.34,430.0
微波豆豉小排骨,260.98,17.28,19.33,4.37,328.0
微波肥牛饭,112.66,11.41,1.34,13.83,316.0
微波粉丝蛋,183.52,10.47,5.03,24.61,182.0
微波黑椒牛排,105.85,16.7,2.17,5.16,205.0
微波红烧黄豆排骨,297.79,15.15,23.47,6.67,136.0
微波火腿冬瓜,141.28,6.78,10.4,5.62,218.0
微波炉测试--烤鸡腿,142.86,17.41,6.15,4.34,182.0
微波炉香煎藕饼,128.94,4.14,3.33,21.93,311.0
微波虾皮小白菜,55.23,4.53,2.94,3.62,239.0
微波雪菜虾仁豆腐羹,143.72,9.9,4.47,16.72,247.0
微波燕麦饼,513.33,6.06,33.62,48.41,90.0
微波腰果虾仁,318.31,19.9,16.43,24.19,508.0
微波炸酱面,281.42,10.39,9.8,38.5,183.0
芙蓉球,134.6,14.77,6.34,4.91,315.0
味噌炒蔬菜,42.6,1.3,1.19,7.57,277.0
味噌蛋黄酱烤旗鱼,290.91,16.93,19.05,12.75,55.0
味噌炸猪排,257.69,11.72,13.7,22.59,130.0
温拌双泥,74.14,4.24,2.17,9.83,263.0
文蛤扒豆腐,54.67,5.3,2.09,3.97,525.0
文蛤荠菜丸,106.98,8.41,6.51,3.87,315.0
文蛤一品煲,34.38,3.43,0.53,3.43,416.0
文思豆腐羹,53.15,3.55,3.58,2.07,365.0
特色文思豆腐羹,43.4,2.83,2.92,1.57,288.0
文思豆腐汤,49.04,4.88,2.8,1.41,573.0
莴苣腊肉汤,64.55,2.12,5.57,1.54,220.0
青笋炒鸡蛋,69.78,4.61,4.05,4.6,139.0
莴笋炒肉丁,133.94,9.8,8.28,4.99,65.7
莴笋炒肉片,171.21,6.39,15.28,2.03,132.0
莴笋炒山药,57.48,1.38,2.54,7.87,127.0
莴笋烩山药,45.99,1.4,1.24,7.78,187.0
莴笋炒瘦肉,138.6,6.05,11.52,2.7,342.0
莴笋炒香菇,22.49,1.17,0.12,4.62,289.0
青笋黄瓜小炒菜,78.53,2.86,3.95,8.76,382.0
青笋鸡丁,81.2,14.09,1.85,2.37,415.0
莴笋金镶玉,71.05,5.39,4.42,2.61,411.0
莴笋木耳炒虾仁,77.57,13.19,0.61,5.13,370.0
莴笋培根卷,173.42,4.46,15.51,3.94,158.0
莴笋叶菜汤,8.85,0.48,0.29,1.13,407.0
莴笋叶炒猪肝,102.52,12.54,4.28,3.82,159.0
莴笋叶鸡蛋汤,26.26,2.14,1.65,0.88,438.0
窝蛋牛肉煲饭,170.04,14.85,3.61,19.73,247.0
乌冬面糊,235.04,6.72,3.16,45.69,117.0
乌龙蔬菜面,143.57,10.13,0.7,24.56,140.0
乌梅大枣银耳汤,56.52,1.19,0.38,14.77,253.0
无蛋汉堡,267.04,7.85,8.53,39.8,179.0
无蛋蒸糕,241.14,11.12,3.29,42.98,158.0
无骨鸡腿排,141.35,17.68,6.18,2.97,237.0
无花果红薯黑米粥,59.58,1.1,0.2,14.02,475.0
干锅香辣虾,97.39,6.41,3.69,10.46,459.0
无水红烧肉,258.74,11.01,21.16,5.31,143.0
无糖香卤鸡大腿,117.42,13.99,4.98,4.37,264.0
芜爆里脊,120.33,12.79,5.92,3.66,182.0
五彩拌面,190.71,7.29,4.86,30.31,140.0
五彩拌鲜鱿,57.58,9.44,1.41,2.14,396.0
五彩爆鲜鱿,61.2,10.24,1.16,2.81,549.0
五彩菠菜,125.1,6.24,9.14,5.14,251.0
五彩大拉皮,86.44,4.02,3.28,10.83,317.0
五彩鲷鱼,109.21,16.02,3.23,4.19,228.0
五彩动物意面,179.73,6.34,3.1,32.45,148.0
五彩豆饭,324.0,10.42,1.96,66.72,50.0
五彩豆芽,123.06,6.28,6.73,10.97,542.0
五彩腐竹,301.09,26.5,13.11,21.3,276.0
五彩花卷,315.0,12.95,6.85,52.85,20.0
五彩鸡丁,134.04,12.79,5.3,8.87,47.0
五彩炒鸡丁,124.64,13.09,3.99,9.39,69.0
五彩鸡丝,105.25,16.65,1.4,6.67,324.0
五彩卷,166.67,10.98,9.16,10.05,105.0
五彩龙利鱼,112.5,8.88,5.08,8.67,48.0
五彩墨鱼丝,72.89,9.26,1.56,5.61,273.0
五彩肉串,115.98,19.3,3.64,1.65,244.0
五彩肉蔬饭,137.62,9.3,0.74,24.18,202.0
五彩团圆打卤面,135.27,4.54,0.47,28.99,258.0
五彩虾仁,153.85,9.87,4.63,17.35,52.0
五彩虾仁蛋炒饭,134.55,8.78,4.66,14.78,165.0
五彩鲜汤,65.1,4.58,3.91,3.41,255.0
五彩小白菜,91.23,9.56,4.63,4.22,308.0
五彩鸭丁,187.8,7.88,13.57,8.7,82.0
五彩鱼片,106.13,14.12,3.14,6.07,359.0
五花肉炖红菇,316.95,15.98,25.88,7.13,118.0
五花肉炖酸菜粉,204.07,8.7,15.67,7.69,418.0
五花肉熏干干锅,261.34,12.49,21.19,3.73,313.0
五花小炒肉,187.8,8.12,14.85,5.8,205.0
五柳黄花鱼,108.46,10.24,5.84,4.03,402.0
五仁大米粥,146.67,4.47,8.59,13.44,285.0
五色蛋炒饭,114.73,2.95,1.99,21.45,224.0
五味小章鱼,60.58,9.71,0.91,3.77,345.0
五味粥,102.63,3.13,1.68,19.22,152.0
五香蚕豆,119.82,8.33,0.85,21.9,222.0
五香大芸豆,32.0,2.32,0.36,7.47,225.0
五香凤爪,221.95,17.12,15.2,4.54,287.0
五香花生,534.68,22.73,39.61,25.87,173.0
五香鸡蛋,130.6,10.43,7.03,7.95,134.0
五香卤鸡蛋,124.66,8.37,5.84,12.62,73.0
五香烤猪肉饭,269.85,12.13,22.29,4.37,136.0
五香口条,179.74,15.87,11.2,3.46,232.0
五香卤鸡,365.65,14.97,32.33,3.79,230.0
五香卤鸡肝,118.58,14.08,4.38,6.8,183.0
五香卤肉,263.16,11.91,22.8,2.81,266.0
五香萝卜烧蹄筋,40.62,3.45,1.87,2.84,421.0
五香炸猪排,285.6,13.47,24.13,3.52,125.0
五香肘子,228.49,14.65,14.05,10.69,172.0
五月的妈妈焖面,140.94,4.61,0.38,30.8,469.0
午餐肉炒西兰花,168.57,6.52,12.13,8.81,175.0
西安羊肉泡馍,175.19,12.72,4.06,22.77,262.0
西班牙海鲜饭,136.2,12.83,4.52,11.1,442.0
西班牙特色海鲜饭,172.01,8.23,4.14,23.65,736.0
西班牙海鲜焗饭,133.43,6.88,5.75,13.95,362.0
西班牙式煎蛋,125.27,9.4,7.19,6.23,182.0
西班牙式煎蛋卷,128.03,5.72,9.4,5.35,132.0
西班牙土豆鸡蛋饼,134.29,7.57,7.07,10.35,105.0
西北大烩菜,115.56,10.2,5.64,6.38,45.0
西北凉面,260.55,7.71,1.06,55.72,218.0
西瓜豆腐泥,56.67,3.83,3.04,4.16,90.0
西瓜番茄汁,21.25,0.75,0.24,4.61,80.0
西瓜蔬菜汁,29.41,1.12,0.25,6.08,323.0
西瓜西红柿浓稠汁,23.64,0.68,0.25,5.21,220.0
西瓜汁,31.0,0.5,0.3,6.8,100.0
西红柿拌蛋,66.67,3.28,4.87,3.32,60.0
家常番茄炒菜花,30.0,1.36,1.47,3.88,160.0
西红柿炒蛋,70.7,5.72,4.26,2.94,256.0
姜丝西红柿炒鸡蛋,77.78,3.74,4.94,5.46,72.0
鸡蛋炒番茄,120.34,10.2,7.73,2.72,177.0
鸡蛋炒番茄,114.29,7.39,8.27,2.68,56.0
西红柿炒豇豆,51.39,3.48,2.15,5.1,323.0
西红柿炒茄子,25.51,1.01,1.03,3.86,243.0
西红柿炒青菜,20.75,1.17,0.88,2.93,318.0
番茄炒洋葱,39.61,1.15,1.53,6.25,154.0
西红柿橙子果冻,41.9,0.77,0.17,9.67,253.0
西红柿牛腩煲,74.37,12.04,1.46,2.96,277.0
番茄牛腩煲,65.64,10.0,1.23,3.32,227.0
西红柿煲牛腩,66.67,9.75,1.22,4.04,141.0
西红柿彩椒炖牛肉,97.1,7.72,3.75,8.41,69.0
西红柿炖茄子,46.3,1.16,2.97,4.58,108.0
西红柿花菜粥,33.53,1.19,0.55,6.57,516.0
西红柿鸡蛋饺,167.71,9.22,4.79,22.72,288.0
西红柿鸡蛋饺子,162.37,9.3,3.77,23.6,287.0
番茄鸡蛋豆腐汤,32.75,2.7,2.05,1.06,403.0
西红柿米汤,42.92,1.13,0.17,9.63,212.0
西红柿面包鸡蛋汤,61.54,3.32,2.87,5.81,377.0
西红柿面疙瘩,89.56,6.33,3.22,9.08,297.0
西红柿面片汤,71.39,3.84,1.94,10.01,402.0
西红柿奶酪豆腐,86.21,5.37,6.06,3.28,174.0
西红柿奶酪煎豆腐,74.92,5.04,4.97,3.31,319.0
西红柿泥,15.0,0.9,0.2,3.3,50.0
西红柿酿蛋,63.38,4.33,2.0,8.03,355.0
西红柿青椒炒茄子,42.29,1.25,1.13,7.7,253.0
西红柿肉汁烩饭,96.59,2.57,3.33,14.32,205.0
西红柿烩牛腩,80.63,10.14,2.59,4.18,222.0
西红柿烧排骨,173.82,10.61,11.93,6.05,275.0
素烧三鲜,69.23,1.15,4.06,8.17,52.0
西红柿素面,161.19,8.13,6.07,19.04,402.0
西红柿碎面条,88.8,3.04,1.4,16.46,250.0
西红柿土豆炖牛肉,94.77,9.77,2.18,9.2,497.0
西红柿稀粥,53.18,1.45,0.2,11.88,220.0
西红柿蒸鲑鱼,106.25,8.73,7.0,2.53,64.0
西红柿汁,15.0,0.9,0.2,3.3,50.0
西红柿煮旗鱼,73.58,5.03,4.01,4.97,193.0
西红柿紫菜蛋花汤,26.85,1.69,1.27,2.67,324.0
西葫芦蛋饼,176.67,9.31,5.65,22.63,150.0
鸡蛋西葫芦饼,147.89,5.53,4.87,20.92,142.0
西葫芦煎饼,134.52,8.63,3.99,16.53,252.0
蒜香角瓜炒番茄,43.06,1.41,2.78,3.46,209.0
清炒小瓜鸡蛋,56.25,1.44,2.6,6.5,48.0
西葫芦炒木耳,60.98,2.46,1.92,9.85,123.0
西葫芦海带汤,28.0,1.62,1.72,1.58,225.0
西葫芦鸡蛋煎饺,150.74,8.74,4.63,19.07,270.0
西葫芦烂面条,57.65,1.76,0.15,12.47,170.0
西葫芦肉汤面,191.11,7.34,8.67,20.92,371.0
西葫芦豌豆汤,40.35,1.42,1.89,4.59,114.0
西葫芦西芹雪花牛温沙拉,79.56,12.18,2.22,2.81,274.0
正宗西湖醋鱼,118.03,14.52,4.48,4.33,233.0
西湖牛肉羹,76.98,10.17,2.14,4.78,139.0
西湖银鱼羹,65.0,11.15,1.26,2.03,380.0
西兰花炒鸡杂,100.58,12.4,2.99,6.31,171.0
肉炒西兰花胡萝卜,178.63,7.55,15.57,3.06,131.0
西兰花虾仁,109.59,11.29,0.56,15.05,219.0
西兰花糊,131.19,3.22,1.27,28.22,218.0
西兰花姜汁炒牛肉,68.17,9.57,1.74,4.16,421.0
西兰花木耳炒虾仁,140.44,10.06,4.29,17.29,136.0
西兰花柠檬鸡,88.46,15.11,2.22,2.28,260.0
西兰花牛柳,116.76,13.69,5.12,4.47,173.0
西兰花烧双菇,49.08,2.39,0.31,10.46,163.0
西兰花土豆泥,59.54,2.92,0.35,12.28,131.0
西兰花腰果炒虾仁,150.83,14.4,6.89,8.4,242.0
西兰双花,34.38,2.55,1.13,4.96,128.0
西蓝花鹌鹑蛋沙拉,89.29,6.5,6.04,3.43,140.0
西蓝花白菜豆腐汤,19.17,2.59,0.45,1.74,193.0
西蓝花拌黑木耳,73.68,3.95,2.84,10.71,133.0
西蓝花炒鸡片,75.75,10.81,2.11,4.13,268.0
西蓝花炒肉丁,126.97,7.27,10.3,2.43,152.0
西蓝花蛤蜊粥,51.52,3.7,1.17,7.0,429.0
西蓝花胡萝卜粥,43.91,1.82,0.28,9.44,230.0
西蓝花牛肉意面,209.83,14.53,2.07,33.53,234.0
西蓝花乳酪烤土豆,118.87,7.06,7.01,7.55,265.0
西蓝花沙拉,139.09,9.93,9.44,3.89,110.0
西蓝花酸奶糊,39.67,3.36,0.93,6.01,121.0
西蓝花土豆圣诞沙拉,109.32,3.01,7.45,8.2,161.0
西蓝花鱼丸汤,54.68,7.15,1.26,4.17,470.0
西柠鱼柳,136.44,14.31,6.15,6.06,118.0
西芹百合,75.21,1.48,0.95,16.34,234.0
西芹百合炒白果,110.2,2.05,2.74,20.42,196.0
腰果炒西芹百合,86.92,2.38,2.5,15.09,214.0
西芹爆鳝丝,69.33,10.85,0.81,4.97,375.0
西芹炒百合,65.22,1.71,0.16,15.31,161.0
西芹炒肉丝,189.8,7.94,15.93,4.27,304.0
炒西芹虾仁,137.14,12.36,1.61,18.73,175.0
西芹炒小牛肉,75.65,12.15,1.45,4.05,271.0
西芹红提,33.33,0.58,0.17,8.49,162.0
西芹鸡柳,76.95,9.17,1.8,6.81,269.0
西芹螺片,88.98,9.76,1.47,9.1,127.0
西芹墨鱼片,71.67,10.79,0.67,5.7,293.0
西芹墨鱼仔,68.37,9.33,1.57,4.71,411.0
西芹腰片,70.55,8.58,2.62,3.82,343.0
西施豆腐,118.0,10.46,5.68,6.5,439.0
西式芦笋汤,97.75,2.14,6.69,7.6,533.0
西式牛肉,254.62,11.96,18.82,9.95,249.0
西式圆白菜,88.03,3.36,5.89,5.9,234.0
西西里海鲜饭,160.0,13.75,3.26,19.26,285.0
西洋菜鲜鱼汤,138.02,11.07,8.65,4.24,263.0
豆瓣菜鲜鱼汤,155.51,12.62,9.64,4.92,227.0
希腊酸奶沙拉酱,73.77,2.75,2.71,9.73,408.0
锡纸包鲈鱼,107.43,15.16,3.81,3.24,269.0
锡纸包排骨,268.12,15.92,19.99,6.51,138.0
细丝蔬菜汤,28.57,1.34,1.86,1.78,133.0
虾爆芥兰枝,71.16,8.58,2.79,3.6,215.0
虾爆鳝面,184.89,8.87,6.07,23.86,311.0
虾丁豆腐,217.67,10.69,14.41,12.76,283.0
虾干拌小萝卜,34.87,3.5,1.25,3.33,195.0
虾菇青菜,93.57,6.19,3.34,10.61,171.0
虾酱肉末芸豆,138.79,7.3,10.25,4.74,232.0
虾酱五花大菜,133.9,8.05,10.39,2.42,472.0
虾酱猪排,220.81,14.3,16.96,2.43,173.0
虾饺,270.74,9.5,7.06,42.45,393.0
虾米菜心,50.29,5.92,1.83,3.07,340.0
虾米花蛤蒸蛋羹,158.33,24.83,5.08,3.67,12.0
虾米馄饨,286.34,16.45,7.17,39.94,183.0
虾米韭菜炒香干,89.24,8.02,3.33,7.34,223.0
虾米秋葵,81.06,8.61,2.23,8.35,132.0
虾米西芹拌腐竹,129.63,11.36,6.79,5.85,81.0
虾米紫菜汤,23.71,4.79,0.3,0.63,291.0
虾末菜花,42.57,5.88,0.84,3.84,404.0
虾藕盒,158.54,9.41,2.37,25.47,246.0
虾皮炒冬瓜,36.88,1.56,2.81,1.58,160.0
白玉虾皮,65.67,4.94,2.72,5.49,134.0
虾皮烧冬瓜,75.89,7.59,2.64,5.71,253.0
虾皮炒萝卜丝,30.59,2.67,0.29,5.24,170.0
虾皮炒茼蒿,46.83,3.9,1.49,4.46,284.0
虾皮蚝油焖冬瓜,51.47,5.04,2.01,3.61,204.0
虾皮炝黄瓜,35.29,4.13,0.36,4.29,119.0
虾皮碎菜包,182.25,11.66,5.34,22.63,169.0
紫菜虾皮蔬菜包,226.79,11.72,4.81,35.14,209.0
虾球鲍鱼,85.51,9.1,1.74,8.14,276.0
虾球炒芥蓝,139.84,10.13,2.02,20.72,123.0
虾球炒苦瓜,145.54,13.23,0.74,21.7,325.0
虾球炒西芹百合,125.05,9.92,0.99,19.59,455.0
虾球炒玉米粒,165.52,13.8,0.72,26.43,348.0
虾球烩翡脆白玉,80.44,10.34,2.48,4.74,363.0
虾仁扒芥蓝,77.43,10.04,1.22,7.21,226.0
清香油菜炒虾仁,82.46,7.06,1.39,10.97,342.0
虾仁茶香泡饭,89.03,4.79,1.3,15.34,237.0
虾仁炒冬瓜,100.52,7.94,1.91,13.13,192.0
虾仁炒豆腐,134.32,10.23,5.72,10.64,169.0
虾仁炒豆芽,122.73,10.32,2.39,15.31,220.0
五彩鲜蔬虾仁炒饭,79.28,5.8,0.3,14.12,111.0
虾仁炒河粉,171.43,5.87,1.38,34.22,525.0
清香虾仁炒韭菜,113.74,8.49,3.5,12.71,131.0
虾仁炒面,157.08,8.0,0.88,29.58,466.0
海鲜炒面,220.82,10.27,5.39,33.78,245.0
虾仁蛋炒饭,125.59,8.01,3.19,16.34,254.0
虾仁蛋羹,29.93,3.44,1.59,0.49,284.0
白玉虾仁,76.84,6.04,0.29,12.89,190.0
虾仁豆腐,128.25,10.5,4.29,12.68,177.0
虾仁豆腐羹,115.5,8.89,4.46,10.15,271.0
虾仁香菇豆腐羹,105.86,8.49,3.85,10.02,290.0
虾仁豆腐泥,72.2,5.94,2.53,6.95,277.0
虾仁豆苗,95.07,9.71,1.72,10.82,365.0
虾仁粉丝煲,156.94,11.55,0.85,25.89,288.0
虾仁芙蓉蛋,161.65,14.69,3.85,16.98,279.0
虾仁滑肠粉,252.69,12.89,4.89,39.65,334.0
虾仁烩甜豆,88.99,8.31,1.05,12.8,318.0
虾仁烩豌豆,187.78,15.29,2.66,26.19,180.0
虾仁馄饨,243.33,17.53,3.4,36.92,180.0
虾仁鸡蛋卷,144.57,11.26,5.54,12.83,258.0
虾仁鸡腿菇,180.44,14.26,2.82,25.71,225.0
虾仁酱油炒饭,141.9,7.65,3.73,19.5,210.0
虾仁金针菇面,202.12,7.23,3.54,35.89,236.0
虾仁韭菜盒子,214.9,13.19,2.81,35.25,302.0
虾仁辣白菜,87.0,6.33,2.61,10.14,223.0
虾仁芦笋,50.71,9.29,0.36,3.23,211.0
虾仁茄子,162.35,10.53,7.77,12.9,332.0
虾仁山药饼,107.19,8.05,0.33,18.27,153.0
虾仁山药粥,111.79,3.95,0.22,23.58,195.0
虾仁什锦炒饭,103.17,5.4,0.68,19.27,315.0
虾仁蔬菜稀饭,73.47,3.57,1.8,11.32,343.0
虾仁四季豆,80.2,6.49,1.33,12.1,293.0
虾仁炒四季豆,118.59,8.73,2.92,15.39,199.0
虾仁蒜苗炒蛋,146.15,9.64,7.52,10.24,130.0
虾仁土豆泥,115.03,9.11,3.35,12.47,193.0
虾仁丸子,186.61,17.5,0.52,27.83,127.0
虾仁莴笋,75.8,5.58,1.61,9.69,219.0
虾仁乌冬面,54.07,2.6,0.19,10.85,246.0
虾仁西蓝花,81.19,6.84,2.24,9.82,303.0
虾仁扒西蓝花,82.76,7.59,2.97,6.81,203.0
虾仁西蓝花碎米粥,71.17,4.7,0.35,13.03,281.0
虾仁鲜豆腐,144.68,11.4,2.89,18.75,282.0
虾仁苋菜汤,97.62,6.08,5.44,6.39,462.0
虾仁镶豆腐,127.95,11.37,4.41,11.37,161.0
虾仁雪菜汤,57.02,4.11,2.58,4.76,463.0
虾仁伊府面,238.6,9.85,2.54,44.79,171.0
虾仁珍珠汤,241.85,18.87,8.44,22.89,184.0
虾仁蒸豆腐,96.19,8.46,2.72,10.3,210.0
虾仁紫菜汤,86.98,7.78,1.44,11.46,169.0
虾肉泥,237.74,19.62,6.21,26.15,53.0
虾肉西葫芦,71.61,6.84,2.19,6.19,155.0
虾肉小笼包,306.95,16.42,12.59,32.68,417.0
虾肉蒸蛋,173.13,15.81,5.64,15.06,67.0
虾鳝面,236.02,13.12,1.26,43.13,186.0
虾味花生豆腐包,165.92,7.18,10.0,14.57,179.0
虾香牛肉片,164.66,13.58,2.59,21.84,249.0
虾子炒芹菜,97.18,14.83,2.53,4.44,319.0
虾子烧莴笋,59.13,7.39,0.94,4.3,208.0
下饭辣子鸡,142.34,17.62,6.49,3.86,359.0
下饭蒜焖鸡,132.68,15.34,5.96,4.31,205.0
夏贝百合炒芦笋,59.53,5.98,0.31,8.91,257.0
鲜百合芦笋,174.03,7.59,11.73,10.33,258.0
鲜贝虾茸圆子,151.36,15.2,3.29,14.81,220.0
鲜蚕豆烩虾仁,171.7,13.83,2.16,25.6,311.0
鲜蚕豆烧虾仁,183.25,14.08,3.17,25.48,191.0
蚕豆烩虾仁,168.12,11.96,2.72,25.22,138.0
鲜橙蜜汁烤鸡翅,161.65,14.44,8.67,6.44,133.0
鲜肝薯粥,80.77,2.38,0.35,17.22,156.0
鲜菇扒油菜,45.62,2.73,1.69,5.76,217.0
鲜菇笋饭,147.66,7.26,2.6,25.18,235.0
鲜菇汤,40.73,3.28,1.43,4.74,545.0
鲜菇西红柿汤,57.11,3.02,2.72,5.89,464.0
鲜菇鱼丸汤,36.94,2.01,1.44,4.61,333.0
鲜菇蒸虾盏,156.58,9.54,6.38,16.12,152.0
鲜果缤纷,57.2,0.64,0.3,13.91,257.0
鲜蚝皇干烧鸡翅,170.57,15.41,9.83,5.03,513.0
鲜红薯泥,61.0,0.7,0.2,15.3,50.0
鲜菌骨汤,107.02,6.95,6.21,6.58,527.0
鲜蚵豆腐汤,50.0,3.64,1.74,5.12,408.0
鲜辣海带片,15.24,1.3,0.2,2.62,105.0
鲜辣鱿鱼,94.31,15.02,2.98,1.6,123.0
鲜莲子花生汤,125.84,5.59,10.32,3.01,449.0
鲜熘鱼片,117.46,12.07,1.75,12.77,189.0
鲜蘑菜薹,67.39,2.37,4.65,5.11,46.0
鲜蘑炒腐竹,169.48,16.54,7.17,10.51,154.0
蘑菇炒腐竹,121.72,11.62,5.04,8.02,221.0
鲜蘑番茄汤,60.41,2.24,2.46,8.02,197.0
鲜蘑烩豌豆,139.94,15.25,1.6,19.57,313.0
鲜蘑肉丝,154.76,7.85,11.63,6.03,210.0
鲜蘑烧豇豆,75.13,2.17,0.71,15.29,197.0
鲜蘑生菜,62.5,1.67,4.48,4.33,48.0
鲜蘑圆白菜,66.67,1.62,4.4,5.79,48.0
鲜奶鱼丁,115.84,16.38,4.29,2.95,221.0
鲜奶玉米糊,137.25,3.55,2.11,27.05,400.0
奶香玉米糊,144.58,3.45,2.13,28.9,240.0
鲜奶芝麻糊,392.19,13.3,25.79,29.85,192.0
鲜藕梨汁,52.13,0.85,0.2,12.81,305.0
鲜肉蛋卷,191.01,11.19,15.34,2.45,267.0
鲜肉甘笋饺,120.96,5.32,5.1,14.49,458.0
鲜肉馄饨,150.0,7.48,10.7,6.72,176.0
鲜肉韭菜煎饺,298.05,13.2,11.7,36.07,308.0
鲜肉玉米包,288.76,12.9,14.7,26.65,249.0
鲜肉月饼,346.46,13.1,14.43,41.4,99.0
鲜肉粽子,332.85,13.07,22.19,20.28,137.0
鲜肉咸粽,314.71,10.87,13.72,36.43,68.0
鲜蔬炒虾仁,110.66,9.74,0.97,16.02,347.0
鲜蔬海带汤,10.4,0.87,0.19,1.77,452.0
鲜蔬汤,23.51,1.23,0.79,3.19,370.0
鲜笋牛肉卷,84.1,10.97,2.1,5.72,239.0
鲜味冬瓜花蟹汤,32.54,3.5,1.11,2.11,418.0
白玉花蟹汤,39.32,4.6,1.24,2.38,468.0
鲜味三菇汤,56.58,2.21,3.03,6.09,228.0
鲜味时蔬,24.0,1.48,1.0,3.4,475.0
鲜虾白菜包,89.51,7.93,1.85,10.71,267.0
鲜虾蚌面,84.56,4.7,1.62,12.99,531.0
鲜虾炒小白菜,68.89,5.3,1.09,9.75,270.0
鲜虾蛋粥,56.16,5.65,0.67,6.93,422.0
鲜虾豆腐煲,122.64,7.36,9.05,3.16,848.0
鲜虾花蛤茶蛋羹,125.53,14.09,1.19,13.77,47.0
鲜虾花蛤蒸蛋羹,113.68,13.44,1.2,11.67,117.0
鲜虾韭菜粥,73.71,3.74,0.25,14.21,175.0
鲜虾韭黄煎饼,141.32,11.9,0.41,22.8,288.0
鲜虾萝卜盅,87.5,11.1,0.55,9.55,88.0
鲜虾酿冬菇,266.32,11.64,16.1,18.7,288.0
鲜虾山药球,111.11,9.97,0.64,16.82,234.0
鲜虾蔬菜饼,121.46,10.04,0.89,19.03,466.0
鲜虾汤饭,60.81,4.06,0.25,11.14,347.0
鲜虾西兰花小炒,57.55,8.58,1.26,3.96,278.0
鲜虾小馄饨,167.55,11.69,1.82,27.09,151.0
鲜虾云吞面,217.24,12.85,10.22,18.64,493.0
鲜虾蒸饺,135.33,9.97,4.85,13.66,501.0
鲜香豆腐脑,107.91,6.45,5.72,9.31,177.0
鲜香鸡肉卷,148.26,10.67,4.07,17.7,373.0
鲜香鱼丸豆腐,87.72,7.04,5.14,4.0,342.0
鲜玉米糊,112.0,4.0,1.2,22.8,100.0
咸蛋黄脆玉米,184.71,3.79,4.34,33.58,242.0
咸蛋黄豆腐,101.98,7.13,6.05,5.43,404.0
咸蛋黄馒头粒,203.43,9.75,7.23,25.17,204.0
咸蛋黄南瓜,203.64,5.85,17.85,4.95,55.0
咸蛋黄烧茄子,155.31,5.13,10.7,9.91,179.0
咸蛋酿冬瓜,117.34,5.23,7.88,7.05,173.0
咸肉芹菜炒干丝,228.19,11.03,18.23,5.19,376.0
蚬肉韭菜炒蛋角,67.08,5.34,3.63,3.74,161.0
蚬子肉小白菜炖粉丝,47.13,4.17,0.8,6.38,435.0
苋菜芙蓉蛋汤,21.7,2.14,0.62,2.1,493.0
苋菜面,200.59,6.53,0.61,43.01,170.0
苋菜嫩豆腐汤,37.24,2.79,1.98,2.6,478.0
苋菜银鱼汤,29.82,2.48,1.26,2.45,389.0
苋菜银鱼鲜汤,27.44,2.48,1.0,2.45,390.0
苋菜汁,35.0,2.8,0.4,5.9,80.0
香拌土豆丝,81.99,2.48,0.83,16.81,161.0
香爆草菇,64.86,2.38,3.32,6.62,74.0
香菜拌干丝,361.33,40.98,18.44,11.18,256.0
香菜拌牛肉,108.76,16.56,3.43,3.15,137.0
香菜拌土豆丝,86.75,2.95,1.48,16.12,317.0
香菜炒鳜鱼丝,104.58,15.1,3.78,2.55,480.0
香菜炒牛柳,103.83,15.79,2.85,3.85,209.0
香菜炒羊肉,121.67,7.43,5.77,9.68,60.0
芫荽炒羊肉,113.97,13.11,5.26,3.65,401.0
香菜梗炒肚丝,72.32,6.9,2.95,4.56,224.0
香菜烤三文鱼,115.33,13.05,5.92,2.72,137.0
香菜萝卜汤,33.65,0.7,2.02,3.96,104.0
香菜柠檬虾,88.89,15.69,1.15,3.9,144.0
香菜柠汁鸡胗,94.46,14.35,2.16,4.58,415.0
香菜羊肉馄饨馅,139.8,11.53,8.37,4.69,201.0
香菜羊肉水饺,256.03,10.97,6.63,38.45,307.0
香草沙拉酱,67.31,1.42,4.77,5.46,52.0
香肠炒蚕豆,314.14,16.31,20.89,15.31,198.0
香肠炒蛋,160.16,9.57,11.82,3.98,123.0
香肠蔬菜炖肉,153.73,7.28,11.47,5.56,201.0
香炒豆泡,193.56,10.65,10.0,17.47,202.0
香炒腐竹,194.74,16.93,9.21,11.82,152.0
香炒莲藕圈,74.07,1.26,3.93,9.89,81.0
香炒嫩牛肉丝,93.57,8.86,2.2,10.36,420.0
香橙菠萝虾,185.36,13.98,1.03,31.32,560.0
香橙奶酪盅,95.0,4.95,4.08,9.83,120.0
香橙小煎饼,152.67,5.77,0.97,31.03,150.0
香椿拌豆腐,105.8,5.25,7.59,5.07,138.0
香椿拌卤水豆腐,85.71,6.14,5.06,4.85,126.0
香椿芝麻油拌豆腐,77.12,4.87,4.25,5.78,153.0
香椿拌豆腐丁,87.01,5.47,5.5,4.77,154.0
家常香椿拌豆腐,86.3,5.16,5.18,5.75,73.0
清香鸡蛋炒香椿,117.05,9.87,6.55,5.03,176.0
香椿炒蛋片,119.73,9.36,7.33,4.41,147.0
香椿煎蛋饼,109.43,8.82,6.18,5.13,159.0
香椿凉面,164.36,4.46,2.53,31.18,202.0
香椿酥饼,215.34,8.58,2.69,40.56,163.0
香椿头拌豆腐,76.84,5.25,4.14,5.56,354.0
香椿芽拌豆腐,78.15,4.93,4.3,5.86,151.0
香椿芽煎蛋饼,125.23,6.86,6.79,9.68,222.0
香椿芝麻酱拌面,223.08,10.29,6.84,30.6,247.0
香椿拌面,245.53,9.89,5.04,40.68,347.0
香葱拌蚬子肉,51.46,4.88,1.94,4.24,410.0
香葱炒牡蛎肉,50.46,2.73,1.28,7.68,323.0
香葱蛤蜊肉,61.58,7.86,1.87,3.5,203.0
香葱花椰菜,45.29,4.43,1.57,5.11,223.0
香葱苦瓜圈,132.5,5.56,2.3,23.24,320.0
香葱里脊卷,245.61,8.44,21.21,5.82,57.0
香干牛肉,136.53,12.92,6.26,7.15,375.0
香干芹菜,119.22,7.53,7.44,6.02,437.0
芹菜炒香干,135.52,6.51,10.13,4.84,183.0
香干肉丝芹菜,124.72,6.3,8.5,5.97,271.0
香根木耳牛肉丝,128.95,17.72,4.2,5.76,190.0
香菇扒菜胆,24.6,1.55,0.39,4.66,126.0
香菇扒菜心,28.12,1.61,0.94,4.53,345.0
冬菇油菜心,39.47,1.8,1.17,6.42,380.0
香菇白菜瘦肉粥,81.64,3.78,6.53,2.24,501.0
香菇彩椒炒饭,108.2,3.98,2.07,18.99,512.0
香菇炒菜花,38.66,1.82,1.94,4.67,119.0
蘑菇炒蛋,100.0,6.86,6.59,3.9,78.0
香菇炒鸡丝,99.2,16.4,2.04,3.48,249.0
香菇炒小油菜,33.33,1.35,2.22,2.96,114.0
香菇汆虾片,77.36,9.3,0.45,9.37,402.0
香菇滑虾片,76.3,8.72,0.46,10.04,135.0
香菇盒子,179.84,9.87,12.64,6.3,258.0
香菇红枣鸡汤,52.93,7.39,1.21,3.52,393.0
香菇火腿蒸鳕鱼,108.0,16.15,4.11,1.04,75.0
香菇鸡蛋粥,112.43,4.04,4.76,13.77,185.0
香菇鸡片,121.09,18.01,3.32,5.71,256.0
香菇鸡肉饭,86.08,5.76,0.76,14.73,431.0
香菇时蔬鸡肉饭,91.9,5.73,1.45,14.63,432.0
香菇鸡肉羹,88.52,9.49,1.91,8.8,183.0
菌菇鸡肉粥,57.14,6.58,0.54,6.56,210.0
香菇鸡丝面,132.89,7.87,1.36,22.71,301.0
香菇鸡丝粥,66.45,4.86,1.23,9.2,301.0
香菇鸡腿汤,29.12,3.95,1.39,0.2,261.0
香菇芥菜,61.36,1.75,4.86,3.73,44.0
香菇卷心菜鸡肉粥,63.77,7.9,1.04,6.03,530.0
香菇烤肉,154.95,11.02,11.18,2.92,293.0
香菇栗子,84.44,2.88,1.52,16.15,180.0
香菇焖栗子,94.65,2.4,2.55,16.58,243.0
香菇焖南瓜,70.03,2.93,4.61,4.71,377.0
香菇面筋,89.34,12.76,0.73,8.45,197.0
香菇墨鱼粥,117.74,3.98,1.93,21.39,186.0
香菇木耳焖饭,304.29,7.13,3.7,62.16,70.0
香菇牛肉丼,97.64,7.9,2.39,11.6,297.0
香菇牛肉卷,124.14,10.03,2.87,15.05,319.0
香菇糯米饭,258.04,10.62,9.29,34.15,143.0
香菇茄条,37.78,1.72,1.52,5.33,315.0
香菇青菜包,192.11,10.34,6.15,24.78,304.0
香菇猪肉饼,136.0,5.54,9.94,6.71,200.0
香菇肉糜饭,88.66,3.68,1.07,16.36,335.0
香菇肉末饭,105.42,9.57,1.96,13.0,295.0
香菇肉丝汤面,184.68,6.65,5.16,28.17,359.0
香菇肉馅酿豆腐,218.3,9.87,18.5,3.56,306.0
香菇肉燥,183.27,7.92,16.03,2.1,257.0
香菇烧豆腐,101.32,5.15,6.89,5.69,151.0
香菇烧面筋,354.34,19.08,18.21,29.25,219.0
香菇瘦肉汤,88.18,4.27,7.49,1.32,203.0
香菇素丸,65.13,3.5,1.62,10.48,195.0
香菇西兰花,27.72,3.38,0.54,4.0,303.0
香菇西蓝花,32.6,2.71,0.92,4.93,408.0
香菇炒西蓝花,70.83,2.62,4.58,5.98,48.0
香菇扒西蓝花,70.83,2.62,4.58,5.98,48.0
香菇西芹,43.88,1.59,2.3,5.38,98.0
香菇虾皮小笼包,248.48,14.29,9.24,28.38,231.0
香菇虾仁蛋炒饭,112.03,5.37,0.41,22.09,316.0
香菇虾仁蒸蛋,151.08,12.65,8.47,6.27,139.0
香菇虾仁蒸水蛋,162.16,11.96,9.97,6.08,74.0
香菇鲜肉包,270.27,12.64,6.87,40.74,185.0
香菇小白菜,27.57,1.63,1.18,3.58,185.0
香菇羊肉粥,76.25,2.81,0.64,15.51,80.0
香菇薏米粥,83.85,3.11,1.45,14.96,161.0
香菇油菜,45.59,1.8,1.86,6.03,272.0
香菇彩椒油菜,58.82,1.51,4.71,4.25,68.0
速爆香菇油菜,38.67,1.37,2.45,3.78,150.0
清炒香菇小油菜,24.55,1.62,1.02,3.29,334.0
清炒香菇油菜,24.44,1.66,0.96,3.42,360.0
香菇油麦菜,23.26,1.6,0.87,3.57,387.0
香菇扒油麦菜,22.11,1.4,0.84,3.5,407.0
香菇鱼肉泥,77.5,17.37,0.47,1.28,120.0
香菇猪肉煎饺,268.29,11.85,13.98,24.78,246.0
香菇醉鸡,95.13,11.5,5.1,0.86,390.0
香果拌菠菜,95.48,5.2,5.83,6.47,177.0
花生拌菠菜,95.48,5.2,5.83,6.47,177.0
果仁拌菠菜,95.48,5.2,5.83,6.47,177.0
香河肉饼,266.67,11.26,11.54,30.58,366.0
香滑白斩鸡,138.89,18.93,6.28,1.82,324.0
香滑鸡蛋羹,84.03,5.76,6.31,0.98,144.0
香滑鸡片,70.16,9.5,2.39,3.23,315.0
香滑珍珠丸子,277.1,11.09,14.53,25.65,476.0
香黄豆,334.67,28.52,13.13,30.97,75.0
香煎白肉鱼,131.63,11.37,8.54,2.42,98.0
香煎鲳鱼,97.03,6.23,3.94,7.26,303.0
香煎春笋头,125.61,6.52,9.38,4.91,164.0
香煎多宝鱼,85.71,15.21,1.48,2.54,350.0
香煎蚝油牛肉,85.33,14.62,1.76,2.85,368.0
香煎火腿芦笋卷,133.74,8.32,10.12,3.21,163.0
香煎姬松茸,208.15,10.0,8.08,25.73,233.0
香煎韭菜猪肉饺子,239.41,10.77,16.23,13.31,307.0
香煎萝卜糕,61.9,7.97,0.56,7.21,189.0
香煎米饼,125.64,8.6,2.62,16.97,156.0
香煎牛排佐西蓝花,114.04,19.44,3.42,1.48,178.0
香煎秋刀鱼,133.33,18.69,5.46,2.39,114.0
盐煎秋刀鱼,118.75,19.43,3.36,2.28,384.0
蒜香煎秋刀鱼,127.17,17.55,4.74,2.82,92.0
盐煎三文鱼,139.29,16.57,8.06,0.12,364.0
盐煎三文鱼片,140.1,15.55,7.98,1.33,202.0
宁香三文鱼,139.39,13.61,9.09,0.85,66.0
香煎小土豆饼,149.44,6.87,5.57,18.62,180.0
香煎小鱼饼,129.66,13.52,6.69,3.96,118.0
香煎芋头饼,138.81,1.24,1.65,30.01,134.0
香蕉百合银耳羹,143.36,2.82,0.25,34.11,226.0
香蕉胡萝卜玉米羹,247.65,6.32,2.61,51.63,170.0
香蕉麦片粥,111.5,3.72,2.67,18.78,287.0
香蕉木瓜酸奶昔,67.86,1.27,0.65,14.67,252.0
香蕉泥,93.0,1.4,0.2,22.0,100.0
香甜香蕉泥,93.0,1.4,0.2,22.0,50.0
软糯香蕉泥,93.0,1.4,0.2,22.0,15.0
清香香蕉泥,93.0,1.4,0.2,22.0,30.0
香蕉牛奶饮,84.31,2.31,1.88,14.9,204.0
香蕉溶豆,176.15,7.5,5.51,24.43,348.0
香蕉甜橙汁,78.0,1.2,0.2,18.37,150.0
香蕉小松饼,179.84,6.92,9.06,18.18,382.0
香蕉杏仁蘸,227.91,6.95,10.76,26.68,215.0
香蕉玉米豌豆粥,92.5,2.95,0.33,20.0,280.0
香蕉玉米豌豆羹,85.62,2.71,0.35,18.57,320.0
香蕉芝麻卷,222.47,6.61,5.28,37.6,405.0
香蕉粥,84.76,1.66,0.2,19.41,210.0
香烤蛤蜊,69.61,9.9,2.06,2.75,204.0
香烤芦笋土豆,103.64,2.51,7.28,7.86,165.0
香烤奶酪三明治,398.57,9.8,21.0,42.36,70.0
香烤牛肉丸,160.7,12.58,5.87,15.45,285.0
香烤牛小排,134.64,18.36,3.8,6.14,179.0
香烤沙丁鱼,102.44,16.46,2.68,2.97,123.0
香辣爆鴨胗,95.62,15.0,1.93,4.19,365.0
香辣菠萝虾,115.51,14.26,4.0,6.19,303.0
香辣蛏子,70.51,5.29,2.19,6.72,156.0
香辣甘蓝,33.24,1.3,1.09,5.61,343.0
香辣肝尖,139.58,14.75,5.27,10.09,288.0
香辣过桥骨,210.76,10.54,15.87,6.54,353.0
香辣海螺肉,161.11,21.11,3.88,10.33,324.0
香辣河虾,98.74,13.98,3.84,2.21,239.0
香辣黄瓜花生沙拉,66.39,2.82,3.9,5.39,363.0
香辣黄瓜皮,33.33,0.92,1.21,5.25,120.0
香辣烤玉米,155.04,5.05,3.81,26.96,129.0
香辣苦瓜,34.08,1.28,1.23,5.12,267.0
香辣卤鸡胗,105.0,12.86,4.18,4.26,320.0
香辣罗勒鸡,104.91,18.08,2.09,3.8,285.0
香辣绿豆芽,25.15,1.83,0.78,3.33,326.0
香辣明虾,107.27,12.51,3.93,5.31,220.0
香辣魔芋烧鸭,215.36,11.51,13.0,23.03,384.0
香辣牛肉豆花,104.29,14.73,3.36,3.89,233.0
香辣牛肉盖芦笋,111.11,18.26,3.28,2.58,180.0
香辣四季豆,37.1,1.84,1.88,4.89,434.0
香辣素牛肉,212.9,20.59,9.0,13.18,248.0
香辣蒜苔丝,88.01,2.22,2.15,16.33,317.0
香辣蹄花,232.79,18.82,16.01,3.56,369.0
香辣蹄筋,93.84,7.0,5.57,4.39,276.0
香辣跳水虾,88.73,8.17,1.91,10.07,612.0
香辣童子鸡,125.22,13.95,6.08,4.05,456.0
香辣土豆条,171.78,6.52,11.23,11.87,411.0
香辣五花肉,306.17,13.31,26.05,4.88,405.0
香辣虾煲,136.77,8.43,2.18,20.93,359.0
香辣鸭脖子,205.32,10.95,12.51,15.62,94.0
香辣炸酱面,245.0,11.14,9.39,29.55,400.0
香辣猪皮,327.27,23.7,24.56,2.77,352.0
香辣猪手,239.65,20.14,16.6,2.28,227.0
香辣猪蹄,234.49,19.88,16.39,1.86,345.0
香熘金枪鱼,111.9,22.47,2.0,0.9,210.0
香卤豆泡,242.64,16.18,17.03,6.6,265.0
香卤鸭舌,191.73,11.85,13.75,6.67,399.0
香卤元蹄,229.29,14.86,14.26,10.42,338.0
香卤猪排,141.69,8.86,9.44,5.83,331.0
香麻银鳕鱼,111.98,17.67,2.49,4.79,359.0
香芒炒虾球,64.53,7.42,1.1,6.87,265.0
香芒牛柳盏,120.22,13.28,5.27,5.24,272.0
香杧牛柳,82.8,12.95,1.42,4.38,186.0
香茅草烤鱼,81.62,12.4,1.92,3.66,234.0
香烤罗非鱼,91.87,11.84,3.46,3.35,123.0
香茅烧猪排,277.42,17.77,21.89,2.18,186.0
香茅西芹鸡,121.69,12.77,5.6,5.34,166.0
香米包,307.02,12.66,11.96,38.13,399.0
香嫩芝麻鸡块,148.33,12.65,7.73,7.36,240.0
香柠胡瓜,44.35,0.88,2.9,3.73,115.0
香柠排骨,224.59,15.23,16.93,2.83,183.0
香柠炸鸡,138.86,18.77,3.75,7.64,175.0
香柠芝麻虾,157.62,14.54,6.35,10.9,151.0
香浓黄豆锅,82.93,8.39,3.0,6.65,287.0
香浓牛奶炒饭,76.91,3.19,3.11,9.25,472.0
香浓芝士球,272.78,7.05,15.03,27.36,180.0
香糯美味的腐乳猪蹄,219.85,17.8,14.6,4.4,136.0
香芹炒木耳,163.93,5.8,4.04,31.9,122.0
香芹腐竹炒木耳,276.39,20.67,13.81,19.62,72.0
香芹海米熏干,86.78,7.26,4.11,6.06,174.0
香芹牛肉,78.59,10.99,1.94,4.53,313.0
香芹洋葱蛋黄汤,56.2,2.37,4.19,2.32,395.0
香酥板鸭,236.52,13.26,18.42,4.45,178.0
香酥带鱼,100.75,13.63,3.22,4.34,133.0
香酥蛋饺,190.0,16.88,8.82,12.2,570.0
香酥豆腐,93.79,5.79,6.21,4.63,177.0
香酥海苔肉松饼干,417.84,12.64,29.32,28.62,185.0
香酥红豆饼,416.24,14.99,14.26,58.8,117.0
香酥鲫鱼,113.33,12.12,3.89,7.13,150.0
香酥扣肉,152.5,6.85,11.57,5.36,360.0
香酥牛肉条,137.98,17.96,3.96,7.83,129.0
香酥茄夹,147.58,10.42,4.77,16.22,351.0
香酥土豆饼,169.09,6.29,1.69,33.11,165.0
香酥虾球,242.01,11.23,3.78,41.46,269.0
香酥咸蛋卷,230.85,11.22,13.91,10.79,188.0
香酥响铃,153.33,13.72,7.6,9.47,210.0
香酥小黄鱼,178.49,15.25,3.43,22.12,172.0
香酥羊腿,142.42,15.03,7.01,4.8,231.0
香酥洋葱圈,109.03,8.83,5.61,6.1,155.0
香酥炸鸡腿,160.12,16.59,8.3,4.55,163.0
香酥炸芋艿,155.1,6.7,3.31,25.38,294.0
香酥芝麻条,262.4,12.58,5.5,41.72,242.0
香酥猪排面,139.71,6.58,5.05,16.89,554.0
香素咕老肉,82.14,3.46,2.01,13.04,336.0
香蒜鲜贝,132.39,9.23,7.17,8.14,176.0
香笋红烧鸡,120.36,13.16,5.9,3.74,167.0
香汤肥牛卷,71.66,5.38,2.18,8.02,427.0
香桃果泥,68.0,1.0,0.15,16.05,100.0
奶油泡芙开口笑,387.79,11.29,25.76,28.11,131.0
香甜糯米饭,175.16,5.42,1.21,36.55,153.0
香甜水果羹,96.52,0.44,0.24,24.09,230.0
香甜玉米蛋炒饭,132.47,6.12,5.29,15.64,271.0
香味红焖鸡,106.73,11.31,4.82,5.32,223.0
香虾茄子,71.26,6.22,3.26,4.69,174.0
香香骨汤面,113.9,6.21,5.33,10.4,403.0
香油拌金针菇,41.92,2.4,1.5,5.87,260.0
香油拌双耳,282.61,11.35,5.61,58.96,23.0
香油黄瓜,28.85,1.54,1.15,3.3,104.0
香芋豆腐泥,70.0,3.95,2.75,8.05,100.0
芋泥豆腐,68.33,3.66,2.47,8.57,180.0
香芋风车酥,269.43,12.38,7.16,39.78,157.0
香芋卷,155.5,5.26,1.77,30.5,218.0
香芋扣肉,182.38,6.59,13.1,10.15,210.0
香芋扣五花肉,172.22,6.8,12.87,7.64,126.0
香芋墨鱼烧,126.32,9.83,6.54,7.04,247.0
香芋南瓜煲,45.28,1.02,0.16,10.35,212.0
香芋牛肉煲,165.87,10.78,7.42,14.04,167.0
香芋排骨煲,89.86,5.23,5.95,4.04,444.0
香芋烧鸭块,179.31,9.61,13.42,5.13,261.0
芋艿烧鸭块,172.99,9.69,12.65,5.03,174.0
香芋炖鸭块,154.87,7.95,10.74,6.53,113.0
香芋猪手,163.8,11.15,9.62,8.38,221.0
香炸鲍鱼菇,61.38,2.43,0.61,12.73,189.0
香炸蛋豆腐,201.44,10.43,10.48,17.06,277.0
香炸金沙骨,287.07,14.95,20.18,12.39,147.0
香炸南瓜饼,200.88,5.48,2.77,38.96,227.0
香炸琵琶虾,180.35,16.6,5.33,16.28,341.0
香炸猪排,134.08,8.58,2.76,19.24,179.0
香樟棒棒虾,120.71,14.11,4.64,5.41,140.0
香肘荞面,290.7,13.23,9.68,38.77,215.0
湘江鲫鱼,139.33,12.39,7.21,5.83,150.0
镶茄夹,111.73,7.27,4.12,12.61,307.0
响油茭白,49.74,1.29,1.89,8.21,191.0
响油鳝糊,125.41,10.36,6.46,6.39,244.0
消食脆饼,365.87,26.38,3.76,58.13,126.0
消食山楂糙米羹,98.31,1.44,0.59,22.52,178.0
消暑冬瓜鸭汤,73.44,4.06,4.68,3.96,433.0
小白菜炒豆皮,126.4,12.64,7.08,4.67,178.0
小白菜蛋黄粥,77.78,2.88,3.3,9.49,180.0
小白菜炖蛤蜊肉,95.82,6.38,3.06,11.02,287.0
小白菜锅贴,193.06,7.83,10.01,18.56,216.0
小白菜猪肉锅贴,178.85,8.38,9.89,14.87,260.0
小白菜鸡蛋馅饼,183.57,8.45,1.48,35.48,207.0
小白菜汤,30.69,1.53,0.13,6.24,202.0
小白菜洋葱牛肉粥,68.77,4.63,0.6,11.55,301.0
小白菜鱼丸汤,57.49,5.25,1.54,5.65,247.0
小炒豆角丝,49.7,2.51,1.98,6.47,169.0
小炒红薯藤,41.09,2.89,0.89,6.48,129.0
小炒花菜,54.61,2.65,3.74,3.82,141.0
小炒芦笋干,70.34,4.13,4.28,5.02,145.0
小炒茄子,76.53,2.66,5.33,5.31,98.0
小炒山药,79.04,2.24,3.26,11.64,167.0
小炒香干,105.8,6.76,5.78,7.8,138.0
小炒袖珍菇,82.53,4.91,4.9,6.35,229.0
小炒猪脚皮,313.51,22.56,23.93,1.73,185.0
小动物饼干,374.58,12.73,17.72,41.84,177.0
小番茄炒鲜贝,53.33,7.72,0.61,4.69,180.0
小黄瓜炒猪肝,89.81,9.44,3.2,5.88,216.0
小黄鱼豆腐汤,59.8,7.96,2.56,1.46,306.0
小馄饨,313.21,14.32,28.42,0.38,53.0
小鸡炖菌菇,163.94,12.16,4.75,18.5,269.0
榛蘑炖鸡块,174.18,12.03,6.69,16.81,182.0
菌菇清炖小鸡,182.39,11.64,7.32,17.76,142.0
小鸡炖土豆,128.79,11.38,5.05,8.95,198.0
小煎鸡,117.18,11.69,5.45,5.76,262.0
小蝌蚪找妈妈,102.63,2.74,1.92,19.74,76.0
小麦红豆玉米粥,51.91,1.94,0.27,10.82,262.0
小麦玉米豆浆,37.39,2.55,1.02,5.15,345.0
小米炖辽参,171.71,13.9,1.18,26.56,152.0
小米炖海参,181.71,13.51,1.32,29.39,82.0
香甜小米红枣发糕,355.17,14.55,2.47,70.43,58.0
小米锅巴,361.0,9.0,3.1,75.1,50.0
红薯山药小米粥,104.0,2.75,0.37,22.65,150.0
小米胡萝卜泥,32.86,0.86,0.26,7.1,140.0
小米胡萝卜糊,32.5,0.87,0.26,7.23,160.0
小米花生饭,197.0,5.75,5.01,32.84,100.0
小米辣炒鸡胗,96.97,11.33,1.74,11.05,198.0
小米绿豆粥,78.46,4.02,0.36,15.32,130.0
小米馒头,361.43,12.83,2.76,72.7,70.0
香甜南瓜粥,43.18,1.14,0.33,9.24,220.0
香甜南瓜小米粥,80.8,1.99,0.49,17.31,125.0
小米汤,60.0,1.5,0.52,12.52,120.0
小米香豆蛋饼,196.12,10.7,4.83,29.22,206.0
小米杂豆饭,346.67,10.77,1.92,72.6,60.0
小米芝麻糊,55.86,1.57,1.69,8.86,290.0
清香小米粥,75.79,1.89,0.65,15.81,190.0
小肉包,233.8,14.34,2.73,39.15,142.0
香菇肉包,233.8,14.34,2.73,39.15,142.0
小沙丁鱼拌西蓝花,38.89,5.83,0.67,3.36,36.0
小沙丁鱼豆腐味噌汤,11.48,1.11,0.62,0.48,183.0
小沙丁鱼混合散寿司,134.26,3.63,1.41,27.19,108.0
小沙丁鱼鸡蛋卷,167.86,12.52,11.29,4.11,56.0
小沙丁鱼卷心菜,36.92,1.75,1.53,4.56,260.0
小糖窝头,380.95,17.87,7.46,63.56,84.0
小兔吃萝卜,204.05,3.69,2.73,41.93,222.0
小虾饼,200.83,17.9,3.04,25.39,120.0
小熊豆沙包,344.44,13.94,2.2,69.05,81.0
小洋葱鸡肉卷,143.55,10.8,8.92,5.42,124.0
小油菜胡萝卜酸奶薄饼,148.78,4.52,8.4,14.37,164.0
小油菜面皮汤,89.33,4.23,3.87,9.73,150.0
小芋头山药烧排骨,134.75,7.51,7.5,9.65,282.0
小猪糖包,363.64,13.77,2.09,73.8,44.0
蟹粉烩豆腐,93.98,7.13,4.79,6.17,166.0
蟹粉烧豆腐,100.77,6.37,5.8,6.38,130.0
蟹粉狮子头,161.97,7.37,10.94,8.62,284.0
蟹粉猪肉丸子,197.54,7.94,12.65,13.01,122.0
蟹黄豆腐羹,105.29,8.52,3.7,6.71,227.0
蟹黄鸡茸面,113.61,9.81,3.25,11.47,573.0
蟹黄小笼包,309.79,17.06,13.75,30.04,194.0
蟹黄一品冬瓜,72.2,5.58,4.33,3.0,259.0
蟹黄蒸丝瓜,121.67,10.08,4.13,11.22,323.0
蟹柳蒸金针菇,64.63,5.55,3.05,4.54,164.0
蟹肉拌菠菜,30.28,2.8,1.27,2.2,459.0
蟹肉豆腐,103.15,8.53,5.24,5.84,222.0
蟹肉秋葵浓汤,43.56,3.85,1.89,3.33,505.0
蟹味菇烧冬瓜,27.84,2.04,0.42,4.81,97.0
蟹味鸡蛋,127.12,11.96,7.32,2.85,118.0
蟹子豆腐,95.15,9.8,2.98,7.49,227.0
蟹足扒芦笋,75.34,11.27,1.45,3.75,146.0
蟹柳扒芦笋,73.1,5.83,3.81,4.25,145.0
心语牛肉,118.15,14.21,4.98,4.1,292.0
新法蒸桂鱼,127.49,14.56,6.34,3.33,291.0
新疆大盘鸡,116.37,12.71,4.14,7.42,171.0
西北大盘鸡,144.09,8.63,2.73,21.34,406.0
农家大盘鸡,180.59,9.43,4.02,26.09,170.0
新疆风味炒面,164.65,8.98,2.14,27.72,396.0
新疆烤鸡肉串,121.76,23.05,2.55,1.92,170.0
杏鲍菇炒菠菜,34.24,2.11,0.73,5.75,406.0
杏鲍菇炒空心菜,31.24,1.69,0.61,6.24,461.0
杏鲍菇炒肉,130.14,4.51,9.23,8.32,73.0
彩椒杏鲍菇炒肉片,307.05,13.62,27.54,1.51,227.0
杏鲍菇炒西葫芦,34.88,0.99,1.34,5.38,172.0
杏鲍菇炒小白菜,28.57,1.33,0.7,5.3,406.0
杏鲍菇炒油菜,25.19,1.3,0.85,4.16,405.0
杏鲍菇彩椒炒油菜,28.71,1.28,0.8,5.07,404.0
杏花酥鸡翅,219.13,17.21,10.52,13.88,183.0
杏片虾球,204.27,16.65,4.3,24.97,164.0
茼蒿凉拌杏仁,107.72,4.08,6.76,8.61,285.0
杏仁凉拌茼蒿,125.53,4.55,8.14,9.62,235.0
杏仁薄烧,376.77,17.7,22.72,27.67,254.0
杏仁绿豆粥,224.55,7.04,9.15,29.77,110.0
杏仁米饭,198.0,5.52,5.12,33.06,100.0
杏仁秋葵,146.23,8.74,6.89,13.95,305.0
杏仁松果鸡,237.19,19.16,14.77,7.76,242.0
杏仁酥,451.39,12.68,18.58,59.56,72.0
杏仁小松饼,472.6,12.9,28.69,41.85,208.0
杏仁榛子豆浆,120.74,7.5,7.37,7.76,135.0
榛子杏仁豆浆,100.0,6.92,5.63,6.98,129.0
雪菜炒豆腐干,161.61,11.2,8.56,10.66,211.0
雪菜炒黄豆,255.7,19.7,11.96,21.42,79.0
雪菜炒毛豆,99.4,9.17,3.1,10.35,166.0
雪菜冬笋汤,33.67,2.79,0.6,4.65,196.0
雪菜肉末面,128.84,7.19,2.04,20.5,378.0
雪菜肉丝面,130.03,4.51,4.16,18.77,373.0
雪菜肉丝煨面,183.44,5.59,3.38,32.9,308.0
雪菜烧豆腐,78.52,5.75,4.06,5.72,135.0
雪菜笋丝炒肉丝,266.19,11.32,22.96,2.79,210.0
雪耳花菜鹌鹑蛋,79.73,5.96,3.0,9.45,222.0
雪耳木瓜汤,60.64,1.32,2.05,9.86,343.0
雪飞鸡,135.15,14.72,6.12,6.16,239.0
雪梨菠菜稀粥,46.11,1.36,0.16,10.24,360.0
雪梨川贝无花果瘦肉汤,123.9,4.47,8.12,8.89,272.0
雪梨藕粉羹,162.86,0.7,0.07,41.0,70.0
雪梨稀粥,79.44,1.57,0.18,18.48,180.0
雪梨粥,52.54,1.0,0.12,12.3,295.0
滋补银耳雪梨羹,49.77,0.79,0.11,12.57,213.0
雪里藏珍,151.34,13.81,5.66,11.12,187.0
雪里红炒蛋,110.91,8.84,7.1,3.42,165.0
雪里红炒肉末,213.76,9.11,17.68,4.96,189.0
雪里红肉末,122.39,10.25,6.63,8.32,134.0
雪里蕻炒黄豆,190.67,12.07,11.78,11.24,225.0
雪里蕻炒香干,108.89,7.72,6.12,6.4,225.0
雪里蕻干烧冬笋,39.92,2.95,1.02,4.82,253.0
雪蟹蒸水蛋,116.25,14.27,5.76,1.5,160.0
雪蟹蒸蛋羹,120.0,13.88,6.36,1.69,85.0
雪中寻牛,119.91,15.58,3.26,7.54,221.0
鳕鱼菜饼,89.22,13.6,3.42,1.11,204.0
鳕鱼豆腐泥,85.38,11.91,3.45,2.28,130.0
鳕鱼海苔粥,87.37,8.16,0.53,14.97,190.0
鳕鱼红薯饭,98.89,7.23,0.34,17.08,180.0
鳕鱼鸡蛋粥,89.86,7.78,1.83,10.8,365.0
鳕鱼鸡蛋羹,105.93,6.95,1.37,16.69,270.0
鳕鱼泥,88.0,20.4,0.5,0.5,30.0
鳕鱼苹果糊,210.0,5.4,0.57,46.45,40.0
鳕鱼肉泥,88.0,20.4,0.5,0.5,50.0
鳕鱼香菇菜粥,66.28,4.34,0.24,11.87,341.0
鳕鱼蒸鸡蛋,74.64,9.84,2.64,3.09,351.0
鳕鱼汁大米粥,52.86,4.49,0.19,8.36,280.0
鳕鱼粥,74.36,6.94,0.27,11.14,351.0
鳕鱼子炒饭,143.93,4.97,2.62,26.82,107.0
血糯八宝饭,366.67,9.4,7.14,67.31,102.0
鸭蛋鱼饼,146.95,14.7,9.05,1.74,213.0
鸭蛋煎鱼饼,138.46,14.97,8.01,1.66,130.0
鸭肝豌豆苗汤,52.2,5.48,2.93,1.23,431.0
鸭架汤,104.17,6.6,6.01,6.65,480.0
鸭梨素排,161.77,4.4,6.75,21.32,361.0
鸭肉炒菌菇,116.22,12.85,2.85,11.35,185.0
鸭肉炖粉条,111.06,8.91,1.83,14.79,217.0
鸭肉蒸菜萝卜卷,74.68,7.24,2.05,7.09,233.0
鸭腿炖土豆,169.71,9.86,11.41,6.95,175.0
鸭血豆腐汤,71.75,7.0,2.64,5.22,308.0
鸭血虾煲,110.42,11.69,3.65,7.89,336.0
鸭肫炒青椒,71.74,8.49,2.09,5.5,230.0
芽菜炒豆干,179.59,13.49,10.31,8.85,245.0
芽菜炒鸡蛋,79.11,5.15,4.1,6.18,158.0
芽菜冬菇扣香肉,206.03,8.42,16.33,6.6,199.0
芽菜碎米鱼丁,84.29,14.15,1.41,3.97,210.0
烟熏鲑鱼&山羊奶酪,124.79,10.79,7.9,2.83,121.0
腌西兰花,30.59,2.54,0.48,4.77,170.0
腌小黄瓜,30.36,0.75,0.3,6.27,56.0
芫爆肚丝,131.28,10.64,5.97,8.7,179.0
芫爆里脊丝,143.19,15.12,6.76,5.84,213.0
爆香里脊丝,143.24,12.7,6.19,9.76,148.0
芫爆里脊,148.25,14.71,7.23,6.47,114.0
芫爆散丹,67.52,7.32,2.76,2.57,274.0
芫爆鸭肠,118.98,10.93,7.29,2.63,137.0
爆香鸭肠,140.74,11.12,9.63,2.99,81.0
芫爆鱿鱼卷,88.62,14.48,3.03,1.09,123.0
芫爆鱿鱼花,91.92,12.92,3.3,2.18,99.0
芫荽豆腐汤,55.17,3.45,3.71,2.25,406.0
盐煎肉,258.33,11.85,20.94,5.06,84.0
盐水肝,118.46,15.42,4.03,6.48,65.0
盐水卤肝,116.54,15.71,3.94,5.4,127.0
家常盐水肝,118.46,15.42,4.03,6.48,65.0
盐水瓜条,32.77,1.63,1.05,4.39,119.0
清香盐水虾,88.07,16.12,0.87,3.96,176.0
盐水鸭翅,143.61,12.93,5.04,11.69,133.0
盐水猪肝,119.84,15.88,4.71,3.31,126.0
盐酥虾,234.55,17.68,14.96,8.33,165.0
盐蚬仔,56.49,6.11,1.14,5.46,131.0
盐蒸鸡翅,200.0,17.55,11.7,5.95,165.0
盐煮毛豆,111.48,10.93,4.17,9.39,122.0
燕巢凤尾虾,86.02,10.15,2.03,6.8,329.0
燕麦饭,114.67,2.78,0.25,25.75,150.0
燕麦海鲜粥,111.29,7.39,4.56,10.36,363.0
燕麦南瓜泥,81.82,2.45,0.12,18.74,187.0
燕麦片果蔬沙拉,87.39,3.02,1.55,16.01,230.0
燕麦五宝饭,182.61,5.03,0.63,39.98,115.0
五谷燕麦饭,179.17,4.98,0.62,39.03,120.0
燕麦芝麻豆浆,48.41,2.16,1.06,8.18,345.0
麦片粥,77.69,2.33,0.05,17.86,130.0
燕麦猪肝粥,97.84,7.1,1.31,15.13,185.0
燕窝芥菜心,61.35,7.65,2.48,2.56,445.0
羊肝小米粥,107.92,4.24,1.17,20.41,101.0
小米羊肝粥,107.92,4.24,1.17,20.41,101.0
羊骨肉汤,64.16,8.86,2.3,2.09,399.0
羊栖菜拌米饭,121.15,3.61,0.36,26.92,104.0
羊栖菜炖菜,100.69,6.62,5.22,8.5,144.0
羊栖菜鸡蛋卷,163.89,13.29,10.81,4.15,108.0
羊肉拌汤面,80.0,4.4,1.79,11.84,340.0
羊肉煲白萝卜,94.1,10.91,3.77,4.42,271.0
羊肉彩椒盅,108.23,12.11,5.46,2.95,158.0
羊肉炒米粉,221.94,6.47,2.49,43.85,319.0
羊肉大烩菜,128.33,7.12,3.39,17.57,180.0
羊肉胡萝卜丸子汤,33.74,3.21,1.08,3.07,326.0
羊肉萝卜馄饨,169.0,12.66,3.53,22.92,200.0
羊肉面,210.08,11.22,5.67,29.61,129.0
羊肉泡馍,108.19,5.03,1.43,19.38,415.0
羊肉山药粥,74.72,5.2,2.03,9.0,447.0
羊肉手抓饭,236.19,8.36,4.35,40.89,105.0
羊肉虾皮汤,74.03,9.39,3.38,1.64,181.0
虾皮羊肉汤,84.65,11.09,3.76,1.61,417.0
洋葱爆鸡胗,110.0,8.82,3.86,10.06,120.0
洋葱炒蛋,146.51,9.78,8.77,9.62,86.0
洋葱炒牛肉,92.96,12.4,2.21,5.84,270.0
洋葱炒小鱿鱼,77.71,11.34,1.31,5.33,166.0
洋葱番茄蛋花汤,29.5,2.02,1.15,2.96,400.0
洋葱姜芽拌松花,105.67,6.41,5.69,7.53,247.0
洋葱焗饭,182.14,7.43,8.36,19.65,168.0
洋葱木耳炒鸡蛋,175.0,9.38,5.45,26.99,120.0
洋葱虾泥,135.27,13.24,1.85,16.63,207.0
葱香虾泥,148.39,13.99,2.36,18.03,155.0
洋芋炖鸡,114.06,10.77,3.91,9.44,320.0
洋芋烧肉片,170.77,7.24,12.46,7.81,195.0
洋芋蒸五花肉,166.78,6.7,10.33,11.42,298.0
养生排骨面,152.04,6.9,5.1,19.94,538.0
腰果拌西芹,169.12,6.52,13.04,8.66,204.0
腰果炒鸡丁,232.33,17.33,14.42,8.48,266.0
腰果爆鸡丁,247.26,14.44,15.29,14.51,237.0
腰果鸡丁,214.61,15.03,12.25,11.99,89.0
腰果大虾,164.52,16.98,7.99,6.52,124.0
腰果饭,214.0,6.67,8.21,29.11,100.0
腰果麻球,452.16,12.05,33.7,26.13,255.0
腰果米饭,184.55,5.15,4.97,30.66,110.0
腰果虾球,227.06,14.57,10.68,19.19,255.0
腰果虾仁,220.86,14.87,8.81,21.89,302.0
腰果玉米,125.68,4.85,6.13,14.44,183.0
瑶柱冬瓜煮,18.9,2.06,0.27,2.54,127.0
瑶柱花生猪手煲,246.31,17.72,17.46,4.5,203.0
瑶柱扣四蔬,45.74,2.56,1.3,6.53,387.0
瑶柱虾米焖冬瓜,34.22,5.2,0.41,2.91,225.0
鳐鱼炖豆腐,84.33,12.54,2.71,2.79,319.0
鳐鱼烧豆腐,109.29,12.76,5.16,3.29,140.0
椰青炒饭,167.86,7.68,6.14,21.19,364.0
椰汁芋头鸡,166.0,9.94,7.76,15.06,250.0
椰子煲鸡,169.0,8.9,9.27,13.44,400.0
椰子巧克力,263.81,11.98,18.32,13.91,105.0
野葱炒鸡蛋,94.9,4.81,6.18,5.67,157.0
一品炖菜芯,103.16,5.24,8.01,2.42,411.0
一品汤包,187.2,8.78,9.73,16.47,453.0
一品土豆泥,70.34,2.68,2.96,8.52,381.0
意大利那不勒斯面,260.38,9.29,4.44,46.07,106.0
意大利肉酱面,170.35,6.79,9.4,14.85,344.0
意式菠菜通心粉,227.66,7.73,6.26,35.42,235.0
意式蔬菜汤,28.69,1.74,1.2,3.38,237.0
意式杂粮巧克力棒,341.03,12.71,21.59,24.75,117.0
薏米冬瓜鲫鱼汤,42.16,3.49,1.67,3.44,287.0
冬瓜薏仁鲫鱼汤,58.8,6.39,1.55,4.98,449.0
薏米炖鸭,186.26,10.06,12.35,8.64,182.0
薏米黑豆浆,68.85,4.0,1.57,10.2,122.0
薏米红豆汤,57.5,2.66,0.38,11.15,120.0
薏米红枣粥,59.02,1.31,0.31,13.02,122.0
薏米黄瓜红薯饭,212.22,5.81,1.12,45.58,90.0
薏米莲子粥,88.41,2.38,0.45,18.93,138.0
薏米绿豆南瓜汤,47.65,2.23,0.27,9.39,170.0
薏米排骨冬瓜汤,123.47,7.6,7.65,6.25,277.0
薏米山药饭,142.86,4.66,0.91,29.61,140.0
薏米鳝鱼汤,80.31,9.76,1.03,7.85,259.0
薏米双豆浆,89.63,4.21,0.6,17.45,135.0
薏米燕麦粥,90.37,2.92,0.4,19.37,135.0
薏仁燕麦粥,70.4,2.34,0.42,14.73,125.0
薏仁红豆牛奶粥,139.26,5.99,3.19,22.19,135.0
薏仁绿豆百合汤,81.38,2.83,0.37,17.14,145.0
银耳拌黄瓜,55.08,1.73,1.98,9.02,118.0
银耳大枣粳米粥,67.46,1.32,0.13,15.75,252.0
银耳豆腐,70.55,4.56,3.84,5.58,275.0
银耳羹,23.64,0.91,0.13,6.12,110.0
冰糖银耳羹,25.61,0.61,0.09,6.52,164.0
银耳枸杞雪梨汤,47.62,1.03,0.15,11.93,168.0
银耳红薯糖水,40.44,1.21,0.18,10.4,136.0
银耳花生仁汤,82.21,2.61,3.6,10.91,253.0
银耳莲子冰糖饮,31.43,0.81,0.11,7.67,175.0
银耳莲子羹,28.42,1.08,0.16,6.5,183.0
银耳莲子绿豆汤,36.48,1.69,0.16,7.82,244.0
银耳莲子绿豆羹,54.62,1.92,0.18,12.72,130.0
银耳莲子汤,8.01,0.18,0.02,1.88,312.0
银耳木瓜汤,27.08,0.93,0.09,6.08,288.0
银耳枇杷,75.65,1.57,0.3,18.24,115.0
银耳肉丝羹,46.26,1.89,3.2,3.14,214.0
银耳鸭蛋羹,63.26,3.4,3.09,6.15,215.0
银耳椰子猪腱瘦鸽汤,144.51,7.42,10.68,5.2,474.0
银耳猪肝汤,40.82,3.79,1.55,3.53,294.0
银球干贝,125.68,17.86,3.77,5.28,183.0
银丝白菜,50.0,1.63,1.08,8.89,342.0
银丝空心菜,33.02,2.23,1.13,5.28,324.0
银丝扇贝,151.52,6.28,4.72,21.11,198.0
银丝娃娃菜,24.44,1.88,1.15,3.12,315.0
银杏白玉,166.81,12.61,1.9,24.53,226.0
银杏百合肉丁,120.53,10.9,3.68,11.8,341.0
银杏红枣蒸南瓜,81.07,2.07,0.21,18.24,169.0
银鳕鱼粥,61.11,5.04,1.06,8.06,360.0
银芽炒豆干,110.13,8.92,5.96,5.7,227.0
炝炒鸡丝银牙,73.2,11.52,0.91,4.99,362.0
炒鸡丝银牙,69.8,9.83,0.78,5.79,149.0
蒜香银芽鸡丝,70.14,9.76,0.8,5.88,144.0
银芽豆丝,64.1,4.53,3.38,4.48,234.0
银芽火鸭丝,67.15,8.31,0.85,6.55,207.0
银芽干煸鸡丝,136.44,15.58,7.1,2.44,225.0
芹香银芽炒鸡丝,58.82,8.95,1.37,3.11,153.0
豆芽金针菇银鱼,73.32,10.23,2.84,2.13,371.0
银芽金针炒银鱼,68.22,7.84,3.26,2.39,129.0
肉丝银芽,93.67,10.31,4.58,3.01,221.0
银芽鱿鱼丝,49.82,7.32,1.38,2.42,279.0
银鱼炒蛋,159.7,13.1,9.34,5.54,67.0
银鱼炒韭菜,72.12,8.24,3.18,3.37,208.0
银鱼蛋饼,193.67,15.03,4.38,24.06,221.0
银鱼蛋黄菠菜粥,116.09,6.37,3.15,15.74,261.0
银鱼羹,96.17,13.15,3.93,2.24,209.0
银鱼玉子羹,118.18,12.22,6.45,2.94,88.0
银鱼芦笋,59.87,7.45,2.61,2.27,157.0
银鱼蒸蛋,110.43,13.3,5.5,2.1,115.0
印度烤鸡,103.57,15.13,2.04,6.77,56.0
樱桃豆腐,86.82,3.11,3.68,10.78,220.0
樱桃奶香蛋糕,148.16,5.04,5.78,19.4,272.0
樱桃汁,46.0,1.1,0.2,10.2,100.0
樱虾白菜,94.59,13.15,3.28,3.08,74.0
迎春汤,53.53,7.04,1.51,3.21,340.0
营养比萨饼,142.64,4.24,2.72,25.9,265.0
营养山药羹,83.66,3.08,0.39,18.79,202.0
营养牛肉丝炒青椒,111.63,15.69,3.27,5.81,215.0
营养烤饼,220.9,8.66,10.57,23.75,67.0
营养糯米饭,105.71,3.24,1.44,20.53,420.0
营养杂煮,122.35,9.22,3.02,14.95,264.0
油爆带子,45.65,3.61,1.55,4.54,184.0
油爆肚尖,103.73,9.97,4.49,6.25,241.0
油爆双花,123.32,11.26,2.22,15.8,193.0
油菜扒金针菇,104.62,1.98,8.06,6.75,65.0
油菜炒猪肝,70.21,5.13,3.36,6.57,47.0
油菜蛋羹,48.57,2.36,4.1,0.77,140.0
油菜豆腐汤,35.37,2.22,2.37,1.96,164.0
油菜豆腐羹,58.06,3.85,4.03,2.04,279.0
油菜鸡蛋豆腐汤,43.53,3.43,2.88,1.07,170.0
油菜米汤,103.53,2.48,0.32,22.94,170.0
油菜泥,14.0,1.3,0.5,2.0,50.0
油菜水,4.67,0.43,0.17,0.67,150.0
油菜汤,4.67,0.43,0.17,0.67,150.0
油菜丸子汤,104.41,5.54,8.5,1.59,408.0
油菜鱼肉粥,64.76,5.26,0.96,8.94,227.0
油豆腐炒小白菜,143.48,9.08,10.6,3.21,207.0
油豆角焖千张,175.8,18.39,9.01,7.01,157.0
油煎带鱼,166.85,14.88,8.15,8.36,184.0
香煎带鱼段,152.21,14.34,8.43,4.2,113.0
油煎咸带鱼,116.97,16.1,5.64,0.18,165.0
油淋黄鱼,84.42,12.46,3.08,1.65,231.0
油淋鸡腿,131.08,14.67,6.34,2.82,148.0
葱香油淋鸡腿,231.67,17.79,15.08,6.5,120.0
油淋蒸鸡,152.5,17.09,8.55,1.22,120.0
油麦菜豆腐鸭肝汤,46.78,3.58,2.92,2.22,171.0
油麦菜鲫鱼,67.67,8.44,2.23,3.86,232.0
油闷大虾,68.52,10.1,2.01,2.47,270.0
油焖大虾,98.96,17.51,1.8,2.69,192.0
油焖冬菇,64.75,2.63,2.73,8.3,122.0
油焖糖醋虾,142.11,12.54,4.96,12.14,114.0
油焖茄子,64.75,2.28,1.88,10.5,122.0
油焖四季豆,51.18,2.61,1.78,8.42,127.0
油焖笋菇,56.4,3.67,1.49,8.2,172.0
油焖小竹笋,56.71,3.0,2.69,6.21,164.0
油面筋塞肉,341.83,16.52,22.71,18.27,263.0
油泼鲜笋,37.79,2.49,1.47,4.62,172.0
油炸白肉鱼,143.35,15.17,5.93,7.54,203.0
油炸豆腐,100.0,6.37,6.3,5.51,158.0
油炸豆腐寿司,120.0,4.42,3.26,18.37,150.0
油炸鸡胸脯肉,238.1,17.93,6.6,27.64,42.0
油炸咖喱鸡脯肉,153.04,22.87,3.71,7.23,115.0
油炸旗鱼,304.35,18.95,19.58,13.16,92.0
油炸蔬菜,107.77,5.0,4.03,14.27,103.0
油炸竹荚鱼,111.62,6.9,3.47,13.57,198.0
拌鱿鱼黄瓜丝,68.75,9.12,2.82,1.74,208.0
鱿鱼炒三丝,169.2,14.29,11.08,3.11,263.0
鱿鱼粉肠,70.87,6.04,3.68,3.92,357.0
鱿鱼蔬菜饼,122.09,7.83,4.28,13.65,258.0
鱿鱼丸子,134.48,8.64,9.38,4.28,203.0
幼儿咖喱饭,128.57,3.93,3.87,19.91,175.0
幼儿麻婆豆腐,158.71,8.25,12.42,4.19,201.0
幼儿寿司,130.57,7.57,3.57,18.49,157.0
柚米鱼脯,91.2,7.56,2.71,9.84,341.0
柚蜜烤翅,206.45,15.93,9.67,14.21,124.0
鱼米花,137.74,13.84,1.82,16.72,265.0
鱼米之乡,91.84,6.68,2.42,11.86,98.0
鱼泥豆腐羹,100.96,13.02,3.75,4.33,104.0
鱼泥豆腐苋菜粥,87.69,6.9,2.15,10.36,260.0
鱼片炒芦笋,59.91,7.41,0.62,6.21,232.0
鱼片青菜粥,72.61,4.88,1.33,10.53,230.0
鱼蓉瘦肉粥,177.2,9.24,10.93,10.89,250.0
鱼肉白菜饺子,191.11,14.33,2.33,28.81,135.0
鱼肉菜粥,62.53,5.85,1.4,6.71,363.0
鱼肉蛋花粥,63.67,4.33,1.56,8.15,300.0
鱼肉馄饨,76.76,5.94,2.08,8.98,525.0
鱼肉鸡蛋饼,152.38,15.1,9.21,2.86,42.0
鱼肉麦片,172.52,16.11,5.5,15.32,131.0
鱼肉泥,88.0,20.4,0.5,0.5,50.0
鱼肉青菜米糊,220.0,5.33,0.62,48.78,90.0
鱼肉薯泥糕,83.33,8.53,0.3,12.03,150.0
鱼肉松粥,108.67,4.01,2.77,17.14,150.0
鱼丝海帯,75.66,8.01,3.25,3.84,226.0
鱼松茄子豆腐煲,67.83,8.64,2.17,3.94,314.0
鱼松粥,61.88,6.23,1.08,6.89,341.0
鱼肉粥,80.67,4.3,0.25,15.51,150.0
鱼酸汤,35.61,3.54,1.03,3.39,542.0
鱼头豆腐,94.5,11.85,4.34,2.31,291.0
鱼头炖豆腐,96.57,9.65,4.1,5.48,233.0
鱼头泡饼,77.06,7.17,4.14,2.68,388.0
鱼丸炖鲜蔬,63.55,6.48,2.57,4.46,310.0
鱼丸羹,79.78,5.97,1.1,12.9,272.0
鱼丸浸豆苗,89.86,10.86,4.25,2.46,276.0
鱼丸全家福,79.0,10.14,2.93,3.24,419.0
什锦海鲜煲,78.46,8.31,3.61,3.58,130.0
鱼香拌面,295.51,9.95,11.36,38.84,267.0
鱼香肝片,74.31,9.37,2.26,4.46,109.0
鱼香烘蛋,213.04,10.52,15.53,8.03,138.0
风味鱼香鸡丝,123.18,17.29,4.75,2.89,151.0
鱼香茭白,39.47,1.3,0.21,8.65,114.0
鱼香牛肉丝,93.96,13.21,3.29,3.05,182.0
家常鱼香茄子,43.55,1.49,1.42,6.99,186.0
川味鱼香茄子,60.26,1.73,3.63,5.74,151.0
鱼香里脊肉丝,125.36,4.41,8.96,7.86,138.0
家常鱼香肉丝,238.1,9.63,19.99,6.44,147.0
鱼香素斋,97.07,12.84,0.8,10.12,307.0
鱼香碎滑肉,287.24,12.67,19.97,17.25,243.0
鱼香油菜心,53.17,2.08,2.29,6.98,126.0
鱼香杂锦粥,86.42,6.94,2.03,10.66,427.0
鱼香蒸蛋,151.61,9.46,6.23,16.3,93.0
鱼子拌海鲜,80.5,9.69,1.19,8.16,318.0
鱼子拌魔芋丝,187.5,5.14,3.12,61.29,56.0
鱼子烧茄子,97.04,4.15,4.02,11.63,169.0
渔家炒米粉,259.46,4.59,11.02,35.95,370.0
渔家爽口菜,85.44,8.04,2.83,7.18,309.0
玉菜扒排翅,205.09,41.69,1.9,5.51,216.0
玉兰炒鸡肉片,60.22,9.47,1.22,4.03,455.0
玉兰豆腐羹,56.21,3.64,3.94,2.09,290.0
玉兰花枝片,70.21,9.33,1.32,5.23,282.0
玉兰沙姜焗鸡,84.59,10.05,3.54,3.95,357.0
玉米板栗排骨汤,94.17,5.45,5.08,6.83,429.0
玉米菠菜糊,117.65,3.79,2.76,20.6,136.0
玉米菜心,73.11,3.21,3.12,9.28,212.0
玉米蛋汤,52.15,2.84,2.36,5.33,349.0
玉米冬瓜排骨汤,91.68,5.9,6.22,3.26,505.0
玉米冻奶,96.1,3.57,2.34,15.93,205.0
玉米发糕,339.66,14.47,2.71,66.57,58.0
玉米红薯粥,110.0,2.36,0.4,26.67,400.0
玉米胡萝卜粥,54.06,1.49,0.3,11.81,320.0
玉米花生杂粮饭,164.17,4.38,2.38,31.67,120.0
玉米火腿炒蛋,140.37,7.65,7.83,10.1,161.0
玉米火腿蛋饼,178.11,9.43,3.8,27.56,201.0
玉米鸡蛋饼,188.89,9.83,4.19,28.76,135.0
玉米鸡肝粥,14.11,1.04,0.29,1.99,241.0
玉米鸡茸,118.25,13.37,2.62,10.93,252.0
玉米浆,112.0,4.0,1.2,22.8,100.0
玉米萝卜排骨汤,110.75,6.92,6.88,5.74,307.0
玉米蜜枣排骨汤,155.35,8.51,9.52,9.5,430.0
玉米面饼子,372.36,12.62,5.84,70.23,123.0
玉米面窝窝头,380.77,17.78,7.09,64.19,78.0
玉米南瓜大麦粥,80.08,2.4,0.88,16.53,512.0
玉米牛奶粥,129.77,3.28,6.74,14.56,215.0
玉米牛肉丼,119.22,9.68,3.74,11.96,307.0
玉米浓汤,84.0,3.58,2.64,12.06,250.0
香浓玉米汁,83.67,3.57,2.63,12.01,251.0
胡萝卜玉米排骨汤,64.83,3.99,3.91,3.51,327.0
玉米排骨汤,114.13,6.94,7.24,5.6,453.0
玉米芹菜炒马蹄,110.42,4.03,3.93,15.72,288.0
玉米沙拉,161.11,4.55,4.5,26.84,270.0
玉米时蔬沙拉,118.31,4.0,4.39,16.86,213.0
山药玉米粥,39.03,1.1,0.15,8.66,310.0
玉米蔬菜蛤蜊汤,37.06,4.08,0.53,4.08,456.0
玉米蔬菜汤,32.0,1.21,0.35,6.48,400.0
玉米笋炒青豆,96.33,6.6,5.21,7.39,218.0
玉米笋清炒芥蓝,37.9,2.26,1.6,4.86,219.0
玉米摊饼,263.81,12.11,6.92,39.39,105.0
玉米甜羹,48.64,2.34,1.42,7.37,442.0
玉米铜锣烧,256.36,13.52,4.98,40.38,110.0
玉米牛奶窝窝头,299.15,10.04,6.7,50.8,234.0
玉米虾仁,145.45,9.55,2.11,22.87,143.0
玉米虾仁汤,57.49,4.47,1.41,7.32,447.0
玉米香菇虾肉饺,231.0,11.73,7.87,29.38,458.0
玉米小米豆浆,83.08,3.95,1.56,14.46,130.0
玉米燕麦粥,60.42,1.96,0.68,12.11,240.0
玉米羊肉汤,97.58,8.52,3.51,8.45,330.0
玉米杂粮饭,172.0,4.01,0.7,38.54,100.0
玉米蒸糕,250.43,11.69,3.06,45.12,117.0
玉米汁,112.0,4.0,1.2,22.8,70.0
玉米原汁,112.0,4.0,1.2,22.8,150.0
浓香玉米汁,125.71,3.81,1.14,26.48,105.0
玉米粥,116.67,2.83,0.5,26.13,300.0
玉子鸡肉饭,112.66,9.53,1.77,14.6,387.0
芋粉一品鸡,135.33,10.24,3.98,14.76,317.0
芋艿清汤鸭,88.17,5.2,6.5,2.15,448.0
芋头煨牛腩,95.42,9.08,3.44,6.79,131.0
芋头炖牛肉,111.54,9.02,5.06,7.27,52.0
芋头红酒焗鸡,143.0,10.36,6.64,9.07,207.0
芋头茎煲猪排骨,190.85,12.39,13.4,5.26,153.0
芋头奶粥,65.5,1.73,0.61,13.44,400.0
芋头南瓜煲,101.77,2.27,5.35,11.87,113.0
芋头南瓜烧鸡块,101.43,11.36,3.89,5.97,70.0
芋头排骨汤,81.37,5.24,5.62,2.3,365.0
芋头烧肉,209.36,8.24,16.9,5.95,203.0
芋头烧小排,184.5,10.82,12.49,7.31,271.0
芋头小馒头,213.17,8.76,1.33,42.69,205.0
芋香红豆沙,146.85,5.32,0.43,31.33,222.0
芋香肉酱面,185.16,7.22,4.89,28.32,384.0
芋香肉泥饼,146.0,7.7,9.78,6.95,200.0
芋仔炖鸭,158.02,8.62,9.5,9.52,212.0
芋仔排骨粥,98.4,4.66,4.88,8.93,313.0
芋子河蚌,48.87,3.49,2.26,3.69,442.0
鸳鸯卷,380.77,15.67,7.38,64.63,52.0
元宝肘子,216.18,13.56,12.72,12.1,241.0
元蘑卤肉酱,166.55,7.96,12.87,5.43,293.0
元帅方肉,314.29,12.74,26.69,6.28,133.0
园芦笋肉卷,158.33,12.37,6.48,13.47,60.0
原笼牛肉,135.85,11.39,3.01,16.37,212.0
原味咸水鸡,86.69,11.57,3.68,1.95,278.0
原汁白鲢,89.23,14.37,2.82,1.67,130.0
原汁海蛏,48.39,6.26,1.13,3.31,124.0
原汁牛肉面,194.39,9.15,0.83,37.41,285.0
原汁蒸海虹,85.25,9.64,3.09,4.61,122.0
蒸海虹,80.95,10.68,2.13,4.67,189.0
圆白菜米糊,44.17,1.06,0.12,9.84,120.0
卷心菜米糊,52.86,1.34,0.16,11.69,140.0
月亮饼,102.14,15.05,3.65,1.98,187.0
越式咖喱牛腩,58.53,5.91,1.0,6.82,422.0
越式牛筋牛肉汤,35.57,5.1,0.52,2.68,433.0
越式牛肉炒四季豆,69.66,8.01,2.04,6.11,178.0
粤式焗鲈鱼,144.26,13.16,5.36,9.91,183.0
粤式龙虾,112.75,10.02,6.17,4.32,306.0
粤式猪肉虾饺,227.64,12.95,10.91,19.96,246.0
云南汽锅蒸鸡,181.03,18.17,6.48,19.35,174.0
云南汽锅鸡块,79.76,8.18,3.83,4.6,168.0
云南哨子面,161.58,5.68,3.34,27.68,380.0
芸豆米饭,140.0,3.51,0.54,30.98,100.0
杂拌豆腐丝,173.62,19.55,7.99,7.51,163.0
杂菜豆皮凉拌粉丝,248.77,13.83,8.68,31.33,244.0
杂炒榨菜,118.34,5.21,8.09,6.72,229.0
杂豆饭,338.18,9.6,6.6,62.71,55.0
杂酱莴笋丝,130.26,5.99,10.68,2.83,271.0
杂锦打卤面,83.86,6.21,4.3,5.77,223.0
杂菌豆腐煲,74.52,4.55,1.39,13.07,259.0
杂菌虾仁汤,46.19,3.84,0.69,6.36,381.0
杂粮饼干,310.15,12.26,5.38,54.54,197.0
杂粮发糕,190.85,8.57,3.88,31.14,328.0
蒸杂粮饭团,242.75,5.94,4.51,45.98,138.0
杂粮烩饼,156.99,5.9,3.94,24.55,365.0
杂粮坚果饭,159.13,4.98,2.58,30.14,115.0
杂粮焖饭,328.0,11.9,2.64,65.6,50.0
杂粮饭,171.0,4.63,3.45,31.32,100.0
杂粮葡萄干红糖发糕,361.22,14.31,2.42,72.1,147.0
杂粮水果饭,100.94,2.82,0.46,22.12,320.0
杂粮小馒头,358.51,13.74,2.11,73.37,94.0
杂蔬拌木耳,98.11,3.58,2.4,19.39,106.0
仔菇烧豆腐,84.71,4.9,4.38,7.28,170.0
仔鸡彩椒饭,135.88,10.42,4.33,14.02,340.0
仔姜炒肉丝,115.05,10.63,5.99,5.65,206.0
仔姜清炒嫩南瓜,38.17,0.83,1.76,5.25,131.0
糟溜肉片,116.84,12.36,5.33,5.06,285.0
糟香肉片,118.82,12.32,5.45,5.38,186.0
糟溜里脊,115.75,10.42,4.81,7.99,146.0
糟熘鱼片,95.25,16.7,1.7,3.35,337.0
糟香鱼片,102.43,14.16,2.12,7.27,247.0
早餐松饼,204.92,9.05,4.47,32.72,244.0
枣莲三宝粥,100.65,3.78,0.21,21.6,155.0
枣泥,276.0,3.2,0.5,67.8,50.0
枣泥肝羹,142.2,9.79,4.17,17.28,109.0
枣泥核桃蛋糕,182.65,10.39,6.86,20.32,294.0
枣泥花生粥,130.62,3.14,2.97,23.72,160.0
枣泥小米粥,119.38,2.29,0.68,26.79,160.0
红枣小米粥,100.0,1.99,0.61,22.3,145.0
枣香红烧肉,236.1,7.82,14.56,12.28,349.0
枣子核桃蛋糕,265.62,7.66,7.31,44.19,224.0
炸带鱼,113.49,15.06,4.98,1.79,126.0
炸地瓜条,126.61,0.81,1.77,27.79,124.0
炸豆腐丸子,114.05,10.68,5.5,6.51,185.0
炸豆沙卷,253.77,8.93,3.61,47.17,212.0
炸凤尾虾,204.55,18.16,4.39,23.54,176.0
炸芙蓉肉,210.28,9.95,14.12,10.98,389.0
炸黄花鱼,108.2,14.98,4.0,3.22,122.0
炸鸡肉棒,163.44,14.67,7.97,8.3,227.0
炸鸡肉串,117.34,13.59,3.06,9.2,248.0
炸里脊,161.01,16.97,9.55,1.63,159.0
炸蛎黄,112.56,5.73,2.82,17.78,199.0
炸熘丸子,177.83,7.99,11.22,12.17,212.0
炸萝卜丸子,74.44,4.16,2.99,8.79,223.0
炸馒头片,190.56,7.62,4.69,29.88,180.0
炸南瓜饼,58.21,3.76,0.83,10.07,134.0
炸牛肉干,166.67,17.39,7.86,8.28,141.0
炸糯米鸡,242.19,13.63,5.66,34.44,128.0
炸青椒盒,159.07,8.09,9.44,11.28,237.0
炸肉馅藕盒,182.91,7.15,10.71,15.61,199.0
炸肉馅茄盒,151.88,7.83,9.67,8.87,239.0
炸薯棒,77.12,0.69,2.16,15.0,153.0
炸素鸡排,159.04,13.4,6.39,13.33,271.0
炸素鱼,259.26,16.88,9.5,28.55,243.0
炸笋饼,124.12,9.18,4.4,12.52,199.0
炸土豆球,269.37,10.38,10.0,35.59,222.0
炸土豆条,102.86,2.48,3.05,16.95,105.0
炸土豆丸子,138.89,4.62,4.36,20.78,126.0
炸虾蓉豆腐丸子,279.12,10.4,21.99,10.32,273.0
炸虾丸,220.81,14.21,9.13,20.93,197.0
炸香椿芽,167.91,8.33,3.78,26.19,215.0
炸香蕉捲,180.18,6.86,3.4,30.94,222.0
炸雪丽豆沙,200.62,6.46,1.34,41.19,160.0
炸羊肉串,147.7,16.18,7.95,2.93,174.0
炸银鱼,122.43,16.36,5.68,1.33,107.0
炸鱼柳片,153.24,14.95,4.28,13.09,139.0
炸鱼条,156.0,13.82,7.34,8.12,125.0
炸芋丸,165.73,2.16,1.82,35.63,178.0
炸珍珠虾,152.78,14.09,4.36,14.71,180.0
炸芝麻鸡卷,224.79,15.31,13.23,11.22,234.0
炸芝麻鱼片,153.59,16.14,5.77,9.09,237.0
炸猪排沙拉,153.49,13.51,6.79,9.64,215.0
炸猪肉饼,277.56,13.57,18.38,15.28,205.0
炸猪肉串,162.99,14.05,8.23,8.05,127.0
榨菜豆腐汤,51.96,4.46,1.66,5.09,408.0
榨菜豆干炒肉丝,157.84,13.42,9.1,6.0,268.0
榨菜干丝,138.55,9.87,6.92,9.51,166.0
榨菜鸡丝汤,86.71,11.86,3.74,1.5,286.0
榨菜肉丝豆腐,124.52,6.41,8.48,6.46,310.0
榨菜肉丝汤,103.57,4.55,8.86,1.39,364.0
榨菜肉丝紫菜炒饭,283.53,10.62,10.87,37.49,85.0
榨菜香干炒肉丝,142.02,11.73,7.13,8.2,119.0
榨菜香菇炒菜丝,68.09,2.45,2.98,8.84,257.0
榨菜蒸鸡,125.67,16.73,5.42,2.49,187.0
斋烧鸭,158.55,11.73,10.36,4.88,497.0
斋香素烧鹅,420.0,45.83,21.02,15.66,115.0
鲅鱼芹菜香菇馅饺子,133.44,11.95,0.81,20.27,323.0
蘸汁菠菜,86.34,5.9,4.76,5.41,161.0
张公豆腐,212.2,13.88,13.97,7.84,205.0
章鱼排骨汤,75.31,6.03,4.34,3.18,478.0
章鱼烧,210.29,15.21,2.68,32.0,272.0
樟茶鸭,240.46,13.73,19.47,2.3,173.0
长今烤肉卷,186.82,8.74,15.83,2.76,296.0
照烧草鱼,117.02,15.53,5.92,0.16,188.0
时蔬烧鸡腿,103.16,9.72,4.68,5.91,253.0
烧鸡腿块,110.2,11.64,5.25,4.78,294.0
时蔬照烧鸡腿,120.0,12.35,6.06,3.96,140.0
照烧鸡腿饭,143.82,12.02,5.76,12.61,251.0
照烧鲆鱼,84.32,14.23,2.02,1.44,185.0
照烧鲜鲆鱼,119.57,14.02,6.36,0.9,92.0
照烧鲭鱼,361.88,12.25,33.8,1.33,181.0
照烧鲜鲭鱼,397.77,13.49,37.82,0.71,404.0
照烧鲥鱼,198.12,19.62,11.84,3.09,160.0
照烧鲜鲍鱼,74.4,8.67,1.92,5.54,168.0
照烧鲍鱼,74.4,8.67,1.92,5.54,168.0
蜇皮豆芽菜,38.07,3.11,0.81,4.27,176.0
蛰菜海味汤,80.56,7.12,3.83,4.94,180.0
蛰皮金针菇,41.85,2.6,1.06,6.15,270.0
蛰头拌白菜丝,62.34,4.06,0.79,9.98,231.0
蛰头木耳,107.69,6.68,1.25,19.71,130.0
珍菌饺,125.09,7.34,3.49,17.32,271.0
珍菌汤,122.02,7.13,8.14,6.35,495.0
珍珠翡翠汤,48.72,4.06,1.48,5.11,312.0
珍珠糯米丸子,125.39,15.04,4.12,6.83,193.0
糯米珍珠丸子,247.57,12.32,19.22,6.29,185.0
珍珠蒸鸡,159.11,13.15,8.51,7.34,203.0
榛蘑炖小鸡,137.02,17.21,5.64,4.5,181.0
榛仁豆浆,62.66,3.86,3.3,5.25,233.0
榛子枸杞桂花粥,85.21,2.63,3.62,11.03,257.0
榛子莲子燕麦粥,85.56,2.91,3.38,11.68,270.0
榛子小米粥,88.24,2.5,2.95,13.38,255.0
小米榛子粥,88.24,2.5,2.95,13.38,255.0
榛仁小米粥,88.24,2.5,2.95,13.38,255.0
榛子腰果酸奶,129.59,4.31,6.81,13.21,338.0
臻蘑炖肉,276.98,12.4,24.01,2.83,126.0
蒸白菜肉卷,194.53,8.84,15.64,5.64,201.0
蒸拌萝卜丝,105.97,3.15,4.47,15.1,134.0
蒸菜面包,196.72,9.47,3.58,32.46,244.0
蒸菜之胡萝卜,140.1,6.7,4.26,19.78,197.0
蒸蛋豆腐,105.46,9.56,3.89,8.26,348.0
蒸蛋饺,259.65,12.94,22.51,1.37,171.0
蒸豆腐圆子,138.08,9.99,7.88,7.39,499.0
蒸翡翠白菜卷,137.37,6.27,9.92,5.8,297.0
翡翠白菜卷,150.69,5.79,11.97,4.92,144.0
蒸伏鸭,243.44,14.87,18.32,5.61,122.0
蒸海带肉卷,128.4,5.34,10.17,3.95,169.0
蒸河蟹,95.0,13.8,2.3,4.7,150.0
蒸红鲷鱼,79.77,11.02,2.21,4.09,173.0
蒸浸鸡腿,124.77,14.29,6.41,2.48,218.0
蒸卤汁面,174.31,5.9,7.11,21.72,327.0
蒸酿尖椒,72.73,10.23,0.94,6.82,275.0
蒸酿香菇豆腐,78.29,4.72,3.71,7.66,175.0
蒸酿小南瓜,113.62,4.32,7.19,8.49,213.0
蒸牛肉卷,100.0,12.89,3.03,5.6,232.0
蒸平鱼,150.58,14.94,6.87,7.39,172.0
蒸苹果,53.0,0.4,0.2,13.7,100.0
蒸麒麟鱼,137.07,15.03,7.43,2.34,259.0
蒸茄子豆角,102.08,2.63,6.36,9.74,288.0
蒸秋葵,28.75,1.99,0.2,6.87,160.0
蒸瓤茄子,108.09,5.0,8.18,3.68,309.0
蒸肉包,302.07,14.24,14.19,29.45,242.0
蒸肉丸子,166.3,6.95,8.9,14.98,184.0
蒸三素,25.78,1.67,0.24,5.47,353.0
蒸咸蛋羹,151.72,11.55,10.88,2.36,58.0
姜香蒸鱼糕,117.17,14.15,5.6,2.74,233.0
葱香蒸鱼糕,117.65,13.78,4.77,5.23,102.0
正宗川味卤猪耳做法,168.03,16.07,9.42,5.78,122.0
正宗水煮肉片,137.75,5.9,10.11,6.77,347.0
正宗水煮鱼,124.9,12.43,4.92,8.26,241.0
正宗泰国腰果鸡,133.86,12.01,6.96,6.83,446.0
正宗扬州炒饭,112.61,4.73,2.07,18.43,238.0
正宗鱼香肉丝,215.19,7.94,14.27,16.18,79.0
支竹凤爪煲,268.35,23.96,15.8,7.32,158.0
支竹胡椒煲猪肚,247.33,21.66,9.26,19.17,150.0
腐竹胡椒煲猪肚,200.0,20.13,7.9,11.79,239.0
支竹焖鸭,283.05,22.02,17.56,9.07,177.0
芝麻拌扁豆,168.42,6.82,10.55,13.95,38.0
芝麻拌海带芽,60.45,2.22,3.47,5.6,177.0
芝麻拌南瓜,120.0,3.54,6.17,13.85,65.0
芝麻拌蔬菜,73.42,3.01,2.68,11.52,79.0
芝麻拌西红柿,109.38,3.75,6.34,10.94,64.0
芝麻拌西蓝花,206.06,7.88,12.36,18.15,33.0
芝麻拌芋头,133.98,3.92,5.93,17.37,103.0
芝麻芋头,139.84,4.11,6.6,17.25,123.0
芝麻薄饼,357.14,9.92,27.06,19.11,112.0
芝麻菠菜,94.78,3.86,6.3,6.66,115.0
芝麻菠菜卷,94.92,3.1,6.28,7.34,118.0
芝麻葱油饼,312.8,12.98,3.96,57.95,125.0
芝麻脆菇,158.51,5.63,8.87,16.82,94.0
芝麻蛋煎豆腐,129.19,9.31,8.42,4.81,161.0
芝麻豆腐饼,165.07,8.57,8.13,15.19,146.0
芝麻凤尾虾,165.07,11.91,4.08,20.19,375.0
芝麻海带,100.0,2.53,8.11,4.24,62.0
芝麻海苔鸡肉松,164.03,21.32,4.59,12.54,139.0
芝麻海蜇,63.8,4.62,2.71,5.43,163.0
芝麻核桃糊,168.57,4.76,14.06,7.23,140.0
芝麻核桃面皮,312.5,11.45,10.41,45.43,176.0
芝麻核桃薏米粥,159.34,4.41,8.14,18.02,305.0
芝麻红糖豆沙馅饼,320.0,7.5,3.92,64.5,115.0
芝麻红糖发面饼,378.35,14.38,5.97,69.19,97.0
芝麻花卷,367.5,15.78,4.62,67.85,80.0
芝麻小花卷,372.84,15.83,5.37,67.17,81.0
芝香花卷,376.47,15.88,6.55,65.33,51.0
芝麻鸡,125.81,14.1,4.86,5.72,310.0
芝麻鸡排,180.82,18.13,8.56,7.99,219.0
芝麻酱拌生菜,57.4,2.7,4.07,3.23,223.0
芝麻酱拌小白菜,80.21,3.35,5.64,5.4,192.0
芝麻酱饼,395.73,15.07,8.35,66.77,117.0
芝麻酱花卷,399.15,15.87,9.22,65.03,117.0
芝麻酱蒜蓉紫芦笋,75.21,4.06,4.6,5.94,117.0
芝麻开口笑,333.53,13.99,11.19,45.33,173.0
芝麻苦瓜拌海蜇,78.7,2.76,4.35,7.88,216.0
芝麻苦瓜海蜇丝,74.35,2.78,3.85,7.87,191.0
芝麻里脊,157.78,9.09,10.73,6.78,135.0
芝麻栗子饭,291.82,7.17,4.33,57.14,110.0
芝麻蜜枣,393.94,6.39,12.24,68.27,33.0
芝麻酿茄子,144.44,5.76,10.34,7.97,225.0
芝麻牛肉条,133.33,19.57,3.95,5.05,228.0
芝麻糥米卷,385.0,10.62,10.59,63.41,80.0
芝麻糯米球,316.57,7.22,6.03,59.64,175.0
芝麻糯米枣,347.0,7.75,4.66,69.88,100.0
芝麻杞子乌鸡汤,72.83,7.77,3.01,4.05,346.0
芝麻茄条,154.09,4.73,9.52,13.55,159.0
芝麻芹菜段,33.54,2.04,1.77,2.83,316.0
芝麻山药麦饼,245.67,10.02,3.68,44.57,127.0
芝麻薯泥豆沙饼,278.43,7.08,7.57,46.64,153.0
芝麻双丝拌海带,57.36,2.08,2.65,6.86,197.0
芝麻双丝海带,59.67,1.9,3.59,6.04,181.0
芝麻酥饼,320.39,13.55,13.8,36.5,255.0
芝麻素鱼条,227.75,16.08,14.01,11.42,191.0
芝麻糖油饼,386.67,10.22,13.68,57.92,60.0
芝麻丸子,253.73,12.37,18.93,8.4,134.0
芝麻味噌蒸鲷鱼,119.39,17.28,3.58,4.69,330.0
芝麻莴笋饭,108.18,3.31,3.78,15.91,220.0
芝麻五香骨,320.74,15.35,24.67,9.86,135.0
芝麻虾,147.66,8.6,2.99,22.24,214.0
芝麻咸燒餅,384.13,15.88,9.34,61.2,126.0
芝麻杏仁甜粥,105.32,3.0,4.62,13.53,263.0
香甜芝麻杏仁粥,109.06,3.11,4.77,13.92,265.0
芝麻羊肉,182.55,14.34,9.8,9.34,149.0
芝麻银鱼,130.68,14.59,7.01,2.15,176.0
芝麻油鸡翅,199.36,18.41,11.39,5.71,312.0
芝麻鱼排,104.71,5.18,1.85,17.49,276.0
芝麻鱼球,161.59,16.29,9.3,3.1,164.0
芝麻粥,141.88,3.62,2.76,26.09,160.0
芝麻猪肝山楂粥,94.37,4.49,3.34,12.12,355.0
芝香猪肝山楂粥,126.82,8.05,6.12,10.49,399.0
猪肝山楂粥,101.91,4.81,3.8,12.62,366.0
芝士炖饭,85.77,2.59,3.8,10.45,267.0
芝士风琴烤鸡,238.13,19.91,16.88,1.65,139.0
芝士海鲜焗饭,170.15,13.0,6.39,15.3,670.0
芝士红薯,183.33,5.94,12.37,12.86,144.0
芝士黄油焗龙虾,170.1,17.66,7.38,9.61,311.0
芝士焗龙虾,138.16,13.21,4.86,11.16,152.0
芝士火腿焗土豆泥,366.52,10.75,33.5,5.49,224.0
芝士焗饭,102.38,5.35,1.46,17.23,252.0
芝士焗响螺,159.82,9.28,1.76,27.18,341.0
芝士响螺,180.39,11.22,2.01,29.55,153.0
芝士烤土司,268.1,8.93,14.29,26.17,420.0
芝士南瓜鸡腿卷,131.9,14.63,6.01,4.75,163.0
芝士肉酱土豆泥,259.39,8.37,21.31,8.72,261.0
芝士蒜茸焗扇贝,116.79,10.17,5.82,3.28,137.0
芝士蒜蓉焗生蚝,85.71,10.34,2.79,4.84,140.0
芝士土豆焗三文鱼,127.78,12.25,6.23,5.88,324.0
芝士焗三文鱼,145.09,15.0,8.08,3.08,224.0
芝士虾球,137.29,16.32,3.33,10.31,177.0
芝士紫薯派,361.27,10.61,22.01,30.63,173.0
芝香土豆虾,107.65,10.39,3.43,9.29,170.0
芝香羊肉串,189.92,15.98,12.02,4.88,129.0
芝心去骨鸡翅,252.9,17.59,16.65,8.08,155.0
纸包百里香鲑鱼,145.61,15.31,8.67,1.43,114.0
纸包嫩豆腐,167.12,8.25,8.21,16.65,292.0
纸包羊排,137.41,14.27,5.19,7.25,139.0
指天椒姜丝鸡腿,128.48,13.75,5.0,7.86,158.0
至香咖喱鱼焗饭,189.52,8.73,9.81,18.25,248.0
炙烧黄油百里香蘑菇,116.53,2.68,10.01,4.98,121.0
智慧粥,84.86,2.77,1.62,15.23,350.0
中东麻酱拌茄子,54.69,1.51,3.2,5.69,256.0
中芹炒鱿鱼,53.27,8.79,0.86,2.55,214.0
中式鸡柳,101.18,15.14,1.18,7.71,170.0
中式煎猪排,147.86,14.24,7.83,5.11,140.0
中式蘑菇焖饭,67.06,1.97,1.52,11.6,422.0
中式牛扒,126.86,12.09,3.86,6.93,175.0
中式牛柳,96.8,15.16,1.77,5.12,219.0
中式牛腰肉,102.75,12.23,4.66,3.12,327.0
中式肉末豆腐,186.23,9.31,15.28,3.52,167.0
中式意大利凉面,175.0,6.44,0.25,37.53,232.0
重庆辣子鸡,152.34,16.68,6.43,7.07,107.0
重庆酸辣粉,238.89,2.58,5.45,45.49,198.0
重庆小汤圆,147.8,4.34,7.52,16.57,295.0
重阳糕,325.24,7.09,5.81,62.03,103.0
绉纱肉,235.46,12.38,15.04,12.36,141.0
珠玉豆腐,94.63,6.5,5.1,6.58,149.0
珠玉二宝粥,68.75,1.72,0.37,14.88,320.0
猪肚煲土鸡,119.47,15.95,5.28,1.31,226.0
猪肚蒸大枣,144.27,12.31,7.82,6.26,131.0
猪耳拌黄瓜,75.58,6.3,4.53,2.62,172.0
猪肝菠菜粥,68.0,3.25,1.32,11.07,400.0
猪肝炒花菜,79.51,6.0,3.78,6.07,205.0
猪肝炒芹菜,92.44,9.46,3.76,5.71,119.0
猪肝蛋黄粥,76.52,6.52,2.95,5.96,379.0
猪肝豆腐,69.44,6.99,3.99,1.79,252.0
猪肝豆腐汤,72.33,8.02,3.48,2.73,365.0
猪肝溜丝瓜,68.13,6.59,2.99,4.25,342.0
猪肝熘丝瓜,55.14,6.35,1.48,4.17,185.0
猪肝泥,126.0,19.2,4.7,1.8,100.0
猪肝瘦肉粥,127.31,6.37,4.42,15.51,271.0
肝尖土豆汤,56.84,4.54,2.07,5.21,190.0
猪肝豌豆苗汤,72.28,6.74,4.34,1.79,184.0
猪肝丸子,170.8,9.69,7.94,15.5,113.0
猪肝圆白菜卷,81.16,7.6,3.26,6.2,207.0
猪骨汤咸瘦肉煮笋尖,158.61,13.46,9.37,5.65,488.0
猪骨煨汤,100.0,7.68,6.84,1.92,510.0
猪脚河粉砂锅煲,152.92,7.42,5.84,17.88,497.0
猪脚黄豆汤,177.45,15.51,11.71,3.11,275.0
猪脚黄豆煨汤,143.77,11.85,9.28,3.29,409.0
猪脚汤面,160.82,8.25,5.07,20.7,485.0
猪里脊肉末胡萝卜浓汤,181.5,8.05,15.15,4.05,200.0
猪里脊肉末蒸蛋羹,41.43,4.67,2.36,0.34,70.0
猪里脊肉末粥,104.14,3.94,6.32,7.99,145.0
猪排厚蛋烧,236.54,13.64,18.61,3.7,208.0
猪皮冻,113.66,7.92,8.26,1.05,183.0
猪皮豆腐炖鲤鱼,165.27,14.0,11.06,2.36,262.0
猪皮肉燥,308.56,19.14,23.19,4.76,187.0
猪肉白菜包,161.93,7.7,5.87,20.53,197.0
猪肉白菜烧粉条,165.31,6.13,11.08,10.68,294.0
猪肉白菜饺子,196.28,8.03,9.56,20.08,215.0
猪肉白菜馅馅饼,162.12,7.24,5.83,20.71,198.0
猪肉菠菜水饺,298.25,11.53,14.98,30.49,57.0
猪肉炒乌龙面,214.53,7.68,7.6,29.26,234.0
猪肉葱香麦饼,271.03,11.83,15.77,21.23,214.0
猪肉大虾馄饨汤,225.0,13.43,9.15,22.33,188.0
猪肉豆腐煲,183.24,8.58,13.78,7.41,185.0
猪肉炖白菜,209.09,8.36,18.37,2.83,99.0
猪肉炖菜拉面,135.62,4.77,6.36,15.02,233.0
蒜香猪肉炖粉条,307.24,12.25,25.77,6.49,152.0
猪肉炖酸菜,281.82,12.07,25.45,1.13,154.0
猪肉番茄沙司,142.16,5.46,11.05,5.68,185.0
猪肉番茄沙司拌西蓝花,136.36,7.53,10.54,3.95,165.0
猪肉番茄意大利通心粉,266.67,10.57,12.62,27.9,120.0
猪肉粉丝汤,246.28,9.02,15.43,18.55,309.0
猪肉锅贴,252.36,11.51,14.97,18.57,212.0
猪肉馄饨,223.4,9.77,12.97,16.69,265.0
猪肉鸡蛋面,306.71,10.46,19.95,21.55,164.0
猪肉酱汤,79.2,3.58,6.1,3.2,250.0
猪肉酱虾,152.98,14.83,7.73,6.17,168.0
猪肉韭菜饺子,268.47,11.13,17.4,17.68,222.0
猪肉咖喱,315.83,13.49,27.33,3.97,120.0
猪肉芦笋卷,210.91,9.49,16.75,7.64,55.0
猪肉焖板栗,235.98,7.5,12.58,22.9,189.0
猪肉泡菜锅,195.26,8.82,15.53,5.16,232.0
猪肉松,311.76,12.92,27.0,4.36,119.0
猪肉馅茄子,219.88,9.56,18.87,3.22,171.0
猪肉小白菜粥,115.0,4.96,7.38,7.36,240.0
猪肉芽菜小面,302.58,9.94,11.91,39.67,194.0
猪肉炒饭,197.5,7.5,13.94,10.72,240.0
猪肉樱虾炒面,247.18,10.11,6.13,38.35,142.0
猪手炖土豆,202.99,15.05,12.72,7.9,167.0
猪手烩手擀面,275.56,13.56,8.07,37.6,270.0
猪手焖莲藕,191.44,12.7,12.89,5.84,187.0
猪蹄葱白炖豆腐,189.19,14.92,13.74,1.59,333.0
猪蹄萝卜汤,79.37,6.39,5.04,1.79,378.0
猪蹄焖黄豆,268.55,21.48,18.31,5.54,124.0
猪头肉拌白菜,164.4,8.86,13.04,3.17,191.0
猪心炒包菜,84.33,7.23,4.38,4.43,134.0
猪心汤米面(营养面),105.63,6.92,2.32,14.46,284.0
猪血菜肉粥,103.98,3.21,3.61,14.78,176.0
猪血豆腐小白菜汤,34.85,4.89,1.29,1.24,462.0
猪血豆腐青菜汤,50.61,4.14,3.26,1.41,247.0
猪血豆腐生菜汤,34.65,4.8,1.34,1.04,404.0
猪血烧豆腐,82.4,7.72,4.71,2.82,125.0
猪油卤蛋板豆腐,76.17,6.28,4.8,2.24,277.0
猪油渣炒西兰花,141.94,7.13,12.03,2.39,155.0
猪辗冻,259.73,17.25,16.89,9.04,226.0
竹笙北菇老鸡汤,87.69,9.9,3.11,6.16,455.0
竹笙冬瓜蓉,112.27,11.88,5.2,6.25,277.0
竹荪莲子汤,47.31,3.17,0.44,9.96,279.0
竹荪芦笋烧鲍片,102.9,8.59,1.99,16.47,138.0
竹荪山药老鸡汤,63.79,7.8,2.44,3.54,580.0
竹荪素烩,82.31,5.07,0.64,19.16,147.0
竹荪土鸡汤,80.08,9.57,2.9,5.64,256.0
竹荪银耳汤,81.42,6.29,2.77,11.07,183.0
竹笋爆三丁,30.14,2.09,0.2,5.78,292.0
竹笋炒三丝,57.69,3.25,0.75,11.7,260.0
竹笋排骨汤,140.89,9.69,10.61,1.72,313.0
竹笋咸腿老鸭砂锅,154.05,9.22,12.49,1.1,481.0
竹笋香菇汤,29.41,2.17,1.33,2.81,204.0
竹叶蒲公英绿豆粥,127.17,5.36,0.31,26.3,173.0
竹叶蒸排骨,212.68,13.75,14.45,6.92,142.0
煮干丝,119.38,11.06,6.45,4.5,258.0
煮牛肉,70.19,10.91,1.36,3.8,104.0
煮苹果,72.3,0.25,4.69,7.84,213.0
煮鳕鱼,103.48,20.39,0.85,7.6,115.0
煮芋头,56.0,1.3,0.2,12.7,100.0
煮芋头片,77.5,1.29,2.06,13.91,160.0
抓炒虾片,116.57,11.97,5.22,5.14,175.0
状元金三角,191.16,19.16,7.96,12.05,181.0
状元虾饺,183.8,14.58,8.3,13.66,469.0
孜然鸡心,192.17,14.6,12.56,6.23,115.0
孜然烤鸡腿,153.05,18.59,8.44,0.58,164.0
孜然鸡腿,155.0,17.22,8.68,2.07,120.0
孜然馒头丁,226.89,7.66,2.28,45.94,119.0
孜然牛柳,127.5,18.13,4.77,3.15,120.0
孜然牛肉炒饭,115.58,11.85,2.4,11.67,199.0
孜然牛肉大葱煎饺,194.33,15.52,6.71,20.42,194.0
孜然秋葵,85.09,3.19,5.4,8.2,114.0
孜然土豆,98.3,2.77,2.11,17.93,176.0
孜然土豆片,102.86,2.48,3.04,16.95,105.0
孜然香葱羊肉,146.55,16.23,7.86,2.44,232.0
孜然小土豆,103.77,2.8,2.82,17.39,106.0
孜然鳕鱼扒,106.6,19.42,2.4,1.92,106.0
孜然羊仔肉,101.18,10.24,4.69,4.85,255.0
孜然鱿鱼卷,91.3,15.94,3.57,0.29,115.0
滋补鲫鱼煲,47.1,6.29,0.98,3.62,397.0
银丝鲫鱼汤,68.72,9.72,2.03,2.9,358.0
滋补鸭汤,77.36,6.62,0.65,10.95,265.0
子鸡汤,170.88,10.51,13.01,3.32,285.0
子姜炒鸭肉,71.54,7.05,2.43,5.95,123.0
子姜炖鸭,190.8,10.02,15.31,2.18,163.0
子姜炖鸭肉,200.0,11.45,15.97,2.29,100.0
子萝鸭片,102.16,7.82,1.19,14.88,232.0
紫菜时蔬包饭,119.39,4.45,4.61,15.54,165.0
紫菜菠菜卷,55.31,3.64,2.12,6.42,273.0
紫菜蛋花胡萝卜汤,35.07,2.63,2.07,1.78,134.0
紫菜蛋花油菜汤,50.79,4.36,2.89,2.19,191.0
紫菜豆腐羹,57.27,2.72,2.78,5.94,220.0
紫菜豆腐汤,35.95,1.74,1.68,3.98,370.0
豆腐紫菜羹,58.81,4.75,3.39,2.84,318.0
紫菜豆皮卷,365.62,36.12,14.43,28.44,96.0
海参紫菜汤,42.88,8.47,0.12,2.1,618.0
紫菜海参汤,30.32,5.85,0.08,1.7,155.0
紫菜海蛎豆腐汤,69.18,4.62,1.78,9.31,279.0
紫菜荷兰豆蛋卷,111.58,10.32,4.74,8.39,95.0
紫菜馄饨,161.32,9.43,4.19,22.19,106.0
紫菜鸡蛋饼,355.22,15.84,16.82,36.57,67.0
紫菜鸡蛋汤,73.65,5.55,4.44,3.47,167.0
紫菜蛋汤,74.01,5.61,4.49,3.46,177.0
紫菜卷,196.0,17.08,0.8,36.84,25.0
紫菜烤鲑鱼,169.92,15.35,8.02,8.95,123.0
紫菜凉拌白菜心,144.21,6.69,6.65,16.25,95.0
紫菜拌白菜心,101.38,4.94,4.43,11.82,145.0
紫菜萝卜蛋汤,58.93,5.21,1.99,6.52,280.0
紫菜鳗鱼卷,194.5,16.38,9.56,10.91,109.0
紫菜肉末粥,200.38,6.42,6.06,30.37,265.0
紫菜手卷,260.0,10.96,13.49,27.01,75.0
紫菜饭卷,133.33,5.62,1.27,26.71,126.0
紫菜瘦肉花生汤,203.42,9.67,16.56,4.81,263.0
紫菜瘦肉粥,203.52,6.38,6.13,30.92,256.0
紫菜素火腿卷,128.46,9.36,6.85,8.41,123.0
紫菜莴笋鸡蛋汤,49.39,3.7,2.66,2.96,247.0
紫菜虾米汤,98.21,9.88,4.93,4.71,168.0
紫菜小窝头,289.32,11.22,2.16,57.59,103.0
紫菜鱼片粥,78.82,5.58,2.28,9.22,340.0
紫菜玉米肉饼,209.26,8.2,13.15,15.6,162.0
紫菜粥,149.04,4.73,4.59,22.39,365.0
紫甘蓝,61.02,1.18,2.78,8.64,118.0
紫甘蓝炙鸡腿沙拉,101.61,6.42,6.68,4.54,186.0
紫米补血粥,50.0,1.08,0.21,11.05,252.0
紫米发糕,350.0,13.48,2.34,70.54,56.0
紫米饭,173.0,4.03,0.61,38.18,100.0
紫米藜麦饭,173.0,4.48,0.95,36.88,100.0
红枣紫米粥,70.2,1.23,0.24,16.09,255.0
紫米糊,168.12,4.2,5.96,26.06,160.0
紫米花卷,207.04,8.63,1.44,40.77,71.0
黑米花卷,238.68,9.63,1.67,47.5,106.0
紫米窝头,169.81,6.38,1.21,34.19,106.0
紫米粥,84.15,2.03,1.09,17.04,265.0
紫糯小米豆浆,112.41,5.36,2.06,19.08,290.0
紫心芋圆,166.87,0.98,0.2,40.49,163.0
自制奶香棒,197.12,10.2,9.62,17.84,208.0
五花肉丸汤,111.76,4.94,10.13,0.44,170.0
自制扬州酱菜,34.43,1.92,0.1,7.42,122.0
自制意大利面,209.28,7.73,1.2,42.53,194.0
自制油条,364.35,15.72,3.99,67.98,115.0
自制招牌牛肉饭,130.03,8.08,3.91,16.38,363.0
自制猪肉松,415.32,15.24,31.54,20.05,111.0
渍菜粉,172.65,9.06,7.85,16.97,117.0
综合海鲜煎饼,132.72,11.07,1.53,18.75,379.0
红枣米润豆浆,115.0,5.21,1.8,20.49,300.0
醉蛎主,92.31,4.36,2.93,11.12,143.0
醉蟹,104.49,12.04,2.21,9.03,178.0
醉心蒸虾,92.17,16.3,0.72,3.17,115.0
醉鱼头,117.05,16.06,5.71,0.2,217.0
醉鱼蒸茄子,96.41,9.65,3.75,4.05,195.0
醉猪肚,94.62,12.01,3.95,1.04,130.0
葱香蛋饼,337.88,13.92,7.73,54.3,66.0
豆酱煮鱼,82.35,15.34,2.17,0.56,187.0
蚝油什蔬虾仁,94.3,8.09,0.65,14.57,649.0
黄瓜炒藕丁,32.38,1.05,0.83,5.87,315.0
牛肉酪梨卷饼,155.51,11.63,2.69,21.76,254.0
甜椒炒肉丝,154.12,6.46,11.91,5.97,558.0
砂锅版板栗排骨,238.75,10.51,13.84,18.46,787.0
香蕉燕麦小饼,161.76,4.18,0.6,36.28,170.0
香煎培根蛋包饭,134.44,6.19,6.59,12.74,241.0
豆花鸡蛋面,286.63,13.62,4.62,48.52,172.0
家常烤红杉鱼,108.7,18.25,3.93,0.0,460.0
猕猴桃三文鱼寿司卷,108.03,6.1,2.51,15.66,473.0
牛油果杂豆沙拉,115.56,9.36,5.01,9.33,270.0
茄子卤,28.3,1.12,0.59,5.38,523.0
沙姜鸡煲,100.81,10.7,4.16,4.93,618.0
石屏豆腐（烤箱版）,100.96,6.71,6.77,4.66,208.0
雪梨银耳羹,93.81,1.24,0.15,23.87,323.0
白灼时蔬（奶白菜）,38.24,2.65,2.16,3.24,510.0
菠菜蛋饼,147.64,9.27,5.18,16.67,254.0
红烧豆腐块,71.11,4.93,4.08,4.67,315.0
萝卜浸鱼煲,74.39,8.33,1.96,6.38,578.0
山东菜绣球干贝,177.54,17.36,1.99,22.2,138.0
蒜蓉南瓜藤,34.98,1.93,0.91,5.35,223.0
干炸响铃,278.86,24.78,17.61,6.44,123.0
湖南菜板栗烧菜心,81.39,3.13,1.1,15.68,360.0
川菜-麻婆豆腐,156.43,8.56,11.02,6.57,482.0
上海菜干煸刀豆,39.05,2.2,0.82,8.03,338.0
山东菜㸆大虾,88.16,15.44,1.18,3.72,608.0
四川菜鱼香肉丝,218.35,8.87,15.05,13.36,327.0
传统鱼香肉丝,160.19,7.17,10.02,11.84,643.0
粤菜-蜜汁叉烧,311.32,12.96,24.63,3.58,371.0
浙菜-东坡肉,310.78,13.87,27.07,2.85,334.0
正宗锅塌豆腐,109.84,7.16,5.4,8.42,447.0
青龙戏珠,73.59,9.98,2.47,3.3,655.0
虾仁锅巴,301.57,15.59,10.32,37.64,318.0
醉虾,85.37,13.51,2.22,1.4,376.0
油焖干锅大虾,92.6,15.62,1.24,4.37,365.0
勾汁黄瓜虾仁,128.18,10.96,0.8,19.53,621.0
湘菜-农家小炒肉,225.0,10.56,17.96,6.03,356.0
焖鲜笋,42.91,2.29,1.27,7.05,282.0
果香肉丁,88.89,2.66,4.56,10.24,459.0
凉拌海螺片,161.71,21.11,4.09,10.13,350.0
柠檬鱼,89.84,13.09,2.5,2.74,305.0
青木瓜沙拉,72.11,2.34,3.43,8.75,251.0
豉油生蚝,65.08,10.37,1.93,1.61,378.0
柿饼杂豆汤,91.39,5.31,1.93,13.76,302.0
小葱炖豆腐（内酯豆腐）,82.08,6.37,5.02,3.79,318.0
焖春笋,29.32,2.63,0.85,3.68,307.0
蒸芹菜叶藕丁,70.15,2.5,1.38,13.26,325.0
火锅,48.11,6.84,0.3,5.05,582.0
煮虾,118.67,16.98,2.54,7.02,166.0
卡仕达酱蒸蛋糕,325.0,13.6,8.82,48.88,104.0
嫩煎蛋饼,196.59,9.07,14.37,8.27,176.0
西兰花火腿饭团,122.37,4.0,3.96,18.22,447.0
韩式部队锅,71.02,2.96,2.93,8.59,1073.0
鲜味虾粥,77.95,11.76,0.55,6.56,331.0
榴莲千层蛋糕,201.66,8.73,7.61,25.11,543.0
果仁蛋糕,271.91,14.35,10.39,31.4,235.0
新年盆菜,116.22,13.35,6.21,1.79,592.0
香煎肉饼,216.81,11.14,17.88,3.19,226.0
花生焖猪蹄,272.12,19.55,18.28,7.78,330.0
香浓罗宋汤,56.25,4.72,1.61,5.99,352.0
香橙鸡肉沙拉,71.04,10.89,1.34,4.17,480.0
红枣发糕,253.99,11.33,6.78,38.05,263.0
树莓松饼,312.92,13.19,10.52,42.53,178.0
巧克力杯子蛋糕,375.94,11.36,21.92,33.83,133.0
五谷加州鲜蔬卷饼,58.37,4.43,0.44,10.13,245.0
鸡蛋卷饼,279.59,10.73,4.16,50.86,49.0
剁辣椒开屏鱼,116.99,14.54,5.71,1.9,259.0
苹果青瓜蛋白饮,34.52,2.86,0.19,5.66,252.0
香浓玉米蛋白饮,61.71,4.11,2.24,6.5,350.0
蓝莓香蕉蛋白饮,57.59,3.74,0.83,9.06,257.0
草莓豆浆蛋白饮,35.81,4.0,1.09,2.65,310.0
淮薏黑芝麻蛋白饮,57.27,2.99,1.35,8.48,330.0
蒜香虾仁西葫芦,97.94,8.58,0.9,13.63,389.0
布朗尼蛋糕,271.53,10.68,14.61,24.96,281.0
锡纸烧汁鲈鱼,97.5,12.87,3.01,5.6,480.0
黑叉烧,314.85,13.74,26.33,2.55,229.0
至尊披萨,273.11,15.1,10.29,30.86,264.0
豆腐韭菜煎饼,104.77,8.91,4.16,8.86,419.0
青柠鸡翅,183.4,16.0,10.53,6.17,241.0
健脾养颜乌鸡汤,113.67,17.45,1.83,7.04,395.0
一锅三味,154.71,12.99,8.14,7.91,499.0
焖猪手,126.39,9.54,8.02,1.67,538.0
葱香鳝丝煲仔饭,130.29,13.41,1.74,15.51,307.0
柠檬蒜香鸡,119.88,13.24,5.85,4.24,322.0
健康色拉,80.71,12.15,2.65,2.21,140.0
燕麦豆腐牛奶布丁,110.96,5.33,5.05,11.45,365.0
姜丝蜜汁鸡翅,183.47,15.93,10.41,5.79,242.0
橄榄油烧素菇菌,41.92,2.94,1.0,7.13,291.0
菇菌鲜鸡汤,114.84,14.34,3.37,8.68,674.0
彩虹汉堡,227.14,12.0,12.5,16.55,210.0
香蒜意大利面,187.11,6.28,0.96,38.6,318.0
木瓜排骨藕,198.66,13.21,14.42,4.11,374.0
奶油南瓜汤,36.24,0.44,2.5,3.24,436.0
鸡胸肉蘑菇包菜卷,73.94,9.82,1.52,5.89,284.0
杏仁脆片,349.22,15.56,17.34,34.5,128.0
百合木耳炒秋葵,103.79,3.97,1.18,23.54,264.0
盘龙茄子,43.23,1.37,1.06,7.67,229.0
龙利鱼时蔬卷,77.27,14.45,1.82,0.96,440.0
肉松贝贝,297.6,14.82,9.28,39.72,125.0
鸡蛋水果沙拉,98.13,4.91,3.98,11.43,375.0
树莓鲜果西米露,97.0,1.09,0.55,22.52,400.0
香菇豌豆肉饼,182.29,8.75,13.87,6.2,175.0
水晶冬瓜卷（叉烧火腿）,97.25,6.01,6.78,3.46,255.0
时蔬白葡萄酒煮龙利鱼,65.58,7.61,1.07,5.35,552.0
清蒸绣球狮子头,157.51,11.01,5.84,15.27,273.0
蒜蓉蒸虾,95.26,14.39,1.69,4.53,190.0
海鲜意面,167.39,11.71,0.93,27.53,506.0
蒸杂粮,59.82,1.76,0.44,13.0,550.0
双色拉糕,185.71,4.47,6.54,25.06,280.0
圣诞姜饼,210.91,9.68,8.07,25.39,165.0
石榴葡萄糕,148.94,4.34,1.43,30.8,282.0
熏肠缤纷沙拉,226.62,7.59,16.77,11.61,308.0
南洋风香草虾沙拉,115.38,11.57,1.04,15.42,312.0
香菇滑鸡饭,214.92,15.36,11.31,12.12,362.0
如意三丝,101.18,5.17,5.91,7.59,254.0
秘制酱骨架,225.81,14.5,15.84,6.45,399.0
青豆火腿饭,171.98,8.29,7.94,17.6,207.0
鸟巢,156.08,8.16,11.02,5.98,189.0
香辣剁辣椒鲈鱼,108.58,16.07,4.07,2.15,303.0
香酥鸡排,111.33,14.1,4.93,2.54,150.0
欢聚满堂,231.57,10.55,18.05,6.65,662.0
蒜香粉丝蒸鲍鱼,108.73,11.34,1.17,13.33,378.0
冷油菠菜,34.65,2.56,1.08,4.43,254.0
新年幸运饼干,188.67,9.9,3.54,29.91,150.0
快手溏心蛋,51.86,4.88,3.2,0.89,322.0
丝瓜蒸虾球,54.79,7.72,0.39,5.5,365.0
香酥炸鸡排,177.99,16.97,4.78,17.66,359.0
酒香蒸大虾,85.97,13.02,0.59,4.24,221.0
海鲜一品汤,112.5,14.77,0.91,11.55,264.0
糯米酒焗大闸蟹,87.67,11.72,1.97,4.33,300.0
酿三宝,130.68,7.75,6.55,10.18,528.0
七彩玉米烩银丝面,164.29,5.04,2.27,31.74,126.0
瑶柱虾仁冬菇蒸节瓜,69.92,6.55,0.27,10.83,502.0
雅黛彩球,254.34,9.99,7.23,38.5,392.0
鱼头豆腐鸡胸汤,100.49,14.1,3.3,3.91,819.0
红花大虾,74.66,8.64,0.73,8.63,292.0
抹茶红豆大福,127.1,2.36,1.15,26.96,321.0
素八珍,65.48,6.77,1.04,9.03,449.0
木耳牛肉红枣汤,172.0,16.37,2.09,26.34,175.0
漫山遍野,190.32,7.28,10.92,16.48,310.0
南瓜排骨盅,157.42,9.86,10.52,6.15,512.0
海苔山药卷,60.9,2.8,0.34,13.54,335.0
糯米城堡,226.87,5.78,5.46,39.39,160.0
开卷有益,142.09,10.02,8.99,6.49,278.0
五圆整鸡,132.57,14.08,4.51,8.92,304.0
松子鲈鱼,128.4,15.68,5.55,4.17,412.0
芥末海苔凉面,176.49,6.82,4.51,29.99,302.0
柠檬香煎鳕鱼扒,155.23,14.15,6.97,9.19,440.0
春蔬炖羊肉,97.48,9.11,3.3,7.54,634.0
TAPAS,123.43,12.52,1.55,15.2,350.0
蒸茼蒿,42.62,2.3,0.35,8.0,427.0
鸡茸豆腐盒,114.1,10.17,6.42,4.67,312.0
芝士玉米南瓜浓汤,60.35,1.65,3.45,6.01,623.0
肉酿黄瓜,155.36,9.83,11.48,2.97,345.0
芙蓉羹,164.63,16.13,5.38,13.3,605.0
剁辣椒鱼头（家常版）,102.71,12.66,2.74,7.29,332.0
葱爆羊肉（家常版）,137.5,16.15,6.94,2.66,232.0
蘑菇肉团,183.58,8.57,15.11,4.03,402.0
翡翠玉白菜,58.06,1.67,1.01,10.96,248.0
糖醋里脊,268.97,11.99,21.9,5.09,290.0
群丝汤,67.26,4.95,4.37,1.73,394.0
十全十美,117.39,6.88,5.66,10.25,161.0
圣诞布丁,91.01,6.36,5.12,4.96,378.0
翡翠财包,66.67,5.2,0.96,9.53,540.0
百合蔬菜,134.43,7.53,4.9,17.51,183.0
香料海鲜炖五谷饭,112.66,15.07,1.9,8.91,474.0
白露八宝鸭,213.84,11.34,11.46,16.29,448.0
香芒鱿鱼须,65.47,10.05,1.53,2.98,362.0
无锡小排,254.93,16.35,19.05,3.94,355.0
金针菇木耳蒸牛柳,90.52,11.28,1.98,7.84,327.0
奥运五色饼,166.67,7.82,7.66,17.68,327.0
川贝冰糖蒸雪梨,90.43,0.97,0.11,23.02,188.0
辣椒小炒肉,230.19,10.14,20.45,1.86,318.0
炝炒藕片,64.94,1.2,1.35,13.33,174.0
朱洪武豆腐,136.39,7.77,9.91,4.49,632.0
大虾圆白菜饭,113.69,8.06,0.84,18.89,504.0
鲜香虾仁粥,242.39,14.27,0.72,45.27,92.0
蔬菜培根卷,299.25,7.54,27.79,5.33,265.0
珍珠三色汤,88.18,8.04,4.26,4.91,457.0
奶盖茶,45.89,0.49,4.88,0.14,377.0
鳕鱼蛋羹,111.69,15.7,4.7,1.75,231.0
海鲜酸辣汤,48.57,6.17,1.79,2.24,525.0
虾肉莲藕粥,63.88,2.84,0.21,13.31,371.0
香煎小土豆炒牛肉粒,82.61,8.49,1.51,9.23,368.0
法式红酒焖羊排,95.67,9.5,3.54,3.86,647.0
八爪鱼烩意面,223.12,11.34,2.79,38.51,199.0
鲜虾鸡蛋羹,43.81,4.62,2.51,0.73,436.0
豌豆火腿螺旋面,339.77,9.72,18.65,33.89,176.0
果香开屏鲈鱼,102.92,14.92,3.62,3.05,342.0
金枪鱼土豆泥沙拉,83.29,3.46,2.1,13.12,347.0
黑椒杏鲍菇牛柳,86.21,10.33,1.64,8.08,457.0
赛熊掌,24.0,2.36,0.5,2.77,375.0
笋干烧肉,224.95,10.37,19.5,2.35,481.0
牛肉煲豆腐,78.58,8.19,3.71,3.47,649.0
辣椒油蒜泥蘸酱,105.41,2.38,7.08,8.05,74.0
金针三耳口蘑燕鸡,116.57,14.88,4.37,5.68,362.0
毛血旺,116.55,12.24,3.59,9.41,417.0
飘香酸菜鱼,78.83,9.55,3.13,3.13,496.0
菠萝咕咾肉,152.32,6.94,10.13,8.75,323.0
少油的鱼香茄子,35.91,1.47,0.33,7.31,337.0
酸汤肥牛卷,103.7,14.97,1.8,7.25,297.0
三色炒虾仁,174.28,16.55,1.02,24.7,451.0
牛奶炖蛋,112.41,7.56,6.23,6.78,572.0
私房菠萝咕噜肉,254.41,11.69,20.88,5.12,454.0
酱爆肉末茄子煲,99.3,4.49,7.17,4.39,429.0
电饭锅版盐焗鸡,165.46,18.01,6.31,9.27,359.0
浓香手煮奶茶,74.4,3.84,3.51,7.12,207.0
番茄金针菇冬瓜汤,13.11,0.63,0.21,2.92,427.0
香煎茄盒,124.84,5.94,8.73,5.92,616.0
正宗东北锅包肉,277.83,12.16,22.8,6.22,397.0
东江酿豆腐,128.0,7.51,9.28,4.46,500.0
剁辣椒茄子,51.85,1.53,2.1,7.81,162.0
酸辣凉粉,58.47,0.41,1.95,10.11,183.0
私家三汁焖锅,163.45,12.59,9.08,8.18,550.0
金钱蛋,166.04,12.36,11.89,2.26,53.0
川菜爆炒鸡杂,101.08,10.13,4.83,4.83,278.0
川菜之水煮肉片,241.49,19.88,15.11,8.15,388.0
酸辣汤面,254.44,11.56,10.73,28.62,169.0
泡椒柠檬凤爪,219.73,19.91,13.61,4.81,365.0
狼牙土豆（家常版）,82.41,2.7,0.88,17.09,449.0
手撕鸡腿肉（凉拌菜）,132.17,16.81,6.39,1.41,429.0
豆豉花菜,33.67,1.98,1.0,5.12,398.0
烤箱版香辣烤鱼,102.01,12.1,4.1,4.74,695.0
酸辣白菜粉条,57.14,1.77,0.66,12.32,434.0
干锅土豆片（全素）,73.75,2.51,0.32,16.05,339.0
酸汤肥牛,70.33,11.18,1.86,2.76,610.0
蒜蓉米椒蒸金针菇,48.45,1.53,0.78,9.92,291.0
香辣炒藕片儿,98.31,3.86,5.4,9.4,296.0
川味干锅鸡翅,147.3,11.59,6.63,10.2,463.0
红糖糍粑,373.49,9.61,5.54,71.61,83.0
蒜蓉木耳蒸丝瓜（快手版）,68.83,3.17,1.01,14.65,324.0
金蒜粉丝蒸虾,126.42,15.42,0.4,15.23,246.0
下饭粤菜—梅菜剁猪肉,277.68,13.39,19.57,15.43,327.0
广东菠萝咕噜肉,156.46,7.35,11.33,6.37,441.0
广东红烧肉,269.29,11.79,23.44,2.49,394.0
绝味川菜——豆花鱼片,115.57,11.54,5.51,5.12,745.0
避风塘茄子（家常版）,44.73,1.61,0.8,8.76,503.0
川菜之鱼香茄饼,215.37,8.71,14.05,14.04,397.0
丝瓜豆腐蛋汤,61.36,4.52,3.52,3.55,264.0
排骨莲藕养生汤,104.17,6.85,7.43,2.7,552.0
豆腐虾煲,87.97,10.2,3.82,3.71,374.0
水晶冬瓜卷,96.21,4.0,6.69,6.08,264.0
香糯芋头糕,114.63,5.22,3.17,16.53,417.0
马蹄雪梨银耳汤,95.97,1.72,0.24,23.58,273.0
浇汁豆腐丸子,63.72,3.7,2.7,6.4,430.0
粤菜-广式烧鸭腿（快手版）,201.26,11.82,15.19,3.51,478.0
豆浆蟹柳蒸水蛋（经典家常粤菜）,40.82,3.33,2.44,1.42,316.0
粤式白切鸡,137.6,19.04,6.27,1.12,375.0
经典粤菜——头抽鸭舌,179.43,11.47,13.82,1.26,593.0
经典粤菜-话梅猪手,242.81,18.22,15.05,10.05,320.0
粤菜——油条蒸水蛋,81.41,4.88,4.34,5.84,382.0
粤菜——苦瓜炒牛肉,95.07,15.99,2.4,2.53,406.0
粤菜——南乳鸡,100.67,12.0,3.97,1.78,445.0
粤菜——丝瓜蒸鱼片,71.91,9.5,2.87,2.39,470.0
粤菜——花生猪脚煲,301.54,13.15,25.09,6.53,843.0
粤菜——沙姜猪手,224.94,18.52,15.97,1.45,433.0
粤菜——豆豉蒸粉肠,247.43,10.65,20.14,5.85,409.0
粤菜——豉油鸭,220.29,13.97,17.45,2.0,409.0
粤菜——叉烧炒河粉,251.74,9.08,3.55,46.34,373.0
粤菜——耗油香菇肉,113.24,15.32,3.2,6.25,219.0
酸甜里脊,250.0,10.51,20.63,5.59,438.0
粤菜——广式羊肉煲,114.56,9.04,3.84,10.64,474.0
香煎南瓜饼,61.15,1.61,0.2,13.65,453.0
排骨炖土豆,210.21,13.18,14.28,7.41,519.0
快手朝鲜冷面,153.88,7.27,3.84,23.71,245.0
东北菜——芸豆土豆炖排骨,135.33,8.3,7.51,9.19,569.0
东北菜——辣椒干豆腐,292.11,28.38,12.28,19.43,114.0
红烧日本豆腐,81.71,3.81,2.42,11.4,175.0
虎皮蛋红烧肉,289.65,14.08,25.59,0.93,396.0
东北黄金玉米饼,288.98,10.03,13.25,33.64,118.0
炸藕合,203.92,9.13,11.31,17.16,255.0
东北菜——酸菜血肠猪肉炖粉条,236.84,11.09,17.73,8.32,342.0
爽口大拌菜,90.7,5.1,2.22,14.85,344.0
翡翠白菜水饺,187.32,8.04,11.21,14.26,489.0
肉沫豆角下饭菜,181.25,7.67,13.9,6.71,240.0
五花肉炖粉条白菜,140.68,5.47,8.64,11.03,177.0
香辣土豆炖鸡,115.7,10.62,4.46,8.63,172.0
湘菜——农家小炒鸡,136.0,16.93,6.02,3.72,125.0
糖油粑粑,173.63,4.48,0.5,37.95,201.0
自制辣椒油,334.18,10.54,19.73,43.81,79.0
湘菜——小炒肉,195.68,8.53,16.25,4.51,162.0
湘菜——腌菜蒸肉,301.55,11.98,27.4,2.47,129.0
湘菜——农家炒鸡丁,141.76,18.18,6.54,2.32,91.0
湘菜——皮蛋茄子擂辣椒,78.29,5.85,3.92,5.16,152.0
小炒豆腐干,270.06,12.32,21.2,10.1,167.0
酸辣蕨根粉,117.5,4.6,7.11,9.98,80.0
香辣鸡胗,123.36,18.21,3.56,4.79,107.0
小炒荷包蛋,175.0,12.79,9.18,11.04,28.0
爽口黑木耳（自制辣椒油）,108.11,4.3,0.57,25.14,37.0
湘菜——农家一碗香,249.55,11.97,20.7,3.71,111.0
湘菜——擂辣椒茄子皮蛋,72.49,4.79,3.53,6.15,189.0
湘菜——烧辣椒皮蛋,100.0,6.92,5.42,6.84,184.0
湘菜-自制湖南烟熏腊肉,252.73,10.27,14.02,20.77,220.0
湘菜——拍黄瓜皮蛋,73.2,5.22,4.28,3.54,153.0
湘菜——拌素捆鸡,192.73,15.37,12.4,5.58,110.0
湘菜版辣椒炒肉,231.9,9.94,19.83,3.86,163.0
湘菜——干豆角炒鸭,130.73,8.11,9.0,4.91,179.0
湘菜——紫苏炒鳝鱼,77.44,11.02,1.84,5.25,195.0
湘菜——皮蛋擂辣椒,89.81,5.46,4.3,8.17,157.0
粤菜——暖胃猪脚姜醋,191.1,16.64,13.06,1.76,472.0
东北菜——溜肉段,277.14,11.28,21.59,9.2,140.0
粤菜-咸鱼茄子煲,66.92,3.99,4.3,3.48,263.0
年夜饭年年有余-香辣沸腾鱼,74.56,12.57,1.26,3.08,169.0
香浓软糯红烧肉,293.38,13.99,25.5,2.0,136.0
四川泡菜,12.95,0.09,0.06,0.9,332.0
重庆烧鸡公,145.63,19.77,6.87,1.21,309.0
四川烧白,236.88,10.84,19.62,4.84,160.0
鱼香杏鲍菇,58.39,1.78,1.0,12.36,137.0
姜爆鸭子,147.33,9.16,10.74,3.95,150.0
自制烟熏腊肉,321.88,14.27,28.22,1.4,160.0
冰粉,168.0,0.8,0.28,41.36,25.0
三蔬小炒肉丁,74.29,1.8,4.11,8.31,35.0
成都钟水饺,336.18,14.27,14.89,37.23,199.0
奇味鸡煲,116.18,13.88,5.1,4.22,377.0
香茅豉油鸡,125.93,17.0,5.52,1.89,428.0
冻芝士蛋糕,383.75,10.3,31.99,13.64,80.0
盐焗手撕鸡,150.0,19.33,7.41,1.57,190.0
电饭煲叉烧,331.03,14.02,29.99,1.66,87.0
自制广式腊肉,321.88,14.27,28.22,1.4,160.0
椰子炖鸡,191.09,12.03,9.31,15.94,202.0
汽水肉蒸蛋,145.13,13.44,9.19,2.34,113.0
翻砂香芋,68.59,1.28,1.48,12.96,156.0
牛耳朵,375.35,11.46,5.57,70.99,142.0
千层肉饼,177.26,12.01,2.74,26.55,277.0
家常赛螃蟹,140.0,14.7,8.02,2.41,110.0
广东蒸蛋肠,260.71,10.08,4.27,45.85,168.0
糖醋脆皮豆腐,105.22,6.13,6.71,5.97,115.0
香葱烟肉小饼,335.09,14.95,3.12,63.63,57.0
白菜丸子炖粉丝,150.79,5.2,8.08,15.42,191.0
自制美味薯条,81.55,2.53,0.19,18.11,103.0
东北酱骨头,230.33,14.23,13.39,13.41,122.0
东北鸡蛋酱,266.67,5.06,24.89,4.83,18.0
东北红烧肉,314.95,14.25,28.21,1.01,107.0
黑龙江铁锅炖鱼,124.06,14.94,5.57,3.68,133.0
烧汁草鱼,126.83,14.35,6.91,1.59,82.0
香辣小海虾,95.06,14.88,3.05,2.16,81.0
香香蜂蜜麻花,232.45,8.57,5.28,38.41,265.0
酱小土豆,158.62,5.53,7.11,17.1,464.0
鱼香鸡蛋,140.62,11.22,6.97,8.72,64.0
酱骨头,242.86,16.29,15.3,9.97,210.0
东北烤冷面,298.33,10.68,3.08,59.37,120.0
香酥爽脆锅包肉,108.88,4.59,9.22,1.95,338.0
沈阳小土豆,139.87,7.71,6.8,12.31,153.0
毛家红烧肉,316.13,13.25,27.14,5.11,93.0
清蒸甲鱼,255.33,14.01,21.83,0.63,150.0
湖南蛋,100.0,7.41,1.77,15.91,22.0
生炒羊肉,119.08,12.95,5.67,4.2,152.0
洋葱肉末粉丝煲,197.33,4.68,6.24,31.76,187.0
麻辣手撕包菜,87.84,1.53,4.7,11.01,74.0
秘制卤藕,191.8,7.21,13.08,13.75,122.0
铁板日本豆腐,177.5,9.26,14.78,2.48,120.0
湖南圆子粑,232.8,9.83,13.34,18.6,250.0
酱汁猪蹄,134.82,8.85,8.22,2.2,537.0
酥炸香椿,143.33,10.86,6.1,11.9,90.0
京酱肉丝夹饼,340.36,14.21,11.8,45.22,166.0
猪肉扁豆馅包子,240.13,10.32,9.97,28.45,299.0
啤酒土豆烧排骨,85.34,3.73,4.14,3.05,573.0
五香烤鸭腿,240.71,13.75,17.62,6.87,113.0
蔓越莓奶香发糕,235.81,9.29,4.19,41.59,377.0
京式提浆紫薯月饼,372.27,13.41,4.66,70.72,119.0
老北京烤肉,132.09,14.17,6.4,4.02,134.0
暖胃驱寒的酱牛肉,113.6,18.32,2.71,4.77,125.0
古早味蛋糕,267.39,7.08,14.0,28.51,92.0
太妃糖,633.33,0.8,57.37,27.87,30.0
茅屋奶酪,120.25,2.86,10.12,4.42,242.0
雪花酥（不甜版 ）,445.8,11.61,19.4,56.98,262.0
自制草莓酱,57.67,0.93,0.19,13.56,215.0
海盐杏仁太妃糖,640.77,10.56,58.09,21.99,130.0
网红雪花酥,490.24,10.2,24.99,56.64,205.0
腌脆黄瓜,91.72,1.66,4.28,12.63,145.0
卡通馒头,275.0,11.5,4.19,48.92,140.0
土豆泥秋葵,54.68,2.18,0.2,12.37,139.0
菌菇鸡腿咖喱饭,149.09,9.33,4.15,18.87,330.0
木瓜苹果思慕雪,72.38,1.15,2.99,11.05,420.0
焦糖爆米花,308.1,1.59,19.3,32.54,210.0
果冻鸡蛋羹,36.73,3.48,2.28,0.64,245.0
戚风蛋糕,232.09,10.53,9.57,26.43,215.0
纯奶手撕吐司,328.83,15.11,6.6,53.75,111.0
香草牛奶面包,349.72,8.99,19.7,34.8,179.0
焦糖布丁蛋糕,180.83,12.55,9.5,11.48,240.0
低脂蚝油生菜,39.88,1.78,0.36,7.89,173.0
纸杯蛋糕,241.25,13.61,2.44,42.06,160.0
菠萝包,288.18,9.55,9.54,41.94,203.0
蛋黄炒饭,127.08,3.83,4.27,18.58,469.0
酱冬瓜,39.49,0.36,3.38,2.46,157.0
蚝油草菇扒小白菜,39.81,2.05,1.62,5.09,216.0
草菇煲豆腐,76.73,4.27,5.36,3.62,195.5
糙米饭,139.2,3.08,1.08,30.0,250.0
鸡肉卷套餐,124.44,6.2,4.4,15.7,270.0
三明治套餐,134.72,6.33,6.69,12.75,265.0
牛肉卷套餐,134.23,6.33,4.87,16.89,260.0
花卷,214.0,6.4,1.0,45.6,35.0
馒头,223.0,7.0,1.11,47.0,35.0
奶香小花卷,282.0,6.51,3.2,58.91,35.0
蒸鲜玉米,112.0,4.0,1.2,22.8,100.0
蒸土豆,81.0,2.6,0.2,17.8,100.0
蒸红薯,61.0,0.7,0.2,15.3,100.0
蒸紫薯,120.0,1.6,0.2,28.0,100.0
米饭,116.0,2.6,0.31,25.91,75.0
藜麦饭,350.0,10.34,2.94,69.44,50.0
红薯紫米饭,154.67,3.6,0.97,34.27,75.0
彩椒炒牛柳,68.57,13.11,0.6,3.0,70.0
彩椒牛肉粒,100.0,12.22,4.5,3.03,76.0
蒜薹炒肉,111.82,11.6,4.35,7.0,110.0
摊鸡蛋,139.0,13.1,8.6,2.4,120.0
茶叶蛋,143.0,12.1,10.5,0.1,60.0
卤蛋,143.0,12.1,10.5,0.1,60.0
荷包蛋,155.0,12.3,11.7,0.2,60.0
豆豉蒸鲈鱼,110.0,17.92,3.22,2.42,90.0
柠香鸡腿肉,119.7,15.62,5.59,1.85,66.0
凉拌秋葵,25.0,1.8,0.2,6.2,75.0
白灼秋葵,25.0,1.8,0.2,6.2,75.0
凉拌紫甘蓝,25.0,1.2,0.2,6.2,60.0
西兰花拌木耳,27.14,2.93,0.49,4.36,70.0
凉拌芹菜,17.0,0.6,0.1,4.8,60.0
白灼生菜,12.0,1.6,0.4,1.1,60.0
什锦蔬菜沙拉,19.0,1.26,0.26,4.05,100.0
拌菜心,20.0,1.6,0.2,3.4,65.0
大拌菜,23.33,1.0,0.2,5.73,60.0
拌红薯叶,27.0,3.1,,5.1,60.0
凉拌三丝,23.33,1.3,0.17,5.63,60.0
木耳荷兰豆,28.89,2.07,0.27,5.4,45.0
清炒上海青,14.0,1.4,0.3,2.4,60.0
清炒南瓜尖,17.0,1.7,0.0,3.2,60.0
木耳炒小白菜,18.18,1.44,0.27,3.38,55.0
白灼西兰花,27.0,3.5,0.6,3.7,60.0
清炒小白菜,20.0,1.27,0.27,4.3,60.0
醋溜白菜,20.0,1.6,0.2,3.4,65.0
清炒娃娃菜,13.0,1.91,0.2,2.4,65.0
无糖豆浆,31.0,3.0,1.6,1.2,330.0
红枣豆浆,368.0,28.64,12.92,40.92,25.0
黑豆豆浆,395.0,35.5,15.95,33.9,20.0
乳酪,328.0,25.72,23.52,3.52,25.0
酸奶,70.0,3.2,1.9,10.0,100.0
